2026-05-23 18:27:07,330 - INFO - root - Hello! This is Joey-NMT (version 2.2.0).
2026-05-23 18:27:07,331 - INFO - joeynmt.helpers -                           cfg.name : transformer_sample_config
2026-05-23 18:27:07,331 - INFO - joeynmt.helpers -                cfg.joeynmt_version : 2.0.0
2026-05-23 18:27:07,331 - INFO - joeynmt.helpers -                     cfg.data.train : C:/Users/Wen Yang/Desktop/mtex04/mt-exercise-04/data/train_new
2026-05-23 18:27:07,331 - INFO - joeynmt.helpers -                       cfg.data.dev : C:/Users/Wen Yang/Desktop/mtex04/mt-exercise-04/data/dev
2026-05-23 18:27:07,331 - INFO - joeynmt.helpers -                      cfg.data.test : C:/Users/Wen Yang/Desktop/mtex04/mt-exercise-04/data/test
2026-05-23 18:27:07,331 - INFO - joeynmt.helpers -              cfg.data.dataset_type : plain
2026-05-23 18:27:07,332 - INFO - joeynmt.helpers -                  cfg.data.src.lang : en
2026-05-23 18:27:07,332 - INFO - joeynmt.helpers -                 cfg.data.src.level : word
2026-05-23 18:27:07,332 - INFO - joeynmt.helpers -             cfg.data.src.lowercase : False
2026-05-23 18:27:07,332 - INFO - joeynmt.helpers -       cfg.data.src.max_sent_length : 100
2026-05-23 18:27:07,332 - INFO - joeynmt.helpers -             cfg.data.src.voc_limit : 2000
2026-05-23 18:27:07,332 - INFO - joeynmt.helpers -        cfg.data.src.tokenizer_type : basic
2026-05-23 18:27:07,332 - INFO - joeynmt.helpers -                  cfg.data.trg.lang : nl
2026-05-23 18:27:07,332 - INFO - joeynmt.helpers -                 cfg.data.trg.level : word
2026-05-23 18:27:07,332 - INFO - joeynmt.helpers -             cfg.data.trg.lowercase : False
2026-05-23 18:27:07,332 - INFO - joeynmt.helpers -       cfg.data.trg.max_sent_length : 100
2026-05-23 18:27:07,332 - INFO - joeynmt.helpers -             cfg.data.trg.voc_limit : 2000
2026-05-23 18:27:07,332 - INFO - joeynmt.helpers -        cfg.data.trg.tokenizer_type : basic
2026-05-23 18:27:07,332 - INFO - joeynmt.helpers -              cfg.testing.beam_size : 1
2026-05-23 18:27:07,332 - INFO - joeynmt.helpers -             cfg.testing.beam_alpha : 1.0
2026-05-23 18:27:07,332 - INFO - joeynmt.helpers -      cfg.testing.max_output_length : 100
2026-05-23 18:27:07,332 - INFO - joeynmt.helpers -           cfg.testing.eval_metrics : ['bleu']
2026-05-23 18:27:07,333 - INFO - joeynmt.helpers - cfg.testing.sacrebleu_cfg.tokenize : 13a
2026-05-23 18:27:07,333 - INFO - joeynmt.helpers - cfg.testing.sacrebleu_cfg.lowercase : False
2026-05-23 18:27:07,333 - INFO - joeynmt.helpers -           cfg.training.random_seed : 42
2026-05-23 18:27:07,333 - INFO - joeynmt.helpers -             cfg.training.optimizer : adam
2026-05-23 18:27:07,333 - INFO - joeynmt.helpers -         cfg.training.normalization : tokens
2026-05-23 18:27:07,333 - INFO - joeynmt.helpers -         cfg.training.learning_rate : 0.0003
2026-05-23 18:27:07,333 - INFO - joeynmt.helpers -            cfg.training.batch_size : 2048
2026-05-23 18:27:07,333 - INFO - joeynmt.helpers -            cfg.training.batch_type : token
2026-05-23 18:27:07,333 - INFO - joeynmt.helpers -       cfg.training.eval_batch_size : 1024
2026-05-23 18:27:07,333 - INFO - joeynmt.helpers -       cfg.training.eval_batch_type : token
2026-05-23 18:27:07,333 - INFO - joeynmt.helpers -            cfg.training.scheduling : plateau
2026-05-23 18:27:07,333 - INFO - joeynmt.helpers -              cfg.training.patience : 8
2026-05-23 18:27:07,333 - INFO - joeynmt.helpers -          cfg.training.weight_decay : 0.0
2026-05-23 18:27:07,333 - INFO - joeynmt.helpers -       cfg.training.decrease_factor : 0.7
2026-05-23 18:27:07,333 - INFO - joeynmt.helpers - cfg.training.early_stopping_metric : ppl
2026-05-23 18:27:07,333 - INFO - joeynmt.helpers -                cfg.training.epochs : 10
2026-05-23 18:27:07,334 - INFO - joeynmt.helpers -       cfg.training.validation_freq : 500
2026-05-23 18:27:07,334 - INFO - joeynmt.helpers -          cfg.training.logging_freq : 100
2026-05-23 18:27:07,334 - INFO - joeynmt.helpers -           cfg.training.eval_metric : bleu
2026-05-23 18:27:07,334 - INFO - joeynmt.helpers -             cfg.training.model_dir : output_word
2026-05-23 18:27:07,334 - INFO - joeynmt.helpers -             cfg.training.overwrite : False
2026-05-23 18:27:07,334 - INFO - joeynmt.helpers -               cfg.training.shuffle : True
2026-05-23 18:27:07,334 - INFO - joeynmt.helpers -              cfg.training.use_cuda : True
2026-05-23 18:27:07,334 - INFO - joeynmt.helpers -     cfg.training.max_output_length : 100
2026-05-23 18:27:07,334 - INFO - joeynmt.helpers -     cfg.training.print_valid_sents : [0, 1, 2, 3, 4]
2026-05-23 18:27:07,334 - INFO - joeynmt.helpers -       cfg.training.label_smoothing : 0.3
2026-05-23 18:27:07,334 - INFO - joeynmt.helpers -              cfg.model.initializer : xavier_uniform
2026-05-23 18:27:07,334 - INFO - joeynmt.helpers -         cfg.model.bias_initializer : zeros
2026-05-23 18:27:07,335 - INFO - joeynmt.helpers -                cfg.model.init_gain : 1.0
2026-05-23 18:27:07,335 - INFO - joeynmt.helpers -        cfg.model.embed_initializer : xavier_uniform
2026-05-23 18:27:07,335 - INFO - joeynmt.helpers -          cfg.model.embed_init_gain : 1.0
2026-05-23 18:27:07,335 - INFO - joeynmt.helpers -          cfg.model.tied_embeddings : False
2026-05-23 18:27:07,335 - INFO - joeynmt.helpers -             cfg.model.tied_softmax : False
2026-05-23 18:27:07,335 - INFO - joeynmt.helpers -             cfg.model.encoder.type : transformer
2026-05-23 18:27:07,335 - INFO - joeynmt.helpers -       cfg.model.encoder.num_layers : 4
2026-05-23 18:27:07,335 - INFO - joeynmt.helpers -        cfg.model.encoder.num_heads : 2
2026-05-23 18:27:07,335 - INFO - joeynmt.helpers - cfg.model.encoder.embeddings.embedding_dim : 256
2026-05-23 18:27:07,335 - INFO - joeynmt.helpers - cfg.model.encoder.embeddings.scale : True
2026-05-23 18:27:07,335 - INFO - joeynmt.helpers - cfg.model.encoder.embeddings.dropout : 0
2026-05-23 18:27:07,335 - INFO - joeynmt.helpers -      cfg.model.encoder.hidden_size : 256
2026-05-23 18:27:07,335 - INFO - joeynmt.helpers -          cfg.model.encoder.ff_size : 512
2026-05-23 18:27:07,336 - INFO - joeynmt.helpers -          cfg.model.encoder.dropout : 0
2026-05-23 18:27:07,336 - INFO - joeynmt.helpers -             cfg.model.decoder.type : transformer
2026-05-23 18:27:07,336 - INFO - joeynmt.helpers -       cfg.model.decoder.num_layers : 1
2026-05-23 18:27:07,336 - INFO - joeynmt.helpers -        cfg.model.decoder.num_heads : 2
2026-05-23 18:27:07,336 - INFO - joeynmt.helpers - cfg.model.decoder.embeddings.embedding_dim : 256
2026-05-23 18:27:07,336 - INFO - joeynmt.helpers - cfg.model.decoder.embeddings.scale : True
2026-05-23 18:27:07,336 - INFO - joeynmt.helpers - cfg.model.decoder.embeddings.dropout : 0
2026-05-23 18:27:07,336 - INFO - joeynmt.helpers -      cfg.model.decoder.hidden_size : 256
2026-05-23 18:27:07,336 - INFO - joeynmt.helpers -          cfg.model.decoder.ff_size : 512
2026-05-23 18:27:07,336 - INFO - joeynmt.helpers -          cfg.model.decoder.dropout : 0
2026-05-23 18:27:07,338 - INFO - joeynmt.data - Building tokenizer...
2026-05-23 18:27:07,339 - INFO - joeynmt.tokenizers - en tokenizer: BasicTokenizer(level=word, lowercase=False, normalize=False, filter_by_length=(-1, -1), pretokenizer=none)
2026-05-23 18:27:07,339 - INFO - joeynmt.tokenizers - nl tokenizer: BasicTokenizer(level=word, lowercase=False, normalize=False, filter_by_length=(-1, -1), pretokenizer=none)
2026-05-23 18:27:07,339 - INFO - joeynmt.data - Loading train set...
2026-05-23 18:27:07,486 - INFO - joeynmt.data - Building vocabulary...
2026-05-23 18:27:08,521 - INFO - joeynmt.data - Loading dev set...
2026-05-23 18:27:08,523 - INFO - joeynmt.data - Loading test set...
2026-05-23 18:27:08,526 - INFO - joeynmt.data - Data loaded.
2026-05-23 18:27:08,526 - INFO - joeynmt.data - Train dataset: PlaintextDataset(split=train, len=100000, src_lang=en, trg_lang=nl, has_trg=True, random_subset=-1)
2026-05-23 18:27:08,526 - INFO - joeynmt.data - Valid dataset: PlaintextDataset(split=dev, len=1003, src_lang=en, trg_lang=nl, has_trg=True, random_subset=-1)
2026-05-23 18:27:08,526 - INFO - joeynmt.data -  Test dataset: PlaintextDataset(split=test, len=1777, src_lang=en, trg_lang=nl, has_trg=True, random_subset=-1)
2026-05-23 18:27:08,526 - INFO - joeynmt.data - First training example:
	[SRC] She wanted to become an independent woman.
	[TRG] Ze wilde een onafhankelijke vrouw worden.
2026-05-23 18:27:08,526 - INFO - joeynmt.data - First 10 Src tokens: (0) <unk> (1) <pad> (2) <s> (3) </s> (4) the (5) to (6) of (7) a (8) and (9) that
2026-05-23 18:27:08,526 - INFO - joeynmt.data - First 10 Trg tokens: (0) <unk> (1) <pad> (2) <s> (3) </s> (4) de (5) een (6) het (7) van (8) en (9) dat
2026-05-23 18:27:08,526 - INFO - joeynmt.data - Number of unique Src tokens (vocab_size): 2004
2026-05-23 18:27:08,527 - INFO - joeynmt.data - Number of unique Trg tokens (vocab_size): 2004
2026-05-23 18:27:08,529 - INFO - joeynmt.model - Building an encoder-decoder model...
2026-05-23 18:27:08,571 - INFO - joeynmt.model - Enc-dec model built.
2026-05-23 18:27:08,574 - INFO - joeynmt.model - Total params: 4438272
2026-05-23 18:27:08,575 - DEBUG - joeynmt.model - Trainable parameters: ['decoder.layers.0.dec_layer_norm.bias', 'decoder.layers.0.dec_layer_norm.weight', 'decoder.layers.0.feed_forward.layer_norm.bias', 'decoder.layers.0.feed_forward.layer_norm.weight', 'decoder.layers.0.feed_forward.pwff_layer.0.bias', 'decoder.layers.0.feed_forward.pwff_layer.0.weight', 'decoder.layers.0.feed_forward.pwff_layer.3.bias', 'decoder.layers.0.feed_forward.pwff_layer.3.weight', 'decoder.layers.0.src_trg_att.k_layer.bias', 'decoder.layers.0.src_trg_att.k_layer.weight', 'decoder.layers.0.src_trg_att.output_layer.bias', 'decoder.layers.0.src_trg_att.output_layer.weight', 'decoder.layers.0.src_trg_att.q_layer.bias', 'decoder.layers.0.src_trg_att.q_layer.weight', 'decoder.layers.0.src_trg_att.v_layer.bias', 'decoder.layers.0.src_trg_att.v_layer.weight', 'decoder.layers.0.trg_trg_att.k_layer.bias', 'decoder.layers.0.trg_trg_att.k_layer.weight', 'decoder.layers.0.trg_trg_att.output_layer.bias', 'decoder.layers.0.trg_trg_att.output_layer.weight', 'decoder.layers.0.trg_trg_att.q_layer.bias', 'decoder.layers.0.trg_trg_att.q_layer.weight', 'decoder.layers.0.trg_trg_att.v_layer.bias', 'decoder.layers.0.trg_trg_att.v_layer.weight', 'decoder.layers.0.x_layer_norm.bias', 'decoder.layers.0.x_layer_norm.weight', 'decoder.output_layer.weight', 'encoder.layers.0.feed_forward.layer_norm.bias', 'encoder.layers.0.feed_forward.layer_norm.weight', 'encoder.layers.0.feed_forward.pwff_layer.0.bias', 'encoder.layers.0.feed_forward.pwff_layer.0.weight', 'encoder.layers.0.feed_forward.pwff_layer.3.bias', 'encoder.layers.0.feed_forward.pwff_layer.3.weight', 'encoder.layers.0.layer_norm.bias', 'encoder.layers.0.layer_norm.weight', 'encoder.layers.0.src_src_att.k_layer.bias', 'encoder.layers.0.src_src_att.k_layer.weight', 'encoder.layers.0.src_src_att.output_layer.bias', 'encoder.layers.0.src_src_att.output_layer.weight', 'encoder.layers.0.src_src_att.q_layer.bias', 'encoder.layers.0.src_src_att.q_layer.weight', 'encoder.layers.0.src_src_att.v_layer.bias', 'encoder.layers.0.src_src_att.v_layer.weight', 'encoder.layers.1.feed_forward.layer_norm.bias', 'encoder.layers.1.feed_forward.layer_norm.weight', 'encoder.layers.1.feed_forward.pwff_layer.0.bias', 'encoder.layers.1.feed_forward.pwff_layer.0.weight', 'encoder.layers.1.feed_forward.pwff_layer.3.bias', 'encoder.layers.1.feed_forward.pwff_layer.3.weight', 'encoder.layers.1.layer_norm.bias', 'encoder.layers.1.layer_norm.weight', 'encoder.layers.1.src_src_att.k_layer.bias', 'encoder.layers.1.src_src_att.k_layer.weight', 'encoder.layers.1.src_src_att.output_layer.bias', 'encoder.layers.1.src_src_att.output_layer.weight', 'encoder.layers.1.src_src_att.q_layer.bias', 'encoder.layers.1.src_src_att.q_layer.weight', 'encoder.layers.1.src_src_att.v_layer.bias', 'encoder.layers.1.src_src_att.v_layer.weight', 'encoder.layers.2.feed_forward.layer_norm.bias', 'encoder.layers.2.feed_forward.layer_norm.weight', 'encoder.layers.2.feed_forward.pwff_layer.0.bias', 'encoder.layers.2.feed_forward.pwff_layer.0.weight', 'encoder.layers.2.feed_forward.pwff_layer.3.bias', 'encoder.layers.2.feed_forward.pwff_layer.3.weight', 'encoder.layers.2.layer_norm.bias', 'encoder.layers.2.layer_norm.weight', 'encoder.layers.2.src_src_att.k_layer.bias', 'encoder.layers.2.src_src_att.k_layer.weight', 'encoder.layers.2.src_src_att.output_layer.bias', 'encoder.layers.2.src_src_att.output_layer.weight', 'encoder.layers.2.src_src_att.q_layer.bias', 'encoder.layers.2.src_src_att.q_layer.weight', 'encoder.layers.2.src_src_att.v_layer.bias', 'encoder.layers.2.src_src_att.v_layer.weight', 'encoder.layers.3.feed_forward.layer_norm.bias', 'encoder.layers.3.feed_forward.layer_norm.weight', 'encoder.layers.3.feed_forward.pwff_layer.0.bias', 'encoder.layers.3.feed_forward.pwff_layer.0.weight', 'encoder.layers.3.feed_forward.pwff_layer.3.bias', 'encoder.layers.3.feed_forward.pwff_layer.3.weight', 'encoder.layers.3.layer_norm.bias', 'encoder.layers.3.layer_norm.weight', 'encoder.layers.3.src_src_att.k_layer.bias', 'encoder.layers.3.src_src_att.k_layer.weight', 'encoder.layers.3.src_src_att.output_layer.bias', 'encoder.layers.3.src_src_att.output_layer.weight', 'encoder.layers.3.src_src_att.q_layer.bias', 'encoder.layers.3.src_src_att.q_layer.weight', 'encoder.layers.3.src_src_att.v_layer.bias', 'encoder.layers.3.src_src_att.v_layer.weight', 'src_embed.lut.weight', 'trg_embed.lut.weight']
2026-05-23 18:27:08,575 - INFO - joeynmt.training - Model(
	encoder=TransformerEncoder(num_layers=4, num_heads=2, alpha=1.0, layer_norm="pre", activation=ReLU()),
	decoder=TransformerDecoder(num_layers=1, num_heads=2, alpha=1.0, layer_norm="post", activation=ReLU()),
	src_embed=Embeddings(embedding_dim=256, vocab_size=2004),
	trg_embed=Embeddings(embedding_dim=256, vocab_size=2004),
	loss_function=XentLoss(criterion=KLDivLoss(), smoothing=0.3))
2026-05-23 18:27:08,576 - INFO - joeynmt.builders - Adam(lr=0.0003, weight_decay=0.0, betas=(0.9, 0.999))
2026-05-23 18:27:08,576 - INFO - joeynmt.builders - ReduceLROnPlateau(mode=min, verbose=False, threshold_mode=abs, eps=0.0, factor=0.7, patience=8)
2026-05-23 18:27:08,576 - INFO - joeynmt.training - Train stats:
	device: cpu
	n_gpu: 0
	16-bits training: False
	gradient accumulation: 1
	batch size per device: 2048
	effective batch size (w. parallel & accumulation): 2048
2026-05-23 18:27:08,576 - INFO - joeynmt.training - EPOCH 1
2026-05-23 18:27:49,989 - INFO - joeynmt.training - Epoch   1, Step:      100, Batch Loss:     3.084301, Batch Acc: 0.230917, Tokens per Sec:     1548, Lr: 0.000300
2026-05-23 18:28:41,065 - INFO - joeynmt.training - Epoch   1, Step:      200, Batch Loss:     2.710067, Batch Acc: 0.278776, Tokens per Sec:     1267, Lr: 0.000300
2026-05-23 18:29:31,197 - INFO - joeynmt.training - Epoch   1, Step:      300, Batch Loss:     2.528391, Batch Acc: 0.315775, Tokens per Sec:     1303, Lr: 0.000300
2026-05-23 18:30:22,865 - INFO - joeynmt.training - Epoch   1, Step:      400, Batch Loss:     2.366978, Batch Acc: 0.347044, Tokens per Sec:     1262, Lr: 0.000300
2026-05-23 18:31:01,629 - INFO - joeynmt.training - Epoch   1, Step:      500, Batch Loss:     2.245347, Batch Acc: 0.360445, Tokens per Sec:     1697, Lr: 0.000300
2026-05-23 18:31:01,629 - INFO - joeynmt.prediction - Predicting 1003 example(s)... (Greedy decoding with min_output_length=1, max_output_length=100, return_prob='none', generate_unk=True, repetition_penalty=-1, no_repeat_ngram_size=-1)
2026-05-23 18:31:22,405 - INFO - joeynmt.metrics - nrefs:1|case:mixed|eff:no|tok:13a|smooth:exp|version:2.6.0
2026-05-23 18:31:22,406 - INFO - joeynmt.prediction - Evaluation result (greedy) bleu:   0.37, loss:   2.56, ppl:  12.90, acc:   0.32, generation: 20.6435[sec], evaluation: 0.1269[sec]
2026-05-23 18:31:22,407 - INFO - joeynmt.training - Hooray! New best validation result [ppl]!
2026-05-23 18:31:22,468 - INFO - joeynmt.training - Example #0
2026-05-23 18:31:22,468 - DEBUG - joeynmt.training - 	Tokenized source:     ['Last', 'year', 'I', 'showed', 'these', 'two', 'slides', 'so', 'that', 'demonstrate', 'that', 'the', 'arctic', 'ice', 'cap,', 'which', 'for', 'most', 'of', 'the', 'last', 'three', 'million', 'years', 'has', 'been', 'the', 'size', 'of', 'the', 'lower', '48', 'states,', 'has', 'shrunk', 'by', '40', 'percent.']
2026-05-23 18:31:22,468 - DEBUG - joeynmt.training - 	Tokenized reference:  ['Vorig', 'jaar', 'liet', 'ik', 'deze', 'twee', "dia's", 'zien', 'om', 'aan', '', 'te', 'tonen', 'dat', 'de', 'poolijskap,', '', 'die', 'de', 'afgelopen', 'drie', 'miljoen', 'jaar', '', 'ongeveer', 'de', 'grootte', 'had', 'van', 'het', 'vasteland', 'van', 'de', 'VS,', '', 'met', '40%', 'gekrompen', 'was.']
2026-05-23 18:31:22,468 - DEBUG - joeynmt.training - 	Tokenized hypothesis: ['<unk>', '<unk>', 'ik', '<unk>', '<unk>', '<unk>', '<unk>', 'dat', '<unk>', '<unk>', 'dat', '<unk>', '<unk>', '<unk>', '<unk>', '<unk>', '<unk>', '<unk>', '<unk>', '<unk>', '<unk>', '<unk>', '<unk>', '<unk>', '<unk>', '<unk>', '<unk>', '<unk>', '<unk>', '</s>']
2026-05-23 18:31:22,469 - INFO - joeynmt.training - 	Source:     Last year I showed these two slides so that demonstrate that the arctic ice cap, which for most of the last three million years has been the size of the lower 48 states, has shrunk by 40 percent.
2026-05-23 18:31:22,469 - INFO - joeynmt.training - 	Reference:  Vorig jaar liet ik deze twee dia's zien om aan  te tonen dat de poolijskap,  die de afgelopen drie miljoen jaar  ongeveer de grootte had van het vasteland van de VS,  met 40% gekrompen was.
2026-05-23 18:31:22,469 - INFO - joeynmt.training - 	Hypothesis: <unk> <unk> ik <unk> <unk> <unk> <unk> dat <unk> <unk> dat <unk> <unk> <unk> <unk> <unk> <unk> <unk> <unk> <unk> <unk> <unk> <unk> <unk> <unk> <unk> <unk> <unk> <unk>
2026-05-23 18:31:22,469 - INFO - joeynmt.training - Example #1
2026-05-23 18:31:22,470 - DEBUG - joeynmt.training - 	Tokenized source:     ['But', 'this', 'understates', 'the', 'seriousness', 'of', 'this', 'particular', 'problem', 'because', 'it', "doesn't", 'show', 'the', 'thickness', 'of', 'the', 'ice.']
2026-05-23 18:31:22,470 - DEBUG - joeynmt.training - 	Tokenized reference:  ['Maar', 'dit', 'onderschat', 'eigenlijk', 'de', 'ernst', 'van', 'dit', 'specifieke', 'probleem', '', 'omdat', 'het', 'niet', 'de', 'dikte', 'van', 'het', 'ijs', 'laat', 'zien.']
2026-05-23 18:31:22,470 - DEBUG - joeynmt.training - 	Tokenized hypothesis: ['Maar', 'dit', '<unk>', '<unk>', '<unk>', '<unk>', '<unk>', 'omdat', 'het', '<unk>', 'niet', '<unk>', '</s>']
2026-05-23 18:31:22,470 - INFO - joeynmt.training - 	Source:     But this understates the seriousness of this particular problem because it doesn't show the thickness of the ice.
2026-05-23 18:31:22,470 - INFO - joeynmt.training - 	Reference:  Maar dit onderschat eigenlijk de ernst van dit specifieke probleem  omdat het niet de dikte van het ijs laat zien.
2026-05-23 18:31:22,470 - INFO - joeynmt.training - 	Hypothesis: Maar dit <unk> <unk> <unk> <unk> <unk> omdat het <unk> niet <unk>
2026-05-23 18:31:22,470 - INFO - joeynmt.training - Example #2
2026-05-23 18:31:22,470 - DEBUG - joeynmt.training - 	Tokenized source:     ['The', 'arctic', 'ice', 'cap', 'is,', 'in', 'a', 'sense,', 'the', 'beating', 'heart', 'of', 'the', 'global', 'climate', 'system.']
2026-05-23 18:31:22,470 - DEBUG - joeynmt.training - 	Tokenized reference:  ['De', 'ijskap', 'op', 'de', 'Noordpool', 'is', 'in', 'zekere', 'zin', '', 'het', 'kloppend', 'hart', 'van', 'ons', 'globaal', 'klimaatsysteem.']
2026-05-23 18:31:22,470 - DEBUG - joeynmt.training - 	Tokenized hypothesis: ['De', '<unk>', '<unk>', 'is', 'een', '<unk>', 'in', 'de', '<unk>', 'van', 'de', '<unk>', '</s>']
2026-05-23 18:31:22,471 - INFO - joeynmt.training - 	Source:     The arctic ice cap is, in a sense, the beating heart of the global climate system.
2026-05-23 18:31:22,471 - INFO - joeynmt.training - 	Reference:  De ijskap op de Noordpool is in zekere zin  het kloppend hart van ons globaal klimaatsysteem.
2026-05-23 18:31:22,471 - INFO - joeynmt.training - 	Hypothesis: De <unk> <unk> is een <unk> in de <unk> van de <unk>
2026-05-23 18:31:22,471 - INFO - joeynmt.training - Example #3
2026-05-23 18:31:22,471 - DEBUG - joeynmt.training - 	Tokenized source:     ['It', 'expands', 'in', 'winter', 'and', 'contracts', 'in', 'summer.']
2026-05-23 18:31:22,471 - DEBUG - joeynmt.training - 	Tokenized reference:  ['Het', 'zet', 'uit', 'in', 'de', 'winter', 'en', 'krimpt', 'in', 'de', 'zomer.']
2026-05-23 18:31:22,471 - DEBUG - joeynmt.training - 	Tokenized hypothesis: ['<unk>', '<unk>', 'en', 'in', '<unk>', 'en', '<unk>', '</s>']
2026-05-23 18:31:22,471 - INFO - joeynmt.training - 	Source:     It expands in winter and contracts in summer.
2026-05-23 18:31:22,471 - INFO - joeynmt.training - 	Reference:  Het zet uit in de winter en krimpt in de zomer.
2026-05-23 18:31:22,471 - INFO - joeynmt.training - 	Hypothesis: <unk> <unk> en in <unk> en <unk>
2026-05-23 18:31:22,471 - INFO - joeynmt.training - Example #4
2026-05-23 18:31:22,471 - DEBUG - joeynmt.training - 	Tokenized source:     ['The', 'next', 'slide', 'I', 'show', 'you', 'will', 'be', 'a', 'rapid', 'fast-forward', 'of', "what's", 'happened', 'over', 'the', 'last', '25', 'years.']
2026-05-23 18:31:22,472 - DEBUG - joeynmt.training - 	Tokenized reference:  ['De', 'volgende', 'dia', 'die', 'ik', 'laat', 'zien', '', 'is', 'een', 'versnelde', 'versie', 'van', 'wat', 'er', 'de', 'afgelopen', '25', 'jaar', 'is', 'gebeurd.']
2026-05-23 18:31:22,472 - DEBUG - joeynmt.training - 	Tokenized hypothesis: ['De', '<unk>', '<unk>', 'ik', 'je', '<unk>', '<unk>', '<unk>', '<unk>', '<unk>', 'is', 'het', '<unk>', '<unk>', '<unk>', '</s>']
2026-05-23 18:31:22,472 - INFO - joeynmt.training - 	Source:     The next slide I show you will be a rapid fast-forward of what's happened over the last 25 years.
2026-05-23 18:31:22,472 - INFO - joeynmt.training - 	Reference:  De volgende dia die ik laat zien  is een versnelde versie van wat er de afgelopen 25 jaar is gebeurd.
2026-05-23 18:31:22,472 - INFO - joeynmt.training - 	Hypothesis: De <unk> <unk> ik je <unk> <unk> <unk> <unk> <unk> is het <unk> <unk> <unk>
2026-05-23 18:31:54,232 - INFO - joeynmt.training - Epoch   1, Step:      600, Batch Loss:     2.247333, Batch Acc: 0.377053, Tokens per Sec:     2099, Lr: 0.000300
2026-05-23 18:32:26,119 - INFO - joeynmt.training - Epoch   1, Step:      700, Batch Loss:     2.088611, Batch Acc: 0.383511, Tokens per Sec:     2096, Lr: 0.000300
2026-05-23 18:32:59,089 - INFO - joeynmt.training - Epoch   1, Step:      800, Batch Loss:     2.016720, Batch Acc: 0.390150, Tokens per Sec:     1960, Lr: 0.000300
2026-05-23 18:33:36,322 - INFO - joeynmt.training - Epoch   1, Step:      900, Batch Loss:     2.055922, Batch Acc: 0.405981, Tokens per Sec:     1743, Lr: 0.000300
2026-05-23 18:34:13,553 - INFO - joeynmt.training - Epoch   1, Step:     1000, Batch Loss:     2.105011, Batch Acc: 0.413084, Tokens per Sec:     1758, Lr: 0.000300
2026-05-23 18:34:13,553 - INFO - joeynmt.prediction - Predicting 1003 example(s)... (Greedy decoding with min_output_length=1, max_output_length=100, return_prob='none', generate_unk=True, repetition_penalty=-1, no_repeat_ngram_size=-1)
2026-05-23 18:34:42,430 - INFO - joeynmt.metrics - nrefs:1|case:mixed|eff:no|tok:13a|smooth:exp|version:2.6.0
2026-05-23 18:34:42,431 - INFO - joeynmt.prediction - Evaluation result (greedy) bleu:   1.14, loss:   2.39, ppl:  10.94, acc:   0.35, generation: 28.7370[sec], evaluation: 0.1319[sec]
2026-05-23 18:34:42,432 - INFO - joeynmt.training - Hooray! New best validation result [ppl]!
2026-05-23 18:34:42,482 - INFO - joeynmt.training - Example #0
2026-05-23 18:34:42,482 - DEBUG - joeynmt.training - 	Tokenized source:     ['Last', 'year', 'I', 'showed', 'these', 'two', 'slides', 'so', 'that', 'demonstrate', 'that', 'the', 'arctic', 'ice', 'cap,', 'which', 'for', 'most', 'of', 'the', 'last', 'three', 'million', 'years', 'has', 'been', 'the', 'size', 'of', 'the', 'lower', '48', 'states,', 'has', 'shrunk', 'by', '40', 'percent.']
2026-05-23 18:34:42,482 - DEBUG - joeynmt.training - 	Tokenized reference:  ['Vorig', 'jaar', 'liet', 'ik', 'deze', 'twee', "dia's", 'zien', 'om', 'aan', '', 'te', 'tonen', 'dat', 'de', 'poolijskap,', '', 'die', 'de', 'afgelopen', 'drie', 'miljoen', 'jaar', '', 'ongeveer', 'de', 'grootte', 'had', 'van', 'het', 'vasteland', 'van', 'de', 'VS,', '', 'met', '40%', 'gekrompen', 'was.']
2026-05-23 18:34:42,482 - DEBUG - joeynmt.training - 	Tokenized hypothesis: ['<unk>', 'jaar', 'ik', 'deze', 'twee', '<unk>', '<unk>', 'die', 'de', '<unk>', '<unk>', '<unk>', 'die', 'de', '<unk>', 'van', 'de', 'laatste', '<unk>', 'van', 'de', 'laatste', 'drie', 'jaar', 'geleden', 'heeft', 'de', 'laatste', '<unk>', '<unk>', '<unk>', 'heeft', '<unk>', '<unk>', '<unk>', '<unk>', '</s>']
2026-05-23 18:34:42,482 - INFO - joeynmt.training - 	Source:     Last year I showed these two slides so that demonstrate that the arctic ice cap, which for most of the last three million years has been the size of the lower 48 states, has shrunk by 40 percent.
2026-05-23 18:34:42,482 - INFO - joeynmt.training - 	Reference:  Vorig jaar liet ik deze twee dia's zien om aan  te tonen dat de poolijskap,  die de afgelopen drie miljoen jaar  ongeveer de grootte had van het vasteland van de VS,  met 40% gekrompen was.
2026-05-23 18:34:42,482 - INFO - joeynmt.training - 	Hypothesis: <unk> jaar ik deze twee <unk> <unk> die de <unk> <unk> <unk> die de <unk> van de laatste <unk> van de laatste drie jaar geleden heeft de laatste <unk> <unk> <unk> heeft <unk> <unk> <unk> <unk>
2026-05-23 18:34:42,482 - INFO - joeynmt.training - Example #1
2026-05-23 18:34:42,482 - DEBUG - joeynmt.training - 	Tokenized source:     ['But', 'this', 'understates', 'the', 'seriousness', 'of', 'this', 'particular', 'problem', 'because', 'it', "doesn't", 'show', 'the', 'thickness', 'of', 'the', 'ice.']
2026-05-23 18:34:42,482 - DEBUG - joeynmt.training - 	Tokenized reference:  ['Maar', 'dit', 'onderschat', 'eigenlijk', 'de', 'ernst', 'van', 'dit', 'specifieke', 'probleem', '', 'omdat', 'het', 'niet', 'de', 'dikte', 'van', 'het', 'ijs', 'laat', 'zien.']
2026-05-23 18:34:42,483 - DEBUG - joeynmt.training - 	Tokenized hypothesis: ['Maar', 'dit', 'is', 'de', '<unk>', 'van', 'deze', 'probleem', 'omdat', 'het', 'niet', 'alleen', 'de', '<unk>', 'van', 'de', '<unk>', '</s>']
2026-05-23 18:34:42,483 - INFO - joeynmt.training - 	Source:     But this understates the seriousness of this particular problem because it doesn't show the thickness of the ice.
2026-05-23 18:34:42,483 - INFO - joeynmt.training - 	Reference:  Maar dit onderschat eigenlijk de ernst van dit specifieke probleem  omdat het niet de dikte van het ijs laat zien.
2026-05-23 18:34:42,483 - INFO - joeynmt.training - 	Hypothesis: Maar dit is de <unk> van deze probleem omdat het niet alleen de <unk> van de <unk>
2026-05-23 18:34:42,483 - INFO - joeynmt.training - Example #2
2026-05-23 18:34:42,483 - DEBUG - joeynmt.training - 	Tokenized source:     ['The', 'arctic', 'ice', 'cap', 'is,', 'in', 'a', 'sense,', 'the', 'beating', 'heart', 'of', 'the', 'global', 'climate', 'system.']
2026-05-23 18:34:42,483 - DEBUG - joeynmt.training - 	Tokenized reference:  ['De', 'ijskap', 'op', 'de', 'Noordpool', 'is', 'in', 'zekere', 'zin', '', 'het', 'kloppend', 'hart', 'van', 'ons', 'globaal', 'klimaatsysteem.']
2026-05-23 18:34:42,483 - DEBUG - joeynmt.training - 	Tokenized hypothesis: ['De', '<unk>', '<unk>', 'is', 'in', 'een', '<unk>', 'van', 'de', '<unk>', 'van', 'de', '<unk>', '</s>']
2026-05-23 18:34:42,483 - INFO - joeynmt.training - 	Source:     The arctic ice cap is, in a sense, the beating heart of the global climate system.
2026-05-23 18:34:42,484 - INFO - joeynmt.training - 	Reference:  De ijskap op de Noordpool is in zekere zin  het kloppend hart van ons globaal klimaatsysteem.
2026-05-23 18:34:42,484 - INFO - joeynmt.training - 	Hypothesis: De <unk> <unk> is in een <unk> van de <unk> van de <unk>
2026-05-23 18:34:42,484 - INFO - joeynmt.training - Example #3
2026-05-23 18:34:42,484 - DEBUG - joeynmt.training - 	Tokenized source:     ['It', 'expands', 'in', 'winter', 'and', 'contracts', 'in', 'summer.']
2026-05-23 18:34:42,484 - DEBUG - joeynmt.training - 	Tokenized reference:  ['Het', 'zet', 'uit', 'in', 'de', 'winter', 'en', 'krimpt', 'in', 'de', 'zomer.']
2026-05-23 18:34:42,484 - DEBUG - joeynmt.training - 	Tokenized hypothesis: ['Het', '<unk>', 'in', '<unk>', 'en', '<unk>', 'in', '<unk>', '</s>']
2026-05-23 18:34:42,484 - INFO - joeynmt.training - 	Source:     It expands in winter and contracts in summer.
2026-05-23 18:34:42,484 - INFO - joeynmt.training - 	Reference:  Het zet uit in de winter en krimpt in de zomer.
2026-05-23 18:34:42,484 - INFO - joeynmt.training - 	Hypothesis: Het <unk> in <unk> en <unk> in <unk>
2026-05-23 18:34:42,485 - INFO - joeynmt.training - Example #4
2026-05-23 18:34:42,485 - DEBUG - joeynmt.training - 	Tokenized source:     ['The', 'next', 'slide', 'I', 'show', 'you', 'will', 'be', 'a', 'rapid', 'fast-forward', 'of', "what's", 'happened', 'over', 'the', 'last', '25', 'years.']
2026-05-23 18:34:42,485 - DEBUG - joeynmt.training - 	Tokenized reference:  ['De', 'volgende', 'dia', 'die', 'ik', 'laat', 'zien', '', 'is', 'een', 'versnelde', 'versie', 'van', 'wat', 'er', 'de', 'afgelopen', '25', 'jaar', 'is', 'gebeurd.']
2026-05-23 18:34:42,485 - DEBUG - joeynmt.training - 	Tokenized hypothesis: ['De', 'volgende', '<unk>', 'ik', 'jullie', 'een', '<unk>', '<unk>', '<unk>', 'wat', 'er', 'is', 'van', 'de', 'laatste', 'laatste', 'laatste', 'laatste', 'laatste', 'laatste', 'laatste', 'laatste', 'laatste', 'laatste', 'laatste', 'laatste', 'laatste', 'laatste', 'laatste', 'laatste', 'laatste', 'laatste', 'laatste', 'laatste', 'laatste', '<unk>', '</s>']
2026-05-23 18:34:42,485 - INFO - joeynmt.training - 	Source:     The next slide I show you will be a rapid fast-forward of what's happened over the last 25 years.
2026-05-23 18:34:42,485 - INFO - joeynmt.training - 	Reference:  De volgende dia die ik laat zien  is een versnelde versie van wat er de afgelopen 25 jaar is gebeurd.
2026-05-23 18:34:42,485 - INFO - joeynmt.training - 	Hypothesis: De volgende <unk> ik jullie een <unk> <unk> <unk> wat er is van de laatste laatste laatste laatste laatste laatste laatste laatste laatste laatste laatste laatste laatste laatste laatste laatste laatste laatste laatste laatste laatste <unk>
2026-05-23 18:35:22,461 - INFO - joeynmt.training - Epoch   1, Step:     1100, Batch Loss:     2.022597, Batch Acc: 0.421110, Tokens per Sec:     1613, Lr: 0.000300
2026-05-23 18:36:03,471 - INFO - joeynmt.training - Epoch   1, Step:     1200, Batch Loss:     2.085658, Batch Acc: 0.426633, Tokens per Sec:     1599, Lr: 0.000300
2026-05-23 18:36:39,232 - INFO - joeynmt.training - Epoch   1, Step:     1300, Batch Loss:     1.960863, Batch Acc: 0.431491, Tokens per Sec:     1821, Lr: 0.000300
2026-05-23 18:37:11,476 - INFO - joeynmt.training - Epoch   1, Step:     1400, Batch Loss:     1.910772, Batch Acc: 0.443010, Tokens per Sec:     1957, Lr: 0.000300
2026-05-23 18:37:43,362 - INFO - joeynmt.training - Epoch   1, Step:     1500, Batch Loss:     1.854955, Batch Acc: 0.448306, Tokens per Sec:     2052, Lr: 0.000300
2026-05-23 18:37:43,362 - INFO - joeynmt.prediction - Predicting 1003 example(s)... (Greedy decoding with min_output_length=1, max_output_length=100, return_prob='none', generate_unk=True, repetition_penalty=-1, no_repeat_ngram_size=-1)
2026-05-23 18:38:28,797 - INFO - joeynmt.metrics - nrefs:1|case:mixed|eff:no|tok:13a|smooth:exp|version:2.6.0
2026-05-23 18:38:28,798 - INFO - joeynmt.prediction - Evaluation result (greedy) bleu:   1.86, loss:   2.25, ppl:   9.48, acc:   0.38, generation: 45.2188[sec], evaluation: 0.2078[sec]
2026-05-23 18:38:28,799 - INFO - joeynmt.training - Hooray! New best validation result [ppl]!
2026-05-23 18:38:28,877 - INFO - joeynmt.training - Example #0
2026-05-23 18:38:28,878 - DEBUG - joeynmt.training - 	Tokenized source:     ['Last', 'year', 'I', 'showed', 'these', 'two', 'slides', 'so', 'that', 'demonstrate', 'that', 'the', 'arctic', 'ice', 'cap,', 'which', 'for', 'most', 'of', 'the', 'last', 'three', 'million', 'years', 'has', 'been', 'the', 'size', 'of', 'the', 'lower', '48', 'states,', 'has', 'shrunk', 'by', '40', 'percent.']
2026-05-23 18:38:28,878 - DEBUG - joeynmt.training - 	Tokenized reference:  ['Vorig', 'jaar', 'liet', 'ik', 'deze', 'twee', "dia's", 'zien', 'om', 'aan', '', 'te', 'tonen', 'dat', 'de', 'poolijskap,', '', 'die', 'de', 'afgelopen', 'drie', 'miljoen', 'jaar', '', 'ongeveer', 'de', 'grootte', 'had', 'van', 'het', 'vasteland', 'van', 'de', 'VS,', '', 'met', '40%', 'gekrompen', 'was.']
2026-05-23 18:38:28,878 - DEBUG - joeynmt.training - 	Tokenized hypothesis: ['<unk>', 'jaar', 'ik', 'deze', 'twee', '<unk>', 'zo', '<unk>', 'dat', 'de', '<unk>', '<unk>', '<unk>', 'die', '<unk>', '<unk>', '<unk>', '<unk>', '<unk>', '<unk>', '<unk>', '</s>']
2026-05-23 18:38:28,879 - INFO - joeynmt.training - 	Source:     Last year I showed these two slides so that demonstrate that the arctic ice cap, which for most of the last three million years has been the size of the lower 48 states, has shrunk by 40 percent.
2026-05-23 18:38:28,879 - INFO - joeynmt.training - 	Reference:  Vorig jaar liet ik deze twee dia's zien om aan  te tonen dat de poolijskap,  die de afgelopen drie miljoen jaar  ongeveer de grootte had van het vasteland van de VS,  met 40% gekrompen was.
2026-05-23 18:38:28,880 - INFO - joeynmt.training - 	Hypothesis: <unk> jaar ik deze twee <unk> zo <unk> dat de <unk> <unk> <unk> die <unk> <unk> <unk> <unk> <unk> <unk> <unk>
2026-05-23 18:38:28,880 - INFO - joeynmt.training - Example #1
2026-05-23 18:38:28,881 - DEBUG - joeynmt.training - 	Tokenized source:     ['But', 'this', 'understates', 'the', 'seriousness', 'of', 'this', 'particular', 'problem', 'because', 'it', "doesn't", 'show', 'the', 'thickness', 'of', 'the', 'ice.']
2026-05-23 18:38:28,881 - DEBUG - joeynmt.training - 	Tokenized reference:  ['Maar', 'dit', 'onderschat', 'eigenlijk', 'de', 'ernst', 'van', 'dit', 'specifieke', 'probleem', '', 'omdat', 'het', 'niet', 'de', 'dikte', 'van', 'het', 'ijs', 'laat', 'zien.']
2026-05-23 18:38:28,881 - DEBUG - joeynmt.training - 	Tokenized hypothesis: ['Maar', 'dit', 'probleem', '<unk>', 'de', '<unk>', 'van', 'deze', 'probleem', 'omdat', 'het', 'niet', 'van', 'de', '<unk>', 'van', 'de', '<unk>', '</s>']
2026-05-23 18:38:28,881 - INFO - joeynmt.training - 	Source:     But this understates the seriousness of this particular problem because it doesn't show the thickness of the ice.
2026-05-23 18:38:28,884 - INFO - joeynmt.training - 	Reference:  Maar dit onderschat eigenlijk de ernst van dit specifieke probleem  omdat het niet de dikte van het ijs laat zien.
2026-05-23 18:38:28,884 - INFO - joeynmt.training - 	Hypothesis: Maar dit probleem <unk> de <unk> van deze probleem omdat het niet van de <unk> van de <unk>
2026-05-23 18:38:28,886 - INFO - joeynmt.training - Example #2
2026-05-23 18:38:28,886 - DEBUG - joeynmt.training - 	Tokenized source:     ['The', 'arctic', 'ice', 'cap', 'is,', 'in', 'a', 'sense,', 'the', 'beating', 'heart', 'of', 'the', 'global', 'climate', 'system.']
2026-05-23 18:38:28,886 - DEBUG - joeynmt.training - 	Tokenized reference:  ['De', 'ijskap', 'op', 'de', 'Noordpool', 'is', 'in', 'zekere', 'zin', '', 'het', 'kloppend', 'hart', 'van', 'ons', 'globaal', 'klimaatsysteem.']
2026-05-23 18:38:28,886 - DEBUG - joeynmt.training - 	Tokenized hypothesis: ['De', '<unk>', '<unk>', 'is', 'in', 'een', '<unk>', '<unk>', '<unk>', 'van', 'de', '<unk>', '</s>']
2026-05-23 18:38:28,887 - INFO - joeynmt.training - 	Source:     The arctic ice cap is, in a sense, the beating heart of the global climate system.
2026-05-23 18:38:28,887 - INFO - joeynmt.training - 	Reference:  De ijskap op de Noordpool is in zekere zin  het kloppend hart van ons globaal klimaatsysteem.
2026-05-23 18:38:28,887 - INFO - joeynmt.training - 	Hypothesis: De <unk> <unk> is in een <unk> <unk> <unk> van de <unk>
2026-05-23 18:38:28,888 - INFO - joeynmt.training - Example #3
2026-05-23 18:38:28,888 - DEBUG - joeynmt.training - 	Tokenized source:     ['It', 'expands', 'in', 'winter', 'and', 'contracts', 'in', 'summer.']
2026-05-23 18:38:28,888 - DEBUG - joeynmt.training - 	Tokenized reference:  ['Het', 'zet', 'uit', 'in', 'de', 'winter', 'en', 'krimpt', 'in', 'de', 'zomer.']
2026-05-23 18:38:28,888 - DEBUG - joeynmt.training - 	Tokenized hypothesis: ['Het', '<unk>', 'in', '<unk>', 'en', 'in', '<unk>', '</s>']
2026-05-23 18:38:28,889 - INFO - joeynmt.training - 	Source:     It expands in winter and contracts in summer.
2026-05-23 18:38:28,889 - INFO - joeynmt.training - 	Reference:  Het zet uit in de winter en krimpt in de zomer.
2026-05-23 18:38:28,889 - INFO - joeynmt.training - 	Hypothesis: Het <unk> in <unk> en in <unk>
2026-05-23 18:38:28,889 - INFO - joeynmt.training - Example #4
2026-05-23 18:38:28,889 - DEBUG - joeynmt.training - 	Tokenized source:     ['The', 'next', 'slide', 'I', 'show', 'you', 'will', 'be', 'a', 'rapid', 'fast-forward', 'of', "what's", 'happened', 'over', 'the', 'last', '25', 'years.']
2026-05-23 18:38:28,889 - DEBUG - joeynmt.training - 	Tokenized reference:  ['De', 'volgende', 'dia', 'die', 'ik', 'laat', 'zien', '', 'is', 'een', 'versnelde', 'versie', 'van', 'wat', 'er', 'de', 'afgelopen', '25', 'jaar', 'is', 'gebeurd.']
2026-05-23 18:38:28,889 - DEBUG - joeynmt.training - 	Tokenized hypothesis: ['De', 'volgende', '<unk>', '<unk>', 'ik', 'jullie', 'een', '<unk>', '<unk>', 'van', 'wat', 'er', 'is', 'van', 'de', 'laatste', '<unk>', '</s>']
2026-05-23 18:38:28,890 - INFO - joeynmt.training - 	Source:     The next slide I show you will be a rapid fast-forward of what's happened over the last 25 years.
2026-05-23 18:38:28,890 - INFO - joeynmt.training - 	Reference:  De volgende dia die ik laat zien  is een versnelde versie van wat er de afgelopen 25 jaar is gebeurd.
2026-05-23 18:38:28,891 - INFO - joeynmt.training - 	Hypothesis: De volgende <unk> <unk> ik jullie een <unk> <unk> van wat er is van de laatste <unk>
2026-05-23 18:39:07,905 - INFO - joeynmt.training - Epoch   1, Step:     1600, Batch Loss:     1.797670, Batch Acc: 0.453559, Tokens per Sec:     1661, Lr: 0.000300
2026-05-23 18:39:44,524 - INFO - joeynmt.training - Epoch   1, Step:     1700, Batch Loss:     1.820593, Batch Acc: 0.456379, Tokens per Sec:     1825, Lr: 0.000300
2026-05-23 18:40:21,290 - INFO - joeynmt.training - Epoch   1, Step:     1800, Batch Loss:     1.823894, Batch Acc: 0.466211, Tokens per Sec:     1749, Lr: 0.000300
2026-05-23 18:40:58,176 - INFO - joeynmt.training - Epoch   1, Step:     1900, Batch Loss:     1.733965, Batch Acc: 0.467991, Tokens per Sec:     1747, Lr: 0.000300
2026-05-23 18:41:34,749 - INFO - joeynmt.training - Epoch   1, Step:     2000, Batch Loss:     1.637597, Batch Acc: 0.474519, Tokens per Sec:     1831, Lr: 0.000300
2026-05-23 18:41:34,749 - INFO - joeynmt.prediction - Predicting 1003 example(s)... (Greedy decoding with min_output_length=1, max_output_length=100, return_prob='none', generate_unk=True, repetition_penalty=-1, no_repeat_ngram_size=-1)
2026-05-23 18:42:00,825 - INFO - joeynmt.metrics - nrefs:1|case:mixed|eff:no|tok:13a|smooth:exp|version:2.6.0
2026-05-23 18:42:00,826 - INFO - joeynmt.prediction - Evaluation result (greedy) bleu:   2.30, loss:   2.20, ppl:   9.00, acc:   0.39, generation: 25.9391[sec], evaluation: 0.1307[sec]
2026-05-23 18:42:00,827 - INFO - joeynmt.training - Hooray! New best validation result [ppl]!
2026-05-23 18:42:00,876 - INFO - joeynmt.training - Example #0
2026-05-23 18:42:00,876 - DEBUG - joeynmt.training - 	Tokenized source:     ['Last', 'year', 'I', 'showed', 'these', 'two', 'slides', 'so', 'that', 'demonstrate', 'that', 'the', 'arctic', 'ice', 'cap,', 'which', 'for', 'most', 'of', 'the', 'last', 'three', 'million', 'years', 'has', 'been', 'the', 'size', 'of', 'the', 'lower', '48', 'states,', 'has', 'shrunk', 'by', '40', 'percent.']
2026-05-23 18:42:00,876 - DEBUG - joeynmt.training - 	Tokenized reference:  ['Vorig', 'jaar', 'liet', 'ik', 'deze', 'twee', "dia's", 'zien', 'om', 'aan', '', 'te', 'tonen', 'dat', 'de', 'poolijskap,', '', 'die', 'de', 'afgelopen', 'drie', 'miljoen', 'jaar', '', 'ongeveer', 'de', 'grootte', 'had', 'van', 'het', 'vasteland', 'van', 'de', 'VS,', '', 'met', '40%', 'gekrompen', 'was.']
2026-05-23 18:42:00,876 - DEBUG - joeynmt.training - 	Tokenized hypothesis: ['<unk>', 'jaar', '<unk>', 'ik', 'deze', 'twee', '<unk>', 'zo', '<unk>', 'dat', 'de', '<unk>', '<unk>', '<unk>', 'die', 'voor', 'de', '<unk>', '<unk>', '<unk>', '<unk>', '<unk>', '<unk>', '<unk>', '<unk>', '<unk>', '<unk>', '<unk>', 'door', '<unk>', '<unk>', '</s>']
2026-05-23 18:42:00,876 - INFO - joeynmt.training - 	Source:     Last year I showed these two slides so that demonstrate that the arctic ice cap, which for most of the last three million years has been the size of the lower 48 states, has shrunk by 40 percent.
2026-05-23 18:42:00,876 - INFO - joeynmt.training - 	Reference:  Vorig jaar liet ik deze twee dia's zien om aan  te tonen dat de poolijskap,  die de afgelopen drie miljoen jaar  ongeveer de grootte had van het vasteland van de VS,  met 40% gekrompen was.
2026-05-23 18:42:00,877 - INFO - joeynmt.training - 	Hypothesis: <unk> jaar <unk> ik deze twee <unk> zo <unk> dat de <unk> <unk> <unk> die voor de <unk> <unk> <unk> <unk> <unk> <unk> <unk> <unk> <unk> <unk> <unk> door <unk> <unk>
2026-05-23 18:42:00,877 - INFO - joeynmt.training - Example #1
2026-05-23 18:42:00,877 - DEBUG - joeynmt.training - 	Tokenized source:     ['But', 'this', 'understates', 'the', 'seriousness', 'of', 'this', 'particular', 'problem', 'because', 'it', "doesn't", 'show', 'the', 'thickness', 'of', 'the', 'ice.']
2026-05-23 18:42:00,877 - DEBUG - joeynmt.training - 	Tokenized reference:  ['Maar', 'dit', 'onderschat', 'eigenlijk', 'de', 'ernst', 'van', 'dit', 'specifieke', 'probleem', '', 'omdat', 'het', 'niet', 'de', 'dikte', 'van', 'het', 'ijs', 'laat', 'zien.']
2026-05-23 18:42:00,877 - DEBUG - joeynmt.training - 	Tokenized hypothesis: ['Maar', 'dit', '<unk>', 'de', '<unk>', 'van', 'dit', 'probleem', 'omdat', 'het', 'niet', 'de', '<unk>', 'van', 'de', '<unk>', '</s>']
2026-05-23 18:42:00,878 - INFO - joeynmt.training - 	Source:     But this understates the seriousness of this particular problem because it doesn't show the thickness of the ice.
2026-05-23 18:42:00,878 - INFO - joeynmt.training - 	Reference:  Maar dit onderschat eigenlijk de ernst van dit specifieke probleem  omdat het niet de dikte van het ijs laat zien.
2026-05-23 18:42:00,878 - INFO - joeynmt.training - 	Hypothesis: Maar dit <unk> de <unk> van dit probleem omdat het niet de <unk> van de <unk>
2026-05-23 18:42:00,878 - INFO - joeynmt.training - Example #2
2026-05-23 18:42:00,878 - DEBUG - joeynmt.training - 	Tokenized source:     ['The', 'arctic', 'ice', 'cap', 'is,', 'in', 'a', 'sense,', 'the', 'beating', 'heart', 'of', 'the', 'global', 'climate', 'system.']
2026-05-23 18:42:00,878 - DEBUG - joeynmt.training - 	Tokenized reference:  ['De', 'ijskap', 'op', 'de', 'Noordpool', 'is', 'in', 'zekere', 'zin', '', 'het', 'kloppend', 'hart', 'van', 'ons', 'globaal', 'klimaatsysteem.']
2026-05-23 18:42:00,878 - DEBUG - joeynmt.training - 	Tokenized hypothesis: ['De', '<unk>', '<unk>', 'is', '<unk>', 'in', 'een', '<unk>', 'de', '<unk>', 'van', 'de', '<unk>', '</s>']
2026-05-23 18:42:00,879 - INFO - joeynmt.training - 	Source:     The arctic ice cap is, in a sense, the beating heart of the global climate system.
2026-05-23 18:42:00,879 - INFO - joeynmt.training - 	Reference:  De ijskap op de Noordpool is in zekere zin  het kloppend hart van ons globaal klimaatsysteem.
2026-05-23 18:42:00,879 - INFO - joeynmt.training - 	Hypothesis: De <unk> <unk> is <unk> in een <unk> de <unk> van de <unk>
2026-05-23 18:42:00,879 - INFO - joeynmt.training - Example #3
2026-05-23 18:42:00,879 - DEBUG - joeynmt.training - 	Tokenized source:     ['It', 'expands', 'in', 'winter', 'and', 'contracts', 'in', 'summer.']
2026-05-23 18:42:00,879 - DEBUG - joeynmt.training - 	Tokenized reference:  ['Het', 'zet', 'uit', 'in', 'de', 'winter', 'en', 'krimpt', 'in', 'de', 'zomer.']
2026-05-23 18:42:00,879 - DEBUG - joeynmt.training - 	Tokenized hypothesis: ['Het', '<unk>', 'in', '<unk>', 'en', '<unk>', 'in', '<unk>', '</s>']
2026-05-23 18:42:00,879 - INFO - joeynmt.training - 	Source:     It expands in winter and contracts in summer.
2026-05-23 18:42:00,879 - INFO - joeynmt.training - 	Reference:  Het zet uit in de winter en krimpt in de zomer.
2026-05-23 18:42:00,879 - INFO - joeynmt.training - 	Hypothesis: Het <unk> in <unk> en <unk> in <unk>
2026-05-23 18:42:00,879 - INFO - joeynmt.training - Example #4
2026-05-23 18:42:00,880 - DEBUG - joeynmt.training - 	Tokenized source:     ['The', 'next', 'slide', 'I', 'show', 'you', 'will', 'be', 'a', 'rapid', 'fast-forward', 'of', "what's", 'happened', 'over', 'the', 'last', '25', 'years.']
2026-05-23 18:42:00,880 - DEBUG - joeynmt.training - 	Tokenized reference:  ['De', 'volgende', 'dia', 'die', 'ik', 'laat', 'zien', '', 'is', 'een', 'versnelde', 'versie', 'van', 'wat', 'er', 'de', 'afgelopen', '25', 'jaar', 'is', 'gebeurd.']
2026-05-23 18:42:00,880 - DEBUG - joeynmt.training - 	Tokenized hypothesis: ['De', 'volgende', '<unk>', '<unk>', 'ik', 'jullie', 'een', '<unk>', '<unk>', 'van', 'wat', 'er', '<unk>', '<unk>', '</s>']
2026-05-23 18:42:00,880 - INFO - joeynmt.training - 	Source:     The next slide I show you will be a rapid fast-forward of what's happened over the last 25 years.
2026-05-23 18:42:00,880 - INFO - joeynmt.training - 	Reference:  De volgende dia die ik laat zien  is een versnelde versie van wat er de afgelopen 25 jaar is gebeurd.
2026-05-23 18:42:00,880 - INFO - joeynmt.training - 	Hypothesis: De volgende <unk> <unk> ik jullie een <unk> <unk> van wat er <unk> <unk>
2026-05-23 18:42:37,315 - INFO - joeynmt.training - Epoch   1, Step:     2100, Batch Loss:     1.719289, Batch Acc: 0.475272, Tokens per Sec:     1738, Lr: 0.000300
2026-05-23 18:43:14,096 - INFO - joeynmt.training - Epoch   1, Step:     2200, Batch Loss:     1.634778, Batch Acc: 0.478922, Tokens per Sec:     1753, Lr: 0.000300
2026-05-23 18:43:50,655 - INFO - joeynmt.training - Epoch   1, Step:     2300, Batch Loss:     1.739454, Batch Acc: 0.482661, Tokens per Sec:     1755, Lr: 0.000300
2026-05-23 18:44:27,257 - INFO - joeynmt.training - Epoch   1, Step:     2400, Batch Loss:     1.660125, Batch Acc: 0.480963, Tokens per Sec:     1787, Lr: 0.000300
2026-05-23 18:44:46,050 - INFO - joeynmt.training - Epoch   1: total training loss 5140.57
2026-05-23 18:44:46,051 - INFO - joeynmt.training - EPOCH 2
2026-05-23 18:45:03,201 - INFO - joeynmt.training - Epoch   2, Step:     2500, Batch Loss:     1.658328, Batch Acc: 0.501148, Tokens per Sec:     1804, Lr: 0.000300
2026-05-23 18:45:03,202 - INFO - joeynmt.prediction - Predicting 1003 example(s)... (Greedy decoding with min_output_length=1, max_output_length=100, return_prob='none', generate_unk=True, repetition_penalty=-1, no_repeat_ngram_size=-1)
2026-05-23 18:45:35,869 - INFO - joeynmt.metrics - nrefs:1|case:mixed|eff:no|tok:13a|smooth:exp|version:2.6.0
2026-05-23 18:45:35,870 - INFO - joeynmt.prediction - Evaluation result (greedy) bleu:   3.24, loss:   2.13, ppl:   8.42, acc:   0.40, generation: 32.5289[sec], evaluation: 0.1319[sec]
2026-05-23 18:45:35,872 - INFO - joeynmt.training - Hooray! New best validation result [ppl]!
2026-05-23 18:45:35,919 - INFO - joeynmt.training - Example #0
2026-05-23 18:45:35,920 - DEBUG - joeynmt.training - 	Tokenized source:     ['Last', 'year', 'I', 'showed', 'these', 'two', 'slides', 'so', 'that', 'demonstrate', 'that', 'the', 'arctic', 'ice', 'cap,', 'which', 'for', 'most', 'of', 'the', 'last', 'three', 'million', 'years', 'has', 'been', 'the', 'size', 'of', 'the', 'lower', '48', 'states,', 'has', 'shrunk', 'by', '40', 'percent.']
2026-05-23 18:45:35,920 - DEBUG - joeynmt.training - 	Tokenized reference:  ['Vorig', 'jaar', 'liet', 'ik', 'deze', 'twee', "dia's", 'zien', 'om', 'aan', '', 'te', 'tonen', 'dat', 'de', 'poolijskap,', '', 'die', 'de', 'afgelopen', 'drie', 'miljoen', 'jaar', '', 'ongeveer', 'de', 'grootte', 'had', 'van', 'het', 'vasteland', 'van', 'de', 'VS,', '', 'met', '40%', 'gekrompen', 'was.']
2026-05-23 18:45:35,920 - DEBUG - joeynmt.training - 	Tokenized hypothesis: ['<unk>', 'jaar', '<unk>', 'ik', 'deze', 'twee', '<unk>', 'zodat', 'de', '<unk>', '<unk>', 'die', 'voor', 'de', '<unk>', '<unk>', 'van', 'de', 'laatste', 'drie', 'miljoen', 'jaar', '<unk>', '<unk>', '<unk>', '<unk>', '<unk>', '<unk>', '<unk>', '<unk>', '<unk>', '<unk>', '</s>']
2026-05-23 18:45:35,920 - INFO - joeynmt.training - 	Source:     Last year I showed these two slides so that demonstrate that the arctic ice cap, which for most of the last three million years has been the size of the lower 48 states, has shrunk by 40 percent.
2026-05-23 18:45:35,920 - INFO - joeynmt.training - 	Reference:  Vorig jaar liet ik deze twee dia's zien om aan  te tonen dat de poolijskap,  die de afgelopen drie miljoen jaar  ongeveer de grootte had van het vasteland van de VS,  met 40% gekrompen was.
2026-05-23 18:45:35,920 - INFO - joeynmt.training - 	Hypothesis: <unk> jaar <unk> ik deze twee <unk> zodat de <unk> <unk> die voor de <unk> <unk> van de laatste drie miljoen jaar <unk> <unk> <unk> <unk> <unk> <unk> <unk> <unk> <unk> <unk>
2026-05-23 18:45:35,921 - INFO - joeynmt.training - Example #1
2026-05-23 18:45:35,921 - DEBUG - joeynmt.training - 	Tokenized source:     ['But', 'this', 'understates', 'the', 'seriousness', 'of', 'this', 'particular', 'problem', 'because', 'it', "doesn't", 'show', 'the', 'thickness', 'of', 'the', 'ice.']
2026-05-23 18:45:35,921 - DEBUG - joeynmt.training - 	Tokenized reference:  ['Maar', 'dit', 'onderschat', 'eigenlijk', 'de', 'ernst', 'van', 'dit', 'specifieke', 'probleem', '', 'omdat', 'het', 'niet', 'de', 'dikte', 'van', 'het', 'ijs', 'laat', 'zien.']
2026-05-23 18:45:35,921 - DEBUG - joeynmt.training - 	Tokenized hypothesis: ['Maar', 'dit', '<unk>', 'de', '<unk>', 'van', 'dit', 'probleem', 'omdat', 'het', 'niet', 'de', '<unk>', 'van', 'de', '<unk>', '</s>']
2026-05-23 18:45:35,921 - INFO - joeynmt.training - 	Source:     But this understates the seriousness of this particular problem because it doesn't show the thickness of the ice.
2026-05-23 18:45:35,921 - INFO - joeynmt.training - 	Reference:  Maar dit onderschat eigenlijk de ernst van dit specifieke probleem  omdat het niet de dikte van het ijs laat zien.
2026-05-23 18:45:35,921 - INFO - joeynmt.training - 	Hypothesis: Maar dit <unk> de <unk> van dit probleem omdat het niet de <unk> van de <unk>
2026-05-23 18:45:35,921 - INFO - joeynmt.training - Example #2
2026-05-23 18:45:35,921 - DEBUG - joeynmt.training - 	Tokenized source:     ['The', 'arctic', 'ice', 'cap', 'is,', 'in', 'a', 'sense,', 'the', 'beating', 'heart', 'of', 'the', 'global', 'climate', 'system.']
2026-05-23 18:45:35,921 - DEBUG - joeynmt.training - 	Tokenized reference:  ['De', 'ijskap', 'op', 'de', 'Noordpool', 'is', 'in', 'zekere', 'zin', '', 'het', 'kloppend', 'hart', 'van', 'ons', 'globaal', 'klimaatsysteem.']
2026-05-23 18:45:35,921 - DEBUG - joeynmt.training - 	Tokenized hypothesis: ['De', '<unk>', '<unk>', 'is', 'in', 'een', '<unk>', '<unk>', 'het', '<unk>', 'van', 'de', '<unk>', '</s>']
2026-05-23 18:45:35,922 - INFO - joeynmt.training - 	Source:     The arctic ice cap is, in a sense, the beating heart of the global climate system.
2026-05-23 18:45:35,922 - INFO - joeynmt.training - 	Reference:  De ijskap op de Noordpool is in zekere zin  het kloppend hart van ons globaal klimaatsysteem.
2026-05-23 18:45:35,922 - INFO - joeynmt.training - 	Hypothesis: De <unk> <unk> is in een <unk> <unk> het <unk> van de <unk>
2026-05-23 18:45:35,922 - INFO - joeynmt.training - Example #3
2026-05-23 18:45:35,922 - DEBUG - joeynmt.training - 	Tokenized source:     ['It', 'expands', 'in', 'winter', 'and', 'contracts', 'in', 'summer.']
2026-05-23 18:45:35,922 - DEBUG - joeynmt.training - 	Tokenized reference:  ['Het', 'zet', 'uit', 'in', 'de', 'winter', 'en', 'krimpt', 'in', 'de', 'zomer.']
2026-05-23 18:45:35,922 - DEBUG - joeynmt.training - 	Tokenized hypothesis: ['Het', '<unk>', 'in', '<unk>', 'en', '<unk>', 'in', '<unk>', '</s>']
2026-05-23 18:45:35,922 - INFO - joeynmt.training - 	Source:     It expands in winter and contracts in summer.
2026-05-23 18:45:35,922 - INFO - joeynmt.training - 	Reference:  Het zet uit in de winter en krimpt in de zomer.
2026-05-23 18:45:35,922 - INFO - joeynmt.training - 	Hypothesis: Het <unk> in <unk> en <unk> in <unk>
2026-05-23 18:45:35,923 - INFO - joeynmt.training - Example #4
2026-05-23 18:45:35,923 - DEBUG - joeynmt.training - 	Tokenized source:     ['The', 'next', 'slide', 'I', 'show', 'you', 'will', 'be', 'a', 'rapid', 'fast-forward', 'of', "what's", 'happened', 'over', 'the', 'last', '25', 'years.']
2026-05-23 18:45:35,923 - DEBUG - joeynmt.training - 	Tokenized reference:  ['De', 'volgende', 'dia', 'die', 'ik', 'laat', 'zien', '', 'is', 'een', 'versnelde', 'versie', 'van', 'wat', 'er', 'de', 'afgelopen', '25', 'jaar', 'is', 'gebeurd.']
2026-05-23 18:45:35,923 - DEBUG - joeynmt.training - 	Tokenized hypothesis: ['De', 'volgende', '<unk>', 'zal', 'ik', 'jullie', 'een', '<unk>', '<unk>', 'van', 'wat', 'er', 'gebeurde', 'in', 'de', 'laatste', '<unk>', '</s>']
2026-05-23 18:45:35,923 - INFO - joeynmt.training - 	Source:     The next slide I show you will be a rapid fast-forward of what's happened over the last 25 years.
2026-05-23 18:45:35,923 - INFO - joeynmt.training - 	Reference:  De volgende dia die ik laat zien  is een versnelde versie van wat er de afgelopen 25 jaar is gebeurd.
2026-05-23 18:45:35,923 - INFO - joeynmt.training - 	Hypothesis: De volgende <unk> zal ik jullie een <unk> <unk> van wat er gebeurde in de laatste <unk>
2026-05-23 18:46:12,645 - INFO - joeynmt.training - Epoch   2, Step:     2600, Batch Loss:     1.680960, Batch Acc: 0.506181, Tokens per Sec:     1804, Lr: 0.000300
2026-05-23 18:46:47,562 - INFO - joeynmt.training - Epoch   2, Step:     2700, Batch Loss:     1.606689, Batch Acc: 0.504977, Tokens per Sec:     1885, Lr: 0.000300
2026-05-23 18:47:47,115 - INFO - joeynmt.training - Epoch   2, Step:     2800, Batch Loss:     1.646856, Batch Acc: 0.501143, Tokens per Sec:     1095, Lr: 0.000300
2026-05-23 18:48:50,031 - INFO - joeynmt.training - Epoch   2, Step:     2900, Batch Loss:     1.671755, Batch Acc: 0.503518, Tokens per Sec:     1041, Lr: 0.000300
2026-05-23 18:49:47,192 - INFO - joeynmt.training - Epoch   2, Step:     3000, Batch Loss:     1.587601, Batch Acc: 0.504176, Tokens per Sec:     1137, Lr: 0.000300
2026-05-23 18:49:47,193 - INFO - joeynmt.prediction - Predicting 1003 example(s)... (Greedy decoding with min_output_length=1, max_output_length=100, return_prob='none', generate_unk=True, repetition_penalty=-1, no_repeat_ngram_size=-1)
2026-05-23 18:50:41,438 - INFO - joeynmt.metrics - nrefs:1|case:mixed|eff:no|tok:13a|smooth:exp|version:2.6.0
2026-05-23 18:50:41,439 - INFO - joeynmt.prediction - Evaluation result (greedy) bleu:   3.30, loss:   2.09, ppl:   8.09, acc:   0.41, generation: 53.9578[sec], evaluation: 0.2779[sec]
2026-05-23 18:50:41,440 - INFO - joeynmt.training - Hooray! New best validation result [ppl]!
2026-05-23 18:50:41,539 - INFO - joeynmt.helpers - delete output_word/500.ckpt
2026-05-23 18:50:41,550 - INFO - joeynmt.training - Example #0
2026-05-23 18:50:41,550 - DEBUG - joeynmt.training - 	Tokenized source:     ['Last', 'year', 'I', 'showed', 'these', 'two', 'slides', 'so', 'that', 'demonstrate', 'that', 'the', 'arctic', 'ice', 'cap,', 'which', 'for', 'most', 'of', 'the', 'last', 'three', 'million', 'years', 'has', 'been', 'the', 'size', 'of', 'the', 'lower', '48', 'states,', 'has', 'shrunk', 'by', '40', 'percent.']
2026-05-23 18:50:41,551 - DEBUG - joeynmt.training - 	Tokenized reference:  ['Vorig', 'jaar', 'liet', 'ik', 'deze', 'twee', "dia's", 'zien', 'om', 'aan', '', 'te', 'tonen', 'dat', 'de', 'poolijskap,', '', 'die', 'de', 'afgelopen', 'drie', 'miljoen', 'jaar', '', 'ongeveer', 'de', 'grootte', 'had', 'van', 'het', 'vasteland', 'van', 'de', 'VS,', '', 'met', '40%', 'gekrompen', 'was.']
2026-05-23 18:50:41,551 - DEBUG - joeynmt.training - 	Tokenized hypothesis: ['<unk>', 'jaar', '<unk>', 'ik', 'deze', 'twee', '<unk>', 'zo', 'dat', 'de', '<unk>', '<unk>', '<unk>', '<unk>', '<unk>', '<unk>', '<unk>', '<unk>', '<unk>', '<unk>', '<unk>', '<unk>', '</s>']
2026-05-23 18:50:41,553 - INFO - joeynmt.training - 	Source:     Last year I showed these two slides so that demonstrate that the arctic ice cap, which for most of the last three million years has been the size of the lower 48 states, has shrunk by 40 percent.
2026-05-23 18:50:41,555 - INFO - joeynmt.training - 	Reference:  Vorig jaar liet ik deze twee dia's zien om aan  te tonen dat de poolijskap,  die de afgelopen drie miljoen jaar  ongeveer de grootte had van het vasteland van de VS,  met 40% gekrompen was.
2026-05-23 18:50:41,556 - INFO - joeynmt.training - 	Hypothesis: <unk> jaar <unk> ik deze twee <unk> zo dat de <unk> <unk> <unk> <unk> <unk> <unk> <unk> <unk> <unk> <unk> <unk> <unk>
2026-05-23 18:50:41,556 - INFO - joeynmt.training - Example #1
2026-05-23 18:50:41,556 - DEBUG - joeynmt.training - 	Tokenized source:     ['But', 'this', 'understates', 'the', 'seriousness', 'of', 'this', 'particular', 'problem', 'because', 'it', "doesn't", 'show', 'the', 'thickness', 'of', 'the', 'ice.']
2026-05-23 18:50:41,556 - DEBUG - joeynmt.training - 	Tokenized reference:  ['Maar', 'dit', 'onderschat', 'eigenlijk', 'de', 'ernst', 'van', 'dit', 'specifieke', 'probleem', '', 'omdat', 'het', 'niet', 'de', 'dikte', 'van', 'het', 'ijs', 'laat', 'zien.']
2026-05-23 18:50:41,556 - DEBUG - joeynmt.training - 	Tokenized hypothesis: ['Maar', 'dit', '<unk>', 'de', '<unk>', 'van', 'dit', 'probleem', 'is', 'omdat', 'het', 'niet', 'de', '<unk>', 'van', 'de', '<unk>', '</s>']
2026-05-23 18:50:41,557 - INFO - joeynmt.training - 	Source:     But this understates the seriousness of this particular problem because it doesn't show the thickness of the ice.
2026-05-23 18:50:41,557 - INFO - joeynmt.training - 	Reference:  Maar dit onderschat eigenlijk de ernst van dit specifieke probleem  omdat het niet de dikte van het ijs laat zien.
2026-05-23 18:50:41,557 - INFO - joeynmt.training - 	Hypothesis: Maar dit <unk> de <unk> van dit probleem is omdat het niet de <unk> van de <unk>
2026-05-23 18:50:41,558 - INFO - joeynmt.training - Example #2
2026-05-23 18:50:41,558 - DEBUG - joeynmt.training - 	Tokenized source:     ['The', 'arctic', 'ice', 'cap', 'is,', 'in', 'a', 'sense,', 'the', 'beating', 'heart', 'of', 'the', 'global', 'climate', 'system.']
2026-05-23 18:50:41,558 - DEBUG - joeynmt.training - 	Tokenized reference:  ['De', 'ijskap', 'op', 'de', 'Noordpool', 'is', 'in', 'zekere', 'zin', '', 'het', 'kloppend', 'hart', 'van', 'ons', 'globaal', 'klimaatsysteem.']
2026-05-23 18:50:41,558 - DEBUG - joeynmt.training - 	Tokenized hypothesis: ['Het', '<unk>', '<unk>', '<unk>', 'is', 'in', 'een', '<unk>', '<unk>', 'het', '<unk>', '</s>']
2026-05-23 18:50:41,559 - INFO - joeynmt.training - 	Source:     The arctic ice cap is, in a sense, the beating heart of the global climate system.
2026-05-23 18:50:41,559 - INFO - joeynmt.training - 	Reference:  De ijskap op de Noordpool is in zekere zin  het kloppend hart van ons globaal klimaatsysteem.
2026-05-23 18:50:41,559 - INFO - joeynmt.training - 	Hypothesis: Het <unk> <unk> <unk> is in een <unk> <unk> het <unk>
2026-05-23 18:50:41,559 - INFO - joeynmt.training - Example #3
2026-05-23 18:50:41,559 - DEBUG - joeynmt.training - 	Tokenized source:     ['It', 'expands', 'in', 'winter', 'and', 'contracts', 'in', 'summer.']
2026-05-23 18:50:41,560 - DEBUG - joeynmt.training - 	Tokenized reference:  ['Het', 'zet', 'uit', 'in', 'de', 'winter', 'en', 'krimpt', 'in', 'de', 'zomer.']
2026-05-23 18:50:41,560 - DEBUG - joeynmt.training - 	Tokenized hypothesis: ['Het', '<unk>', 'in', '<unk>', 'en', '<unk>', 'in', '<unk>', '</s>']
2026-05-23 18:50:41,560 - INFO - joeynmt.training - 	Source:     It expands in winter and contracts in summer.
2026-05-23 18:50:41,560 - INFO - joeynmt.training - 	Reference:  Het zet uit in de winter en krimpt in de zomer.
2026-05-23 18:50:41,560 - INFO - joeynmt.training - 	Hypothesis: Het <unk> in <unk> en <unk> in <unk>
2026-05-23 18:50:41,561 - INFO - joeynmt.training - Example #4
2026-05-23 18:50:41,561 - DEBUG - joeynmt.training - 	Tokenized source:     ['The', 'next', 'slide', 'I', 'show', 'you', 'will', 'be', 'a', 'rapid', 'fast-forward', 'of', "what's", 'happened', 'over', 'the', 'last', '25', 'years.']
2026-05-23 18:50:41,561 - DEBUG - joeynmt.training - 	Tokenized reference:  ['De', 'volgende', 'dia', 'die', 'ik', 'laat', 'zien', '', 'is', 'een', 'versnelde', 'versie', 'van', 'wat', 'er', 'de', 'afgelopen', '25', 'jaar', 'is', 'gebeurd.']
2026-05-23 18:50:41,561 - DEBUG - joeynmt.training - 	Tokenized hypothesis: ['De', 'volgende', '<unk>', 'zal', 'ik', 'je', 'een', '<unk>', '<unk>', 'van', 'wat', 'er', 'gebeurde', '<unk>', '</s>']
2026-05-23 18:50:41,562 - INFO - joeynmt.training - 	Source:     The next slide I show you will be a rapid fast-forward of what's happened over the last 25 years.
2026-05-23 18:50:41,562 - INFO - joeynmt.training - 	Reference:  De volgende dia die ik laat zien  is een versnelde versie van wat er de afgelopen 25 jaar is gebeurd.
2026-05-23 18:50:41,562 - INFO - joeynmt.training - 	Hypothesis: De volgende <unk> zal ik je een <unk> <unk> van wat er gebeurde <unk>
2026-05-23 18:51:41,649 - INFO - joeynmt.training - Epoch   2, Step:     3100, Batch Loss:     1.749999, Batch Acc: 0.504462, Tokens per Sec:     1070, Lr: 0.000300
2026-05-23 18:52:42,638 - INFO - joeynmt.training - Epoch   2, Step:     3200, Batch Loss:     1.589673, Batch Acc: 0.508569, Tokens per Sec:     1057, Lr: 0.000300
2026-05-23 18:53:42,936 - INFO - joeynmt.training - Epoch   2, Step:     3300, Batch Loss:     1.671761, Batch Acc: 0.511502, Tokens per Sec:     1095, Lr: 0.000300
2026-05-23 18:54:44,377 - INFO - joeynmt.training - Epoch   2, Step:     3400, Batch Loss:     1.593564, Batch Acc: 0.511385, Tokens per Sec:     1049, Lr: 0.000300
2026-05-23 18:55:45,136 - INFO - joeynmt.training - Epoch   2, Step:     3500, Batch Loss:     1.589531, Batch Acc: 0.513369, Tokens per Sec:     1072, Lr: 0.000300
2026-05-23 18:55:45,136 - INFO - joeynmt.prediction - Predicting 1003 example(s)... (Greedy decoding with min_output_length=1, max_output_length=100, return_prob='none', generate_unk=True, repetition_penalty=-1, no_repeat_ngram_size=-1)
2026-05-23 18:56:37,850 - INFO - joeynmt.metrics - nrefs:1|case:mixed|eff:no|tok:13a|smooth:exp|version:2.6.0
2026-05-23 18:56:37,851 - INFO - joeynmt.prediction - Evaluation result (greedy) bleu:   3.83, loss:   2.08, ppl:   8.02, acc:   0.42, generation: 52.5006[sec], evaluation: 0.2071[sec]
2026-05-23 18:56:37,852 - INFO - joeynmt.training - Hooray! New best validation result [ppl]!
2026-05-23 18:56:37,933 - INFO - joeynmt.helpers - delete output_word/1000.ckpt
2026-05-23 18:56:37,945 - INFO - joeynmt.training - Example #0
2026-05-23 18:56:37,945 - DEBUG - joeynmt.training - 	Tokenized source:     ['Last', 'year', 'I', 'showed', 'these', 'two', 'slides', 'so', 'that', 'demonstrate', 'that', 'the', 'arctic', 'ice', 'cap,', 'which', 'for', 'most', 'of', 'the', 'last', 'three', 'million', 'years', 'has', 'been', 'the', 'size', 'of', 'the', 'lower', '48', 'states,', 'has', 'shrunk', 'by', '40', 'percent.']
2026-05-23 18:56:37,945 - DEBUG - joeynmt.training - 	Tokenized reference:  ['Vorig', 'jaar', 'liet', 'ik', 'deze', 'twee', "dia's", 'zien', 'om', 'aan', '', 'te', 'tonen', 'dat', 'de', 'poolijskap,', '', 'die', 'de', 'afgelopen', 'drie', 'miljoen', 'jaar', '', 'ongeveer', 'de', 'grootte', 'had', 'van', 'het', 'vasteland', 'van', 'de', 'VS,', '', 'met', '40%', 'gekrompen', 'was.']
2026-05-23 18:56:37,945 - DEBUG - joeynmt.training - 	Tokenized hypothesis: ['<unk>', 'jaar', '<unk>', 'ik', '<unk>', 'dat', 'de', '<unk>', '<unk>', 'dat', 'de', '<unk>', '<unk>', '<unk>', 'dat', 'de', 'meeste', 'van', 'de', 'laatste', 'drie', 'miljoen', 'jaar', 'heeft', '<unk>', '<unk>', '</s>']
2026-05-23 18:56:37,946 - INFO - joeynmt.training - 	Source:     Last year I showed these two slides so that demonstrate that the arctic ice cap, which for most of the last three million years has been the size of the lower 48 states, has shrunk by 40 percent.
2026-05-23 18:56:37,946 - INFO - joeynmt.training - 	Reference:  Vorig jaar liet ik deze twee dia's zien om aan  te tonen dat de poolijskap,  die de afgelopen drie miljoen jaar  ongeveer de grootte had van het vasteland van de VS,  met 40% gekrompen was.
2026-05-23 18:56:37,946 - INFO - joeynmt.training - 	Hypothesis: <unk> jaar <unk> ik <unk> dat de <unk> <unk> dat de <unk> <unk> <unk> dat de meeste van de laatste drie miljoen jaar heeft <unk> <unk>
2026-05-23 18:56:37,946 - INFO - joeynmt.training - Example #1
2026-05-23 18:56:37,947 - DEBUG - joeynmt.training - 	Tokenized source:     ['But', 'this', 'understates', 'the', 'seriousness', 'of', 'this', 'particular', 'problem', 'because', 'it', "doesn't", 'show', 'the', 'thickness', 'of', 'the', 'ice.']
2026-05-23 18:56:37,947 - DEBUG - joeynmt.training - 	Tokenized reference:  ['Maar', 'dit', 'onderschat', 'eigenlijk', 'de', 'ernst', 'van', 'dit', 'specifieke', 'probleem', '', 'omdat', 'het', 'niet', 'de', 'dikte', 'van', 'het', 'ijs', 'laat', 'zien.']
2026-05-23 18:56:37,947 - DEBUG - joeynmt.training - 	Tokenized hypothesis: ['Maar', 'dit', '<unk>', 'de', '<unk>', 'van', 'dit', 'probleem', 'omdat', 'het', 'niet', 'de', '<unk>', 'van', 'de', '<unk>', '</s>']
2026-05-23 18:56:37,947 - INFO - joeynmt.training - 	Source:     But this understates the seriousness of this particular problem because it doesn't show the thickness of the ice.
2026-05-23 18:56:37,948 - INFO - joeynmt.training - 	Reference:  Maar dit onderschat eigenlijk de ernst van dit specifieke probleem  omdat het niet de dikte van het ijs laat zien.
2026-05-23 18:56:37,948 - INFO - joeynmt.training - 	Hypothesis: Maar dit <unk> de <unk> van dit probleem omdat het niet de <unk> van de <unk>
2026-05-23 18:56:37,948 - INFO - joeynmt.training - Example #2
2026-05-23 18:56:37,948 - DEBUG - joeynmt.training - 	Tokenized source:     ['The', 'arctic', 'ice', 'cap', 'is,', 'in', 'a', 'sense,', 'the', 'beating', 'heart', 'of', 'the', 'global', 'climate', 'system.']
2026-05-23 18:56:37,948 - DEBUG - joeynmt.training - 	Tokenized reference:  ['De', 'ijskap', 'op', 'de', 'Noordpool', 'is', 'in', 'zekere', 'zin', '', 'het', 'kloppend', 'hart', 'van', 'ons', 'globaal', 'klimaatsysteem.']
2026-05-23 18:56:37,948 - DEBUG - joeynmt.training - 	Tokenized hypothesis: ['De', '<unk>', '<unk>', 'is', 'in', 'een', '<unk>', '<unk>', '<unk>', '</s>']
2026-05-23 18:56:37,948 - INFO - joeynmt.training - 	Source:     The arctic ice cap is, in a sense, the beating heart of the global climate system.
2026-05-23 18:56:37,949 - INFO - joeynmt.training - 	Reference:  De ijskap op de Noordpool is in zekere zin  het kloppend hart van ons globaal klimaatsysteem.
2026-05-23 18:56:37,949 - INFO - joeynmt.training - 	Hypothesis: De <unk> <unk> is in een <unk> <unk> <unk>
2026-05-23 18:56:37,949 - INFO - joeynmt.training - Example #3
2026-05-23 18:56:37,949 - DEBUG - joeynmt.training - 	Tokenized source:     ['It', 'expands', 'in', 'winter', 'and', 'contracts', 'in', 'summer.']
2026-05-23 18:56:37,949 - DEBUG - joeynmt.training - 	Tokenized reference:  ['Het', 'zet', 'uit', 'in', 'de', 'winter', 'en', 'krimpt', 'in', 'de', 'zomer.']
2026-05-23 18:56:37,949 - DEBUG - joeynmt.training - 	Tokenized hypothesis: ['Het', '<unk>', 'in', '<unk>', 'en', '<unk>', 'in', '<unk>', '</s>']
2026-05-23 18:56:37,950 - INFO - joeynmt.training - 	Source:     It expands in winter and contracts in summer.
2026-05-23 18:56:37,950 - INFO - joeynmt.training - 	Reference:  Het zet uit in de winter en krimpt in de zomer.
2026-05-23 18:56:37,950 - INFO - joeynmt.training - 	Hypothesis: Het <unk> in <unk> en <unk> in <unk>
2026-05-23 18:56:37,950 - INFO - joeynmt.training - Example #4
2026-05-23 18:56:37,950 - DEBUG - joeynmt.training - 	Tokenized source:     ['The', 'next', 'slide', 'I', 'show', 'you', 'will', 'be', 'a', 'rapid', 'fast-forward', 'of', "what's", 'happened', 'over', 'the', 'last', '25', 'years.']
2026-05-23 18:56:37,950 - DEBUG - joeynmt.training - 	Tokenized reference:  ['De', 'volgende', 'dia', 'die', 'ik', 'laat', 'zien', '', 'is', 'een', 'versnelde', 'versie', 'van', 'wat', 'er', 'de', 'afgelopen', '25', 'jaar', 'is', 'gebeurd.']
2026-05-23 18:56:37,950 - DEBUG - joeynmt.training - 	Tokenized hypothesis: ['De', 'volgende', '<unk>', '<unk>', 'ik', 'zal', 'een', '<unk>', '<unk>', 'van', 'wat', 'er', 'gebeurde', 'over', 'de', 'laatste', '25', 'jaar', '<unk>', '</s>']
2026-05-23 18:56:37,952 - INFO - joeynmt.training - 	Source:     The next slide I show you will be a rapid fast-forward of what's happened over the last 25 years.
2026-05-23 18:56:37,952 - INFO - joeynmt.training - 	Reference:  De volgende dia die ik laat zien  is een versnelde versie van wat er de afgelopen 25 jaar is gebeurd.
2026-05-23 18:56:37,952 - INFO - joeynmt.training - 	Hypothesis: De volgende <unk> <unk> ik zal een <unk> <unk> van wat er gebeurde over de laatste 25 jaar <unk>
2026-05-23 18:57:37,153 - INFO - joeynmt.training - Epoch   2, Step:     3600, Batch Loss:     1.792365, Batch Acc: 0.513618, Tokens per Sec:     1100, Lr: 0.000300
2026-05-23 18:58:30,222 - INFO - joeynmt.training - Epoch   2, Step:     3700, Batch Loss:     1.647663, Batch Acc: 0.521470, Tokens per Sec:     1204, Lr: 0.000300
2026-05-23 18:59:17,899 - INFO - joeynmt.training - Epoch   2, Step:     3800, Batch Loss:     1.713463, Batch Acc: 0.514030, Tokens per Sec:     1380, Lr: 0.000300
2026-05-23 19:00:07,057 - INFO - joeynmt.training - Epoch   2, Step:     3900, Batch Loss:     1.583492, Batch Acc: 0.515940, Tokens per Sec:     1339, Lr: 0.000300
2026-05-23 19:00:54,611 - INFO - joeynmt.training - Epoch   2, Step:     4000, Batch Loss:     1.655141, Batch Acc: 0.521052, Tokens per Sec:     1406, Lr: 0.000300
2026-05-23 19:00:54,612 - INFO - joeynmt.prediction - Predicting 1003 example(s)... (Greedy decoding with min_output_length=1, max_output_length=100, return_prob='none', generate_unk=True, repetition_penalty=-1, no_repeat_ngram_size=-1)
2026-05-23 19:02:12,533 - INFO - joeynmt.metrics - nrefs:1|case:mixed|eff:no|tok:13a|smooth:exp|version:2.6.0
2026-05-23 19:02:12,534 - INFO - joeynmt.prediction - Evaluation result (greedy) bleu:   3.65, loss:   2.07, ppl:   7.90, acc:   0.42, generation: 77.7056[sec], evaluation: 0.2086[sec]
2026-05-23 19:02:12,534 - INFO - joeynmt.training - Hooray! New best validation result [ppl]!
2026-05-23 19:02:12,611 - INFO - joeynmt.helpers - delete output_word/1500.ckpt
2026-05-23 19:02:12,621 - INFO - joeynmt.training - Example #0
2026-05-23 19:02:12,621 - DEBUG - joeynmt.training - 	Tokenized source:     ['Last', 'year', 'I', 'showed', 'these', 'two', 'slides', 'so', 'that', 'demonstrate', 'that', 'the', 'arctic', 'ice', 'cap,', 'which', 'for', 'most', 'of', 'the', 'last', 'three', 'million', 'years', 'has', 'been', 'the', 'size', 'of', 'the', 'lower', '48', 'states,', 'has', 'shrunk', 'by', '40', 'percent.']
2026-05-23 19:02:12,622 - DEBUG - joeynmt.training - 	Tokenized reference:  ['Vorig', 'jaar', 'liet', 'ik', 'deze', 'twee', "dia's", 'zien', 'om', 'aan', '', 'te', 'tonen', 'dat', 'de', 'poolijskap,', '', 'die', 'de', 'afgelopen', 'drie', 'miljoen', 'jaar', '', 'ongeveer', 'de', 'grootte', 'had', 'van', 'het', 'vasteland', 'van', 'de', 'VS,', '', 'met', '40%', 'gekrompen', 'was.']
2026-05-23 19:02:12,622 - DEBUG - joeynmt.training - 	Tokenized hypothesis: ['<unk>', 'jaar', '<unk>', 'ik', 'deze', 'twee', '<unk>', 'zo', '<unk>', 'dat', 'de', 'meest', '<unk>', '<unk>', '<unk>', 'dat', 'de', 'meest', '<unk>', '<unk>', '<unk>', '<unk>', 'is', 'de', 'grootte', 'van', 'de', '<unk>', '<unk>', '<unk>', 'heeft', 'door', '<unk>', '<unk>', '</s>']
2026-05-23 19:02:12,622 - INFO - joeynmt.training - 	Source:     Last year I showed these two slides so that demonstrate that the arctic ice cap, which for most of the last three million years has been the size of the lower 48 states, has shrunk by 40 percent.
2026-05-23 19:02:12,622 - INFO - joeynmt.training - 	Reference:  Vorig jaar liet ik deze twee dia's zien om aan  te tonen dat de poolijskap,  die de afgelopen drie miljoen jaar  ongeveer de grootte had van het vasteland van de VS,  met 40% gekrompen was.
2026-05-23 19:02:12,623 - INFO - joeynmt.training - 	Hypothesis: <unk> jaar <unk> ik deze twee <unk> zo <unk> dat de meest <unk> <unk> <unk> dat de meest <unk> <unk> <unk> <unk> is de grootte van de <unk> <unk> <unk> heeft door <unk> <unk>
2026-05-23 19:02:12,624 - INFO - joeynmt.training - Example #1
2026-05-23 19:02:12,624 - DEBUG - joeynmt.training - 	Tokenized source:     ['But', 'this', 'understates', 'the', 'seriousness', 'of', 'this', 'particular', 'problem', 'because', 'it', "doesn't", 'show', 'the', 'thickness', 'of', 'the', 'ice.']
2026-05-23 19:02:12,624 - DEBUG - joeynmt.training - 	Tokenized reference:  ['Maar', 'dit', 'onderschat', 'eigenlijk', 'de', 'ernst', 'van', 'dit', 'specifieke', 'probleem', '', 'omdat', 'het', 'niet', 'de', 'dikte', 'van', 'het', 'ijs', 'laat', 'zien.']
2026-05-23 19:02:12,624 - DEBUG - joeynmt.training - 	Tokenized hypothesis: ['Maar', 'deze', '<unk>', 'de', '<unk>', 'van', 'dit', '<unk>', '<unk>', 'omdat', 'het', 'niet', 'de', '<unk>', 'van', 'de', '<unk>', '</s>']
2026-05-23 19:02:12,624 - INFO - joeynmt.training - 	Source:     But this understates the seriousness of this particular problem because it doesn't show the thickness of the ice.
2026-05-23 19:02:12,624 - INFO - joeynmt.training - 	Reference:  Maar dit onderschat eigenlijk de ernst van dit specifieke probleem  omdat het niet de dikte van het ijs laat zien.
2026-05-23 19:02:12,625 - INFO - joeynmt.training - 	Hypothesis: Maar deze <unk> de <unk> van dit <unk> <unk> omdat het niet de <unk> van de <unk>
2026-05-23 19:02:12,625 - INFO - joeynmt.training - Example #2
2026-05-23 19:02:12,625 - DEBUG - joeynmt.training - 	Tokenized source:     ['The', 'arctic', 'ice', 'cap', 'is,', 'in', 'a', 'sense,', 'the', 'beating', 'heart', 'of', 'the', 'global', 'climate', 'system.']
2026-05-23 19:02:12,625 - DEBUG - joeynmt.training - 	Tokenized reference:  ['De', 'ijskap', 'op', 'de', 'Noordpool', 'is', 'in', 'zekere', 'zin', '', 'het', 'kloppend', 'hart', 'van', 'ons', 'globaal', 'klimaatsysteem.']
2026-05-23 19:02:12,625 - DEBUG - joeynmt.training - 	Tokenized hypothesis: ['De', '<unk>', '<unk>', 'is', 'in', 'een', '<unk>', 'de', '<unk>', 'van', 'de', '<unk>', '</s>']
2026-05-23 19:02:12,626 - INFO - joeynmt.training - 	Source:     The arctic ice cap is, in a sense, the beating heart of the global climate system.
2026-05-23 19:02:12,626 - INFO - joeynmt.training - 	Reference:  De ijskap op de Noordpool is in zekere zin  het kloppend hart van ons globaal klimaatsysteem.
2026-05-23 19:02:12,626 - INFO - joeynmt.training - 	Hypothesis: De <unk> <unk> is in een <unk> de <unk> van de <unk>
2026-05-23 19:02:12,626 - INFO - joeynmt.training - Example #3
2026-05-23 19:02:12,627 - DEBUG - joeynmt.training - 	Tokenized source:     ['It', 'expands', 'in', 'winter', 'and', 'contracts', 'in', 'summer.']
2026-05-23 19:02:12,627 - DEBUG - joeynmt.training - 	Tokenized reference:  ['Het', 'zet', 'uit', 'in', 'de', 'winter', 'en', 'krimpt', 'in', 'de', 'zomer.']
2026-05-23 19:02:12,627 - DEBUG - joeynmt.training - 	Tokenized hypothesis: ['Het', '<unk>', 'in', '<unk>', 'en', '<unk>', 'in', '<unk>', '</s>']
2026-05-23 19:02:12,627 - INFO - joeynmt.training - 	Source:     It expands in winter and contracts in summer.
2026-05-23 19:02:12,627 - INFO - joeynmt.training - 	Reference:  Het zet uit in de winter en krimpt in de zomer.
2026-05-23 19:02:12,628 - INFO - joeynmt.training - 	Hypothesis: Het <unk> in <unk> en <unk> in <unk>
2026-05-23 19:02:12,628 - INFO - joeynmt.training - Example #4
2026-05-23 19:02:12,629 - DEBUG - joeynmt.training - 	Tokenized source:     ['The', 'next', 'slide', 'I', 'show', 'you', 'will', 'be', 'a', 'rapid', 'fast-forward', 'of', "what's", 'happened', 'over', 'the', 'last', '25', 'years.']
2026-05-23 19:02:12,629 - DEBUG - joeynmt.training - 	Tokenized reference:  ['De', 'volgende', 'dia', 'die', 'ik', 'laat', 'zien', '', 'is', 'een', 'versnelde', 'versie', 'van', 'wat', 'er', 'de', 'afgelopen', '25', 'jaar', 'is', 'gebeurd.']
2026-05-23 19:02:12,629 - DEBUG - joeynmt.training - 	Tokenized hypothesis: ['De', 'volgende', '<unk>', 'laat', 'ik', 'jullie', 'een', '<unk>', '<unk>', '<unk>', '<unk>', 'van', 'wat', 'er', 'gebeurde', 'in', 'de', 'afgelopen', '25', 'jaar.', '</s>']
2026-05-23 19:02:12,629 - INFO - joeynmt.training - 	Source:     The next slide I show you will be a rapid fast-forward of what's happened over the last 25 years.
2026-05-23 19:02:12,629 - INFO - joeynmt.training - 	Reference:  De volgende dia die ik laat zien  is een versnelde versie van wat er de afgelopen 25 jaar is gebeurd.
2026-05-23 19:02:12,630 - INFO - joeynmt.training - 	Hypothesis: De volgende <unk> laat ik jullie een <unk> <unk> <unk> <unk> van wat er gebeurde in de afgelopen 25 jaar.
2026-05-23 19:03:09,315 - INFO - joeynmt.training - Epoch   2, Step:     4100, Batch Loss:     1.527692, Batch Acc: 0.522556, Tokens per Sec:     1164, Lr: 0.000300
2026-05-23 19:04:09,029 - INFO - joeynmt.training - Epoch   2, Step:     4200, Batch Loss:     1.484944, Batch Acc: 0.518956, Tokens per Sec:     1079, Lr: 0.000300
2026-05-23 19:05:09,529 - INFO - joeynmt.training - Epoch   2, Step:     4300, Batch Loss:     1.546449, Batch Acc: 0.522429, Tokens per Sec:     1090, Lr: 0.000300
2026-05-23 19:06:12,444 - INFO - joeynmt.training - Epoch   2, Step:     4400, Batch Loss:     1.515139, Batch Acc: 0.521254, Tokens per Sec:     1017, Lr: 0.000300
2026-05-23 19:07:13,738 - INFO - joeynmt.training - Epoch   2, Step:     4500, Batch Loss:     1.589567, Batch Acc: 0.523032, Tokens per Sec:     1024, Lr: 0.000300
2026-05-23 19:07:13,739 - INFO - joeynmt.prediction - Predicting 1003 example(s)... (Greedy decoding with min_output_length=1, max_output_length=100, return_prob='none', generate_unk=True, repetition_penalty=-1, no_repeat_ngram_size=-1)
2026-05-23 19:08:15,699 - INFO - joeynmt.metrics - nrefs:1|case:mixed|eff:no|tok:13a|smooth:exp|version:2.6.0
2026-05-23 19:08:15,700 - INFO - joeynmt.prediction - Evaluation result (greedy) bleu:   4.05, loss:   2.07, ppl:   7.93, acc:   0.43, generation: 61.7812[sec], evaluation: 0.1692[sec]
2026-05-23 19:08:15,778 - INFO - joeynmt.helpers - delete output_word/2000.ckpt
2026-05-23 19:08:15,789 - INFO - joeynmt.training - Example #0
2026-05-23 19:08:15,790 - DEBUG - joeynmt.training - 	Tokenized source:     ['Last', 'year', 'I', 'showed', 'these', 'two', 'slides', 'so', 'that', 'demonstrate', 'that', 'the', 'arctic', 'ice', 'cap,', 'which', 'for', 'most', 'of', 'the', 'last', 'three', 'million', 'years', 'has', 'been', 'the', 'size', 'of', 'the', 'lower', '48', 'states,', 'has', 'shrunk', 'by', '40', 'percent.']
2026-05-23 19:08:15,790 - DEBUG - joeynmt.training - 	Tokenized reference:  ['Vorig', 'jaar', 'liet', 'ik', 'deze', 'twee', "dia's", 'zien', 'om', 'aan', '', 'te', 'tonen', 'dat', 'de', 'poolijskap,', '', 'die', 'de', 'afgelopen', 'drie', 'miljoen', 'jaar', '', 'ongeveer', 'de', 'grootte', 'had', 'van', 'het', 'vasteland', 'van', 'de', 'VS,', '', 'met', '40%', 'gekrompen', 'was.']
2026-05-23 19:08:15,790 - DEBUG - joeynmt.training - 	Tokenized hypothesis: ['<unk>', 'jaar', '<unk>', 'ik', 'deze', 'twee', '<unk>', 'dus', 'dat', 'de', '<unk>', '<unk>', '<unk>', '<unk>', '<unk>', 'voor', 'de', 'meeste', 'van', 'de', 'laatste', 'drie', 'jaar', 'is', 'de', 'grootte', 'van', 'de', '<unk>', '<unk>', '<unk>', '<unk>', '<unk>', '</s>']
2026-05-23 19:08:15,790 - INFO - joeynmt.training - 	Source:     Last year I showed these two slides so that demonstrate that the arctic ice cap, which for most of the last three million years has been the size of the lower 48 states, has shrunk by 40 percent.
2026-05-23 19:08:15,790 - INFO - joeynmt.training - 	Reference:  Vorig jaar liet ik deze twee dia's zien om aan  te tonen dat de poolijskap,  die de afgelopen drie miljoen jaar  ongeveer de grootte had van het vasteland van de VS,  met 40% gekrompen was.
2026-05-23 19:08:15,791 - INFO - joeynmt.training - 	Hypothesis: <unk> jaar <unk> ik deze twee <unk> dus dat de <unk> <unk> <unk> <unk> <unk> voor de meeste van de laatste drie jaar is de grootte van de <unk> <unk> <unk> <unk> <unk>
2026-05-23 19:08:15,791 - INFO - joeynmt.training - Example #1
2026-05-23 19:08:15,791 - DEBUG - joeynmt.training - 	Tokenized source:     ['But', 'this', 'understates', 'the', 'seriousness', 'of', 'this', 'particular', 'problem', 'because', 'it', "doesn't", 'show', 'the', 'thickness', 'of', 'the', 'ice.']
2026-05-23 19:08:15,791 - DEBUG - joeynmt.training - 	Tokenized reference:  ['Maar', 'dit', 'onderschat', 'eigenlijk', 'de', 'ernst', 'van', 'dit', 'specifieke', 'probleem', '', 'omdat', 'het', 'niet', 'de', 'dikte', 'van', 'het', 'ijs', 'laat', 'zien.']
2026-05-23 19:08:15,791 - DEBUG - joeynmt.training - 	Tokenized hypothesis: ['Maar', 'dit', '<unk>', 'de', '<unk>', 'van', 'deze', 'specifieke', 'probleem', 'omdat', 'het', 'niet', 'de', '<unk>', 'van', 'de', '<unk>', '</s>']
2026-05-23 19:08:15,792 - INFO - joeynmt.training - 	Source:     But this understates the seriousness of this particular problem because it doesn't show the thickness of the ice.
2026-05-23 19:08:15,792 - INFO - joeynmt.training - 	Reference:  Maar dit onderschat eigenlijk de ernst van dit specifieke probleem  omdat het niet de dikte van het ijs laat zien.
2026-05-23 19:08:15,792 - INFO - joeynmt.training - 	Hypothesis: Maar dit <unk> de <unk> van deze specifieke probleem omdat het niet de <unk> van de <unk>
2026-05-23 19:08:15,793 - INFO - joeynmt.training - Example #2
2026-05-23 19:08:15,793 - DEBUG - joeynmt.training - 	Tokenized source:     ['The', 'arctic', 'ice', 'cap', 'is,', 'in', 'a', 'sense,', 'the', 'beating', 'heart', 'of', 'the', 'global', 'climate', 'system.']
2026-05-23 19:08:15,793 - DEBUG - joeynmt.training - 	Tokenized reference:  ['De', 'ijskap', 'op', 'de', 'Noordpool', 'is', 'in', 'zekere', 'zin', '', 'het', 'kloppend', 'hart', 'van', 'ons', 'globaal', 'klimaatsysteem.']
2026-05-23 19:08:15,793 - DEBUG - joeynmt.training - 	Tokenized hypothesis: ['De', '<unk>', '<unk>', '<unk>', 'is', 'in', 'een', '<unk>', '<unk>', '</s>']
2026-05-23 19:08:15,793 - INFO - joeynmt.training - 	Source:     The arctic ice cap is, in a sense, the beating heart of the global climate system.
2026-05-23 19:08:15,794 - INFO - joeynmt.training - 	Reference:  De ijskap op de Noordpool is in zekere zin  het kloppend hart van ons globaal klimaatsysteem.
2026-05-23 19:08:15,794 - INFO - joeynmt.training - 	Hypothesis: De <unk> <unk> <unk> is in een <unk> <unk>
2026-05-23 19:08:15,794 - INFO - joeynmt.training - Example #3
2026-05-23 19:08:15,795 - DEBUG - joeynmt.training - 	Tokenized source:     ['It', 'expands', 'in', 'winter', 'and', 'contracts', 'in', 'summer.']
2026-05-23 19:08:15,795 - DEBUG - joeynmt.training - 	Tokenized reference:  ['Het', 'zet', 'uit', 'in', 'de', 'winter', 'en', 'krimpt', 'in', 'de', 'zomer.']
2026-05-23 19:08:15,795 - DEBUG - joeynmt.training - 	Tokenized hypothesis: ['Het', '<unk>', 'in', '<unk>', 'en', '<unk>', 'in', '<unk>', '</s>']
2026-05-23 19:08:15,795 - INFO - joeynmt.training - 	Source:     It expands in winter and contracts in summer.
2026-05-23 19:08:15,796 - INFO - joeynmt.training - 	Reference:  Het zet uit in de winter en krimpt in de zomer.
2026-05-23 19:08:15,796 - INFO - joeynmt.training - 	Hypothesis: Het <unk> in <unk> en <unk> in <unk>
2026-05-23 19:08:15,796 - INFO - joeynmt.training - Example #4
2026-05-23 19:08:15,796 - DEBUG - joeynmt.training - 	Tokenized source:     ['The', 'next', 'slide', 'I', 'show', 'you', 'will', 'be', 'a', 'rapid', 'fast-forward', 'of', "what's", 'happened', 'over', 'the', 'last', '25', 'years.']
2026-05-23 19:08:15,796 - DEBUG - joeynmt.training - 	Tokenized reference:  ['De', 'volgende', 'dia', 'die', 'ik', 'laat', 'zien', '', 'is', 'een', 'versnelde', 'versie', 'van', 'wat', 'er', 'de', 'afgelopen', '25', 'jaar', 'is', 'gebeurd.']
2026-05-23 19:08:15,797 - DEBUG - joeynmt.training - 	Tokenized hypothesis: ['De', 'volgende', '<unk>', 'die', 'ik', 'jullie', 'een', '<unk>', '<unk>', 'van', 'wat', 'er', 'gebeurde', '<unk>', '</s>']
2026-05-23 19:08:15,797 - INFO - joeynmt.training - 	Source:     The next slide I show you will be a rapid fast-forward of what's happened over the last 25 years.
2026-05-23 19:08:15,797 - INFO - joeynmt.training - 	Reference:  De volgende dia die ik laat zien  is een versnelde versie van wat er de afgelopen 25 jaar is gebeurd.
2026-05-23 19:08:15,799 - INFO - joeynmt.training - 	Hypothesis: De volgende <unk> die ik jullie een <unk> <unk> van wat er gebeurde <unk>
2026-05-23 19:09:16,018 - INFO - joeynmt.training - Epoch   2, Step:     4600, Batch Loss:     1.615714, Batch Acc: 0.525846, Tokens per Sec:     1082, Lr: 0.000300
2026-05-23 19:10:17,226 - INFO - joeynmt.training - Epoch   2, Step:     4700, Batch Loss:     1.613607, Batch Acc: 0.527621, Tokens per Sec:     1083, Lr: 0.000300
2026-05-23 19:11:18,449 - INFO - joeynmt.training - Epoch   2, Step:     4800, Batch Loss:     1.562409, Batch Acc: 0.528272, Tokens per Sec:     1069, Lr: 0.000300
2026-05-23 19:12:22,367 - INFO - joeynmt.training - Epoch   2, Step:     4900, Batch Loss:     1.390453, Batch Acc: 0.526706, Tokens per Sec:     1000, Lr: 0.000300
2026-05-23 19:12:22,811 - INFO - joeynmt.training - Epoch   2: total training loss 3909.59
2026-05-23 19:12:22,813 - INFO - joeynmt.training - EPOCH 3
2026-05-23 19:13:24,784 - INFO - joeynmt.training - Epoch   3, Step:     5000, Batch Loss:     1.428926, Batch Acc: 0.546136, Tokens per Sec:      998, Lr: 0.000300
2026-05-23 19:13:24,785 - INFO - joeynmt.prediction - Predicting 1003 example(s)... (Greedy decoding with min_output_length=1, max_output_length=100, return_prob='none', generate_unk=True, repetition_penalty=-1, no_repeat_ngram_size=-1)
2026-05-23 19:14:24,263 - INFO - joeynmt.metrics - nrefs:1|case:mixed|eff:no|tok:13a|smooth:exp|version:2.6.0
2026-05-23 19:14:24,263 - INFO - joeynmt.prediction - Evaluation result (greedy) bleu:   4.34, loss:   2.02, ppl:   7.52, acc:   0.43, generation: 59.2880[sec], evaluation: 0.1799[sec]
2026-05-23 19:14:24,264 - INFO - joeynmt.training - Hooray! New best validation result [ppl]!
2026-05-23 19:14:24,361 - INFO - joeynmt.helpers - delete output_word/2500.ckpt
2026-05-23 19:14:24,373 - INFO - joeynmt.training - Example #0
2026-05-23 19:14:24,374 - DEBUG - joeynmt.training - 	Tokenized source:     ['Last', 'year', 'I', 'showed', 'these', 'two', 'slides', 'so', 'that', 'demonstrate', 'that', 'the', 'arctic', 'ice', 'cap,', 'which', 'for', 'most', 'of', 'the', 'last', 'three', 'million', 'years', 'has', 'been', 'the', 'size', 'of', 'the', 'lower', '48', 'states,', 'has', 'shrunk', 'by', '40', 'percent.']
2026-05-23 19:14:24,374 - DEBUG - joeynmt.training - 	Tokenized reference:  ['Vorig', 'jaar', 'liet', 'ik', 'deze', 'twee', "dia's", 'zien', 'om', 'aan', '', 'te', 'tonen', 'dat', 'de', 'poolijskap,', '', 'die', 'de', 'afgelopen', 'drie', 'miljoen', 'jaar', '', 'ongeveer', 'de', 'grootte', 'had', 'van', 'het', 'vasteland', 'van', 'de', 'VS,', '', 'met', '40%', 'gekrompen', 'was.']
2026-05-23 19:14:24,374 - DEBUG - joeynmt.training - 	Tokenized hypothesis: ['<unk>', 'jaar', '<unk>', 'ik', 'deze', 'twee', '<unk>', 'dus', 'dat', 'de', '<unk>', '<unk>', '<unk>', '<unk>', 'dat', 'de', 'meeste', 'van', 'de', 'laatste', 'drie', 'miljoen', 'jaar', 'is', 'de', 'grootte', 'van', 'de', '<unk>', '<unk>', '<unk>', 'heeft', '<unk>', '<unk>', '</s>']
2026-05-23 19:14:24,374 - INFO - joeynmt.training - 	Source:     Last year I showed these two slides so that demonstrate that the arctic ice cap, which for most of the last three million years has been the size of the lower 48 states, has shrunk by 40 percent.
2026-05-23 19:14:24,375 - INFO - joeynmt.training - 	Reference:  Vorig jaar liet ik deze twee dia's zien om aan  te tonen dat de poolijskap,  die de afgelopen drie miljoen jaar  ongeveer de grootte had van het vasteland van de VS,  met 40% gekrompen was.
2026-05-23 19:14:24,376 - INFO - joeynmt.training - 	Hypothesis: <unk> jaar <unk> ik deze twee <unk> dus dat de <unk> <unk> <unk> <unk> dat de meeste van de laatste drie miljoen jaar is de grootte van de <unk> <unk> <unk> heeft <unk> <unk>
2026-05-23 19:14:24,376 - INFO - joeynmt.training - Example #1
2026-05-23 19:14:24,376 - DEBUG - joeynmt.training - 	Tokenized source:     ['But', 'this', 'understates', 'the', 'seriousness', 'of', 'this', 'particular', 'problem', 'because', 'it', "doesn't", 'show', 'the', 'thickness', 'of', 'the', 'ice.']
2026-05-23 19:14:24,376 - DEBUG - joeynmt.training - 	Tokenized reference:  ['Maar', 'dit', 'onderschat', 'eigenlijk', 'de', 'ernst', 'van', 'dit', 'specifieke', 'probleem', '', 'omdat', 'het', 'niet', 'de', 'dikte', 'van', 'het', 'ijs', 'laat', 'zien.']
2026-05-23 19:14:24,376 - DEBUG - joeynmt.training - 	Tokenized hypothesis: ['Maar', 'dit', '<unk>', 'de', '<unk>', 'van', 'dit', 'specifieke', 'probleem', 'omdat', 'het', 'niet', '<unk>', '<unk>', '<unk>', 'van', 'de', '<unk>', '</s>']
2026-05-23 19:14:24,377 - INFO - joeynmt.training - 	Source:     But this understates the seriousness of this particular problem because it doesn't show the thickness of the ice.
2026-05-23 19:14:24,380 - INFO - joeynmt.training - 	Reference:  Maar dit onderschat eigenlijk de ernst van dit specifieke probleem  omdat het niet de dikte van het ijs laat zien.
2026-05-23 19:14:24,380 - INFO - joeynmt.training - 	Hypothesis: Maar dit <unk> de <unk> van dit specifieke probleem omdat het niet <unk> <unk> <unk> van de <unk>
2026-05-23 19:14:24,384 - INFO - joeynmt.training - Example #2
2026-05-23 19:14:24,387 - DEBUG - joeynmt.training - 	Tokenized source:     ['The', 'arctic', 'ice', 'cap', 'is,', 'in', 'a', 'sense,', 'the', 'beating', 'heart', 'of', 'the', 'global', 'climate', 'system.']
2026-05-23 19:14:24,387 - DEBUG - joeynmt.training - 	Tokenized reference:  ['De', 'ijskap', 'op', 'de', 'Noordpool', 'is', 'in', 'zekere', 'zin', '', 'het', 'kloppend', 'hart', 'van', 'ons', 'globaal', 'klimaatsysteem.']
2026-05-23 19:14:24,387 - DEBUG - joeynmt.training - 	Tokenized hypothesis: ['De', '<unk>', '<unk>', '<unk>', 'is', 'in', 'een', '<unk>', '<unk>', '</s>']
2026-05-23 19:14:24,388 - INFO - joeynmt.training - 	Source:     The arctic ice cap is, in a sense, the beating heart of the global climate system.
2026-05-23 19:14:24,390 - INFO - joeynmt.training - 	Reference:  De ijskap op de Noordpool is in zekere zin  het kloppend hart van ons globaal klimaatsysteem.
2026-05-23 19:14:24,392 - INFO - joeynmt.training - 	Hypothesis: De <unk> <unk> <unk> is in een <unk> <unk>
2026-05-23 19:14:24,395 - INFO - joeynmt.training - Example #3
2026-05-23 19:14:24,395 - DEBUG - joeynmt.training - 	Tokenized source:     ['It', 'expands', 'in', 'winter', 'and', 'contracts', 'in', 'summer.']
2026-05-23 19:14:24,396 - DEBUG - joeynmt.training - 	Tokenized reference:  ['Het', 'zet', 'uit', 'in', 'de', 'winter', 'en', 'krimpt', 'in', 'de', 'zomer.']
2026-05-23 19:14:24,396 - DEBUG - joeynmt.training - 	Tokenized hypothesis: ['Het', '<unk>', 'in', '<unk>', 'en', '<unk>', 'in', '<unk>', '</s>']
2026-05-23 19:14:24,397 - INFO - joeynmt.training - 	Source:     It expands in winter and contracts in summer.
2026-05-23 19:14:24,398 - INFO - joeynmt.training - 	Reference:  Het zet uit in de winter en krimpt in de zomer.
2026-05-23 19:14:24,398 - INFO - joeynmt.training - 	Hypothesis: Het <unk> in <unk> en <unk> in <unk>
2026-05-23 19:14:24,398 - INFO - joeynmt.training - Example #4
2026-05-23 19:14:24,399 - DEBUG - joeynmt.training - 	Tokenized source:     ['The', 'next', 'slide', 'I', 'show', 'you', 'will', 'be', 'a', 'rapid', 'fast-forward', 'of', "what's", 'happened', 'over', 'the', 'last', '25', 'years.']
2026-05-23 19:14:24,399 - DEBUG - joeynmt.training - 	Tokenized reference:  ['De', 'volgende', 'dia', 'die', 'ik', 'laat', 'zien', '', 'is', 'een', 'versnelde', 'versie', 'van', 'wat', 'er', 'de', 'afgelopen', '25', 'jaar', 'is', 'gebeurd.']
2026-05-23 19:14:24,399 - DEBUG - joeynmt.training - 	Tokenized hypothesis: ['De', 'volgende', '<unk>', 'die', 'ik', 'jullie', 'een', '<unk>', '<unk>', '<unk>', 'van', 'wat', 'er', 'gebeurde', 'is', 'gebeurd', '</s>']
2026-05-23 19:14:24,399 - INFO - joeynmt.training - 	Source:     The next slide I show you will be a rapid fast-forward of what's happened over the last 25 years.
2026-05-23 19:14:24,400 - INFO - joeynmt.training - 	Reference:  De volgende dia die ik laat zien  is een versnelde versie van wat er de afgelopen 25 jaar is gebeurd.
2026-05-23 19:14:24,400 - INFO - joeynmt.training - 	Hypothesis: De volgende <unk> die ik jullie een <unk> <unk> <unk> van wat er gebeurde is gebeurd
2026-05-23 19:15:23,919 - INFO - joeynmt.training - Epoch   3, Step:     5100, Batch Loss:     1.380619, Batch Acc: 0.548036, Tokens per Sec:     1112, Lr: 0.000300
2026-05-23 19:16:23,664 - INFO - joeynmt.training - Epoch   3, Step:     5200, Batch Loss:     1.524692, Batch Acc: 0.548028, Tokens per Sec:     1094, Lr: 0.000300
2026-05-23 19:17:25,960 - INFO - joeynmt.training - Epoch   3, Step:     5300, Batch Loss:     1.539860, Batch Acc: 0.546554, Tokens per Sec:     1047, Lr: 0.000300
2026-05-23 19:18:27,791 - INFO - joeynmt.training - Epoch   3, Step:     5400, Batch Loss:     1.327748, Batch Acc: 0.541273, Tokens per Sec:     1043, Lr: 0.000300
2026-05-23 19:19:28,659 - INFO - joeynmt.training - Epoch   3, Step:     5500, Batch Loss:     1.497466, Batch Acc: 0.545730, Tokens per Sec:     1081, Lr: 0.000300
2026-05-23 19:19:28,661 - INFO - joeynmt.prediction - Predicting 1003 example(s)... (Greedy decoding with min_output_length=1, max_output_length=100, return_prob='none', generate_unk=True, repetition_penalty=-1, no_repeat_ngram_size=-1)
2026-05-23 19:20:58,572 - INFO - joeynmt.metrics - nrefs:1|case:mixed|eff:no|tok:13a|smooth:exp|version:2.6.0
2026-05-23 19:20:58,572 - INFO - joeynmt.prediction - Evaluation result (greedy) bleu:   3.98, loss:   2.03, ppl:   7.58, acc:   0.43, generation: 89.6976[sec], evaluation: 0.2039[sec]
2026-05-23 19:20:58,655 - INFO - joeynmt.helpers - delete output_word/3000.ckpt
2026-05-23 19:20:58,665 - INFO - joeynmt.training - Example #0
2026-05-23 19:20:58,665 - DEBUG - joeynmt.training - 	Tokenized source:     ['Last', 'year', 'I', 'showed', 'these', 'two', 'slides', 'so', 'that', 'demonstrate', 'that', 'the', 'arctic', 'ice', 'cap,', 'which', 'for', 'most', 'of', 'the', 'last', 'three', 'million', 'years', 'has', 'been', 'the', 'size', 'of', 'the', 'lower', '48', 'states,', 'has', 'shrunk', 'by', '40', 'percent.']
2026-05-23 19:20:58,666 - DEBUG - joeynmt.training - 	Tokenized reference:  ['Vorig', 'jaar', 'liet', 'ik', 'deze', 'twee', "dia's", 'zien', 'om', 'aan', '', 'te', 'tonen', 'dat', 'de', 'poolijskap,', '', 'die', 'de', 'afgelopen', 'drie', 'miljoen', 'jaar', '', 'ongeveer', 'de', 'grootte', 'had', 'van', 'het', 'vasteland', 'van', 'de', 'VS,', '', 'met', '40%', 'gekrompen', 'was.']
2026-05-23 19:20:58,666 - DEBUG - joeynmt.training - 	Tokenized hypothesis: ['<unk>', 'jaar', '<unk>', 'ik', 'deze', 'twee', '<unk>', 'dus', 'dat', 'de', '<unk>', '<unk>', 'die', 'de', 'meeste', '<unk>', '<unk>', 'voor', 'de', 'meeste', 'van', 'de', '<unk>', '<unk>', '<unk>', '<unk>', '<unk>', '<unk>', '<unk>', '<unk>', '<unk>', '<unk>', '<unk>', '<unk>', '<unk>', '<unk>', '<unk>', '<unk>', '<unk>', '<unk>', '<unk>', '<unk>', '<unk>', '<unk>', '<unk>', '<unk>', '<unk>', '</s>']
2026-05-23 19:20:58,666 - INFO - joeynmt.training - 	Source:     Last year I showed these two slides so that demonstrate that the arctic ice cap, which for most of the last three million years has been the size of the lower 48 states, has shrunk by 40 percent.
2026-05-23 19:20:58,666 - INFO - joeynmt.training - 	Reference:  Vorig jaar liet ik deze twee dia's zien om aan  te tonen dat de poolijskap,  die de afgelopen drie miljoen jaar  ongeveer de grootte had van het vasteland van de VS,  met 40% gekrompen was.
2026-05-23 19:20:58,667 - INFO - joeynmt.training - 	Hypothesis: <unk> jaar <unk> ik deze twee <unk> dus dat de <unk> <unk> die de meeste <unk> <unk> voor de meeste van de <unk> <unk> <unk> <unk> <unk> <unk> <unk> <unk> <unk> <unk> <unk> <unk> <unk> <unk> <unk> <unk> <unk> <unk> <unk> <unk> <unk> <unk> <unk> <unk> <unk>
2026-05-23 19:20:58,667 - INFO - joeynmt.training - Example #1
2026-05-23 19:20:58,667 - DEBUG - joeynmt.training - 	Tokenized source:     ['But', 'this', 'understates', 'the', 'seriousness', 'of', 'this', 'particular', 'problem', 'because', 'it', "doesn't", 'show', 'the', 'thickness', 'of', 'the', 'ice.']
2026-05-23 19:20:58,667 - DEBUG - joeynmt.training - 	Tokenized reference:  ['Maar', 'dit', 'onderschat', 'eigenlijk', 'de', 'ernst', 'van', 'dit', 'specifieke', 'probleem', '', 'omdat', 'het', 'niet', 'de', 'dikte', 'van', 'het', 'ijs', 'laat', 'zien.']
2026-05-23 19:20:58,668 - DEBUG - joeynmt.training - 	Tokenized hypothesis: ['Maar', 'dit', '<unk>', 'de', '<unk>', 'van', 'dit', '<unk>', '<unk>', 'omdat', 'het', 'niet', 'de', '<unk>', 'van', 'de', '<unk>', '</s>']
2026-05-23 19:20:58,669 - INFO - joeynmt.training - 	Source:     But this understates the seriousness of this particular problem because it doesn't show the thickness of the ice.
2026-05-23 19:20:58,669 - INFO - joeynmt.training - 	Reference:  Maar dit onderschat eigenlijk de ernst van dit specifieke probleem  omdat het niet de dikte van het ijs laat zien.
2026-05-23 19:20:58,669 - INFO - joeynmt.training - 	Hypothesis: Maar dit <unk> de <unk> van dit <unk> <unk> omdat het niet de <unk> van de <unk>
2026-05-23 19:20:58,670 - INFO - joeynmt.training - Example #2
2026-05-23 19:20:58,670 - DEBUG - joeynmt.training - 	Tokenized source:     ['The', 'arctic', 'ice', 'cap', 'is,', 'in', 'a', 'sense,', 'the', 'beating', 'heart', 'of', 'the', 'global', 'climate', 'system.']
2026-05-23 19:20:58,671 - DEBUG - joeynmt.training - 	Tokenized reference:  ['De', 'ijskap', 'op', 'de', 'Noordpool', 'is', 'in', 'zekere', 'zin', '', 'het', 'kloppend', 'hart', 'van', 'ons', 'globaal', 'klimaatsysteem.']
2026-05-23 19:20:58,671 - DEBUG - joeynmt.training - 	Tokenized hypothesis: ['Het', '<unk>', '<unk>', 'is', 'in', 'een', '<unk>', 'de', '<unk>', 'van', 'de', '<unk>', '</s>']
2026-05-23 19:20:58,671 - INFO - joeynmt.training - 	Source:     The arctic ice cap is, in a sense, the beating heart of the global climate system.
2026-05-23 19:20:58,672 - INFO - joeynmt.training - 	Reference:  De ijskap op de Noordpool is in zekere zin  het kloppend hart van ons globaal klimaatsysteem.
2026-05-23 19:20:58,672 - INFO - joeynmt.training - 	Hypothesis: Het <unk> <unk> is in een <unk> de <unk> van de <unk>
2026-05-23 19:20:58,672 - INFO - joeynmt.training - Example #3
2026-05-23 19:20:58,673 - DEBUG - joeynmt.training - 	Tokenized source:     ['It', 'expands', 'in', 'winter', 'and', 'contracts', 'in', 'summer.']
2026-05-23 19:20:58,673 - DEBUG - joeynmt.training - 	Tokenized reference:  ['Het', 'zet', 'uit', 'in', 'de', 'winter', 'en', 'krimpt', 'in', 'de', 'zomer.']
2026-05-23 19:20:58,673 - DEBUG - joeynmt.training - 	Tokenized hypothesis: ['Het', '<unk>', 'in', '<unk>', 'en', '<unk>', 'in', '<unk>', '</s>']
2026-05-23 19:20:58,674 - INFO - joeynmt.training - 	Source:     It expands in winter and contracts in summer.
2026-05-23 19:20:58,674 - INFO - joeynmt.training - 	Reference:  Het zet uit in de winter en krimpt in de zomer.
2026-05-23 19:20:58,674 - INFO - joeynmt.training - 	Hypothesis: Het <unk> in <unk> en <unk> in <unk>
2026-05-23 19:20:58,674 - INFO - joeynmt.training - Example #4
2026-05-23 19:20:58,675 - DEBUG - joeynmt.training - 	Tokenized source:     ['The', 'next', 'slide', 'I', 'show', 'you', 'will', 'be', 'a', 'rapid', 'fast-forward', 'of', "what's", 'happened', 'over', 'the', 'last', '25', 'years.']
2026-05-23 19:20:58,675 - DEBUG - joeynmt.training - 	Tokenized reference:  ['De', 'volgende', 'dia', 'die', 'ik', 'laat', 'zien', '', 'is', 'een', 'versnelde', 'versie', 'van', 'wat', 'er', 'de', 'afgelopen', '25', 'jaar', 'is', 'gebeurd.']
2026-05-23 19:20:58,675 - DEBUG - joeynmt.training - 	Tokenized hypothesis: ['De', 'volgende', '<unk>', 'die', 'ik', 'zal', 'je', 'een', '<unk>', '<unk>', '<unk>', '<unk>', '<unk>', '</s>']
2026-05-23 19:20:58,675 - INFO - joeynmt.training - 	Source:     The next slide I show you will be a rapid fast-forward of what's happened over the last 25 years.
2026-05-23 19:20:58,675 - INFO - joeynmt.training - 	Reference:  De volgende dia die ik laat zien  is een versnelde versie van wat er de afgelopen 25 jaar is gebeurd.
2026-05-23 19:20:58,675 - INFO - joeynmt.training - 	Hypothesis: De volgende <unk> die ik zal je een <unk> <unk> <unk> <unk> <unk>
2026-05-23 19:21:57,827 - INFO - joeynmt.training - Epoch   3, Step:     5600, Batch Loss:     1.490456, Batch Acc: 0.546819, Tokens per Sec:     1116, Lr: 0.000300
2026-05-23 19:22:57,492 - INFO - joeynmt.training - Epoch   3, Step:     5700, Batch Loss:     1.333863, Batch Acc: 0.550494, Tokens per Sec:     1091, Lr: 0.000300
2026-05-23 19:23:59,412 - INFO - joeynmt.training - Epoch   3, Step:     5800, Batch Loss:     1.414540, Batch Acc: 0.546319, Tokens per Sec:     1051, Lr: 0.000300
2026-05-23 19:25:00,797 - INFO - joeynmt.training - Epoch   3, Step:     5900, Batch Loss:     1.701181, Batch Acc: 0.546170, Tokens per Sec:     1056, Lr: 0.000300
2026-05-23 19:26:00,379 - INFO - joeynmt.training - Epoch   3, Step:     6000, Batch Loss:     1.594905, Batch Acc: 0.549062, Tokens per Sec:     1094, Lr: 0.000300
2026-05-23 19:26:00,382 - INFO - joeynmt.prediction - Predicting 1003 example(s)... (Greedy decoding with min_output_length=1, max_output_length=100, return_prob='none', generate_unk=True, repetition_penalty=-1, no_repeat_ngram_size=-1)
2026-05-23 19:27:22,054 - INFO - joeynmt.metrics - nrefs:1|case:mixed|eff:no|tok:13a|smooth:exp|version:2.6.0
2026-05-23 19:27:22,055 - INFO - joeynmt.prediction - Evaluation result (greedy) bleu:   4.48, loss:   2.00, ppl:   7.40, acc:   0.44, generation: 81.3405[sec], evaluation: 0.3233[sec]
2026-05-23 19:27:22,059 - INFO - joeynmt.training - Hooray! New best validation result [ppl]!
2026-05-23 19:27:22,144 - INFO - joeynmt.helpers - delete output_word/3500.ckpt
2026-05-23 19:27:22,157 - INFO - joeynmt.training - Example #0
2026-05-23 19:27:22,157 - DEBUG - joeynmt.training - 	Tokenized source:     ['Last', 'year', 'I', 'showed', 'these', 'two', 'slides', 'so', 'that', 'demonstrate', 'that', 'the', 'arctic', 'ice', 'cap,', 'which', 'for', 'most', 'of', 'the', 'last', 'three', 'million', 'years', 'has', 'been', 'the', 'size', 'of', 'the', 'lower', '48', 'states,', 'has', 'shrunk', 'by', '40', 'percent.']
2026-05-23 19:27:22,157 - DEBUG - joeynmt.training - 	Tokenized reference:  ['Vorig', 'jaar', 'liet', 'ik', 'deze', 'twee', "dia's", 'zien', 'om', 'aan', '', 'te', 'tonen', 'dat', 'de', 'poolijskap,', '', 'die', 'de', 'afgelopen', 'drie', 'miljoen', 'jaar', '', 'ongeveer', 'de', 'grootte', 'had', 'van', 'het', 'vasteland', 'van', 'de', 'VS,', '', 'met', '40%', 'gekrompen', 'was.']
2026-05-23 19:27:22,157 - DEBUG - joeynmt.training - 	Tokenized hypothesis: ['<unk>', 'jaar', '<unk>', 'ik', 'liet', 'zien', 'dat', 'de', '<unk>', 'die', 'de', 'meeste', '<unk>', '<unk>', 'die', 'de', 'meeste', '<unk>', '<unk>', '<unk>', '<unk>', '<unk>', 'heeft', '<unk>', '</s>']
2026-05-23 19:27:22,158 - INFO - joeynmt.training - 	Source:     Last year I showed these two slides so that demonstrate that the arctic ice cap, which for most of the last three million years has been the size of the lower 48 states, has shrunk by 40 percent.
2026-05-23 19:27:22,159 - INFO - joeynmt.training - 	Reference:  Vorig jaar liet ik deze twee dia's zien om aan  te tonen dat de poolijskap,  die de afgelopen drie miljoen jaar  ongeveer de grootte had van het vasteland van de VS,  met 40% gekrompen was.
2026-05-23 19:27:22,159 - INFO - joeynmt.training - 	Hypothesis: <unk> jaar <unk> ik liet zien dat de <unk> die de meeste <unk> <unk> die de meeste <unk> <unk> <unk> <unk> <unk> heeft <unk>
2026-05-23 19:27:22,160 - INFO - joeynmt.training - Example #1
2026-05-23 19:27:22,160 - DEBUG - joeynmt.training - 	Tokenized source:     ['But', 'this', 'understates', 'the', 'seriousness', 'of', 'this', 'particular', 'problem', 'because', 'it', "doesn't", 'show', 'the', 'thickness', 'of', 'the', 'ice.']
2026-05-23 19:27:22,160 - DEBUG - joeynmt.training - 	Tokenized reference:  ['Maar', 'dit', 'onderschat', 'eigenlijk', 'de', 'ernst', 'van', 'dit', 'specifieke', 'probleem', '', 'omdat', 'het', 'niet', 'de', 'dikte', 'van', 'het', 'ijs', 'laat', 'zien.']
2026-05-23 19:27:22,161 - DEBUG - joeynmt.training - 	Tokenized hypothesis: ['Maar', 'dit', '<unk>', 'de', '<unk>', 'van', 'dit', 'specifieke', 'probleem', 'omdat', 'het', 'niet', 'de', '<unk>', 'van', 'de', '<unk>', '</s>']
2026-05-23 19:27:22,161 - INFO - joeynmt.training - 	Source:     But this understates the seriousness of this particular problem because it doesn't show the thickness of the ice.
2026-05-23 19:27:22,161 - INFO - joeynmt.training - 	Reference:  Maar dit onderschat eigenlijk de ernst van dit specifieke probleem  omdat het niet de dikte van het ijs laat zien.
2026-05-23 19:27:22,161 - INFO - joeynmt.training - 	Hypothesis: Maar dit <unk> de <unk> van dit specifieke probleem omdat het niet de <unk> van de <unk>
2026-05-23 19:27:22,162 - INFO - joeynmt.training - Example #2
2026-05-23 19:27:22,162 - DEBUG - joeynmt.training - 	Tokenized source:     ['The', 'arctic', 'ice', 'cap', 'is,', 'in', 'a', 'sense,', 'the', 'beating', 'heart', 'of', 'the', 'global', 'climate', 'system.']
2026-05-23 19:27:22,162 - DEBUG - joeynmt.training - 	Tokenized reference:  ['De', 'ijskap', 'op', 'de', 'Noordpool', 'is', 'in', 'zekere', 'zin', '', 'het', 'kloppend', 'hart', 'van', 'ons', 'globaal', 'klimaatsysteem.']
2026-05-23 19:27:22,162 - DEBUG - joeynmt.training - 	Tokenized hypothesis: ['Het', '<unk>', '<unk>', 'is', 'in', 'een', '<unk>', 'de', '<unk>', 'van', 'de', '<unk>', '</s>']
2026-05-23 19:27:22,163 - INFO - joeynmt.training - 	Source:     The arctic ice cap is, in a sense, the beating heart of the global climate system.
2026-05-23 19:27:22,163 - INFO - joeynmt.training - 	Reference:  De ijskap op de Noordpool is in zekere zin  het kloppend hart van ons globaal klimaatsysteem.
2026-05-23 19:27:22,166 - INFO - joeynmt.training - 	Hypothesis: Het <unk> <unk> is in een <unk> de <unk> van de <unk>
2026-05-23 19:27:22,168 - INFO - joeynmt.training - Example #3
2026-05-23 19:27:22,168 - DEBUG - joeynmt.training - 	Tokenized source:     ['It', 'expands', 'in', 'winter', 'and', 'contracts', 'in', 'summer.']
2026-05-23 19:27:22,169 - DEBUG - joeynmt.training - 	Tokenized reference:  ['Het', 'zet', 'uit', 'in', 'de', 'winter', 'en', 'krimpt', 'in', 'de', 'zomer.']
2026-05-23 19:27:22,169 - DEBUG - joeynmt.training - 	Tokenized hypothesis: ['Het', '<unk>', 'in', '<unk>', 'en', '<unk>', 'in', '<unk>', '</s>']
2026-05-23 19:27:22,169 - INFO - joeynmt.training - 	Source:     It expands in winter and contracts in summer.
2026-05-23 19:27:22,169 - INFO - joeynmt.training - 	Reference:  Het zet uit in de winter en krimpt in de zomer.
2026-05-23 19:27:22,170 - INFO - joeynmt.training - 	Hypothesis: Het <unk> in <unk> en <unk> in <unk>
2026-05-23 19:27:22,170 - INFO - joeynmt.training - Example #4
2026-05-23 19:27:22,170 - DEBUG - joeynmt.training - 	Tokenized source:     ['The', 'next', 'slide', 'I', 'show', 'you', 'will', 'be', 'a', 'rapid', 'fast-forward', 'of', "what's", 'happened', 'over', 'the', 'last', '25', 'years.']
2026-05-23 19:27:22,170 - DEBUG - joeynmt.training - 	Tokenized reference:  ['De', 'volgende', 'dia', 'die', 'ik', 'laat', 'zien', '', 'is', 'een', 'versnelde', 'versie', 'van', 'wat', 'er', 'de', 'afgelopen', '25', 'jaar', 'is', 'gebeurd.']
2026-05-23 19:27:22,170 - DEBUG - joeynmt.training - 	Tokenized hypothesis: ['De', 'volgende', '<unk>', 'die', 'ik', 'zal', 'een', '<unk>', '<unk>', 'zijn', 'van', 'wat', 'er', 'gebeurde', 'in', 'de', 'laatste', '25', 'jaar.', '</s>']
2026-05-23 19:27:22,171 - INFO - joeynmt.training - 	Source:     The next slide I show you will be a rapid fast-forward of what's happened over the last 25 years.
2026-05-23 19:27:22,171 - INFO - joeynmt.training - 	Reference:  De volgende dia die ik laat zien  is een versnelde versie van wat er de afgelopen 25 jaar is gebeurd.
2026-05-23 19:27:22,172 - INFO - joeynmt.training - 	Hypothesis: De volgende <unk> die ik zal een <unk> <unk> zijn van wat er gebeurde in de laatste 25 jaar.
2026-05-23 19:28:19,631 - INFO - joeynmt.training - Epoch   3, Step:     6100, Batch Loss:     1.664122, Batch Acc: 0.546034, Tokens per Sec:     1136, Lr: 0.000300
2026-05-23 19:29:19,756 - INFO - joeynmt.training - Epoch   3, Step:     6200, Batch Loss:     1.579683, Batch Acc: 0.548691, Tokens per Sec:     1071, Lr: 0.000300
2026-05-23 19:30:20,410 - INFO - joeynmt.training - Epoch   3, Step:     6300, Batch Loss:     1.458140, Batch Acc: 0.549861, Tokens per Sec:     1078, Lr: 0.000300
2026-05-23 19:31:20,074 - INFO - joeynmt.training - Epoch   3, Step:     6400, Batch Loss:     1.456879, Batch Acc: 0.548456, Tokens per Sec:     1100, Lr: 0.000300
2026-05-23 19:32:22,338 - INFO - joeynmt.training - Epoch   3, Step:     6500, Batch Loss:     1.476263, Batch Acc: 0.541727, Tokens per Sec:     1026, Lr: 0.000300
2026-05-23 19:32:22,339 - INFO - joeynmt.prediction - Predicting 1003 example(s)... (Greedy decoding with min_output_length=1, max_output_length=100, return_prob='none', generate_unk=True, repetition_penalty=-1, no_repeat_ngram_size=-1)
2026-05-23 19:33:15,543 - INFO - joeynmt.metrics - nrefs:1|case:mixed|eff:no|tok:13a|smooth:exp|version:2.6.0
2026-05-23 19:33:15,544 - INFO - joeynmt.prediction - Evaluation result (greedy) bleu:   4.70, loss:   1.99, ppl:   7.29, acc:   0.44, generation: 52.9830[sec], evaluation: 0.2130[sec]
2026-05-23 19:33:15,545 - INFO - joeynmt.training - Hooray! New best validation result [ppl]!
2026-05-23 19:33:15,628 - INFO - joeynmt.helpers - delete output_word/4500.ckpt
2026-05-23 19:33:15,638 - INFO - joeynmt.training - Example #0
2026-05-23 19:33:15,639 - DEBUG - joeynmt.training - 	Tokenized source:     ['Last', 'year', 'I', 'showed', 'these', 'two', 'slides', 'so', 'that', 'demonstrate', 'that', 'the', 'arctic', 'ice', 'cap,', 'which', 'for', 'most', 'of', 'the', 'last', 'three', 'million', 'years', 'has', 'been', 'the', 'size', 'of', 'the', 'lower', '48', 'states,', 'has', 'shrunk', 'by', '40', 'percent.']
2026-05-23 19:33:15,639 - DEBUG - joeynmt.training - 	Tokenized reference:  ['Vorig', 'jaar', 'liet', 'ik', 'deze', 'twee', "dia's", 'zien', 'om', 'aan', '', 'te', 'tonen', 'dat', 'de', 'poolijskap,', '', 'die', 'de', 'afgelopen', 'drie', 'miljoen', 'jaar', '', 'ongeveer', 'de', 'grootte', 'had', 'van', 'het', 'vasteland', 'van', 'de', 'VS,', '', 'met', '40%', 'gekrompen', 'was.']
2026-05-23 19:33:15,639 - DEBUG - joeynmt.training - 	Tokenized hypothesis: ['<unk>', 'jaar', 'is', 'ik', 'deze', 'twee', '<unk>', 'zodat', 'de', '<unk>', '<unk>', '<unk>', 'die', 'de', 'meeste', 'van', 'de', 'afgelopen', 'drie', 'miljoen', 'jaar', 'is', 'de', '<unk>', 'van', 'de', '<unk>', '<unk>', '<unk>', '<unk>', '<unk>', '<unk>', '<unk>', '<unk>', '<unk>', '<unk>', '<unk>', '<unk>', '<unk>', '<unk>', '<unk>', '<unk>', '<unk>', '<unk>', '<unk>', '<unk>', '<unk>', '<unk>', '<unk>', '<unk>', '<unk>', '<unk>', '<unk>', '<unk>', '<unk>', '<unk>', '<unk>', '<unk>', '<unk>', '<unk>', '<unk>', '<unk>', '<unk>', '<unk>', '<unk>', '</s>']
2026-05-23 19:33:15,640 - INFO - joeynmt.training - 	Source:     Last year I showed these two slides so that demonstrate that the arctic ice cap, which for most of the last three million years has been the size of the lower 48 states, has shrunk by 40 percent.
2026-05-23 19:33:15,640 - INFO - joeynmt.training - 	Reference:  Vorig jaar liet ik deze twee dia's zien om aan  te tonen dat de poolijskap,  die de afgelopen drie miljoen jaar  ongeveer de grootte had van het vasteland van de VS,  met 40% gekrompen was.
2026-05-23 19:33:15,640 - INFO - joeynmt.training - 	Hypothesis: <unk> jaar is ik deze twee <unk> zodat de <unk> <unk> <unk> die de meeste van de afgelopen drie miljoen jaar is de <unk> van de <unk> <unk> <unk> <unk> <unk> <unk> <unk> <unk> <unk> <unk> <unk> <unk> <unk> <unk> <unk> <unk> <unk> <unk> <unk> <unk> <unk> <unk> <unk> <unk> <unk> <unk> <unk> <unk> <unk> <unk> <unk> <unk> <unk> <unk> <unk> <unk> <unk> <unk> <unk>
2026-05-23 19:33:15,640 - INFO - joeynmt.training - Example #1
2026-05-23 19:33:15,641 - DEBUG - joeynmt.training - 	Tokenized source:     ['But', 'this', 'understates', 'the', 'seriousness', 'of', 'this', 'particular', 'problem', 'because', 'it', "doesn't", 'show', 'the', 'thickness', 'of', 'the', 'ice.']
2026-05-23 19:33:15,641 - DEBUG - joeynmt.training - 	Tokenized reference:  ['Maar', 'dit', 'onderschat', 'eigenlijk', 'de', 'ernst', 'van', 'dit', 'specifieke', 'probleem', '', 'omdat', 'het', 'niet', 'de', 'dikte', 'van', 'het', 'ijs', 'laat', 'zien.']
2026-05-23 19:33:15,641 - DEBUG - joeynmt.training - 	Tokenized hypothesis: ['Maar', 'dit', '<unk>', 'de', '<unk>', 'van', 'dit', '<unk>', '<unk>', 'omdat', 'het', 'niet', 'de', '<unk>', 'van', 'de', '<unk>', '</s>']
2026-05-23 19:33:15,642 - INFO - joeynmt.training - 	Source:     But this understates the seriousness of this particular problem because it doesn't show the thickness of the ice.
2026-05-23 19:33:15,642 - INFO - joeynmt.training - 	Reference:  Maar dit onderschat eigenlijk de ernst van dit specifieke probleem  omdat het niet de dikte van het ijs laat zien.
2026-05-23 19:33:15,642 - INFO - joeynmt.training - 	Hypothesis: Maar dit <unk> de <unk> van dit <unk> <unk> omdat het niet de <unk> van de <unk>
2026-05-23 19:33:15,642 - INFO - joeynmt.training - Example #2
2026-05-23 19:33:15,642 - DEBUG - joeynmt.training - 	Tokenized source:     ['The', 'arctic', 'ice', 'cap', 'is,', 'in', 'a', 'sense,', 'the', 'beating', 'heart', 'of', 'the', 'global', 'climate', 'system.']
2026-05-23 19:33:15,642 - DEBUG - joeynmt.training - 	Tokenized reference:  ['De', 'ijskap', 'op', 'de', 'Noordpool', 'is', 'in', 'zekere', 'zin', '', 'het', 'kloppend', 'hart', 'van', 'ons', 'globaal', 'klimaatsysteem.']
2026-05-23 19:33:15,643 - DEBUG - joeynmt.training - 	Tokenized hypothesis: ['De', '<unk>', '<unk>', 'is', 'in', 'een', '<unk>', 'de', '<unk>', 'van', 'de', '<unk>', '</s>']
2026-05-23 19:33:15,643 - INFO - joeynmt.training - 	Source:     The arctic ice cap is, in a sense, the beating heart of the global climate system.
2026-05-23 19:33:15,643 - INFO - joeynmt.training - 	Reference:  De ijskap op de Noordpool is in zekere zin  het kloppend hart van ons globaal klimaatsysteem.
2026-05-23 19:33:15,644 - INFO - joeynmt.training - 	Hypothesis: De <unk> <unk> is in een <unk> de <unk> van de <unk>
2026-05-23 19:33:15,644 - INFO - joeynmt.training - Example #3
2026-05-23 19:33:15,644 - DEBUG - joeynmt.training - 	Tokenized source:     ['It', 'expands', 'in', 'winter', 'and', 'contracts', 'in', 'summer.']
2026-05-23 19:33:15,644 - DEBUG - joeynmt.training - 	Tokenized reference:  ['Het', 'zet', 'uit', 'in', 'de', 'winter', 'en', 'krimpt', 'in', 'de', 'zomer.']
2026-05-23 19:33:15,644 - DEBUG - joeynmt.training - 	Tokenized hypothesis: ['Het', '<unk>', 'in', '<unk>', 'en', '<unk>', 'in', '<unk>', '</s>']
2026-05-23 19:33:15,645 - INFO - joeynmt.training - 	Source:     It expands in winter and contracts in summer.
2026-05-23 19:33:15,645 - INFO - joeynmt.training - 	Reference:  Het zet uit in de winter en krimpt in de zomer.
2026-05-23 19:33:15,645 - INFO - joeynmt.training - 	Hypothesis: Het <unk> in <unk> en <unk> in <unk>
2026-05-23 19:33:15,645 - INFO - joeynmt.training - Example #4
2026-05-23 19:33:15,646 - DEBUG - joeynmt.training - 	Tokenized source:     ['The', 'next', 'slide', 'I', 'show', 'you', 'will', 'be', 'a', 'rapid', 'fast-forward', 'of', "what's", 'happened', 'over', 'the', 'last', '25', 'years.']
2026-05-23 19:33:15,646 - DEBUG - joeynmt.training - 	Tokenized reference:  ['De', 'volgende', 'dia', 'die', 'ik', 'laat', 'zien', '', 'is', 'een', 'versnelde', 'versie', 'van', 'wat', 'er', 'de', 'afgelopen', '25', 'jaar', 'is', 'gebeurd.']
2026-05-23 19:33:15,646 - DEBUG - joeynmt.training - 	Tokenized hypothesis: ['De', 'volgende', '<unk>', 'die', 'ik', 'jullie', 'een', '<unk>', '<unk>', '<unk>', 'van', 'wat', 'er', 'gebeurde', 'er', 'gebeurd', 'is', 'dat', 'er', '<unk>', '<unk>', '</s>']
2026-05-23 19:33:15,646 - INFO - joeynmt.training - 	Source:     The next slide I show you will be a rapid fast-forward of what's happened over the last 25 years.
2026-05-23 19:33:15,647 - INFO - joeynmt.training - 	Reference:  De volgende dia die ik laat zien  is een versnelde versie van wat er de afgelopen 25 jaar is gebeurd.
2026-05-23 19:33:15,647 - INFO - joeynmt.training - 	Hypothesis: De volgende <unk> die ik jullie een <unk> <unk> <unk> van wat er gebeurde er gebeurd is dat er <unk> <unk>
2026-05-23 19:34:14,984 - INFO - joeynmt.training - Epoch   3, Step:     6600, Batch Loss:     1.631625, Batch Acc: 0.545670, Tokens per Sec:     1099, Lr: 0.000300
2026-05-23 19:35:14,457 - INFO - joeynmt.training - Epoch   3, Step:     6700, Batch Loss:     1.378223, Batch Acc: 0.546413, Tokens per Sec:     1071, Lr: 0.000300
2026-05-23 19:36:12,369 - INFO - joeynmt.training - Epoch   3, Step:     6800, Batch Loss:     1.415549, Batch Acc: 0.543211, Tokens per Sec:     1120, Lr: 0.000300
2026-05-23 19:37:12,789 - INFO - joeynmt.training - Epoch   3, Step:     6900, Batch Loss:     1.489257, Batch Acc: 0.550248, Tokens per Sec:     1090, Lr: 0.000300
2026-05-23 19:38:15,507 - INFO - joeynmt.training - Epoch   3, Step:     7000, Batch Loss:     1.330082, Batch Acc: 0.546477, Tokens per Sec:     1032, Lr: 0.000300
2026-05-23 19:38:15,511 - INFO - joeynmt.prediction - Predicting 1003 example(s)... (Greedy decoding with min_output_length=1, max_output_length=100, return_prob='none', generate_unk=True, repetition_penalty=-1, no_repeat_ngram_size=-1)
2026-05-23 19:39:26,362 - INFO - joeynmt.metrics - nrefs:1|case:mixed|eff:no|tok:13a|smooth:exp|version:2.6.0
2026-05-23 19:39:26,363 - INFO - joeynmt.prediction - Evaluation result (greedy) bleu:   4.71, loss:   1.97, ppl:   7.17, acc:   0.44, generation: 70.6359[sec], evaluation: 0.2058[sec]
2026-05-23 19:39:26,364 - INFO - joeynmt.training - Hooray! New best validation result [ppl]!
2026-05-23 19:39:26,439 - INFO - joeynmt.helpers - delete output_word/4000.ckpt
2026-05-23 19:39:26,451 - INFO - joeynmt.training - Example #0
2026-05-23 19:39:26,452 - DEBUG - joeynmt.training - 	Tokenized source:     ['Last', 'year', 'I', 'showed', 'these', 'two', 'slides', 'so', 'that', 'demonstrate', 'that', 'the', 'arctic', 'ice', 'cap,', 'which', 'for', 'most', 'of', 'the', 'last', 'three', 'million', 'years', 'has', 'been', 'the', 'size', 'of', 'the', 'lower', '48', 'states,', 'has', 'shrunk', 'by', '40', 'percent.']
2026-05-23 19:39:26,452 - DEBUG - joeynmt.training - 	Tokenized reference:  ['Vorig', 'jaar', 'liet', 'ik', 'deze', 'twee', "dia's", 'zien', 'om', 'aan', '', 'te', 'tonen', 'dat', 'de', 'poolijskap,', '', 'die', 'de', 'afgelopen', 'drie', 'miljoen', 'jaar', '', 'ongeveer', 'de', 'grootte', 'had', 'van', 'het', 'vasteland', 'van', 'de', 'VS,', '', 'met', '40%', 'gekrompen', 'was.']
2026-05-23 19:39:26,452 - DEBUG - joeynmt.training - 	Tokenized hypothesis: ['<unk>', 'jaar', '<unk>', 'ik', 'deze', 'twee', '<unk>', 'dus', 'dat', 'de', '<unk>', '<unk>', '<unk>', 'die', 'voor', 'de', 'meeste', '<unk>', 'drie', 'miljoen', 'jaar', 'de', 'grootte', 'van', 'de', '<unk>', '<unk>', '<unk>', 'heeft', '<unk>', 'door', '<unk>', '<unk>', '<unk>', '<unk>', '<unk>', 'door', '<unk>', '<unk>', '<unk>', '<unk>', '<unk>', 'door', '<unk>', '<unk>', '<unk>', '<unk>', '<unk>', '<unk>', '<unk>', '<unk>', '<unk>', '<unk>', '<unk>', '<unk>', '<unk>', '<unk>', '<unk>', '<unk>', '<unk>', '<unk>', '<unk>', '<unk>', 'door', '<unk>', '</s>']
2026-05-23 19:39:26,452 - INFO - joeynmt.training - 	Source:     Last year I showed these two slides so that demonstrate that the arctic ice cap, which for most of the last three million years has been the size of the lower 48 states, has shrunk by 40 percent.
2026-05-23 19:39:26,453 - INFO - joeynmt.training - 	Reference:  Vorig jaar liet ik deze twee dia's zien om aan  te tonen dat de poolijskap,  die de afgelopen drie miljoen jaar  ongeveer de grootte had van het vasteland van de VS,  met 40% gekrompen was.
2026-05-23 19:39:26,453 - INFO - joeynmt.training - 	Hypothesis: <unk> jaar <unk> ik deze twee <unk> dus dat de <unk> <unk> <unk> die voor de meeste <unk> drie miljoen jaar de grootte van de <unk> <unk> <unk> heeft <unk> door <unk> <unk> <unk> <unk> <unk> door <unk> <unk> <unk> <unk> <unk> door <unk> <unk> <unk> <unk> <unk> <unk> <unk> <unk> <unk> <unk> <unk> <unk> <unk> <unk> <unk> <unk> <unk> <unk> <unk> <unk> door <unk>
2026-05-23 19:39:26,453 - INFO - joeynmt.training - Example #1
2026-05-23 19:39:26,453 - DEBUG - joeynmt.training - 	Tokenized source:     ['But', 'this', 'understates', 'the', 'seriousness', 'of', 'this', 'particular', 'problem', 'because', 'it', "doesn't", 'show', 'the', 'thickness', 'of', 'the', 'ice.']
2026-05-23 19:39:26,453 - DEBUG - joeynmt.training - 	Tokenized reference:  ['Maar', 'dit', 'onderschat', 'eigenlijk', 'de', 'ernst', 'van', 'dit', 'specifieke', 'probleem', '', 'omdat', 'het', 'niet', 'de', 'dikte', 'van', 'het', 'ijs', 'laat', 'zien.']
2026-05-23 19:39:26,453 - DEBUG - joeynmt.training - 	Tokenized hypothesis: ['Maar', 'deze', '<unk>', 'de', '<unk>', 'van', 'dit', 'specifieke', 'probleem', 'omdat', 'het', 'niet', 'de', '<unk>', 'van', 'de', '<unk>', '</s>']
2026-05-23 19:39:26,454 - INFO - joeynmt.training - 	Source:     But this understates the seriousness of this particular problem because it doesn't show the thickness of the ice.
2026-05-23 19:39:26,454 - INFO - joeynmt.training - 	Reference:  Maar dit onderschat eigenlijk de ernst van dit specifieke probleem  omdat het niet de dikte van het ijs laat zien.
2026-05-23 19:39:26,454 - INFO - joeynmt.training - 	Hypothesis: Maar deze <unk> de <unk> van dit specifieke probleem omdat het niet de <unk> van de <unk>
2026-05-23 19:39:26,455 - INFO - joeynmt.training - Example #2
2026-05-23 19:39:26,455 - DEBUG - joeynmt.training - 	Tokenized source:     ['The', 'arctic', 'ice', 'cap', 'is,', 'in', 'a', 'sense,', 'the', 'beating', 'heart', 'of', 'the', 'global', 'climate', 'system.']
2026-05-23 19:39:26,455 - DEBUG - joeynmt.training - 	Tokenized reference:  ['De', 'ijskap', 'op', 'de', 'Noordpool', 'is', 'in', 'zekere', 'zin', '', 'het', 'kloppend', 'hart', 'van', 'ons', 'globaal', 'klimaatsysteem.']
2026-05-23 19:39:26,455 - DEBUG - joeynmt.training - 	Tokenized hypothesis: ['De', '<unk>', '<unk>', 'is', 'in', 'een', '<unk>', 'de', '<unk>', '<unk>', '</s>']
2026-05-23 19:39:26,455 - INFO - joeynmt.training - 	Source:     The arctic ice cap is, in a sense, the beating heart of the global climate system.
2026-05-23 19:39:26,456 - INFO - joeynmt.training - 	Reference:  De ijskap op de Noordpool is in zekere zin  het kloppend hart van ons globaal klimaatsysteem.
2026-05-23 19:39:26,456 - INFO - joeynmt.training - 	Hypothesis: De <unk> <unk> is in een <unk> de <unk> <unk>
2026-05-23 19:39:26,456 - INFO - joeynmt.training - Example #3
2026-05-23 19:39:26,457 - DEBUG - joeynmt.training - 	Tokenized source:     ['It', 'expands', 'in', 'winter', 'and', 'contracts', 'in', 'summer.']
2026-05-23 19:39:26,457 - DEBUG - joeynmt.training - 	Tokenized reference:  ['Het', 'zet', 'uit', 'in', 'de', 'winter', 'en', 'krimpt', 'in', 'de', 'zomer.']
2026-05-23 19:39:26,457 - DEBUG - joeynmt.training - 	Tokenized hypothesis: ['Het', '<unk>', 'in', '<unk>', 'en', '<unk>', 'in', '<unk>', '</s>']
2026-05-23 19:39:26,457 - INFO - joeynmt.training - 	Source:     It expands in winter and contracts in summer.
2026-05-23 19:39:26,457 - INFO - joeynmt.training - 	Reference:  Het zet uit in de winter en krimpt in de zomer.
2026-05-23 19:39:26,458 - INFO - joeynmt.training - 	Hypothesis: Het <unk> in <unk> en <unk> in <unk>
2026-05-23 19:39:26,458 - INFO - joeynmt.training - Example #4
2026-05-23 19:39:26,458 - DEBUG - joeynmt.training - 	Tokenized source:     ['The', 'next', 'slide', 'I', 'show', 'you', 'will', 'be', 'a', 'rapid', 'fast-forward', 'of', "what's", 'happened', 'over', 'the', 'last', '25', 'years.']
2026-05-23 19:39:26,458 - DEBUG - joeynmt.training - 	Tokenized reference:  ['De', 'volgende', 'dia', 'die', 'ik', 'laat', 'zien', '', 'is', 'een', 'versnelde', 'versie', 'van', 'wat', 'er', 'de', 'afgelopen', '25', 'jaar', 'is', 'gebeurd.']
2026-05-23 19:39:26,458 - DEBUG - joeynmt.training - 	Tokenized hypothesis: ['De', 'volgende', '<unk>', 'zal', 'ik', 'jullie', 'een', '<unk>', '<unk>', 'zijn', 'van', 'wat', 'er', 'gebeurde', 'gebeurd', 'is', 'in', 'de', 'laatste', '25', 'jaar.', '</s>']
2026-05-23 19:39:26,459 - INFO - joeynmt.training - 	Source:     The next slide I show you will be a rapid fast-forward of what's happened over the last 25 years.
2026-05-23 19:39:26,459 - INFO - joeynmt.training - 	Reference:  De volgende dia die ik laat zien  is een versnelde versie van wat er de afgelopen 25 jaar is gebeurd.
2026-05-23 19:39:26,459 - INFO - joeynmt.training - 	Hypothesis: De volgende <unk> zal ik jullie een <unk> <unk> zijn van wat er gebeurde gebeurd is in de laatste 25 jaar.
2026-05-23 19:40:25,001 - INFO - joeynmt.training - Epoch   3, Step:     7100, Batch Loss:     1.424898, Batch Acc: 0.550933, Tokens per Sec:     1144, Lr: 0.000300
2026-05-23 19:41:25,347 - INFO - joeynmt.training - Epoch   3, Step:     7200, Batch Loss:     1.395429, Batch Acc: 0.547507, Tokens per Sec:     1077, Lr: 0.000300
2026-05-23 19:42:28,127 - INFO - joeynmt.training - Epoch   3, Step:     7300, Batch Loss:     1.516737, Batch Acc: 0.547498, Tokens per Sec:     1047, Lr: 0.000300
2026-05-23 19:42:58,030 - INFO - joeynmt.training - Epoch   3: total training loss 3576.51
2026-05-23 19:42:58,031 - INFO - joeynmt.training - EPOCH 4
2026-05-23 19:43:27,563 - INFO - joeynmt.training - Epoch   4, Step:     7400, Batch Loss:     1.323909, Batch Acc: 0.572889, Tokens per Sec:     1099, Lr: 0.000300
2026-05-23 19:44:29,267 - INFO - joeynmt.training - Epoch   4, Step:     7500, Batch Loss:     1.316679, Batch Acc: 0.571581, Tokens per Sec:     1051, Lr: 0.000300
2026-05-23 19:44:29,268 - INFO - joeynmt.prediction - Predicting 1003 example(s)... (Greedy decoding with min_output_length=1, max_output_length=100, return_prob='none', generate_unk=True, repetition_penalty=-1, no_repeat_ngram_size=-1)
2026-05-23 19:45:34,221 - INFO - joeynmt.metrics - nrefs:1|case:mixed|eff:no|tok:13a|smooth:exp|version:2.6.0
2026-05-23 19:45:34,230 - INFO - joeynmt.prediction - Evaluation result (greedy) bleu:   4.94, loss:   1.97, ppl:   7.20, acc:   0.45, generation: 64.6969[sec], evaluation: 0.2531[sec]
2026-05-23 19:45:34,324 - INFO - joeynmt.helpers - delete output_word/5500.ckpt
2026-05-23 19:45:34,334 - INFO - joeynmt.training - Example #0
2026-05-23 19:45:34,334 - DEBUG - joeynmt.training - 	Tokenized source:     ['Last', 'year', 'I', 'showed', 'these', 'two', 'slides', 'so', 'that', 'demonstrate', 'that', 'the', 'arctic', 'ice', 'cap,', 'which', 'for', 'most', 'of', 'the', 'last', 'three', 'million', 'years', 'has', 'been', 'the', 'size', 'of', 'the', 'lower', '48', 'states,', 'has', 'shrunk', 'by', '40', 'percent.']
2026-05-23 19:45:34,334 - DEBUG - joeynmt.training - 	Tokenized reference:  ['Vorig', 'jaar', 'liet', 'ik', 'deze', 'twee', "dia's", 'zien', 'om', 'aan', '', 'te', 'tonen', 'dat', 'de', 'poolijskap,', '', 'die', 'de', 'afgelopen', 'drie', 'miljoen', 'jaar', '', 'ongeveer', 'de', 'grootte', 'had', 'van', 'het', 'vasteland', 'van', 'de', 'VS,', '', 'met', '40%', 'gekrompen', 'was.']
2026-05-23 19:45:34,334 - DEBUG - joeynmt.training - 	Tokenized hypothesis: ['<unk>', 'jaar', 'liet', 'ik', 'twee', '<unk>', 'zien', 'zodat', 'de', 'meeste', '<unk>', '<unk>', 'die', 'de', 'meeste', '<unk>', '<unk>', 'die', 'voor', 'de', 'meeste', '<unk>', '<unk>', 'heeft', '<unk>', '<unk>', '<unk>', '<unk>', 'door', '40', 'procent.', '</s>']
2026-05-23 19:45:34,335 - INFO - joeynmt.training - 	Source:     Last year I showed these two slides so that demonstrate that the arctic ice cap, which for most of the last three million years has been the size of the lower 48 states, has shrunk by 40 percent.
2026-05-23 19:45:34,335 - INFO - joeynmt.training - 	Reference:  Vorig jaar liet ik deze twee dia's zien om aan  te tonen dat de poolijskap,  die de afgelopen drie miljoen jaar  ongeveer de grootte had van het vasteland van de VS,  met 40% gekrompen was.
2026-05-23 19:45:34,335 - INFO - joeynmt.training - 	Hypothesis: <unk> jaar liet ik twee <unk> zien zodat de meeste <unk> <unk> die de meeste <unk> <unk> die voor de meeste <unk> <unk> heeft <unk> <unk> <unk> <unk> door 40 procent.
2026-05-23 19:45:34,335 - INFO - joeynmt.training - Example #1
2026-05-23 19:45:34,336 - DEBUG - joeynmt.training - 	Tokenized source:     ['But', 'this', 'understates', 'the', 'seriousness', 'of', 'this', 'particular', 'problem', 'because', 'it', "doesn't", 'show', 'the', 'thickness', 'of', 'the', 'ice.']
2026-05-23 19:45:34,336 - DEBUG - joeynmt.training - 	Tokenized reference:  ['Maar', 'dit', 'onderschat', 'eigenlijk', 'de', 'ernst', 'van', 'dit', 'specifieke', 'probleem', '', 'omdat', 'het', 'niet', 'de', 'dikte', 'van', 'het', 'ijs', 'laat', 'zien.']
2026-05-23 19:45:34,336 - DEBUG - joeynmt.training - 	Tokenized hypothesis: ['Maar', 'dit', '<unk>', 'de', '<unk>', 'van', 'dit', 'specifieke', 'probleem', 'omdat', 'het', 'niet', 'de', '<unk>', 'van', 'de', '<unk>', '</s>']
2026-05-23 19:45:34,336 - INFO - joeynmt.training - 	Source:     But this understates the seriousness of this particular problem because it doesn't show the thickness of the ice.
2026-05-23 19:45:34,337 - INFO - joeynmt.training - 	Reference:  Maar dit onderschat eigenlijk de ernst van dit specifieke probleem  omdat het niet de dikte van het ijs laat zien.
2026-05-23 19:45:34,337 - INFO - joeynmt.training - 	Hypothesis: Maar dit <unk> de <unk> van dit specifieke probleem omdat het niet de <unk> van de <unk>
2026-05-23 19:45:34,338 - INFO - joeynmt.training - Example #2
2026-05-23 19:45:34,339 - DEBUG - joeynmt.training - 	Tokenized source:     ['The', 'arctic', 'ice', 'cap', 'is,', 'in', 'a', 'sense,', 'the', 'beating', 'heart', 'of', 'the', 'global', 'climate', 'system.']
2026-05-23 19:45:34,339 - DEBUG - joeynmt.training - 	Tokenized reference:  ['De', 'ijskap', 'op', 'de', 'Noordpool', 'is', 'in', 'zekere', 'zin', '', 'het', 'kloppend', 'hart', 'van', 'ons', 'globaal', 'klimaatsysteem.']
2026-05-23 19:45:34,339 - DEBUG - joeynmt.training - 	Tokenized hypothesis: ['Het', '<unk>', '<unk>', 'is', 'in', 'een', '<unk>', 'de', '<unk>', 'van', 'het', '<unk>', '</s>']
2026-05-23 19:45:34,341 - INFO - joeynmt.training - 	Source:     The arctic ice cap is, in a sense, the beating heart of the global climate system.
2026-05-23 19:45:34,341 - INFO - joeynmt.training - 	Reference:  De ijskap op de Noordpool is in zekere zin  het kloppend hart van ons globaal klimaatsysteem.
2026-05-23 19:45:34,341 - INFO - joeynmt.training - 	Hypothesis: Het <unk> <unk> is in een <unk> de <unk> van het <unk>
2026-05-23 19:45:34,342 - INFO - joeynmt.training - Example #3
2026-05-23 19:45:34,343 - DEBUG - joeynmt.training - 	Tokenized source:     ['It', 'expands', 'in', 'winter', 'and', 'contracts', 'in', 'summer.']
2026-05-23 19:45:34,343 - DEBUG - joeynmt.training - 	Tokenized reference:  ['Het', 'zet', 'uit', 'in', 'de', 'winter', 'en', 'krimpt', 'in', 'de', 'zomer.']
2026-05-23 19:45:34,343 - DEBUG - joeynmt.training - 	Tokenized hypothesis: ['Het', '<unk>', 'in', '<unk>', 'en', '<unk>', 'in', '<unk>', '</s>']
2026-05-23 19:45:34,344 - INFO - joeynmt.training - 	Source:     It expands in winter and contracts in summer.
2026-05-23 19:45:34,344 - INFO - joeynmt.training - 	Reference:  Het zet uit in de winter en krimpt in de zomer.
2026-05-23 19:45:34,344 - INFO - joeynmt.training - 	Hypothesis: Het <unk> in <unk> en <unk> in <unk>
2026-05-23 19:45:34,345 - INFO - joeynmt.training - Example #4
2026-05-23 19:45:34,345 - DEBUG - joeynmt.training - 	Tokenized source:     ['The', 'next', 'slide', 'I', 'show', 'you', 'will', 'be', 'a', 'rapid', 'fast-forward', 'of', "what's", 'happened', 'over', 'the', 'last', '25', 'years.']
2026-05-23 19:45:34,345 - DEBUG - joeynmt.training - 	Tokenized reference:  ['De', 'volgende', 'dia', 'die', 'ik', 'laat', 'zien', '', 'is', 'een', 'versnelde', 'versie', 'van', 'wat', 'er', 'de', 'afgelopen', '25', 'jaar', 'is', 'gebeurd.']
2026-05-23 19:45:34,347 - DEBUG - joeynmt.training - 	Tokenized hypothesis: ['De', 'volgende', '<unk>', 'die', 'ik', 'laat', 'zien', 'dat', 'een', '<unk>', '<unk>', 'van', 'wat', 'er', 'gebeurde', 'in', 'de', 'laatste', '25', 'jaar.', '</s>']
2026-05-23 19:45:34,348 - INFO - joeynmt.training - 	Source:     The next slide I show you will be a rapid fast-forward of what's happened over the last 25 years.
2026-05-23 19:45:34,348 - INFO - joeynmt.training - 	Reference:  De volgende dia die ik laat zien  is een versnelde versie van wat er de afgelopen 25 jaar is gebeurd.
2026-05-23 19:45:34,349 - INFO - joeynmt.training - 	Hypothesis: De volgende <unk> die ik laat zien dat een <unk> <unk> van wat er gebeurde in de laatste 25 jaar.
2026-05-23 19:46:35,125 - INFO - joeynmt.training - Epoch   4, Step:     7600, Batch Loss:     1.266363, Batch Acc: 0.570409, Tokens per Sec:     1072, Lr: 0.000300
2026-05-23 19:47:35,476 - INFO - joeynmt.training - Epoch   4, Step:     7700, Batch Loss:     1.492848, Batch Acc: 0.573915, Tokens per Sec:     1066, Lr: 0.000300
2026-05-23 19:48:37,534 - INFO - joeynmt.training - Epoch   4, Step:     7800, Batch Loss:     1.383806, Batch Acc: 0.567676, Tokens per Sec:     1056, Lr: 0.000300
2026-05-23 19:49:36,886 - INFO - joeynmt.training - Epoch   4, Step:     7900, Batch Loss:     1.297839, Batch Acc: 0.566573, Tokens per Sec:     1106, Lr: 0.000300
2026-05-23 19:50:39,070 - INFO - joeynmt.training - Epoch   4, Step:     8000, Batch Loss:     1.341079, Batch Acc: 0.565529, Tokens per Sec:     1028, Lr: 0.000300
2026-05-23 19:50:39,071 - INFO - joeynmt.prediction - Predicting 1003 example(s)... (Greedy decoding with min_output_length=1, max_output_length=100, return_prob='none', generate_unk=True, repetition_penalty=-1, no_repeat_ngram_size=-1)
2026-05-23 19:51:47,507 - INFO - joeynmt.metrics - nrefs:1|case:mixed|eff:no|tok:13a|smooth:exp|version:2.6.0
2026-05-23 19:51:47,508 - INFO - joeynmt.prediction - Evaluation result (greedy) bleu:   4.52, loss:   1.99, ppl:   7.29, acc:   0.44, generation: 68.2217[sec], evaluation: 0.2071[sec]
2026-05-23 19:51:47,579 - INFO - joeynmt.helpers - delete output_word/5000.ckpt
2026-05-23 19:51:47,589 - INFO - joeynmt.training - Example #0
2026-05-23 19:51:47,589 - DEBUG - joeynmt.training - 	Tokenized source:     ['Last', 'year', 'I', 'showed', 'these', 'two', 'slides', 'so', 'that', 'demonstrate', 'that', 'the', 'arctic', 'ice', 'cap,', 'which', 'for', 'most', 'of', 'the', 'last', 'three', 'million', 'years', 'has', 'been', 'the', 'size', 'of', 'the', 'lower', '48', 'states,', 'has', 'shrunk', 'by', '40', 'percent.']
2026-05-23 19:51:47,589 - DEBUG - joeynmt.training - 	Tokenized reference:  ['Vorig', 'jaar', 'liet', 'ik', 'deze', 'twee', "dia's", 'zien', 'om', 'aan', '', 'te', 'tonen', 'dat', 'de', 'poolijskap,', '', 'die', 'de', 'afgelopen', 'drie', 'miljoen', 'jaar', '', 'ongeveer', 'de', 'grootte', 'had', 'van', 'het', 'vasteland', 'van', 'de', 'VS,', '', 'met', '40%', 'gekrompen', 'was.']
2026-05-23 19:51:47,589 - DEBUG - joeynmt.training - 	Tokenized hypothesis: ['<unk>', 'jaar', '<unk>', 'ik', 'deze', 'twee', '<unk>', '<unk>', 'zodat', 'de', '<unk>', 'ijs', '<unk>', 'die', 'de', 'meeste', 'van', 'de', 'laatste', 'drie', 'miljoen', 'jaar', 'is', 'de', '<unk>', 'van', 'de', '<unk>', '<unk>', '<unk>', 'heeft', '<unk>', '<unk>', '<unk>', '<unk>', 'heeft', '<unk>', '<unk>', '<unk>', '<unk>', '<unk>', '<unk>', '<unk>', '<unk>', '<unk>', '<unk>', '<unk>', 'heeft', '<unk>', '<unk>', '<unk>', '<unk>', '<unk>', '<unk>', '<unk>', '<unk>', '<unk>', '<unk>', '</s>']
2026-05-23 19:51:47,590 - INFO - joeynmt.training - 	Source:     Last year I showed these two slides so that demonstrate that the arctic ice cap, which for most of the last three million years has been the size of the lower 48 states, has shrunk by 40 percent.
2026-05-23 19:51:47,590 - INFO - joeynmt.training - 	Reference:  Vorig jaar liet ik deze twee dia's zien om aan  te tonen dat de poolijskap,  die de afgelopen drie miljoen jaar  ongeveer de grootte had van het vasteland van de VS,  met 40% gekrompen was.
2026-05-23 19:51:47,590 - INFO - joeynmt.training - 	Hypothesis: <unk> jaar <unk> ik deze twee <unk> <unk> zodat de <unk> ijs <unk> die de meeste van de laatste drie miljoen jaar is de <unk> van de <unk> <unk> <unk> heeft <unk> <unk> <unk> <unk> heeft <unk> <unk> <unk> <unk> <unk> <unk> <unk> <unk> <unk> <unk> <unk> heeft <unk> <unk> <unk> <unk> <unk> <unk> <unk> <unk> <unk> <unk>
2026-05-23 19:51:47,590 - INFO - joeynmt.training - Example #1
2026-05-23 19:51:47,591 - DEBUG - joeynmt.training - 	Tokenized source:     ['But', 'this', 'understates', 'the', 'seriousness', 'of', 'this', 'particular', 'problem', 'because', 'it', "doesn't", 'show', 'the', 'thickness', 'of', 'the', 'ice.']
2026-05-23 19:51:47,591 - DEBUG - joeynmt.training - 	Tokenized reference:  ['Maar', 'dit', 'onderschat', 'eigenlijk', 'de', 'ernst', 'van', 'dit', 'specifieke', 'probleem', '', 'omdat', 'het', 'niet', 'de', 'dikte', 'van', 'het', 'ijs', 'laat', 'zien.']
2026-05-23 19:51:47,591 - DEBUG - joeynmt.training - 	Tokenized hypothesis: ['Maar', 'deze', '<unk>', 'de', '<unk>', 'van', 'dit', 'specifieke', 'probleem', 'omdat', 'het', 'niet', 'de', '<unk>', 'van', 'de', '<unk>', '</s>']
2026-05-23 19:51:47,591 - INFO - joeynmt.training - 	Source:     But this understates the seriousness of this particular problem because it doesn't show the thickness of the ice.
2026-05-23 19:51:47,592 - INFO - joeynmt.training - 	Reference:  Maar dit onderschat eigenlijk de ernst van dit specifieke probleem  omdat het niet de dikte van het ijs laat zien.
2026-05-23 19:51:47,592 - INFO - joeynmt.training - 	Hypothesis: Maar deze <unk> de <unk> van dit specifieke probleem omdat het niet de <unk> van de <unk>
2026-05-23 19:51:47,592 - INFO - joeynmt.training - Example #2
2026-05-23 19:51:47,593 - DEBUG - joeynmt.training - 	Tokenized source:     ['The', 'arctic', 'ice', 'cap', 'is,', 'in', 'a', 'sense,', 'the', 'beating', 'heart', 'of', 'the', 'global', 'climate', 'system.']
2026-05-23 19:51:47,593 - DEBUG - joeynmt.training - 	Tokenized reference:  ['De', 'ijskap', 'op', 'de', 'Noordpool', 'is', 'in', 'zekere', 'zin', '', 'het', 'kloppend', 'hart', 'van', 'ons', 'globaal', 'klimaatsysteem.']
2026-05-23 19:51:47,593 - DEBUG - joeynmt.training - 	Tokenized hypothesis: ['Het', '<unk>', '<unk>', '<unk>', 'is', 'in', 'zekere', 'zin', 'de', '<unk>', 'van', 'de', '<unk>', '<unk>', '</s>']
2026-05-23 19:51:47,594 - INFO - joeynmt.training - 	Source:     The arctic ice cap is, in a sense, the beating heart of the global climate system.
2026-05-23 19:51:47,594 - INFO - joeynmt.training - 	Reference:  De ijskap op de Noordpool is in zekere zin  het kloppend hart van ons globaal klimaatsysteem.
2026-05-23 19:51:47,594 - INFO - joeynmt.training - 	Hypothesis: Het <unk> <unk> <unk> is in zekere zin de <unk> van de <unk> <unk>
2026-05-23 19:51:47,594 - INFO - joeynmt.training - Example #3
2026-05-23 19:51:47,594 - DEBUG - joeynmt.training - 	Tokenized source:     ['It', 'expands', 'in', 'winter', 'and', 'contracts', 'in', 'summer.']
2026-05-23 19:51:47,595 - DEBUG - joeynmt.training - 	Tokenized reference:  ['Het', 'zet', 'uit', 'in', 'de', 'winter', 'en', 'krimpt', 'in', 'de', 'zomer.']
2026-05-23 19:51:47,595 - DEBUG - joeynmt.training - 	Tokenized hypothesis: ['Het', '<unk>', 'in', '<unk>', 'en', '<unk>', 'in', '<unk>', '</s>']
2026-05-23 19:51:47,595 - INFO - joeynmt.training - 	Source:     It expands in winter and contracts in summer.
2026-05-23 19:51:47,595 - INFO - joeynmt.training - 	Reference:  Het zet uit in de winter en krimpt in de zomer.
2026-05-23 19:51:47,595 - INFO - joeynmt.training - 	Hypothesis: Het <unk> in <unk> en <unk> in <unk>
2026-05-23 19:51:47,596 - INFO - joeynmt.training - Example #4
2026-05-23 19:51:47,596 - DEBUG - joeynmt.training - 	Tokenized source:     ['The', 'next', 'slide', 'I', 'show', 'you', 'will', 'be', 'a', 'rapid', 'fast-forward', 'of', "what's", 'happened', 'over', 'the', 'last', '25', 'years.']
2026-05-23 19:51:47,596 - DEBUG - joeynmt.training - 	Tokenized reference:  ['De', 'volgende', 'dia', 'die', 'ik', 'laat', 'zien', '', 'is', 'een', 'versnelde', 'versie', 'van', 'wat', 'er', 'de', 'afgelopen', '25', 'jaar', 'is', 'gebeurd.']
2026-05-23 19:51:47,596 - DEBUG - joeynmt.training - 	Tokenized hypothesis: ['De', 'volgende', '<unk>', 'zal', 'ik', 'je', 'een', '<unk>', '<unk>', 'van', 'wat', 'er', 'gebeurd', 'is', 'gebeurd', 'de', 'laatste', '25', 'jaar.', '</s>']
2026-05-23 19:51:47,596 - INFO - joeynmt.training - 	Source:     The next slide I show you will be a rapid fast-forward of what's happened over the last 25 years.
2026-05-23 19:51:47,596 - INFO - joeynmt.training - 	Reference:  De volgende dia die ik laat zien  is een versnelde versie van wat er de afgelopen 25 jaar is gebeurd.
2026-05-23 19:51:47,597 - INFO - joeynmt.training - 	Hypothesis: De volgende <unk> zal ik je een <unk> <unk> van wat er gebeurd is gebeurd de laatste 25 jaar.
2026-05-23 19:52:47,125 - INFO - joeynmt.training - Epoch   4, Step:     8100, Batch Loss:     1.304755, Batch Acc: 0.571231, Tokens per Sec:     1116, Lr: 0.000300
2026-05-23 19:53:47,661 - INFO - joeynmt.training - Epoch   4, Step:     8200, Batch Loss:     1.348550, Batch Acc: 0.569298, Tokens per Sec:     1060, Lr: 0.000300
2026-05-23 19:54:48,177 - INFO - joeynmt.training - Epoch   4, Step:     8300, Batch Loss:     1.256381, Batch Acc: 0.565720, Tokens per Sec:     1087, Lr: 0.000300
2026-05-23 19:55:47,103 - INFO - joeynmt.training - Epoch   4, Step:     8400, Batch Loss:     1.262265, Batch Acc: 0.566514, Tokens per Sec:     1074, Lr: 0.000300
2026-05-23 19:56:48,126 - INFO - joeynmt.training - Epoch   4, Step:     8500, Batch Loss:     1.357043, Batch Acc: 0.565503, Tokens per Sec:     1084, Lr: 0.000300
2026-05-23 19:56:48,127 - INFO - joeynmt.prediction - Predicting 1003 example(s)... (Greedy decoding with min_output_length=1, max_output_length=100, return_prob='none', generate_unk=True, repetition_penalty=-1, no_repeat_ngram_size=-1)
2026-05-23 19:57:50,406 - INFO - joeynmt.metrics - nrefs:1|case:mixed|eff:no|tok:13a|smooth:exp|version:2.6.0
2026-05-23 19:57:50,407 - INFO - joeynmt.prediction - Evaluation result (greedy) bleu:   5.08, loss:   1.97, ppl:   7.19, acc:   0.44, generation: 62.0712[sec], evaluation: 0.1987[sec]
2026-05-23 19:57:50,497 - INFO - joeynmt.helpers - delete output_word/6000.ckpt
2026-05-23 19:57:50,510 - INFO - joeynmt.training - Example #0
2026-05-23 19:57:50,511 - DEBUG - joeynmt.training - 	Tokenized source:     ['Last', 'year', 'I', 'showed', 'these', 'two', 'slides', 'so', 'that', 'demonstrate', 'that', 'the', 'arctic', 'ice', 'cap,', 'which', 'for', 'most', 'of', 'the', 'last', 'three', 'million', 'years', 'has', 'been', 'the', 'size', 'of', 'the', 'lower', '48', 'states,', 'has', 'shrunk', 'by', '40', 'percent.']
2026-05-23 19:57:50,511 - DEBUG - joeynmt.training - 	Tokenized reference:  ['Vorig', 'jaar', 'liet', 'ik', 'deze', 'twee', "dia's", 'zien', 'om', 'aan', '', 'te', 'tonen', 'dat', 'de', 'poolijskap,', '', 'die', 'de', 'afgelopen', 'drie', 'miljoen', 'jaar', '', 'ongeveer', 'de', 'grootte', 'had', 'van', 'het', 'vasteland', 'van', 'de', 'VS,', '', 'met', '40%', 'gekrompen', 'was.']
2026-05-23 19:57:50,511 - DEBUG - joeynmt.training - 	Tokenized hypothesis: ['<unk>', 'jaar', 'heb', 'ik', 'deze', 'twee', '<unk>', '<unk>', 'zodat', 'de', 'meeste', '<unk>', '<unk>', 'die', 'voor', 'de', 'meeste', 'van', 'de', 'afgelopen', 'drie', 'miljoen', 'jaar', '<unk>', 'is', 'de', '<unk>', '<unk>', '<unk>', 'met', '<unk>', '<unk>', '<unk>', '</s>']
2026-05-23 19:57:50,513 - INFO - joeynmt.training - 	Source:     Last year I showed these two slides so that demonstrate that the arctic ice cap, which for most of the last three million years has been the size of the lower 48 states, has shrunk by 40 percent.
2026-05-23 19:57:50,514 - INFO - joeynmt.training - 	Reference:  Vorig jaar liet ik deze twee dia's zien om aan  te tonen dat de poolijskap,  die de afgelopen drie miljoen jaar  ongeveer de grootte had van het vasteland van de VS,  met 40% gekrompen was.
2026-05-23 19:57:50,514 - INFO - joeynmt.training - 	Hypothesis: <unk> jaar heb ik deze twee <unk> <unk> zodat de meeste <unk> <unk> die voor de meeste van de afgelopen drie miljoen jaar <unk> is de <unk> <unk> <unk> met <unk> <unk> <unk>
2026-05-23 19:57:50,514 - INFO - joeynmt.training - Example #1
2026-05-23 19:57:50,515 - DEBUG - joeynmt.training - 	Tokenized source:     ['But', 'this', 'understates', 'the', 'seriousness', 'of', 'this', 'particular', 'problem', 'because', 'it', "doesn't", 'show', 'the', 'thickness', 'of', 'the', 'ice.']
2026-05-23 19:57:50,515 - DEBUG - joeynmt.training - 	Tokenized reference:  ['Maar', 'dit', 'onderschat', 'eigenlijk', 'de', 'ernst', 'van', 'dit', 'specifieke', 'probleem', '', 'omdat', 'het', 'niet', 'de', 'dikte', 'van', 'het', 'ijs', 'laat', 'zien.']
2026-05-23 19:57:50,515 - DEBUG - joeynmt.training - 	Tokenized hypothesis: ['Maar', 'dit', '<unk>', 'de', '<unk>', 'van', 'dit', 'specifieke', 'probleem', 'omdat', 'het', 'niet', 'de', '<unk>', 'van', 'de', '<unk>', '</s>']
2026-05-23 19:57:50,515 - INFO - joeynmt.training - 	Source:     But this understates the seriousness of this particular problem because it doesn't show the thickness of the ice.
2026-05-23 19:57:50,515 - INFO - joeynmt.training - 	Reference:  Maar dit onderschat eigenlijk de ernst van dit specifieke probleem  omdat het niet de dikte van het ijs laat zien.
2026-05-23 19:57:50,515 - INFO - joeynmt.training - 	Hypothesis: Maar dit <unk> de <unk> van dit specifieke probleem omdat het niet de <unk> van de <unk>
2026-05-23 19:57:50,516 - INFO - joeynmt.training - Example #2
2026-05-23 19:57:50,516 - DEBUG - joeynmt.training - 	Tokenized source:     ['The', 'arctic', 'ice', 'cap', 'is,', 'in', 'a', 'sense,', 'the', 'beating', 'heart', 'of', 'the', 'global', 'climate', 'system.']
2026-05-23 19:57:50,516 - DEBUG - joeynmt.training - 	Tokenized reference:  ['De', 'ijskap', 'op', 'de', 'Noordpool', 'is', 'in', 'zekere', 'zin', '', 'het', 'kloppend', 'hart', 'van', 'ons', 'globaal', 'klimaatsysteem.']
2026-05-23 19:57:50,516 - DEBUG - joeynmt.training - 	Tokenized hypothesis: ['De', '<unk>', '<unk>', 'is', 'in', 'zekere', 'zin', 'de', '<unk>', '<unk>', 'van', 'het', '<unk>', '</s>']
2026-05-23 19:57:50,516 - INFO - joeynmt.training - 	Source:     The arctic ice cap is, in a sense, the beating heart of the global climate system.
2026-05-23 19:57:50,517 - INFO - joeynmt.training - 	Reference:  De ijskap op de Noordpool is in zekere zin  het kloppend hart van ons globaal klimaatsysteem.
2026-05-23 19:57:50,517 - INFO - joeynmt.training - 	Hypothesis: De <unk> <unk> is in zekere zin de <unk> <unk> van het <unk>
2026-05-23 19:57:50,517 - INFO - joeynmt.training - Example #3
2026-05-23 19:57:50,519 - DEBUG - joeynmt.training - 	Tokenized source:     ['It', 'expands', 'in', 'winter', 'and', 'contracts', 'in', 'summer.']
2026-05-23 19:57:50,519 - DEBUG - joeynmt.training - 	Tokenized reference:  ['Het', 'zet', 'uit', 'in', 'de', 'winter', 'en', 'krimpt', 'in', 'de', 'zomer.']
2026-05-23 19:57:50,519 - DEBUG - joeynmt.training - 	Tokenized hypothesis: ['Het', '<unk>', 'in', '<unk>', 'en', '<unk>', 'in', '<unk>', '</s>']
2026-05-23 19:57:50,519 - INFO - joeynmt.training - 	Source:     It expands in winter and contracts in summer.
2026-05-23 19:57:50,521 - INFO - joeynmt.training - 	Reference:  Het zet uit in de winter en krimpt in de zomer.
2026-05-23 19:57:50,522 - INFO - joeynmt.training - 	Hypothesis: Het <unk> in <unk> en <unk> in <unk>
2026-05-23 19:57:50,522 - INFO - joeynmt.training - Example #4
2026-05-23 19:57:50,523 - DEBUG - joeynmt.training - 	Tokenized source:     ['The', 'next', 'slide', 'I', 'show', 'you', 'will', 'be', 'a', 'rapid', 'fast-forward', 'of', "what's", 'happened', 'over', 'the', 'last', '25', 'years.']
2026-05-23 19:57:50,523 - DEBUG - joeynmt.training - 	Tokenized reference:  ['De', 'volgende', 'dia', 'die', 'ik', 'laat', 'zien', '', 'is', 'een', 'versnelde', 'versie', 'van', 'wat', 'er', 'de', 'afgelopen', '25', 'jaar', 'is', 'gebeurd.']
2026-05-23 19:57:50,523 - DEBUG - joeynmt.training - 	Tokenized hypothesis: ['De', 'volgende', '<unk>', 'zal', 'ik', 'jullie', 'een', '<unk>', '<unk>', 'zijn', 'van', 'wat', 'er', 'gebeurde', 'met', 'de', 'afgelopen', '25', 'jaar.', '</s>']
2026-05-23 19:57:50,524 - INFO - joeynmt.training - 	Source:     The next slide I show you will be a rapid fast-forward of what's happened over the last 25 years.
2026-05-23 19:57:50,524 - INFO - joeynmt.training - 	Reference:  De volgende dia die ik laat zien  is een versnelde versie van wat er de afgelopen 25 jaar is gebeurd.
2026-05-23 19:57:50,525 - INFO - joeynmt.training - 	Hypothesis: De volgende <unk> zal ik jullie een <unk> <unk> zijn van wat er gebeurde met de afgelopen 25 jaar.
2026-05-23 19:58:51,014 - INFO - joeynmt.training - Epoch   4, Step:     8600, Batch Loss:     1.299433, Batch Acc: 0.567212, Tokens per Sec:     1063, Lr: 0.000300
2026-05-23 19:59:52,791 - INFO - joeynmt.training - Epoch   4, Step:     8700, Batch Loss:     1.328672, Batch Acc: 0.561847, Tokens per Sec:     1050, Lr: 0.000300
2026-05-23 20:00:55,199 - INFO - joeynmt.training - Epoch   4, Step:     8800, Batch Loss:     1.288715, Batch Acc: 0.563251, Tokens per Sec:     1050, Lr: 0.000300
2026-05-23 20:01:53,099 - INFO - joeynmt.training - Epoch   4, Step:     8900, Batch Loss:     1.384835, Batch Acc: 0.563440, Tokens per Sec:     1148, Lr: 0.000300
2026-05-23 20:02:50,642 - INFO - joeynmt.training - Epoch   4, Step:     9000, Batch Loss:     1.454331, Batch Acc: 0.564678, Tokens per Sec:     1126, Lr: 0.000300
2026-05-23 20:02:50,643 - INFO - joeynmt.prediction - Predicting 1003 example(s)... (Greedy decoding with min_output_length=1, max_output_length=100, return_prob='none', generate_unk=True, repetition_penalty=-1, no_repeat_ngram_size=-1)
2026-05-23 20:03:48,178 - INFO - joeynmt.metrics - nrefs:1|case:mixed|eff:no|tok:13a|smooth:exp|version:2.6.0
2026-05-23 20:03:48,179 - INFO - joeynmt.prediction - Evaluation result (greedy) bleu:   5.01, loss:   1.96, ppl:   7.09, acc:   0.45, generation: 57.3352[sec], evaluation: 0.1931[sec]
2026-05-23 20:03:48,180 - INFO - joeynmt.training - Hooray! New best validation result [ppl]!
2026-05-23 20:03:48,286 - INFO - joeynmt.helpers - delete output_word/8000.ckpt
2026-05-23 20:03:48,303 - INFO - joeynmt.training - Example #0
2026-05-23 20:03:48,303 - DEBUG - joeynmt.training - 	Tokenized source:     ['Last', 'year', 'I', 'showed', 'these', 'two', 'slides', 'so', 'that', 'demonstrate', 'that', 'the', 'arctic', 'ice', 'cap,', 'which', 'for', 'most', 'of', 'the', 'last', 'three', 'million', 'years', 'has', 'been', 'the', 'size', 'of', 'the', 'lower', '48', 'states,', 'has', 'shrunk', 'by', '40', 'percent.']
2026-05-23 20:03:48,303 - DEBUG - joeynmt.training - 	Tokenized reference:  ['Vorig', 'jaar', 'liet', 'ik', 'deze', 'twee', "dia's", 'zien', 'om', 'aan', '', 'te', 'tonen', 'dat', 'de', 'poolijskap,', '', 'die', 'de', 'afgelopen', 'drie', 'miljoen', 'jaar', '', 'ongeveer', 'de', 'grootte', 'had', 'van', 'het', 'vasteland', 'van', 'de', 'VS,', '', 'met', '40%', 'gekrompen', 'was.']
2026-05-23 20:03:48,305 - DEBUG - joeynmt.training - 	Tokenized hypothesis: ['<unk>', 'jaar', 'heb', 'ik', 'deze', 'twee', '<unk>', '<unk>', 'zodat', 'de', 'meeste', '<unk>', '<unk>', '<unk>', 'die', 'de', 'meeste', 'van', 'de', 'afgelopen', 'drie', 'miljoen', 'jaar', 'is', 'de', 'grootte', 'van', 'de', '<unk>', '<unk>', '<unk>', 'heeft', '<unk>', '</s>']
2026-05-23 20:03:48,305 - INFO - joeynmt.training - 	Source:     Last year I showed these two slides so that demonstrate that the arctic ice cap, which for most of the last three million years has been the size of the lower 48 states, has shrunk by 40 percent.
2026-05-23 20:03:48,305 - INFO - joeynmt.training - 	Reference:  Vorig jaar liet ik deze twee dia's zien om aan  te tonen dat de poolijskap,  die de afgelopen drie miljoen jaar  ongeveer de grootte had van het vasteland van de VS,  met 40% gekrompen was.
2026-05-23 20:03:48,305 - INFO - joeynmt.training - 	Hypothesis: <unk> jaar heb ik deze twee <unk> <unk> zodat de meeste <unk> <unk> <unk> die de meeste van de afgelopen drie miljoen jaar is de grootte van de <unk> <unk> <unk> heeft <unk>
2026-05-23 20:03:48,305 - INFO - joeynmt.training - Example #1
2026-05-23 20:03:48,305 - DEBUG - joeynmt.training - 	Tokenized source:     ['But', 'this', 'understates', 'the', 'seriousness', 'of', 'this', 'particular', 'problem', 'because', 'it', "doesn't", 'show', 'the', 'thickness', 'of', 'the', 'ice.']
2026-05-23 20:03:48,305 - DEBUG - joeynmt.training - 	Tokenized reference:  ['Maar', 'dit', 'onderschat', 'eigenlijk', 'de', 'ernst', 'van', 'dit', 'specifieke', 'probleem', '', 'omdat', 'het', 'niet', 'de', 'dikte', 'van', 'het', 'ijs', 'laat', 'zien.']
2026-05-23 20:03:48,305 - DEBUG - joeynmt.training - 	Tokenized hypothesis: ['Maar', 'dit', '<unk>', 'de', '<unk>', 'van', 'dit', 'specifieke', 'probleem', 'omdat', 'het', 'de', '<unk>', 'van', 'de', '<unk>', '<unk>', '</s>']
2026-05-23 20:03:48,306 - INFO - joeynmt.training - 	Source:     But this understates the seriousness of this particular problem because it doesn't show the thickness of the ice.
2026-05-23 20:03:48,306 - INFO - joeynmt.training - 	Reference:  Maar dit onderschat eigenlijk de ernst van dit specifieke probleem  omdat het niet de dikte van het ijs laat zien.
2026-05-23 20:03:48,306 - INFO - joeynmt.training - 	Hypothesis: Maar dit <unk> de <unk> van dit specifieke probleem omdat het de <unk> van de <unk> <unk>
2026-05-23 20:03:48,307 - INFO - joeynmt.training - Example #2
2026-05-23 20:03:48,307 - DEBUG - joeynmt.training - 	Tokenized source:     ['The', 'arctic', 'ice', 'cap', 'is,', 'in', 'a', 'sense,', 'the', 'beating', 'heart', 'of', 'the', 'global', 'climate', 'system.']
2026-05-23 20:03:48,307 - DEBUG - joeynmt.training - 	Tokenized reference:  ['De', 'ijskap', 'op', 'de', 'Noordpool', 'is', 'in', 'zekere', 'zin', '', 'het', 'kloppend', 'hart', 'van', 'ons', 'globaal', 'klimaatsysteem.']
2026-05-23 20:03:48,307 - DEBUG - joeynmt.training - 	Tokenized hypothesis: ['De', '<unk>', '<unk>', 'is', 'in', 'zekere', 'zin', 'de', '<unk>', '<unk>', 'van', 'de', '<unk>', '</s>']
2026-05-23 20:03:48,309 - INFO - joeynmt.training - 	Source:     The arctic ice cap is, in a sense, the beating heart of the global climate system.
2026-05-23 20:03:48,310 - INFO - joeynmt.training - 	Reference:  De ijskap op de Noordpool is in zekere zin  het kloppend hart van ons globaal klimaatsysteem.
2026-05-23 20:03:48,310 - INFO - joeynmt.training - 	Hypothesis: De <unk> <unk> is in zekere zin de <unk> <unk> van de <unk>
2026-05-23 20:03:48,311 - INFO - joeynmt.training - Example #3
2026-05-23 20:03:48,312 - DEBUG - joeynmt.training - 	Tokenized source:     ['It', 'expands', 'in', 'winter', 'and', 'contracts', 'in', 'summer.']
2026-05-23 20:03:48,314 - DEBUG - joeynmt.training - 	Tokenized reference:  ['Het', 'zet', 'uit', 'in', 'de', 'winter', 'en', 'krimpt', 'in', 'de', 'zomer.']
2026-05-23 20:03:48,314 - DEBUG - joeynmt.training - 	Tokenized hypothesis: ['Het', '<unk>', 'in', '<unk>', 'en', '<unk>', 'in', '<unk>', '</s>']
2026-05-23 20:03:48,315 - INFO - joeynmt.training - 	Source:     It expands in winter and contracts in summer.
2026-05-23 20:03:48,316 - INFO - joeynmt.training - 	Reference:  Het zet uit in de winter en krimpt in de zomer.
2026-05-23 20:03:48,316 - INFO - joeynmt.training - 	Hypothesis: Het <unk> in <unk> en <unk> in <unk>
2026-05-23 20:03:48,317 - INFO - joeynmt.training - Example #4
2026-05-23 20:03:48,317 - DEBUG - joeynmt.training - 	Tokenized source:     ['The', 'next', 'slide', 'I', 'show', 'you', 'will', 'be', 'a', 'rapid', 'fast-forward', 'of', "what's", 'happened', 'over', 'the', 'last', '25', 'years.']
2026-05-23 20:03:48,317 - DEBUG - joeynmt.training - 	Tokenized reference:  ['De', 'volgende', 'dia', 'die', 'ik', 'laat', 'zien', '', 'is', 'een', 'versnelde', 'versie', 'van', 'wat', 'er', 'de', 'afgelopen', '25', 'jaar', 'is', 'gebeurd.']
2026-05-23 20:03:48,317 - DEBUG - joeynmt.training - 	Tokenized hypothesis: ['De', 'volgende', '<unk>', 'die', 'ik', 'laat', 'zien', 'dat', 'een', '<unk>', '<unk>', '<unk>', 'van', 'wat', 'er', 'gebeurd', 'is', 'de', 'afgelopen', '25', 'jaar.', '</s>']
2026-05-23 20:03:48,317 - INFO - joeynmt.training - 	Source:     The next slide I show you will be a rapid fast-forward of what's happened over the last 25 years.
2026-05-23 20:03:48,317 - INFO - joeynmt.training - 	Reference:  De volgende dia die ik laat zien  is een versnelde versie van wat er de afgelopen 25 jaar is gebeurd.
2026-05-23 20:03:48,317 - INFO - joeynmt.training - 	Hypothesis: De volgende <unk> die ik laat zien dat een <unk> <unk> <unk> van wat er gebeurd is de afgelopen 25 jaar.
2026-05-23 20:04:48,548 - INFO - joeynmt.training - Epoch   4, Step:     9100, Batch Loss:     1.408040, Batch Acc: 0.564230, Tokens per Sec:     1096, Lr: 0.000300
2026-05-23 20:05:50,934 - INFO - joeynmt.training - Epoch   4, Step:     9200, Batch Loss:     1.367536, Batch Acc: 0.562275, Tokens per Sec:     1052, Lr: 0.000300
2026-05-23 20:06:49,927 - INFO - joeynmt.training - Epoch   4, Step:     9300, Batch Loss:     1.415082, Batch Acc: 0.564759, Tokens per Sec:     1129, Lr: 0.000300
2026-05-23 20:07:49,898 - INFO - joeynmt.training - Epoch   4, Step:     9400, Batch Loss:     1.460806, Batch Acc: 0.564185, Tokens per Sec:     1053, Lr: 0.000300
2026-05-23 20:08:52,469 - INFO - joeynmt.training - Epoch   4, Step:     9500, Batch Loss:     1.305324, Batch Acc: 0.567147, Tokens per Sec:     1034, Lr: 0.000300
2026-05-23 20:08:52,470 - INFO - joeynmt.prediction - Predicting 1003 example(s)... (Greedy decoding with min_output_length=1, max_output_length=100, return_prob='none', generate_unk=True, repetition_penalty=-1, no_repeat_ngram_size=-1)
2026-05-23 20:10:01,963 - INFO - joeynmt.metrics - nrefs:1|case:mixed|eff:no|tok:13a|smooth:exp|version:2.6.0
2026-05-23 20:10:01,963 - INFO - joeynmt.prediction - Evaluation result (greedy) bleu:   5.13, loss:   1.96, ppl:   7.09, acc:   0.45, generation: 69.2955[sec], evaluation: 0.1893[sec]
2026-05-23 20:10:01,965 - INFO - joeynmt.training - Hooray! New best validation result [ppl]!
2026-05-23 20:10:02,044 - INFO - joeynmt.helpers - delete output_word/6500.ckpt
2026-05-23 20:10:02,051 - INFO - joeynmt.training - Example #0
2026-05-23 20:10:02,053 - DEBUG - joeynmt.training - 	Tokenized source:     ['Last', 'year', 'I', 'showed', 'these', 'two', 'slides', 'so', 'that', 'demonstrate', 'that', 'the', 'arctic', 'ice', 'cap,', 'which', 'for', 'most', 'of', 'the', 'last', 'three', 'million', 'years', 'has', 'been', 'the', 'size', 'of', 'the', 'lower', '48', 'states,', 'has', 'shrunk', 'by', '40', 'percent.']
2026-05-23 20:10:02,053 - DEBUG - joeynmt.training - 	Tokenized reference:  ['Vorig', 'jaar', 'liet', 'ik', 'deze', 'twee', "dia's", 'zien', 'om', 'aan', '', 'te', 'tonen', 'dat', 'de', 'poolijskap,', '', 'die', 'de', 'afgelopen', 'drie', 'miljoen', 'jaar', '', 'ongeveer', 'de', 'grootte', 'had', 'van', 'het', 'vasteland', 'van', 'de', 'VS,', '', 'met', '40%', 'gekrompen', 'was.']
2026-05-23 20:10:02,053 - DEBUG - joeynmt.training - 	Tokenized hypothesis: ['<unk>', 'jaar', 'liet', 'ik', 'deze', 'twee', '<unk>', 'zien', 'zodat', 'de', '<unk>', '<unk>', 'die', 'de', 'meeste', '<unk>', 'die', 'de', 'meeste', '<unk>', '<unk>', '<unk>', 'heeft', '<unk>', 'met', '40', 'procent', '<unk>', 'de', 'grootte', 'van', 'de', '<unk>', '<unk>', 'heeft', '<unk>', 'met', '40', 'procent', '<unk>', '</s>']
2026-05-23 20:10:02,053 - INFO - joeynmt.training - 	Source:     Last year I showed these two slides so that demonstrate that the arctic ice cap, which for most of the last three million years has been the size of the lower 48 states, has shrunk by 40 percent.
2026-05-23 20:10:02,053 - INFO - joeynmt.training - 	Reference:  Vorig jaar liet ik deze twee dia's zien om aan  te tonen dat de poolijskap,  die de afgelopen drie miljoen jaar  ongeveer de grootte had van het vasteland van de VS,  met 40% gekrompen was.
2026-05-23 20:10:02,054 - INFO - joeynmt.training - 	Hypothesis: <unk> jaar liet ik deze twee <unk> zien zodat de <unk> <unk> die de meeste <unk> die de meeste <unk> <unk> <unk> heeft <unk> met 40 procent <unk> de grootte van de <unk> <unk> heeft <unk> met 40 procent <unk>
2026-05-23 20:10:02,054 - INFO - joeynmt.training - Example #1
2026-05-23 20:10:02,055 - DEBUG - joeynmt.training - 	Tokenized source:     ['But', 'this', 'understates', 'the', 'seriousness', 'of', 'this', 'particular', 'problem', 'because', 'it', "doesn't", 'show', 'the', 'thickness', 'of', 'the', 'ice.']
2026-05-23 20:10:02,055 - DEBUG - joeynmt.training - 	Tokenized reference:  ['Maar', 'dit', 'onderschat', 'eigenlijk', 'de', 'ernst', 'van', 'dit', 'specifieke', 'probleem', '', 'omdat', 'het', 'niet', 'de', 'dikte', 'van', 'het', 'ijs', 'laat', 'zien.']
2026-05-23 20:10:02,055 - DEBUG - joeynmt.training - 	Tokenized hypothesis: ['Maar', 'dit', '<unk>', 'de', '<unk>', 'van', 'dit', 'specifieke', 'probleem', 'omdat', 'het', 'niet', 'de', '<unk>', 'van', 'de', '<unk>', '</s>']
2026-05-23 20:10:02,055 - INFO - joeynmt.training - 	Source:     But this understates the seriousness of this particular problem because it doesn't show the thickness of the ice.
2026-05-23 20:10:02,055 - INFO - joeynmt.training - 	Reference:  Maar dit onderschat eigenlijk de ernst van dit specifieke probleem  omdat het niet de dikte van het ijs laat zien.
2026-05-23 20:10:02,056 - INFO - joeynmt.training - 	Hypothesis: Maar dit <unk> de <unk> van dit specifieke probleem omdat het niet de <unk> van de <unk>
2026-05-23 20:10:02,056 - INFO - joeynmt.training - Example #2
2026-05-23 20:10:02,056 - DEBUG - joeynmt.training - 	Tokenized source:     ['The', 'arctic', 'ice', 'cap', 'is,', 'in', 'a', 'sense,', 'the', 'beating', 'heart', 'of', 'the', 'global', 'climate', 'system.']
2026-05-23 20:10:02,056 - DEBUG - joeynmt.training - 	Tokenized reference:  ['De', 'ijskap', 'op', 'de', 'Noordpool', 'is', 'in', 'zekere', 'zin', '', 'het', 'kloppend', 'hart', 'van', 'ons', 'globaal', 'klimaatsysteem.']
2026-05-23 20:10:02,056 - DEBUG - joeynmt.training - 	Tokenized hypothesis: ['Het', '<unk>', '<unk>', 'is', 'in', 'een', '<unk>', 'de', '<unk>', '<unk>', 'van', 'de', '<unk>', '</s>']
2026-05-23 20:10:02,057 - INFO - joeynmt.training - 	Source:     The arctic ice cap is, in a sense, the beating heart of the global climate system.
2026-05-23 20:10:02,057 - INFO - joeynmt.training - 	Reference:  De ijskap op de Noordpool is in zekere zin  het kloppend hart van ons globaal klimaatsysteem.
2026-05-23 20:10:02,057 - INFO - joeynmt.training - 	Hypothesis: Het <unk> <unk> is in een <unk> de <unk> <unk> van de <unk>
2026-05-23 20:10:02,057 - INFO - joeynmt.training - Example #3
2026-05-23 20:10:02,058 - DEBUG - joeynmt.training - 	Tokenized source:     ['It', 'expands', 'in', 'winter', 'and', 'contracts', 'in', 'summer.']
2026-05-23 20:10:02,058 - DEBUG - joeynmt.training - 	Tokenized reference:  ['Het', 'zet', 'uit', 'in', 'de', 'winter', 'en', 'krimpt', 'in', 'de', 'zomer.']
2026-05-23 20:10:02,058 - DEBUG - joeynmt.training - 	Tokenized hypothesis: ['Het', '<unk>', 'in', '<unk>', 'en', '<unk>', 'in', '<unk>', '</s>']
2026-05-23 20:10:02,058 - INFO - joeynmt.training - 	Source:     It expands in winter and contracts in summer.
2026-05-23 20:10:02,058 - INFO - joeynmt.training - 	Reference:  Het zet uit in de winter en krimpt in de zomer.
2026-05-23 20:10:02,058 - INFO - joeynmt.training - 	Hypothesis: Het <unk> in <unk> en <unk> in <unk>
2026-05-23 20:10:02,059 - INFO - joeynmt.training - Example #4
2026-05-23 20:10:02,059 - DEBUG - joeynmt.training - 	Tokenized source:     ['The', 'next', 'slide', 'I', 'show', 'you', 'will', 'be', 'a', 'rapid', 'fast-forward', 'of', "what's", 'happened', 'over', 'the', 'last', '25', 'years.']
2026-05-23 20:10:02,059 - DEBUG - joeynmt.training - 	Tokenized reference:  ['De', 'volgende', 'dia', 'die', 'ik', 'laat', 'zien', '', 'is', 'een', 'versnelde', 'versie', 'van', 'wat', 'er', 'de', 'afgelopen', '25', 'jaar', 'is', 'gebeurd.']
2026-05-23 20:10:02,059 - DEBUG - joeynmt.training - 	Tokenized hypothesis: ['De', 'volgende', '<unk>', 'zal', 'ik', 'jullie', 'een', '<unk>', '<unk>', '<unk>', 'van', 'wat', 'er', 'gebeurde', 'in', 'de', 'afgelopen', '25', 'jaar.', '</s>']
2026-05-23 20:10:02,060 - INFO - joeynmt.training - 	Source:     The next slide I show you will be a rapid fast-forward of what's happened over the last 25 years.
2026-05-23 20:10:02,060 - INFO - joeynmt.training - 	Reference:  De volgende dia die ik laat zien  is een versnelde versie van wat er de afgelopen 25 jaar is gebeurd.
2026-05-23 20:10:02,060 - INFO - joeynmt.training - 	Hypothesis: De volgende <unk> zal ik jullie een <unk> <unk> <unk> van wat er gebeurde in de afgelopen 25 jaar.
2026-05-23 20:10:44,956 - INFO - joeynmt.training - Epoch   4, Step:     9600, Batch Loss:     1.365395, Batch Acc: 0.566533, Tokens per Sec:     1525, Lr: 0.000300
2026-05-23 20:11:14,562 - INFO - joeynmt.training - Epoch   4, Step:     9700, Batch Loss:     1.370492, Batch Acc: 0.567823, Tokens per Sec:     2250, Lr: 0.000300
2026-05-23 20:11:44,302 - INFO - joeynmt.training - Epoch   4: total training loss 3378.75
2026-05-23 20:11:44,302 - INFO - joeynmt.training - EPOCH 5
2026-05-23 20:11:44,592 - INFO - joeynmt.training - Epoch   5, Step:     9800, Batch Loss:     1.322201, Batch Acc: 0.592409, Tokens per Sec:     2097, Lr: 0.000300
2026-05-23 20:12:15,121 - INFO - joeynmt.training - Epoch   5, Step:     9900, Batch Loss:     1.335745, Batch Acc: 0.588328, Tokens per Sec:     2131, Lr: 0.000300
2026-05-23 20:12:45,639 - INFO - joeynmt.training - Epoch   5, Step:    10000, Batch Loss:     1.328222, Batch Acc: 0.586310, Tokens per Sec:     2078, Lr: 0.000300
2026-05-23 20:12:45,639 - INFO - joeynmt.prediction - Predicting 1003 example(s)... (Greedy decoding with min_output_length=1, max_output_length=100, return_prob='none', generate_unk=True, repetition_penalty=-1, no_repeat_ngram_size=-1)
2026-05-23 20:13:15,309 - INFO - joeynmt.metrics - nrefs:1|case:mixed|eff:no|tok:13a|smooth:exp|version:2.6.0
2026-05-23 20:13:15,310 - INFO - joeynmt.prediction - Evaluation result (greedy) bleu:   5.27, loss:   1.97, ppl:   7.16, acc:   0.45, generation: 29.4808[sec], evaluation: 0.1160[sec]
2026-05-23 20:13:15,352 - INFO - joeynmt.helpers - delete output_word/7500.ckpt
2026-05-23 20:13:15,358 - INFO - joeynmt.training - Example #0
2026-05-23 20:13:15,358 - DEBUG - joeynmt.training - 	Tokenized source:     ['Last', 'year', 'I', 'showed', 'these', 'two', 'slides', 'so', 'that', 'demonstrate', 'that', 'the', 'arctic', 'ice', 'cap,', 'which', 'for', 'most', 'of', 'the', 'last', 'three', 'million', 'years', 'has', 'been', 'the', 'size', 'of', 'the', 'lower', '48', 'states,', 'has', 'shrunk', 'by', '40', 'percent.']
2026-05-23 20:13:15,358 - DEBUG - joeynmt.training - 	Tokenized reference:  ['Vorig', 'jaar', 'liet', 'ik', 'deze', 'twee', "dia's", 'zien', 'om', 'aan', '', 'te', 'tonen', 'dat', 'de', 'poolijskap,', '', 'die', 'de', 'afgelopen', 'drie', 'miljoen', 'jaar', '', 'ongeveer', 'de', 'grootte', 'had', 'van', 'het', 'vasteland', 'van', 'de', 'VS,', '', 'met', '40%', 'gekrompen', 'was.']
2026-05-23 20:13:15,358 - DEBUG - joeynmt.training - 	Tokenized hypothesis: ['<unk>', 'jaar', 'heb', 'ik', 'deze', 'twee', '<unk>', '<unk>', 'zodat', 'de', '<unk>', '<unk>', 'die', 'de', 'meeste', 'van', 'de', 'laatste', 'drie', 'miljoen', 'jaar', 'is', 'de', '<unk>', 'van', 'de', '<unk>', '<unk>', 'heeft', '<unk>', '<unk>', '<unk>', 'met', '40', 'procent', '<unk>', '</s>']
2026-05-23 20:13:15,358 - INFO - joeynmt.training - 	Source:     Last year I showed these two slides so that demonstrate that the arctic ice cap, which for most of the last three million years has been the size of the lower 48 states, has shrunk by 40 percent.
2026-05-23 20:13:15,358 - INFO - joeynmt.training - 	Reference:  Vorig jaar liet ik deze twee dia's zien om aan  te tonen dat de poolijskap,  die de afgelopen drie miljoen jaar  ongeveer de grootte had van het vasteland van de VS,  met 40% gekrompen was.
2026-05-23 20:13:15,358 - INFO - joeynmt.training - 	Hypothesis: <unk> jaar heb ik deze twee <unk> <unk> zodat de <unk> <unk> die de meeste van de laatste drie miljoen jaar is de <unk> van de <unk> <unk> heeft <unk> <unk> <unk> met 40 procent <unk>
2026-05-23 20:13:15,358 - INFO - joeynmt.training - Example #1
2026-05-23 20:13:15,359 - DEBUG - joeynmt.training - 	Tokenized source:     ['But', 'this', 'understates', 'the', 'seriousness', 'of', 'this', 'particular', 'problem', 'because', 'it', "doesn't", 'show', 'the', 'thickness', 'of', 'the', 'ice.']
2026-05-23 20:13:15,359 - DEBUG - joeynmt.training - 	Tokenized reference:  ['Maar', 'dit', 'onderschat', 'eigenlijk', 'de', 'ernst', 'van', 'dit', 'specifieke', 'probleem', '', 'omdat', 'het', 'niet', 'de', 'dikte', 'van', 'het', 'ijs', 'laat', 'zien.']
2026-05-23 20:13:15,359 - DEBUG - joeynmt.training - 	Tokenized hypothesis: ['Maar', 'deze', '<unk>', 'de', '<unk>', 'van', 'dit', 'specifieke', 'probleem', 'is', 'omdat', 'het', 'niet', 'de', '<unk>', 'van', 'de', '<unk>', '</s>']
2026-05-23 20:13:15,359 - INFO - joeynmt.training - 	Source:     But this understates the seriousness of this particular problem because it doesn't show the thickness of the ice.
2026-05-23 20:13:15,359 - INFO - joeynmt.training - 	Reference:  Maar dit onderschat eigenlijk de ernst van dit specifieke probleem  omdat het niet de dikte van het ijs laat zien.
2026-05-23 20:13:15,359 - INFO - joeynmt.training - 	Hypothesis: Maar deze <unk> de <unk> van dit specifieke probleem is omdat het niet de <unk> van de <unk>
2026-05-23 20:13:15,359 - INFO - joeynmt.training - Example #2
2026-05-23 20:13:15,359 - DEBUG - joeynmt.training - 	Tokenized source:     ['The', 'arctic', 'ice', 'cap', 'is,', 'in', 'a', 'sense,', 'the', 'beating', 'heart', 'of', 'the', 'global', 'climate', 'system.']
2026-05-23 20:13:15,360 - DEBUG - joeynmt.training - 	Tokenized reference:  ['De', 'ijskap', 'op', 'de', 'Noordpool', 'is', 'in', 'zekere', 'zin', '', 'het', 'kloppend', 'hart', 'van', 'ons', 'globaal', 'klimaatsysteem.']
2026-05-23 20:13:15,360 - DEBUG - joeynmt.training - 	Tokenized hypothesis: ['Het', '<unk>', '<unk>', 'is', 'in', 'een', '<unk>', 'het', 'hart', 'van', 'de', '<unk>', '</s>']
2026-05-23 20:13:15,360 - INFO - joeynmt.training - 	Source:     The arctic ice cap is, in a sense, the beating heart of the global climate system.
2026-05-23 20:13:15,360 - INFO - joeynmt.training - 	Reference:  De ijskap op de Noordpool is in zekere zin  het kloppend hart van ons globaal klimaatsysteem.
2026-05-23 20:13:15,360 - INFO - joeynmt.training - 	Hypothesis: Het <unk> <unk> is in een <unk> het hart van de <unk>
2026-05-23 20:13:15,360 - INFO - joeynmt.training - Example #3
2026-05-23 20:13:15,360 - DEBUG - joeynmt.training - 	Tokenized source:     ['It', 'expands', 'in', 'winter', 'and', 'contracts', 'in', 'summer.']
2026-05-23 20:13:15,360 - DEBUG - joeynmt.training - 	Tokenized reference:  ['Het', 'zet', 'uit', 'in', 'de', 'winter', 'en', 'krimpt', 'in', 'de', 'zomer.']
2026-05-23 20:13:15,360 - DEBUG - joeynmt.training - 	Tokenized hypothesis: ['Het', '<unk>', 'in', '<unk>', 'en', '<unk>', 'in', '<unk>', '</s>']
2026-05-23 20:13:15,361 - INFO - joeynmt.training - 	Source:     It expands in winter and contracts in summer.
2026-05-23 20:13:15,361 - INFO - joeynmt.training - 	Reference:  Het zet uit in de winter en krimpt in de zomer.
2026-05-23 20:13:15,361 - INFO - joeynmt.training - 	Hypothesis: Het <unk> in <unk> en <unk> in <unk>
2026-05-23 20:13:15,361 - INFO - joeynmt.training - Example #4
2026-05-23 20:13:15,361 - DEBUG - joeynmt.training - 	Tokenized source:     ['The', 'next', 'slide', 'I', 'show', 'you', 'will', 'be', 'a', 'rapid', 'fast-forward', 'of', "what's", 'happened', 'over', 'the', 'last', '25', 'years.']
2026-05-23 20:13:15,361 - DEBUG - joeynmt.training - 	Tokenized reference:  ['De', 'volgende', 'dia', 'die', 'ik', 'laat', 'zien', '', 'is', 'een', 'versnelde', 'versie', 'van', 'wat', 'er', 'de', 'afgelopen', '25', 'jaar', 'is', 'gebeurd.']
2026-05-23 20:13:15,361 - DEBUG - joeynmt.training - 	Tokenized hypothesis: ['De', 'volgende', '<unk>', 'laat', 'ik', 'jullie', 'een', '<unk>', '<unk>', 'van', 'wat', 'er', 'gebeurd', 'is', 'in', 'de', 'laatste', '25', 'jaar', '<unk>', '</s>']
2026-05-23 20:13:15,361 - INFO - joeynmt.training - 	Source:     The next slide I show you will be a rapid fast-forward of what's happened over the last 25 years.
2026-05-23 20:13:15,361 - INFO - joeynmt.training - 	Reference:  De volgende dia die ik laat zien  is een versnelde versie van wat er de afgelopen 25 jaar is gebeurd.
2026-05-23 20:13:15,361 - INFO - joeynmt.training - 	Hypothesis: De volgende <unk> laat ik jullie een <unk> <unk> van wat er gebeurd is in de laatste 25 jaar <unk>
2026-05-23 20:13:45,959 - INFO - joeynmt.training - Epoch   5, Step:    10100, Batch Loss:     1.435052, Batch Acc: 0.585579, Tokens per Sec:     2173, Lr: 0.000300
2026-05-23 20:14:16,288 - INFO - joeynmt.training - Epoch   5, Step:    10200, Batch Loss:     1.235683, Batch Acc: 0.585256, Tokens per Sec:     2204, Lr: 0.000300
2026-05-23 20:14:46,896 - INFO - joeynmt.training - Epoch   5, Step:    10300, Batch Loss:     1.395324, Batch Acc: 0.583068, Tokens per Sec:     2117, Lr: 0.000300
2026-05-23 20:15:17,470 - INFO - joeynmt.training - Epoch   5, Step:    10400, Batch Loss:     1.294404, Batch Acc: 0.583285, Tokens per Sec:     2091, Lr: 0.000300
2026-05-23 20:15:49,296 - INFO - joeynmt.training - Epoch   5, Step:    10500, Batch Loss:     1.111477, Batch Acc: 0.585568, Tokens per Sec:     2016, Lr: 0.000300
2026-05-23 20:15:49,297 - INFO - joeynmt.prediction - Predicting 1003 example(s)... (Greedy decoding with min_output_length=1, max_output_length=100, return_prob='none', generate_unk=True, repetition_penalty=-1, no_repeat_ngram_size=-1)
2026-05-23 20:16:19,098 - INFO - joeynmt.metrics - nrefs:1|case:mixed|eff:no|tok:13a|smooth:exp|version:2.6.0
2026-05-23 20:16:19,099 - INFO - joeynmt.prediction - Evaluation result (greedy) bleu:   4.94, loss:   1.96, ppl:   7.07, acc:   0.45, generation: 29.6735[sec], evaluation: 0.1206[sec]
2026-05-23 20:16:19,099 - INFO - joeynmt.training - Hooray! New best validation result [ppl]!
2026-05-23 20:16:19,144 - INFO - joeynmt.helpers - delete output_word/8500.ckpt
2026-05-23 20:16:19,150 - INFO - joeynmt.training - Example #0
2026-05-23 20:16:19,150 - DEBUG - joeynmt.training - 	Tokenized source:     ['Last', 'year', 'I', 'showed', 'these', 'two', 'slides', 'so', 'that', 'demonstrate', 'that', 'the', 'arctic', 'ice', 'cap,', 'which', 'for', 'most', 'of', 'the', 'last', 'three', 'million', 'years', 'has', 'been', 'the', 'size', 'of', 'the', 'lower', '48', 'states,', 'has', 'shrunk', 'by', '40', 'percent.']
2026-05-23 20:16:19,150 - DEBUG - joeynmt.training - 	Tokenized reference:  ['Vorig', 'jaar', 'liet', 'ik', 'deze', 'twee', "dia's", 'zien', 'om', 'aan', '', 'te', 'tonen', 'dat', 'de', 'poolijskap,', '', 'die', 'de', 'afgelopen', 'drie', 'miljoen', 'jaar', '', 'ongeveer', 'de', 'grootte', 'had', 'van', 'het', 'vasteland', 'van', 'de', 'VS,', '', 'met', '40%', 'gekrompen', 'was.']
2026-05-23 20:16:19,151 - DEBUG - joeynmt.training - 	Tokenized hypothesis: ['<unk>', 'jaar', 'heeft', 'ik', 'deze', 'twee', '<unk>', '<unk>', '<unk>', 'dat', 'de', '<unk>', '<unk>', 'die', 'de', 'meeste', '<unk>', '<unk>', 'van', 'de', 'laatste', 'drie', 'miljoen', 'jaar', 'is', 'de', '<unk>', '<unk>', '<unk>', '<unk>', 'met', '<unk>', '<unk>', '<unk>', '<unk>', '<unk>', '<unk>', '<unk>', '<unk>', '<unk>', '<unk>', '<unk>', '<unk>', 'met', '40', 'procent.', '</s>']
2026-05-23 20:16:19,151 - INFO - joeynmt.training - 	Source:     Last year I showed these two slides so that demonstrate that the arctic ice cap, which for most of the last three million years has been the size of the lower 48 states, has shrunk by 40 percent.
2026-05-23 20:16:19,151 - INFO - joeynmt.training - 	Reference:  Vorig jaar liet ik deze twee dia's zien om aan  te tonen dat de poolijskap,  die de afgelopen drie miljoen jaar  ongeveer de grootte had van het vasteland van de VS,  met 40% gekrompen was.
2026-05-23 20:16:19,151 - INFO - joeynmt.training - 	Hypothesis: <unk> jaar heeft ik deze twee <unk> <unk> <unk> dat de <unk> <unk> die de meeste <unk> <unk> van de laatste drie miljoen jaar is de <unk> <unk> <unk> <unk> met <unk> <unk> <unk> <unk> <unk> <unk> <unk> <unk> <unk> <unk> <unk> <unk> met 40 procent.
2026-05-23 20:16:19,151 - INFO - joeynmt.training - Example #1
2026-05-23 20:16:19,151 - DEBUG - joeynmt.training - 	Tokenized source:     ['But', 'this', 'understates', 'the', 'seriousness', 'of', 'this', 'particular', 'problem', 'because', 'it', "doesn't", 'show', 'the', 'thickness', 'of', 'the', 'ice.']
2026-05-23 20:16:19,151 - DEBUG - joeynmt.training - 	Tokenized reference:  ['Maar', 'dit', 'onderschat', 'eigenlijk', 'de', 'ernst', 'van', 'dit', 'specifieke', 'probleem', '', 'omdat', 'het', 'niet', 'de', 'dikte', 'van', 'het', 'ijs', 'laat', 'zien.']
2026-05-23 20:16:19,151 - DEBUG - joeynmt.training - 	Tokenized hypothesis: ['Maar', 'dit', '<unk>', 'de', '<unk>', 'van', 'dit', '<unk>', '<unk>', 'omdat', 'het', 'niet', '<unk>', '<unk>', '<unk>', '</s>']
2026-05-23 20:16:19,152 - INFO - joeynmt.training - 	Source:     But this understates the seriousness of this particular problem because it doesn't show the thickness of the ice.
2026-05-23 20:16:19,152 - INFO - joeynmt.training - 	Reference:  Maar dit onderschat eigenlijk de ernst van dit specifieke probleem  omdat het niet de dikte van het ijs laat zien.
2026-05-23 20:16:19,152 - INFO - joeynmt.training - 	Hypothesis: Maar dit <unk> de <unk> van dit <unk> <unk> omdat het niet <unk> <unk> <unk>
2026-05-23 20:16:19,152 - INFO - joeynmt.training - Example #2
2026-05-23 20:16:19,152 - DEBUG - joeynmt.training - 	Tokenized source:     ['The', 'arctic', 'ice', 'cap', 'is,', 'in', 'a', 'sense,', 'the', 'beating', 'heart', 'of', 'the', 'global', 'climate', 'system.']
2026-05-23 20:16:19,152 - DEBUG - joeynmt.training - 	Tokenized reference:  ['De', 'ijskap', 'op', 'de', 'Noordpool', 'is', 'in', 'zekere', 'zin', '', 'het', 'kloppend', 'hart', 'van', 'ons', 'globaal', 'klimaatsysteem.']
2026-05-23 20:16:19,152 - DEBUG - joeynmt.training - 	Tokenized hypothesis: ['De', '<unk>', 'is', '<unk>', 'in', 'een', '<unk>', '<unk>', 'het', '<unk>', '<unk>', '</s>']
2026-05-23 20:16:19,152 - INFO - joeynmt.training - 	Source:     The arctic ice cap is, in a sense, the beating heart of the global climate system.
2026-05-23 20:16:19,153 - INFO - joeynmt.training - 	Reference:  De ijskap op de Noordpool is in zekere zin  het kloppend hart van ons globaal klimaatsysteem.
2026-05-23 20:16:19,153 - INFO - joeynmt.training - 	Hypothesis: De <unk> is <unk> in een <unk> <unk> het <unk> <unk>
2026-05-23 20:16:19,153 - INFO - joeynmt.training - Example #3
2026-05-23 20:16:19,153 - DEBUG - joeynmt.training - 	Tokenized source:     ['It', 'expands', 'in', 'winter', 'and', 'contracts', 'in', 'summer.']
2026-05-23 20:16:19,153 - DEBUG - joeynmt.training - 	Tokenized reference:  ['Het', 'zet', 'uit', 'in', 'de', 'winter', 'en', 'krimpt', 'in', 'de', 'zomer.']
2026-05-23 20:16:19,153 - DEBUG - joeynmt.training - 	Tokenized hypothesis: ['Het', '<unk>', 'in', '<unk>', 'en', '<unk>', 'in', '<unk>', '</s>']
2026-05-23 20:16:19,153 - INFO - joeynmt.training - 	Source:     It expands in winter and contracts in summer.
2026-05-23 20:16:19,153 - INFO - joeynmt.training - 	Reference:  Het zet uit in de winter en krimpt in de zomer.
2026-05-23 20:16:19,153 - INFO - joeynmt.training - 	Hypothesis: Het <unk> in <unk> en <unk> in <unk>
2026-05-23 20:16:19,154 - INFO - joeynmt.training - Example #4
2026-05-23 20:16:19,154 - DEBUG - joeynmt.training - 	Tokenized source:     ['The', 'next', 'slide', 'I', 'show', 'you', 'will', 'be', 'a', 'rapid', 'fast-forward', 'of', "what's", 'happened', 'over', 'the', 'last', '25', 'years.']
2026-05-23 20:16:19,154 - DEBUG - joeynmt.training - 	Tokenized reference:  ['De', 'volgende', 'dia', 'die', 'ik', 'laat', 'zien', '', 'is', 'een', 'versnelde', 'versie', 'van', 'wat', 'er', 'de', 'afgelopen', '25', 'jaar', 'is', 'gebeurd.']
2026-05-23 20:16:19,154 - DEBUG - joeynmt.training - 	Tokenized hypothesis: ['De', 'volgende', '<unk>', 'die', 'ik', 'laat', 'zien', 'dat', 'je', 'een', '<unk>', '<unk>', 'van', 'wat', 'er', 'gebeurd', 'is', 'de', 'laatste', '25', 'jaar.', '</s>']
2026-05-23 20:16:19,154 - INFO - joeynmt.training - 	Source:     The next slide I show you will be a rapid fast-forward of what's happened over the last 25 years.
2026-05-23 20:16:19,154 - INFO - joeynmt.training - 	Reference:  De volgende dia die ik laat zien  is een versnelde versie van wat er de afgelopen 25 jaar is gebeurd.
2026-05-23 20:16:19,154 - INFO - joeynmt.training - 	Hypothesis: De volgende <unk> die ik laat zien dat je een <unk> <unk> van wat er gebeurd is de laatste 25 jaar.
2026-05-23 20:16:51,092 - INFO - joeynmt.training - Epoch   5, Step:    10600, Batch Loss:     1.243330, Batch Acc: 0.584243, Tokens per Sec:     2030, Lr: 0.000300
2026-05-23 20:17:23,547 - INFO - joeynmt.training - Epoch   5, Step:    10700, Batch Loss:     1.307236, Batch Acc: 0.581153, Tokens per Sec:     2011, Lr: 0.000300
2026-05-23 20:17:54,293 - INFO - joeynmt.training - Epoch   5, Step:    10800, Batch Loss:     1.216866, Batch Acc: 0.581793, Tokens per Sec:     2047, Lr: 0.000300
2026-05-23 20:18:25,068 - INFO - joeynmt.training - Epoch   5, Step:    10900, Batch Loss:     1.266428, Batch Acc: 0.579700, Tokens per Sec:     2089, Lr: 0.000300
2026-05-23 20:18:55,937 - INFO - joeynmt.training - Epoch   5, Step:    11000, Batch Loss:     1.291111, Batch Acc: 0.579263, Tokens per Sec:     2096, Lr: 0.000300
2026-05-23 20:18:55,937 - INFO - joeynmt.prediction - Predicting 1003 example(s)... (Greedy decoding with min_output_length=1, max_output_length=100, return_prob='none', generate_unk=True, repetition_penalty=-1, no_repeat_ngram_size=-1)
2026-05-23 20:19:26,423 - INFO - joeynmt.metrics - nrefs:1|case:mixed|eff:no|tok:13a|smooth:exp|version:2.6.0
2026-05-23 20:19:26,425 - INFO - joeynmt.prediction - Evaluation result (greedy) bleu:   5.10, loss:   1.97, ppl:   7.17, acc:   0.45, generation: 30.3559[sec], evaluation: 0.1250[sec]
2026-05-23 20:19:26,469 - INFO - joeynmt.helpers - delete output_word/7000.ckpt
2026-05-23 20:19:26,475 - INFO - joeynmt.training - Example #0
2026-05-23 20:19:26,475 - DEBUG - joeynmt.training - 	Tokenized source:     ['Last', 'year', 'I', 'showed', 'these', 'two', 'slides', 'so', 'that', 'demonstrate', 'that', 'the', 'arctic', 'ice', 'cap,', 'which', 'for', 'most', 'of', 'the', 'last', 'three', 'million', 'years', 'has', 'been', 'the', 'size', 'of', 'the', 'lower', '48', 'states,', 'has', 'shrunk', 'by', '40', 'percent.']
2026-05-23 20:19:26,475 - DEBUG - joeynmt.training - 	Tokenized reference:  ['Vorig', 'jaar', 'liet', 'ik', 'deze', 'twee', "dia's", 'zien', 'om', 'aan', '', 'te', 'tonen', 'dat', 'de', 'poolijskap,', '', 'die', 'de', 'afgelopen', 'drie', 'miljoen', 'jaar', '', 'ongeveer', 'de', 'grootte', 'had', 'van', 'het', 'vasteland', 'van', 'de', 'VS,', '', 'met', '40%', 'gekrompen', 'was.']
2026-05-23 20:19:26,475 - DEBUG - joeynmt.training - 	Tokenized hypothesis: ['<unk>', 'jaar', 'is', 'ik', 'deze', 'twee', '<unk>', 'zodat', 'de', '<unk>', '<unk>', 'die', 'de', '<unk>', '<unk>', 'die', 'de', 'meeste', '<unk>', '<unk>', 'die', 'voor', 'de', 'meeste', '<unk>', '<unk>', '<unk>', 'heeft', '<unk>', '<unk>', '<unk>', 'met', '<unk>', '<unk>', '<unk>', '<unk>', 'heeft', '<unk>', '<unk>', '</s>']
2026-05-23 20:19:26,476 - INFO - joeynmt.training - 	Source:     Last year I showed these two slides so that demonstrate that the arctic ice cap, which for most of the last three million years has been the size of the lower 48 states, has shrunk by 40 percent.
2026-05-23 20:19:26,476 - INFO - joeynmt.training - 	Reference:  Vorig jaar liet ik deze twee dia's zien om aan  te tonen dat de poolijskap,  die de afgelopen drie miljoen jaar  ongeveer de grootte had van het vasteland van de VS,  met 40% gekrompen was.
2026-05-23 20:19:26,476 - INFO - joeynmt.training - 	Hypothesis: <unk> jaar is ik deze twee <unk> zodat de <unk> <unk> die de <unk> <unk> die de meeste <unk> <unk> die voor de meeste <unk> <unk> <unk> heeft <unk> <unk> <unk> met <unk> <unk> <unk> <unk> heeft <unk> <unk>
2026-05-23 20:19:26,476 - INFO - joeynmt.training - Example #1
2026-05-23 20:19:26,476 - DEBUG - joeynmt.training - 	Tokenized source:     ['But', 'this', 'understates', 'the', 'seriousness', 'of', 'this', 'particular', 'problem', 'because', 'it', "doesn't", 'show', 'the', 'thickness', 'of', 'the', 'ice.']
2026-05-23 20:19:26,476 - DEBUG - joeynmt.training - 	Tokenized reference:  ['Maar', 'dit', 'onderschat', 'eigenlijk', 'de', 'ernst', 'van', 'dit', 'specifieke', 'probleem', '', 'omdat', 'het', 'niet', 'de', 'dikte', 'van', 'het', 'ijs', 'laat', 'zien.']
2026-05-23 20:19:26,476 - DEBUG - joeynmt.training - 	Tokenized hypothesis: ['Maar', 'deze', '<unk>', 'de', '<unk>', 'van', 'dit', 'specifieke', 'probleem', 'omdat', 'het', 'niet', 'de', '<unk>', 'van', 'de', '<unk>', '<unk>', '</s>']
2026-05-23 20:19:26,476 - INFO - joeynmt.training - 	Source:     But this understates the seriousness of this particular problem because it doesn't show the thickness of the ice.
2026-05-23 20:19:26,477 - INFO - joeynmt.training - 	Reference:  Maar dit onderschat eigenlijk de ernst van dit specifieke probleem  omdat het niet de dikte van het ijs laat zien.
2026-05-23 20:19:26,477 - INFO - joeynmt.training - 	Hypothesis: Maar deze <unk> de <unk> van dit specifieke probleem omdat het niet de <unk> van de <unk> <unk>
2026-05-23 20:19:26,477 - INFO - joeynmt.training - Example #2
2026-05-23 20:19:26,477 - DEBUG - joeynmt.training - 	Tokenized source:     ['The', 'arctic', 'ice', 'cap', 'is,', 'in', 'a', 'sense,', 'the', 'beating', 'heart', 'of', 'the', 'global', 'climate', 'system.']
2026-05-23 20:19:26,477 - DEBUG - joeynmt.training - 	Tokenized reference:  ['De', 'ijskap', 'op', 'de', 'Noordpool', 'is', 'in', 'zekere', 'zin', '', 'het', 'kloppend', 'hart', 'van', 'ons', 'globaal', 'klimaatsysteem.']
2026-05-23 20:19:26,477 - DEBUG - joeynmt.training - 	Tokenized hypothesis: ['Het', '<unk>', '<unk>', 'is', 'in', 'zekere', 'zin', 'dat', 'de', '<unk>', '<unk>', 'van', 'de', '<unk>', '<unk>', '</s>']
2026-05-23 20:19:26,478 - INFO - joeynmt.training - 	Source:     The arctic ice cap is, in a sense, the beating heart of the global climate system.
2026-05-23 20:19:26,478 - INFO - joeynmt.training - 	Reference:  De ijskap op de Noordpool is in zekere zin  het kloppend hart van ons globaal klimaatsysteem.
2026-05-23 20:19:26,478 - INFO - joeynmt.training - 	Hypothesis: Het <unk> <unk> is in zekere zin dat de <unk> <unk> van de <unk> <unk>
2026-05-23 20:19:26,478 - INFO - joeynmt.training - Example #3
2026-05-23 20:19:26,478 - DEBUG - joeynmt.training - 	Tokenized source:     ['It', 'expands', 'in', 'winter', 'and', 'contracts', 'in', 'summer.']
2026-05-23 20:19:26,478 - DEBUG - joeynmt.training - 	Tokenized reference:  ['Het', 'zet', 'uit', 'in', 'de', 'winter', 'en', 'krimpt', 'in', 'de', 'zomer.']
2026-05-23 20:19:26,478 - DEBUG - joeynmt.training - 	Tokenized hypothesis: ['Het', '<unk>', 'in', '<unk>', 'en', '<unk>', 'in', '<unk>', '</s>']
2026-05-23 20:19:26,478 - INFO - joeynmt.training - 	Source:     It expands in winter and contracts in summer.
2026-05-23 20:19:26,478 - INFO - joeynmt.training - 	Reference:  Het zet uit in de winter en krimpt in de zomer.
2026-05-23 20:19:26,478 - INFO - joeynmt.training - 	Hypothesis: Het <unk> in <unk> en <unk> in <unk>
2026-05-23 20:19:26,479 - INFO - joeynmt.training - Example #4
2026-05-23 20:19:26,479 - DEBUG - joeynmt.training - 	Tokenized source:     ['The', 'next', 'slide', 'I', 'show', 'you', 'will', 'be', 'a', 'rapid', 'fast-forward', 'of', "what's", 'happened', 'over', 'the', 'last', '25', 'years.']
2026-05-23 20:19:26,479 - DEBUG - joeynmt.training - 	Tokenized reference:  ['De', 'volgende', 'dia', 'die', 'ik', 'laat', 'zien', '', 'is', 'een', 'versnelde', 'versie', 'van', 'wat', 'er', 'de', 'afgelopen', '25', 'jaar', 'is', 'gebeurd.']
2026-05-23 20:19:26,479 - DEBUG - joeynmt.training - 	Tokenized hypothesis: ['De', 'volgende', '<unk>', 'die', 'ik', 'laat', 'zien', 'dat', 'er', 'een', '<unk>', '<unk>', 'van', 'wat', 'er', 'gebeurd', 'is', 'de', 'laatste', '25', 'jaar.', '</s>']
2026-05-23 20:19:26,479 - INFO - joeynmt.training - 	Source:     The next slide I show you will be a rapid fast-forward of what's happened over the last 25 years.
2026-05-23 20:19:26,479 - INFO - joeynmt.training - 	Reference:  De volgende dia die ik laat zien  is een versnelde versie van wat er de afgelopen 25 jaar is gebeurd.
2026-05-23 20:19:26,479 - INFO - joeynmt.training - 	Hypothesis: De volgende <unk> die ik laat zien dat er een <unk> <unk> van wat er gebeurd is de laatste 25 jaar.
2026-05-23 20:19:57,336 - INFO - joeynmt.training - Epoch   5, Step:    11100, Batch Loss:     1.365198, Batch Acc: 0.579988, Tokens per Sec:     2111, Lr: 0.000300
2026-05-23 20:20:28,460 - INFO - joeynmt.training - Epoch   5, Step:    11200, Batch Loss:     1.333078, Batch Acc: 0.581856, Tokens per Sec:     2151, Lr: 0.000300
2026-05-23 20:20:59,383 - INFO - joeynmt.training - Epoch   5, Step:    11300, Batch Loss:     1.256116, Batch Acc: 0.576335, Tokens per Sec:     2084, Lr: 0.000300
2026-05-23 20:21:30,353 - INFO - joeynmt.training - Epoch   5, Step:    11400, Batch Loss:     1.339679, Batch Acc: 0.579135, Tokens per Sec:     2143, Lr: 0.000300
2026-05-23 20:22:01,315 - INFO - joeynmt.training - Epoch   5, Step:    11500, Batch Loss:     1.360428, Batch Acc: 0.574343, Tokens per Sec:     2132, Lr: 0.000300
2026-05-23 20:22:01,316 - INFO - joeynmt.prediction - Predicting 1003 example(s)... (Greedy decoding with min_output_length=1, max_output_length=100, return_prob='none', generate_unk=True, repetition_penalty=-1, no_repeat_ngram_size=-1)
2026-05-23 20:22:29,836 - INFO - joeynmt.metrics - nrefs:1|case:mixed|eff:no|tok:13a|smooth:exp|version:2.6.0
2026-05-23 20:22:29,836 - INFO - joeynmt.prediction - Evaluation result (greedy) bleu:   5.48, loss:   1.96, ppl:   7.10, acc:   0.44, generation: 28.3821[sec], evaluation: 0.1306[sec]
2026-05-23 20:22:29,885 - INFO - joeynmt.helpers - delete output_word/11000.ckpt
2026-05-23 20:22:29,890 - INFO - joeynmt.helpers - delete C:/Users/Wen Yang/Desktop/mtex04/mt-exercise-04/output_word/11000.ckpt
2026-05-23 20:22:29,890 - WARNING - joeynmt.helpers - Wanted to delete old checkpoint C:\Users\Wen Yang\Desktop\mtex04\mt-exercise-04\output_word\11000.ckpt but file does not exist. ([WinError 2] The system cannot find the file specified: 'C:\\Users\\Wen Yang\\Desktop\\mtex04\\mt-exercise-04\\output_word\\11000.ckpt')
2026-05-23 20:22:29,891 - INFO - joeynmt.training - Example #0
2026-05-23 20:22:29,891 - DEBUG - joeynmt.training - 	Tokenized source:     ['Last', 'year', 'I', 'showed', 'these', 'two', 'slides', 'so', 'that', 'demonstrate', 'that', 'the', 'arctic', 'ice', 'cap,', 'which', 'for', 'most', 'of', 'the', 'last', 'three', 'million', 'years', 'has', 'been', 'the', 'size', 'of', 'the', 'lower', '48', 'states,', 'has', 'shrunk', 'by', '40', 'percent.']
2026-05-23 20:22:29,891 - DEBUG - joeynmt.training - 	Tokenized reference:  ['Vorig', 'jaar', 'liet', 'ik', 'deze', 'twee', "dia's", 'zien', 'om', 'aan', '', 'te', 'tonen', 'dat', 'de', 'poolijskap,', '', 'die', 'de', 'afgelopen', 'drie', 'miljoen', 'jaar', '', 'ongeveer', 'de', 'grootte', 'had', 'van', 'het', 'vasteland', 'van', 'de', 'VS,', '', 'met', '40%', 'gekrompen', 'was.']
2026-05-23 20:22:29,891 - DEBUG - joeynmt.training - 	Tokenized hypothesis: ['<unk>', 'jaar', 'heb', 'ik', 'deze', 'twee', '<unk>', '<unk>', 'zodat', 'de', 'meeste', '<unk>', '<unk>', 'die', 'voor', 'de', 'meeste', 'drie', 'miljoen', 'jaar', '<unk>', 'zijn', 'de', '<unk>', 'van', 'de', '<unk>', '<unk>', 'heeft', '<unk>', 'door', '<unk>', '<unk>', '</s>']
2026-05-23 20:22:29,891 - INFO - joeynmt.training - 	Source:     Last year I showed these two slides so that demonstrate that the arctic ice cap, which for most of the last three million years has been the size of the lower 48 states, has shrunk by 40 percent.
2026-05-23 20:22:29,891 - INFO - joeynmt.training - 	Reference:  Vorig jaar liet ik deze twee dia's zien om aan  te tonen dat de poolijskap,  die de afgelopen drie miljoen jaar  ongeveer de grootte had van het vasteland van de VS,  met 40% gekrompen was.
2026-05-23 20:22:29,891 - INFO - joeynmt.training - 	Hypothesis: <unk> jaar heb ik deze twee <unk> <unk> zodat de meeste <unk> <unk> die voor de meeste drie miljoen jaar <unk> zijn de <unk> van de <unk> <unk> heeft <unk> door <unk> <unk>
2026-05-23 20:22:29,891 - INFO - joeynmt.training - Example #1
2026-05-23 20:22:29,891 - DEBUG - joeynmt.training - 	Tokenized source:     ['But', 'this', 'understates', 'the', 'seriousness', 'of', 'this', 'particular', 'problem', 'because', 'it', "doesn't", 'show', 'the', 'thickness', 'of', 'the', 'ice.']
2026-05-23 20:22:29,891 - DEBUG - joeynmt.training - 	Tokenized reference:  ['Maar', 'dit', 'onderschat', 'eigenlijk', 'de', 'ernst', 'van', 'dit', 'specifieke', 'probleem', '', 'omdat', 'het', 'niet', 'de', 'dikte', 'van', 'het', 'ijs', 'laat', 'zien.']
2026-05-23 20:22:29,892 - DEBUG - joeynmt.training - 	Tokenized hypothesis: ['Maar', 'dit', '<unk>', 'de', '<unk>', 'van', 'dit', '<unk>', 'omdat', 'het', 'niet', '<unk>', '<unk>', '</s>']
2026-05-23 20:22:29,892 - INFO - joeynmt.training - 	Source:     But this understates the seriousness of this particular problem because it doesn't show the thickness of the ice.
2026-05-23 20:22:29,892 - INFO - joeynmt.training - 	Reference:  Maar dit onderschat eigenlijk de ernst van dit specifieke probleem  omdat het niet de dikte van het ijs laat zien.
2026-05-23 20:22:29,892 - INFO - joeynmt.training - 	Hypothesis: Maar dit <unk> de <unk> van dit <unk> omdat het niet <unk> <unk>
2026-05-23 20:22:29,892 - INFO - joeynmt.training - Example #2
2026-05-23 20:22:29,892 - DEBUG - joeynmt.training - 	Tokenized source:     ['The', 'arctic', 'ice', 'cap', 'is,', 'in', 'a', 'sense,', 'the', 'beating', 'heart', 'of', 'the', 'global', 'climate', 'system.']
2026-05-23 20:22:29,892 - DEBUG - joeynmt.training - 	Tokenized reference:  ['De', 'ijskap', 'op', 'de', 'Noordpool', 'is', 'in', 'zekere', 'zin', '', 'het', 'kloppend', 'hart', 'van', 'ons', 'globaal', 'klimaatsysteem.']
2026-05-23 20:22:29,892 - DEBUG - joeynmt.training - 	Tokenized hypothesis: ['Het', '<unk>', 'is', 'in', 'zekere', 'zin', 'dat', 'het', '<unk>', 'hart', 'is', 'van', 'de', '<unk>', '</s>']
2026-05-23 20:22:29,893 - INFO - joeynmt.training - 	Source:     The arctic ice cap is, in a sense, the beating heart of the global climate system.
2026-05-23 20:22:29,893 - INFO - joeynmt.training - 	Reference:  De ijskap op de Noordpool is in zekere zin  het kloppend hart van ons globaal klimaatsysteem.
2026-05-23 20:22:29,893 - INFO - joeynmt.training - 	Hypothesis: Het <unk> is in zekere zin dat het <unk> hart is van de <unk>
2026-05-23 20:22:29,893 - INFO - joeynmt.training - Example #3
2026-05-23 20:22:29,893 - DEBUG - joeynmt.training - 	Tokenized source:     ['It', 'expands', 'in', 'winter', 'and', 'contracts', 'in', 'summer.']
2026-05-23 20:22:29,893 - DEBUG - joeynmt.training - 	Tokenized reference:  ['Het', 'zet', 'uit', 'in', 'de', 'winter', 'en', 'krimpt', 'in', 'de', 'zomer.']
2026-05-23 20:22:29,893 - DEBUG - joeynmt.training - 	Tokenized hypothesis: ['Het', '<unk>', 'in', '<unk>', 'en', '<unk>', 'in', '<unk>', '</s>']
2026-05-23 20:22:29,893 - INFO - joeynmt.training - 	Source:     It expands in winter and contracts in summer.
2026-05-23 20:22:29,893 - INFO - joeynmt.training - 	Reference:  Het zet uit in de winter en krimpt in de zomer.
2026-05-23 20:22:29,893 - INFO - joeynmt.training - 	Hypothesis: Het <unk> in <unk> en <unk> in <unk>
2026-05-23 20:22:29,893 - INFO - joeynmt.training - Example #4
2026-05-23 20:22:29,894 - DEBUG - joeynmt.training - 	Tokenized source:     ['The', 'next', 'slide', 'I', 'show', 'you', 'will', 'be', 'a', 'rapid', 'fast-forward', 'of', "what's", 'happened', 'over', 'the', 'last', '25', 'years.']
2026-05-23 20:22:29,894 - DEBUG - joeynmt.training - 	Tokenized reference:  ['De', 'volgende', 'dia', 'die', 'ik', 'laat', 'zien', '', 'is', 'een', 'versnelde', 'versie', 'van', 'wat', 'er', 'de', 'afgelopen', '25', 'jaar', 'is', 'gebeurd.']
2026-05-23 20:22:29,894 - DEBUG - joeynmt.training - 	Tokenized hypothesis: ['De', 'volgende', '<unk>', 'die', 'ik', 'jullie', 'zullen', '<unk>', '<unk>', 'zijn', 'van', 'wat', 'er', 'gebeurde', 'gebeurd', 'is', 'in', 'de', 'afgelopen', '25', 'jaar', '<unk>', '</s>']
2026-05-23 20:22:29,894 - INFO - joeynmt.training - 	Source:     The next slide I show you will be a rapid fast-forward of what's happened over the last 25 years.
2026-05-23 20:22:29,894 - INFO - joeynmt.training - 	Reference:  De volgende dia die ik laat zien  is een versnelde versie van wat er de afgelopen 25 jaar is gebeurd.
2026-05-23 20:22:29,894 - INFO - joeynmt.training - 	Hypothesis: De volgende <unk> die ik jullie zullen <unk> <unk> zijn van wat er gebeurde gebeurd is in de afgelopen 25 jaar <unk>
2026-05-23 20:23:00,512 - INFO - joeynmt.training - Epoch   5, Step:    11600, Batch Loss:     1.340993, Batch Acc: 0.578259, Tokens per Sec:     2118, Lr: 0.000300
2026-05-23 20:23:31,403 - INFO - joeynmt.training - Epoch   5, Step:    11700, Batch Loss:     1.297594, Batch Acc: 0.579946, Tokens per Sec:     2071, Lr: 0.000300
2026-05-23 20:24:02,686 - INFO - joeynmt.training - Epoch   5, Step:    11800, Batch Loss:     1.164775, Batch Acc: 0.578097, Tokens per Sec:     2041, Lr: 0.000300
2026-05-23 20:24:33,869 - INFO - joeynmt.training - Epoch   5, Step:    11900, Batch Loss:     1.266934, Batch Acc: 0.578637, Tokens per Sec:     2123, Lr: 0.000300
2026-05-23 20:25:04,846 - INFO - joeynmt.training - Epoch   5, Step:    12000, Batch Loss:     1.435656, Batch Acc: 0.579056, Tokens per Sec:     2145, Lr: 0.000300
2026-05-23 20:25:04,848 - INFO - joeynmt.prediction - Predicting 1003 example(s)... (Greedy decoding with min_output_length=1, max_output_length=100, return_prob='none', generate_unk=True, repetition_penalty=-1, no_repeat_ngram_size=-1)
2026-05-23 20:25:34,260 - INFO - joeynmt.metrics - nrefs:1|case:mixed|eff:no|tok:13a|smooth:exp|version:2.6.0
2026-05-23 20:25:34,261 - INFO - joeynmt.prediction - Evaluation result (greedy) bleu:   5.60, loss:   1.94, ppl:   6.95, acc:   0.45, generation: 29.2878[sec], evaluation: 0.1193[sec]
2026-05-23 20:25:34,261 - INFO - joeynmt.training - Hooray! New best validation result [ppl]!
2026-05-23 20:25:34,307 - INFO - joeynmt.helpers - delete output_word/10000.ckpt
2026-05-23 20:25:34,312 - INFO - joeynmt.training - Example #0
2026-05-23 20:25:34,312 - DEBUG - joeynmt.training - 	Tokenized source:     ['Last', 'year', 'I', 'showed', 'these', 'two', 'slides', 'so', 'that', 'demonstrate', 'that', 'the', 'arctic', 'ice', 'cap,', 'which', 'for', 'most', 'of', 'the', 'last', 'three', 'million', 'years', 'has', 'been', 'the', 'size', 'of', 'the', 'lower', '48', 'states,', 'has', 'shrunk', 'by', '40', 'percent.']
2026-05-23 20:25:34,312 - DEBUG - joeynmt.training - 	Tokenized reference:  ['Vorig', 'jaar', 'liet', 'ik', 'deze', 'twee', "dia's", 'zien', 'om', 'aan', '', 'te', 'tonen', 'dat', 'de', 'poolijskap,', '', 'die', 'de', 'afgelopen', 'drie', 'miljoen', 'jaar', '', 'ongeveer', 'de', 'grootte', 'had', 'van', 'het', 'vasteland', 'van', 'de', 'VS,', '', 'met', '40%', 'gekrompen', 'was.']
2026-05-23 20:25:34,312 - DEBUG - joeynmt.training - 	Tokenized hypothesis: ['<unk>', 'jaar', 'heeft', 'ik', 'deze', 'twee', '<unk>', 'zodat', 'de', '<unk>', '<unk>', 'die', 'de', 'meeste', 'van', 'de', 'laatste', 'drie', 'miljoen', 'jaar', '<unk>', 'de', '<unk>', '<unk>', '<unk>', 'heeft', '<unk>', '<unk>', '<unk>', '<unk>', '<unk>', '<unk>', 'met', '<unk>', '<unk>', '</s>']
2026-05-23 20:25:34,312 - INFO - joeynmt.training - 	Source:     Last year I showed these two slides so that demonstrate that the arctic ice cap, which for most of the last three million years has been the size of the lower 48 states, has shrunk by 40 percent.
2026-05-23 20:25:34,312 - INFO - joeynmt.training - 	Reference:  Vorig jaar liet ik deze twee dia's zien om aan  te tonen dat de poolijskap,  die de afgelopen drie miljoen jaar  ongeveer de grootte had van het vasteland van de VS,  met 40% gekrompen was.
2026-05-23 20:25:34,312 - INFO - joeynmt.training - 	Hypothesis: <unk> jaar heeft ik deze twee <unk> zodat de <unk> <unk> die de meeste van de laatste drie miljoen jaar <unk> de <unk> <unk> <unk> heeft <unk> <unk> <unk> <unk> <unk> <unk> met <unk> <unk>
2026-05-23 20:25:34,312 - INFO - joeynmt.training - Example #1
2026-05-23 20:25:34,313 - DEBUG - joeynmt.training - 	Tokenized source:     ['But', 'this', 'understates', 'the', 'seriousness', 'of', 'this', 'particular', 'problem', 'because', 'it', "doesn't", 'show', 'the', 'thickness', 'of', 'the', 'ice.']
2026-05-23 20:25:34,313 - DEBUG - joeynmt.training - 	Tokenized reference:  ['Maar', 'dit', 'onderschat', 'eigenlijk', 'de', 'ernst', 'van', 'dit', 'specifieke', 'probleem', '', 'omdat', 'het', 'niet', 'de', 'dikte', 'van', 'het', 'ijs', 'laat', 'zien.']
2026-05-23 20:25:34,313 - DEBUG - joeynmt.training - 	Tokenized hypothesis: ['Maar', 'dit', '<unk>', 'de', '<unk>', 'van', 'dit', 'specifieke', 'probleem', 'omdat', 'het', 'niet', 'de', '<unk>', 'van', 'de', '<unk>', '</s>']
2026-05-23 20:25:34,313 - INFO - joeynmt.training - 	Source:     But this understates the seriousness of this particular problem because it doesn't show the thickness of the ice.
2026-05-23 20:25:34,313 - INFO - joeynmt.training - 	Reference:  Maar dit onderschat eigenlijk de ernst van dit specifieke probleem  omdat het niet de dikte van het ijs laat zien.
2026-05-23 20:25:34,313 - INFO - joeynmt.training - 	Hypothesis: Maar dit <unk> de <unk> van dit specifieke probleem omdat het niet de <unk> van de <unk>
2026-05-23 20:25:34,313 - INFO - joeynmt.training - Example #2
2026-05-23 20:25:34,313 - DEBUG - joeynmt.training - 	Tokenized source:     ['The', 'arctic', 'ice', 'cap', 'is,', 'in', 'a', 'sense,', 'the', 'beating', 'heart', 'of', 'the', 'global', 'climate', 'system.']
2026-05-23 20:25:34,313 - DEBUG - joeynmt.training - 	Tokenized reference:  ['De', 'ijskap', 'op', 'de', 'Noordpool', 'is', 'in', 'zekere', 'zin', '', 'het', 'kloppend', 'hart', 'van', 'ons', 'globaal', 'klimaatsysteem.']
2026-05-23 20:25:34,314 - DEBUG - joeynmt.training - 	Tokenized hypothesis: ['De', '<unk>', '<unk>', 'is', 'in', 'zekere', 'zin', 'de', '<unk>', 'van', 'de', '<unk>', '<unk>', '</s>']
2026-05-23 20:25:34,314 - INFO - joeynmt.training - 	Source:     The arctic ice cap is, in a sense, the beating heart of the global climate system.
2026-05-23 20:25:34,314 - INFO - joeynmt.training - 	Reference:  De ijskap op de Noordpool is in zekere zin  het kloppend hart van ons globaal klimaatsysteem.
2026-05-23 20:25:34,314 - INFO - joeynmt.training - 	Hypothesis: De <unk> <unk> is in zekere zin de <unk> van de <unk> <unk>
2026-05-23 20:25:34,314 - INFO - joeynmt.training - Example #3
2026-05-23 20:25:34,314 - DEBUG - joeynmt.training - 	Tokenized source:     ['It', 'expands', 'in', 'winter', 'and', 'contracts', 'in', 'summer.']
2026-05-23 20:25:34,314 - DEBUG - joeynmt.training - 	Tokenized reference:  ['Het', 'zet', 'uit', 'in', 'de', 'winter', 'en', 'krimpt', 'in', 'de', 'zomer.']
2026-05-23 20:25:34,314 - DEBUG - joeynmt.training - 	Tokenized hypothesis: ['Het', '<unk>', 'in', '<unk>', 'en', '<unk>', 'in', '<unk>', '</s>']
2026-05-23 20:25:34,314 - INFO - joeynmt.training - 	Source:     It expands in winter and contracts in summer.
2026-05-23 20:25:34,315 - INFO - joeynmt.training - 	Reference:  Het zet uit in de winter en krimpt in de zomer.
2026-05-23 20:25:34,315 - INFO - joeynmt.training - 	Hypothesis: Het <unk> in <unk> en <unk> in <unk>
2026-05-23 20:25:34,315 - INFO - joeynmt.training - Example #4
2026-05-23 20:25:34,315 - DEBUG - joeynmt.training - 	Tokenized source:     ['The', 'next', 'slide', 'I', 'show', 'you', 'will', 'be', 'a', 'rapid', 'fast-forward', 'of', "what's", 'happened', 'over', 'the', 'last', '25', 'years.']
2026-05-23 20:25:34,315 - DEBUG - joeynmt.training - 	Tokenized reference:  ['De', 'volgende', 'dia', 'die', 'ik', 'laat', 'zien', '', 'is', 'een', 'versnelde', 'versie', 'van', 'wat', 'er', 'de', 'afgelopen', '25', 'jaar', 'is', 'gebeurd.']
2026-05-23 20:25:34,315 - DEBUG - joeynmt.training - 	Tokenized hypothesis: ['De', 'volgende', '<unk>', 'ik', 'zal', 'jullie', 'een', '<unk>', '<unk>', 'zijn', 'van', 'wat', 'er', 'gebeurd', 'is', 'in', 'de', 'afgelopen', '25', 'jaar.', '</s>']
2026-05-23 20:25:34,315 - INFO - joeynmt.training - 	Source:     The next slide I show you will be a rapid fast-forward of what's happened over the last 25 years.
2026-05-23 20:25:34,315 - INFO - joeynmt.training - 	Reference:  De volgende dia die ik laat zien  is een versnelde versie van wat er de afgelopen 25 jaar is gebeurd.
2026-05-23 20:25:34,315 - INFO - joeynmt.training - 	Hypothesis: De volgende <unk> ik zal jullie een <unk> <unk> zijn van wat er gebeurd is in de afgelopen 25 jaar.
2026-05-23 20:26:05,197 - INFO - joeynmt.training - Epoch   5, Step:    12100, Batch Loss:     1.302629, Batch Acc: 0.582424, Tokens per Sec:     2071, Lr: 0.000300
2026-05-23 20:26:36,069 - INFO - joeynmt.training - Epoch   5, Step:    12200, Batch Loss:     1.394552, Batch Acc: 0.577096, Tokens per Sec:     2057, Lr: 0.000300
2026-05-23 20:26:53,511 - INFO - joeynmt.training - Epoch   5: total training loss 3251.00
2026-05-23 20:26:53,511 - INFO - joeynmt.training - EPOCH 6
2026-05-23 20:27:07,051 - INFO - joeynmt.training - Epoch   6, Step:    12300, Batch Loss:     1.192829, Batch Acc: 0.604062, Tokens per Sec:     2120, Lr: 0.000300
2026-05-23 20:27:38,112 - INFO - joeynmt.training - Epoch   6, Step:    12400, Batch Loss:     1.309592, Batch Acc: 0.608822, Tokens per Sec:     2111, Lr: 0.000300
2026-05-23 20:28:09,346 - INFO - joeynmt.training - Epoch   6, Step:    12500, Batch Loss:     1.231851, Batch Acc: 0.601175, Tokens per Sec:     2087, Lr: 0.000300
2026-05-23 20:28:09,346 - INFO - joeynmt.prediction - Predicting 1003 example(s)... (Greedy decoding with min_output_length=1, max_output_length=100, return_prob='none', generate_unk=True, repetition_penalty=-1, no_repeat_ngram_size=-1)
2026-05-23 20:28:41,718 - INFO - joeynmt.metrics - nrefs:1|case:mixed|eff:no|tok:13a|smooth:exp|version:2.6.0
2026-05-23 20:28:41,719 - INFO - joeynmt.prediction - Evaluation result (greedy) bleu:   5.64, loss:   1.96, ppl:   7.13, acc:   0.45, generation: 32.2360[sec], evaluation: 0.1289[sec]
2026-05-23 20:28:41,720 - INFO - joeynmt.training - Example #0
2026-05-23 20:28:41,721 - DEBUG - joeynmt.training - 	Tokenized source:     ['Last', 'year', 'I', 'showed', 'these', 'two', 'slides', 'so', 'that', 'demonstrate', 'that', 'the', 'arctic', 'ice', 'cap,', 'which', 'for', 'most', 'of', 'the', 'last', 'three', 'million', 'years', 'has', 'been', 'the', 'size', 'of', 'the', 'lower', '48', 'states,', 'has', 'shrunk', 'by', '40', 'percent.']
2026-05-23 20:28:41,721 - DEBUG - joeynmt.training - 	Tokenized reference:  ['Vorig', 'jaar', 'liet', 'ik', 'deze', 'twee', "dia's", 'zien', 'om', 'aan', '', 'te', 'tonen', 'dat', 'de', 'poolijskap,', '', 'die', 'de', 'afgelopen', 'drie', 'miljoen', 'jaar', '', 'ongeveer', 'de', 'grootte', 'had', 'van', 'het', 'vasteland', 'van', 'de', 'VS,', '', 'met', '40%', 'gekrompen', 'was.']
2026-05-23 20:28:41,721 - DEBUG - joeynmt.training - 	Tokenized hypothesis: ['<unk>', 'jaar', 'heb', 'ik', 'deze', 'twee', '<unk>', '<unk>', 'zodat', 'de', '<unk>', '<unk>', 'die', 'de', 'meeste', 'van', 'de', 'laatste', 'drie', 'miljoen', 'jaar', '<unk>', '<unk>', '<unk>', '<unk>', '<unk>', '<unk>', '<unk>', '<unk>', '<unk>', '<unk>', '<unk>', '<unk>', '<unk>', '<unk>', '</s>']
2026-05-23 20:28:41,721 - INFO - joeynmt.training - 	Source:     Last year I showed these two slides so that demonstrate that the arctic ice cap, which for most of the last three million years has been the size of the lower 48 states, has shrunk by 40 percent.
2026-05-23 20:28:41,721 - INFO - joeynmt.training - 	Reference:  Vorig jaar liet ik deze twee dia's zien om aan  te tonen dat de poolijskap,  die de afgelopen drie miljoen jaar  ongeveer de grootte had van het vasteland van de VS,  met 40% gekrompen was.
2026-05-23 20:28:41,721 - INFO - joeynmt.training - 	Hypothesis: <unk> jaar heb ik deze twee <unk> <unk> zodat de <unk> <unk> die de meeste van de laatste drie miljoen jaar <unk> <unk> <unk> <unk> <unk> <unk> <unk> <unk> <unk> <unk> <unk> <unk> <unk> <unk>
2026-05-23 20:28:41,721 - INFO - joeynmt.training - Example #1
2026-05-23 20:28:41,721 - DEBUG - joeynmt.training - 	Tokenized source:     ['But', 'this', 'understates', 'the', 'seriousness', 'of', 'this', 'particular', 'problem', 'because', 'it', "doesn't", 'show', 'the', 'thickness', 'of', 'the', 'ice.']
2026-05-23 20:28:41,721 - DEBUG - joeynmt.training - 	Tokenized reference:  ['Maar', 'dit', 'onderschat', 'eigenlijk', 'de', 'ernst', 'van', 'dit', 'specifieke', 'probleem', '', 'omdat', 'het', 'niet', 'de', 'dikte', 'van', 'het', 'ijs', 'laat', 'zien.']
2026-05-23 20:28:41,721 - DEBUG - joeynmt.training - 	Tokenized hypothesis: ['Maar', 'deze', '<unk>', 'de', '<unk>', 'van', 'dit', 'specifieke', 'probleem', 'omdat', 'het', 'niet', '<unk>', 'van', 'de', '<unk>', '</s>']
2026-05-23 20:28:41,723 - INFO - joeynmt.training - 	Source:     But this understates the seriousness of this particular problem because it doesn't show the thickness of the ice.
2026-05-23 20:28:41,723 - INFO - joeynmt.training - 	Reference:  Maar dit onderschat eigenlijk de ernst van dit specifieke probleem  omdat het niet de dikte van het ijs laat zien.
2026-05-23 20:28:41,723 - INFO - joeynmt.training - 	Hypothesis: Maar deze <unk> de <unk> van dit specifieke probleem omdat het niet <unk> van de <unk>
2026-05-23 20:28:41,723 - INFO - joeynmt.training - Example #2
2026-05-23 20:28:41,723 - DEBUG - joeynmt.training - 	Tokenized source:     ['The', 'arctic', 'ice', 'cap', 'is,', 'in', 'a', 'sense,', 'the', 'beating', 'heart', 'of', 'the', 'global', 'climate', 'system.']
2026-05-23 20:28:41,723 - DEBUG - joeynmt.training - 	Tokenized reference:  ['De', 'ijskap', 'op', 'de', 'Noordpool', 'is', 'in', 'zekere', 'zin', '', 'het', 'kloppend', 'hart', 'van', 'ons', 'globaal', 'klimaatsysteem.']
2026-05-23 20:28:41,723 - DEBUG - joeynmt.training - 	Tokenized hypothesis: ['Het', '<unk>', '<unk>', 'is', 'in', '<unk>', 'de', '<unk>', 'van', 'de', 'wereldwijde', '<unk>', '</s>']
2026-05-23 20:28:41,723 - INFO - joeynmt.training - 	Source:     The arctic ice cap is, in a sense, the beating heart of the global climate system.
2026-05-23 20:28:41,723 - INFO - joeynmt.training - 	Reference:  De ijskap op de Noordpool is in zekere zin  het kloppend hart van ons globaal klimaatsysteem.
2026-05-23 20:28:41,724 - INFO - joeynmt.training - 	Hypothesis: Het <unk> <unk> is in <unk> de <unk> van de wereldwijde <unk>
2026-05-23 20:28:41,724 - INFO - joeynmt.training - Example #3
2026-05-23 20:28:41,724 - DEBUG - joeynmt.training - 	Tokenized source:     ['It', 'expands', 'in', 'winter', 'and', 'contracts', 'in', 'summer.']
2026-05-23 20:28:41,724 - DEBUG - joeynmt.training - 	Tokenized reference:  ['Het', 'zet', 'uit', 'in', 'de', 'winter', 'en', 'krimpt', 'in', 'de', 'zomer.']
2026-05-23 20:28:41,724 - DEBUG - joeynmt.training - 	Tokenized hypothesis: ['Het', '<unk>', 'in', '<unk>', 'en', '<unk>', 'in', '<unk>', '</s>']
2026-05-23 20:28:41,724 - INFO - joeynmt.training - 	Source:     It expands in winter and contracts in summer.
2026-05-23 20:28:41,724 - INFO - joeynmt.training - 	Reference:  Het zet uit in de winter en krimpt in de zomer.
2026-05-23 20:28:41,724 - INFO - joeynmt.training - 	Hypothesis: Het <unk> in <unk> en <unk> in <unk>
2026-05-23 20:28:41,724 - INFO - joeynmt.training - Example #4
2026-05-23 20:28:41,725 - DEBUG - joeynmt.training - 	Tokenized source:     ['The', 'next', 'slide', 'I', 'show', 'you', 'will', 'be', 'a', 'rapid', 'fast-forward', 'of', "what's", 'happened', 'over', 'the', 'last', '25', 'years.']
2026-05-23 20:28:41,725 - DEBUG - joeynmt.training - 	Tokenized reference:  ['De', 'volgende', 'dia', 'die', 'ik', 'laat', 'zien', '', 'is', 'een', 'versnelde', 'versie', 'van', 'wat', 'er', 'de', 'afgelopen', '25', 'jaar', 'is', 'gebeurd.']
2026-05-23 20:28:41,725 - DEBUG - joeynmt.training - 	Tokenized hypothesis: ['De', 'volgende', '<unk>', 'die', 'ik', 'laat', 'zien', 'dat', 'er', 'in', 'de', 'laatste', '25', 'jaar', '<unk>', '</s>']
2026-05-23 20:28:41,725 - INFO - joeynmt.training - 	Source:     The next slide I show you will be a rapid fast-forward of what's happened over the last 25 years.
2026-05-23 20:28:41,725 - INFO - joeynmt.training - 	Reference:  De volgende dia die ik laat zien  is een versnelde versie van wat er de afgelopen 25 jaar is gebeurd.
2026-05-23 20:28:41,725 - INFO - joeynmt.training - 	Hypothesis: De volgende <unk> die ik laat zien dat er in de laatste 25 jaar <unk>
2026-05-23 20:29:12,547 - INFO - joeynmt.training - Epoch   6, Step:    12600, Batch Loss:     1.223472, Batch Acc: 0.598461, Tokens per Sec:     2150, Lr: 0.000300
2026-05-23 20:29:43,424 - INFO - joeynmt.training - Epoch   6, Step:    12700, Batch Loss:     1.110670, Batch Acc: 0.602464, Tokens per Sec:     2153, Lr: 0.000300
2026-05-23 20:30:14,254 - INFO - joeynmt.training - Epoch   6, Step:    12800, Batch Loss:     1.174404, Batch Acc: 0.599512, Tokens per Sec:     2099, Lr: 0.000300
2026-05-23 20:30:44,799 - INFO - joeynmt.training - Epoch   6, Step:    12900, Batch Loss:     1.289708, Batch Acc: 0.592556, Tokens per Sec:     2137, Lr: 0.000300
2026-05-23 20:31:15,828 - INFO - joeynmt.training - Epoch   6, Step:    13000, Batch Loss:     1.289366, Batch Acc: 0.601956, Tokens per Sec:     2069, Lr: 0.000300
2026-05-23 20:31:15,828 - INFO - joeynmt.prediction - Predicting 1003 example(s)... (Greedy decoding with min_output_length=1, max_output_length=100, return_prob='none', generate_unk=True, repetition_penalty=-1, no_repeat_ngram_size=-1)
2026-05-23 20:31:47,392 - INFO - joeynmt.metrics - nrefs:1|case:mixed|eff:no|tok:13a|smooth:exp|version:2.6.0
2026-05-23 20:31:47,392 - INFO - joeynmt.prediction - Evaluation result (greedy) bleu:   5.17, loss:   1.96, ppl:   7.08, acc:   0.45, generation: 31.4331[sec], evaluation: 0.1238[sec]
2026-05-23 20:31:47,439 - INFO - joeynmt.helpers - delete output_word/11500.ckpt
2026-05-23 20:31:47,445 - INFO - joeynmt.training - Example #0
2026-05-23 20:31:47,445 - DEBUG - joeynmt.training - 	Tokenized source:     ['Last', 'year', 'I', 'showed', 'these', 'two', 'slides', 'so', 'that', 'demonstrate', 'that', 'the', 'arctic', 'ice', 'cap,', 'which', 'for', 'most', 'of', 'the', 'last', 'three', 'million', 'years', 'has', 'been', 'the', 'size', 'of', 'the', 'lower', '48', 'states,', 'has', 'shrunk', 'by', '40', 'percent.']
2026-05-23 20:31:47,445 - DEBUG - joeynmt.training - 	Tokenized reference:  ['Vorig', 'jaar', 'liet', 'ik', 'deze', 'twee', "dia's", 'zien', 'om', 'aan', '', 'te', 'tonen', 'dat', 'de', 'poolijskap,', '', 'die', 'de', 'afgelopen', 'drie', 'miljoen', 'jaar', '', 'ongeveer', 'de', 'grootte', 'had', 'van', 'het', 'vasteland', 'van', 'de', 'VS,', '', 'met', '40%', 'gekrompen', 'was.']
2026-05-23 20:31:47,445 - DEBUG - joeynmt.training - 	Tokenized hypothesis: ['<unk>', 'jaar', 'heb', 'ik', 'deze', 'twee', '<unk>', '<unk>', 'dat', 'de', '<unk>', 'ijs', '<unk>', 'die', 'voor', 'de', 'laatste', 'drie', 'miljoen', 'jaar', '<unk>', '<unk>', '<unk>', 'heeft', '<unk>', '<unk>', '<unk>', '<unk>', 'met', '<unk>', '<unk>', '<unk>', '<unk>', 'heeft', '<unk>', 'met', '<unk>', '40', 'procent.', '</s>']
2026-05-23 20:31:47,445 - INFO - joeynmt.training - 	Source:     Last year I showed these two slides so that demonstrate that the arctic ice cap, which for most of the last three million years has been the size of the lower 48 states, has shrunk by 40 percent.
2026-05-23 20:31:47,446 - INFO - joeynmt.training - 	Reference:  Vorig jaar liet ik deze twee dia's zien om aan  te tonen dat de poolijskap,  die de afgelopen drie miljoen jaar  ongeveer de grootte had van het vasteland van de VS,  met 40% gekrompen was.
2026-05-23 20:31:47,446 - INFO - joeynmt.training - 	Hypothesis: <unk> jaar heb ik deze twee <unk> <unk> dat de <unk> ijs <unk> die voor de laatste drie miljoen jaar <unk> <unk> <unk> heeft <unk> <unk> <unk> <unk> met <unk> <unk> <unk> <unk> heeft <unk> met <unk> 40 procent.
2026-05-23 20:31:47,446 - INFO - joeynmt.training - Example #1
2026-05-23 20:31:47,446 - DEBUG - joeynmt.training - 	Tokenized source:     ['But', 'this', 'understates', 'the', 'seriousness', 'of', 'this', 'particular', 'problem', 'because', 'it', "doesn't", 'show', 'the', 'thickness', 'of', 'the', 'ice.']
2026-05-23 20:31:47,446 - DEBUG - joeynmt.training - 	Tokenized reference:  ['Maar', 'dit', 'onderschat', 'eigenlijk', 'de', 'ernst', 'van', 'dit', 'specifieke', 'probleem', '', 'omdat', 'het', 'niet', 'de', 'dikte', 'van', 'het', 'ijs', 'laat', 'zien.']
2026-05-23 20:31:47,446 - DEBUG - joeynmt.training - 	Tokenized hypothesis: ['Maar', 'deze', '<unk>', 'de', '<unk>', 'van', 'dit', 'probleem', 'omdat', 'het', 'niet', '<unk>', '<unk>', 'van', 'de', '<unk>', '<unk>', '</s>']
2026-05-23 20:31:47,447 - INFO - joeynmt.training - 	Source:     But this understates the seriousness of this particular problem because it doesn't show the thickness of the ice.
2026-05-23 20:31:47,447 - INFO - joeynmt.training - 	Reference:  Maar dit onderschat eigenlijk de ernst van dit specifieke probleem  omdat het niet de dikte van het ijs laat zien.
2026-05-23 20:31:47,447 - INFO - joeynmt.training - 	Hypothesis: Maar deze <unk> de <unk> van dit probleem omdat het niet <unk> <unk> van de <unk> <unk>
2026-05-23 20:31:47,447 - INFO - joeynmt.training - Example #2
2026-05-23 20:31:47,447 - DEBUG - joeynmt.training - 	Tokenized source:     ['The', 'arctic', 'ice', 'cap', 'is,', 'in', 'a', 'sense,', 'the', 'beating', 'heart', 'of', 'the', 'global', 'climate', 'system.']
2026-05-23 20:31:47,447 - DEBUG - joeynmt.training - 	Tokenized reference:  ['De', 'ijskap', 'op', 'de', 'Noordpool', 'is', 'in', 'zekere', 'zin', '', 'het', 'kloppend', 'hart', 'van', 'ons', 'globaal', 'klimaatsysteem.']
2026-05-23 20:31:47,447 - DEBUG - joeynmt.training - 	Tokenized hypothesis: ['Het', '<unk>', '<unk>', 'is', 'in', 'een', '<unk>', '<unk>', '<unk>', 'van', 'de', '<unk>', '</s>']
2026-05-23 20:31:47,447 - INFO - joeynmt.training - 	Source:     The arctic ice cap is, in a sense, the beating heart of the global climate system.
2026-05-23 20:31:47,447 - INFO - joeynmt.training - 	Reference:  De ijskap op de Noordpool is in zekere zin  het kloppend hart van ons globaal klimaatsysteem.
2026-05-23 20:31:47,448 - INFO - joeynmt.training - 	Hypothesis: Het <unk> <unk> is in een <unk> <unk> <unk> van de <unk>
2026-05-23 20:31:47,448 - INFO - joeynmt.training - Example #3
2026-05-23 20:31:47,448 - DEBUG - joeynmt.training - 	Tokenized source:     ['It', 'expands', 'in', 'winter', 'and', 'contracts', 'in', 'summer.']
2026-05-23 20:31:47,448 - DEBUG - joeynmt.training - 	Tokenized reference:  ['Het', 'zet', 'uit', 'in', 'de', 'winter', 'en', 'krimpt', 'in', 'de', 'zomer.']
2026-05-23 20:31:47,448 - DEBUG - joeynmt.training - 	Tokenized hypothesis: ['Het', '<unk>', 'in', '<unk>', 'en', '<unk>', 'in', '<unk>', '</s>']
2026-05-23 20:31:47,448 - INFO - joeynmt.training - 	Source:     It expands in winter and contracts in summer.
2026-05-23 20:31:47,448 - INFO - joeynmt.training - 	Reference:  Het zet uit in de winter en krimpt in de zomer.
2026-05-23 20:31:47,449 - INFO - joeynmt.training - 	Hypothesis: Het <unk> in <unk> en <unk> in <unk>
2026-05-23 20:31:47,449 - INFO - joeynmt.training - Example #4
2026-05-23 20:31:47,449 - DEBUG - joeynmt.training - 	Tokenized source:     ['The', 'next', 'slide', 'I', 'show', 'you', 'will', 'be', 'a', 'rapid', 'fast-forward', 'of', "what's", 'happened', 'over', 'the', 'last', '25', 'years.']
2026-05-23 20:31:47,449 - DEBUG - joeynmt.training - 	Tokenized reference:  ['De', 'volgende', 'dia', 'die', 'ik', 'laat', 'zien', '', 'is', 'een', 'versnelde', 'versie', 'van', 'wat', 'er', 'de', 'afgelopen', '25', 'jaar', 'is', 'gebeurd.']
2026-05-23 20:31:47,449 - DEBUG - joeynmt.training - 	Tokenized hypothesis: ['De', 'volgende', '<unk>', 'die', 'ik', 'zal', 'laten', 'zien', 'van', 'wat', 'er', 'gebeurde', 'in', 'de', 'afgelopen', '25', 'jaar', '<unk>', '</s>']
2026-05-23 20:31:47,449 - INFO - joeynmt.training - 	Source:     The next slide I show you will be a rapid fast-forward of what's happened over the last 25 years.
2026-05-23 20:31:47,449 - INFO - joeynmt.training - 	Reference:  De volgende dia die ik laat zien  is een versnelde versie van wat er de afgelopen 25 jaar is gebeurd.
2026-05-23 20:31:47,449 - INFO - joeynmt.training - 	Hypothesis: De volgende <unk> die ik zal laten zien van wat er gebeurde in de afgelopen 25 jaar <unk>
2026-05-23 20:32:18,329 - INFO - joeynmt.training - Epoch   6, Step:    13100, Batch Loss:     1.346547, Batch Acc: 0.597181, Tokens per Sec:     2060, Lr: 0.000300
2026-05-23 20:32:49,463 - INFO - joeynmt.training - Epoch   6, Step:    13200, Batch Loss:     1.355981, Batch Acc: 0.592165, Tokens per Sec:     2030, Lr: 0.000300
2026-05-23 20:33:20,760 - INFO - joeynmt.training - Epoch   6, Step:    13300, Batch Loss:     1.342100, Batch Acc: 0.598184, Tokens per Sec:     2037, Lr: 0.000300
2026-05-23 20:33:52,246 - INFO - joeynmt.training - Epoch   6, Step:    13400, Batch Loss:     1.262528, Batch Acc: 0.594239, Tokens per Sec:     2100, Lr: 0.000300
2026-05-23 20:34:23,156 - INFO - joeynmt.training - Epoch   6, Step:    13500, Batch Loss:     1.266664, Batch Acc: 0.592180, Tokens per Sec:     2101, Lr: 0.000300
2026-05-23 20:34:23,156 - INFO - joeynmt.prediction - Predicting 1003 example(s)... (Greedy decoding with min_output_length=1, max_output_length=100, return_prob='none', generate_unk=True, repetition_penalty=-1, no_repeat_ngram_size=-1)
2026-05-23 20:34:56,080 - INFO - joeynmt.metrics - nrefs:1|case:mixed|eff:no|tok:13a|smooth:exp|version:2.6.0
2026-05-23 20:34:56,080 - INFO - joeynmt.prediction - Evaluation result (greedy) bleu:   5.20, loss:   1.95, ppl:   7.04, acc:   0.45, generation: 32.7931[sec], evaluation: 0.1224[sec]
2026-05-23 20:34:56,128 - INFO - joeynmt.helpers - delete output_word/9000.ckpt
2026-05-23 20:34:56,133 - INFO - joeynmt.training - Example #0
2026-05-23 20:34:56,134 - DEBUG - joeynmt.training - 	Tokenized source:     ['Last', 'year', 'I', 'showed', 'these', 'two', 'slides', 'so', 'that', 'demonstrate', 'that', 'the', 'arctic', 'ice', 'cap,', 'which', 'for', 'most', 'of', 'the', 'last', 'three', 'million', 'years', 'has', 'been', 'the', 'size', 'of', 'the', 'lower', '48', 'states,', 'has', 'shrunk', 'by', '40', 'percent.']
2026-05-23 20:34:56,134 - DEBUG - joeynmt.training - 	Tokenized reference:  ['Vorig', 'jaar', 'liet', 'ik', 'deze', 'twee', "dia's", 'zien', 'om', 'aan', '', 'te', 'tonen', 'dat', 'de', 'poolijskap,', '', 'die', 'de', 'afgelopen', 'drie', 'miljoen', 'jaar', '', 'ongeveer', 'de', 'grootte', 'had', 'van', 'het', 'vasteland', 'van', 'de', 'VS,', '', 'met', '40%', 'gekrompen', 'was.']
2026-05-23 20:34:56,134 - DEBUG - joeynmt.training - 	Tokenized hypothesis: ['<unk>', 'jaar', 'lang', 'heb', 'ik', 'deze', 'twee', '<unk>', 'zodat', 'de', '<unk>', '<unk>', 'die', 'de', 'meeste', '<unk>', 'die', 'de', 'meeste', '<unk>', '<unk>', '<unk>', 'heeft', '<unk>', '<unk>', 'met', '40', 'procent.', '</s>']
2026-05-23 20:34:56,134 - INFO - joeynmt.training - 	Source:     Last year I showed these two slides so that demonstrate that the arctic ice cap, which for most of the last three million years has been the size of the lower 48 states, has shrunk by 40 percent.
2026-05-23 20:34:56,134 - INFO - joeynmt.training - 	Reference:  Vorig jaar liet ik deze twee dia's zien om aan  te tonen dat de poolijskap,  die de afgelopen drie miljoen jaar  ongeveer de grootte had van het vasteland van de VS,  met 40% gekrompen was.
2026-05-23 20:34:56,134 - INFO - joeynmt.training - 	Hypothesis: <unk> jaar lang heb ik deze twee <unk> zodat de <unk> <unk> die de meeste <unk> die de meeste <unk> <unk> <unk> heeft <unk> <unk> met 40 procent.
2026-05-23 20:34:56,134 - INFO - joeynmt.training - Example #1
2026-05-23 20:34:56,135 - DEBUG - joeynmt.training - 	Tokenized source:     ['But', 'this', 'understates', 'the', 'seriousness', 'of', 'this', 'particular', 'problem', 'because', 'it', "doesn't", 'show', 'the', 'thickness', 'of', 'the', 'ice.']
2026-05-23 20:34:56,135 - DEBUG - joeynmt.training - 	Tokenized reference:  ['Maar', 'dit', 'onderschat', 'eigenlijk', 'de', 'ernst', 'van', 'dit', 'specifieke', 'probleem', '', 'omdat', 'het', 'niet', 'de', 'dikte', 'van', 'het', 'ijs', 'laat', 'zien.']
2026-05-23 20:34:56,135 - DEBUG - joeynmt.training - 	Tokenized hypothesis: ['Maar', 'dit', '<unk>', 'de', '<unk>', 'van', 'dit', '<unk>', 'omdat', 'het', 'niet', 'de', '<unk>', 'van', 'de', '<unk>', '</s>']
2026-05-23 20:34:56,135 - INFO - joeynmt.training - 	Source:     But this understates the seriousness of this particular problem because it doesn't show the thickness of the ice.
2026-05-23 20:34:56,135 - INFO - joeynmt.training - 	Reference:  Maar dit onderschat eigenlijk de ernst van dit specifieke probleem  omdat het niet de dikte van het ijs laat zien.
2026-05-23 20:34:56,135 - INFO - joeynmt.training - 	Hypothesis: Maar dit <unk> de <unk> van dit <unk> omdat het niet de <unk> van de <unk>
2026-05-23 20:34:56,135 - INFO - joeynmt.training - Example #2
2026-05-23 20:34:56,136 - DEBUG - joeynmt.training - 	Tokenized source:     ['The', 'arctic', 'ice', 'cap', 'is,', 'in', 'a', 'sense,', 'the', 'beating', 'heart', 'of', 'the', 'global', 'climate', 'system.']
2026-05-23 20:34:56,136 - DEBUG - joeynmt.training - 	Tokenized reference:  ['De', 'ijskap', 'op', 'de', 'Noordpool', 'is', 'in', 'zekere', 'zin', '', 'het', 'kloppend', 'hart', 'van', 'ons', 'globaal', 'klimaatsysteem.']
2026-05-23 20:34:56,136 - DEBUG - joeynmt.training - 	Tokenized hypothesis: ['Het', '<unk>', '<unk>', 'is', 'in', 'zekere', 'zin', 'het', '<unk>', '<unk>', 'van', 'het', '<unk>', '</s>']
2026-05-23 20:34:56,136 - INFO - joeynmt.training - 	Source:     The arctic ice cap is, in a sense, the beating heart of the global climate system.
2026-05-23 20:34:56,136 - INFO - joeynmt.training - 	Reference:  De ijskap op de Noordpool is in zekere zin  het kloppend hart van ons globaal klimaatsysteem.
2026-05-23 20:34:56,136 - INFO - joeynmt.training - 	Hypothesis: Het <unk> <unk> is in zekere zin het <unk> <unk> van het <unk>
2026-05-23 20:34:56,136 - INFO - joeynmt.training - Example #3
2026-05-23 20:34:56,136 - DEBUG - joeynmt.training - 	Tokenized source:     ['It', 'expands', 'in', 'winter', 'and', 'contracts', 'in', 'summer.']
2026-05-23 20:34:56,136 - DEBUG - joeynmt.training - 	Tokenized reference:  ['Het', 'zet', 'uit', 'in', 'de', 'winter', 'en', 'krimpt', 'in', 'de', 'zomer.']
2026-05-23 20:34:56,136 - DEBUG - joeynmt.training - 	Tokenized hypothesis: ['Het', '<unk>', 'in', '<unk>', 'en', '<unk>', 'in', '<unk>', '</s>']
2026-05-23 20:34:56,136 - INFO - joeynmt.training - 	Source:     It expands in winter and contracts in summer.
2026-05-23 20:34:56,136 - INFO - joeynmt.training - 	Reference:  Het zet uit in de winter en krimpt in de zomer.
2026-05-23 20:34:56,136 - INFO - joeynmt.training - 	Hypothesis: Het <unk> in <unk> en <unk> in <unk>
2026-05-23 20:34:56,136 - INFO - joeynmt.training - Example #4
2026-05-23 20:34:56,136 - DEBUG - joeynmt.training - 	Tokenized source:     ['The', 'next', 'slide', 'I', 'show', 'you', 'will', 'be', 'a', 'rapid', 'fast-forward', 'of', "what's", 'happened', 'over', 'the', 'last', '25', 'years.']
2026-05-23 20:34:56,136 - DEBUG - joeynmt.training - 	Tokenized reference:  ['De', 'volgende', 'dia', 'die', 'ik', 'laat', 'zien', '', 'is', 'een', 'versnelde', 'versie', 'van', 'wat', 'er', 'de', 'afgelopen', '25', 'jaar', 'is', 'gebeurd.']
2026-05-23 20:34:56,136 - DEBUG - joeynmt.training - 	Tokenized hypothesis: ['De', 'volgende', '<unk>', 'die', 'ik', 'zal', 'jullie', 'een', '<unk>', '<unk>', 'zijn', 'van', 'wat', 'er', 'is', 'gebeurd', 'is', 'in', 'de', 'afgelopen', '25', 'jaar', '<unk>', '</s>']
2026-05-23 20:34:56,138 - INFO - joeynmt.training - 	Source:     The next slide I show you will be a rapid fast-forward of what's happened over the last 25 years.
2026-05-23 20:34:56,138 - INFO - joeynmt.training - 	Reference:  De volgende dia die ik laat zien  is een versnelde versie van wat er de afgelopen 25 jaar is gebeurd.
2026-05-23 20:34:56,138 - INFO - joeynmt.training - 	Hypothesis: De volgende <unk> die ik zal jullie een <unk> <unk> zijn van wat er is gebeurd is in de afgelopen 25 jaar <unk>
2026-05-23 20:35:26,728 - INFO - joeynmt.training - Epoch   6, Step:    13600, Batch Loss:     1.285272, Batch Acc: 0.593518, Tokens per Sec:     2162, Lr: 0.000300
2026-05-23 20:35:57,903 - INFO - joeynmt.training - Epoch   6, Step:    13700, Batch Loss:     1.350706, Batch Acc: 0.593487, Tokens per Sec:     2099, Lr: 0.000300
2026-05-23 20:36:29,000 - INFO - joeynmt.training - Epoch   6, Step:    13800, Batch Loss:     1.302219, Batch Acc: 0.594303, Tokens per Sec:     2102, Lr: 0.000300
2026-05-23 20:37:00,120 - INFO - joeynmt.training - Epoch   6, Step:    13900, Batch Loss:     1.252488, Batch Acc: 0.582413, Tokens per Sec:     2070, Lr: 0.000300
2026-05-23 20:37:30,972 - INFO - joeynmt.training - Epoch   6, Step:    14000, Batch Loss:     1.190718, Batch Acc: 0.590404, Tokens per Sec:     2134, Lr: 0.000300
2026-05-23 20:37:30,972 - INFO - joeynmt.prediction - Predicting 1003 example(s)... (Greedy decoding with min_output_length=1, max_output_length=100, return_prob='none', generate_unk=True, repetition_penalty=-1, no_repeat_ngram_size=-1)
2026-05-23 20:38:02,998 - INFO - joeynmt.metrics - nrefs:1|case:mixed|eff:no|tok:13a|smooth:exp|version:2.6.0
2026-05-23 20:38:02,998 - INFO - joeynmt.prediction - Evaluation result (greedy) bleu:   5.34, loss:   1.93, ppl:   6.90, acc:   0.45, generation: 31.8238[sec], evaluation: 0.1945[sec]
2026-05-23 20:38:02,999 - INFO - joeynmt.training - Hooray! New best validation result [ppl]!
2026-05-23 20:38:03,044 - INFO - joeynmt.helpers - delete output_word/9500.ckpt
2026-05-23 20:38:03,048 - INFO - joeynmt.training - Example #0
2026-05-23 20:38:03,049 - DEBUG - joeynmt.training - 	Tokenized source:     ['Last', 'year', 'I', 'showed', 'these', 'two', 'slides', 'so', 'that', 'demonstrate', 'that', 'the', 'arctic', 'ice', 'cap,', 'which', 'for', 'most', 'of', 'the', 'last', 'three', 'million', 'years', 'has', 'been', 'the', 'size', 'of', 'the', 'lower', '48', 'states,', 'has', 'shrunk', 'by', '40', 'percent.']
2026-05-23 20:38:03,049 - DEBUG - joeynmt.training - 	Tokenized reference:  ['Vorig', 'jaar', 'liet', 'ik', 'deze', 'twee', "dia's", 'zien', 'om', 'aan', '', 'te', 'tonen', 'dat', 'de', 'poolijskap,', '', 'die', 'de', 'afgelopen', 'drie', 'miljoen', 'jaar', '', 'ongeveer', 'de', 'grootte', 'had', 'van', 'het', 'vasteland', 'van', 'de', 'VS,', '', 'met', '40%', 'gekrompen', 'was.']
2026-05-23 20:38:03,049 - DEBUG - joeynmt.training - 	Tokenized hypothesis: ['<unk>', 'jaar', 'is', 'dat', 'ik', 'deze', 'twee', '<unk>', '<unk>', 'dat', 'de', '<unk>', '<unk>', 'die', 'de', 'meeste', 'van', 'de', 'laatste', 'drie', 'miljoen', 'jaar', '<unk>', 'zijn', 'de', 'grootte', 'van', 'de', '<unk>', '<unk>', '<unk>', 'heeft', '<unk>', '</s>']
2026-05-23 20:38:03,049 - INFO - joeynmt.training - 	Source:     Last year I showed these two slides so that demonstrate that the arctic ice cap, which for most of the last three million years has been the size of the lower 48 states, has shrunk by 40 percent.
2026-05-23 20:38:03,049 - INFO - joeynmt.training - 	Reference:  Vorig jaar liet ik deze twee dia's zien om aan  te tonen dat de poolijskap,  die de afgelopen drie miljoen jaar  ongeveer de grootte had van het vasteland van de VS,  met 40% gekrompen was.
2026-05-23 20:38:03,049 - INFO - joeynmt.training - 	Hypothesis: <unk> jaar is dat ik deze twee <unk> <unk> dat de <unk> <unk> die de meeste van de laatste drie miljoen jaar <unk> zijn de grootte van de <unk> <unk> <unk> heeft <unk>
2026-05-23 20:38:03,050 - INFO - joeynmt.training - Example #1
2026-05-23 20:38:03,050 - DEBUG - joeynmt.training - 	Tokenized source:     ['But', 'this', 'understates', 'the', 'seriousness', 'of', 'this', 'particular', 'problem', 'because', 'it', "doesn't", 'show', 'the', 'thickness', 'of', 'the', 'ice.']
2026-05-23 20:38:03,050 - DEBUG - joeynmt.training - 	Tokenized reference:  ['Maar', 'dit', 'onderschat', 'eigenlijk', 'de', 'ernst', 'van', 'dit', 'specifieke', 'probleem', '', 'omdat', 'het', 'niet', 'de', 'dikte', 'van', 'het', 'ijs', 'laat', 'zien.']
2026-05-23 20:38:03,050 - DEBUG - joeynmt.training - 	Tokenized hypothesis: ['Maar', 'deze', '<unk>', 'de', '<unk>', 'van', 'dit', '<unk>', 'omdat', 'het', 'niet', 'de', '<unk>', 'van', 'de', '<unk>', '<unk>', '</s>']
2026-05-23 20:38:03,050 - INFO - joeynmt.training - 	Source:     But this understates the seriousness of this particular problem because it doesn't show the thickness of the ice.
2026-05-23 20:38:03,050 - INFO - joeynmt.training - 	Reference:  Maar dit onderschat eigenlijk de ernst van dit specifieke probleem  omdat het niet de dikte van het ijs laat zien.
2026-05-23 20:38:03,051 - INFO - joeynmt.training - 	Hypothesis: Maar deze <unk> de <unk> van dit <unk> omdat het niet de <unk> van de <unk> <unk>
2026-05-23 20:38:03,051 - INFO - joeynmt.training - Example #2
2026-05-23 20:38:03,051 - DEBUG - joeynmt.training - 	Tokenized source:     ['The', 'arctic', 'ice', 'cap', 'is,', 'in', 'a', 'sense,', 'the', 'beating', 'heart', 'of', 'the', 'global', 'climate', 'system.']
2026-05-23 20:38:03,051 - DEBUG - joeynmt.training - 	Tokenized reference:  ['De', 'ijskap', 'op', 'de', 'Noordpool', 'is', 'in', 'zekere', 'zin', '', 'het', 'kloppend', 'hart', 'van', 'ons', 'globaal', 'klimaatsysteem.']
2026-05-23 20:38:03,051 - DEBUG - joeynmt.training - 	Tokenized hypothesis: ['Het', '<unk>', '<unk>', 'is', 'in', 'zekere', 'zin', 'dat', 'het', '<unk>', '<unk>', 'van', 'de', '<unk>', '</s>']
2026-05-23 20:38:03,051 - INFO - joeynmt.training - 	Source:     The arctic ice cap is, in a sense, the beating heart of the global climate system.
2026-05-23 20:38:03,051 - INFO - joeynmt.training - 	Reference:  De ijskap op de Noordpool is in zekere zin  het kloppend hart van ons globaal klimaatsysteem.
2026-05-23 20:38:03,051 - INFO - joeynmt.training - 	Hypothesis: Het <unk> <unk> is in zekere zin dat het <unk> <unk> van de <unk>
2026-05-23 20:38:03,051 - INFO - joeynmt.training - Example #3
2026-05-23 20:38:03,052 - DEBUG - joeynmt.training - 	Tokenized source:     ['It', 'expands', 'in', 'winter', 'and', 'contracts', 'in', 'summer.']
2026-05-23 20:38:03,052 - DEBUG - joeynmt.training - 	Tokenized reference:  ['Het', 'zet', 'uit', 'in', 'de', 'winter', 'en', 'krimpt', 'in', 'de', 'zomer.']
2026-05-23 20:38:03,052 - DEBUG - joeynmt.training - 	Tokenized hypothesis: ['Het', '<unk>', 'in', '<unk>', 'en', '<unk>', 'in', '<unk>', '</s>']
2026-05-23 20:38:03,052 - INFO - joeynmt.training - 	Source:     It expands in winter and contracts in summer.
2026-05-23 20:38:03,053 - INFO - joeynmt.training - 	Reference:  Het zet uit in de winter en krimpt in de zomer.
2026-05-23 20:38:03,055 - INFO - joeynmt.training - 	Hypothesis: Het <unk> in <unk> en <unk> in <unk>
2026-05-23 20:38:03,055 - INFO - joeynmt.training - Example #4
2026-05-23 20:38:03,055 - DEBUG - joeynmt.training - 	Tokenized source:     ['The', 'next', 'slide', 'I', 'show', 'you', 'will', 'be', 'a', 'rapid', 'fast-forward', 'of', "what's", 'happened', 'over', 'the', 'last', '25', 'years.']
2026-05-23 20:38:03,055 - DEBUG - joeynmt.training - 	Tokenized reference:  ['De', 'volgende', 'dia', 'die', 'ik', 'laat', 'zien', '', 'is', 'een', 'versnelde', 'versie', 'van', 'wat', 'er', 'de', 'afgelopen', '25', 'jaar', 'is', 'gebeurd.']
2026-05-23 20:38:03,055 - DEBUG - joeynmt.training - 	Tokenized hypothesis: ['De', 'volgende', '<unk>', 'die', 'ik', 'laat', 'zien', 'dat', 'een', '<unk>', '<unk>', 'van', 'wat', 'er', 'gebeurd', 'is', 'in', 'de', 'afgelopen', '25', 'jaar', '<unk>', '</s>']
2026-05-23 20:38:03,055 - INFO - joeynmt.training - 	Source:     The next slide I show you will be a rapid fast-forward of what's happened over the last 25 years.
2026-05-23 20:38:03,055 - INFO - joeynmt.training - 	Reference:  De volgende dia die ik laat zien  is een versnelde versie van wat er de afgelopen 25 jaar is gebeurd.
2026-05-23 20:38:03,055 - INFO - joeynmt.training - 	Hypothesis: De volgende <unk> die ik laat zien dat een <unk> <unk> van wat er gebeurd is in de afgelopen 25 jaar <unk>
2026-05-23 20:38:34,110 - INFO - joeynmt.training - Epoch   6, Step:    14100, Batch Loss:     1.413723, Batch Acc: 0.590725, Tokens per Sec:     2140, Lr: 0.000300
2026-05-23 20:39:05,050 - INFO - joeynmt.training - Epoch   6, Step:    14200, Batch Loss:     1.290774, Batch Acc: 0.588483, Tokens per Sec:     2073, Lr: 0.000300
2026-05-23 20:39:36,262 - INFO - joeynmt.training - Epoch   6, Step:    14300, Batch Loss:     1.442504, Batch Acc: 0.588279, Tokens per Sec:     2120, Lr: 0.000300
2026-05-23 20:40:07,254 - INFO - joeynmt.training - Epoch   6, Step:    14400, Batch Loss:     1.337772, Batch Acc: 0.589630, Tokens per Sec:     2076, Lr: 0.000300
2026-05-23 20:40:37,837 - INFO - joeynmt.training - Epoch   6, Step:    14500, Batch Loss:     1.358062, Batch Acc: 0.592985, Tokens per Sec:     2162, Lr: 0.000300
2026-05-23 20:40:37,837 - INFO - joeynmt.prediction - Predicting 1003 example(s)... (Greedy decoding with min_output_length=1, max_output_length=100, return_prob='none', generate_unk=True, repetition_penalty=-1, no_repeat_ngram_size=-1)
2026-05-23 20:41:06,856 - INFO - joeynmt.metrics - nrefs:1|case:mixed|eff:no|tok:13a|smooth:exp|version:2.6.0
2026-05-23 20:41:06,857 - INFO - joeynmt.prediction - Evaluation result (greedy) bleu:   5.31, loss:   1.94, ppl:   6.98, acc:   0.45, generation: 28.8902[sec], evaluation: 0.1232[sec]
2026-05-23 20:41:06,908 - INFO - joeynmt.helpers - delete output_word/13000.ckpt
2026-05-23 20:41:06,914 - INFO - joeynmt.training - Example #0
2026-05-23 20:41:06,914 - DEBUG - joeynmt.training - 	Tokenized source:     ['Last', 'year', 'I', 'showed', 'these', 'two', 'slides', 'so', 'that', 'demonstrate', 'that', 'the', 'arctic', 'ice', 'cap,', 'which', 'for', 'most', 'of', 'the', 'last', 'three', 'million', 'years', 'has', 'been', 'the', 'size', 'of', 'the', 'lower', '48', 'states,', 'has', 'shrunk', 'by', '40', 'percent.']
2026-05-23 20:41:06,914 - DEBUG - joeynmt.training - 	Tokenized reference:  ['Vorig', 'jaar', 'liet', 'ik', 'deze', 'twee', "dia's", 'zien', 'om', 'aan', '', 'te', 'tonen', 'dat', 'de', 'poolijskap,', '', 'die', 'de', 'afgelopen', 'drie', 'miljoen', 'jaar', '', 'ongeveer', 'de', 'grootte', 'had', 'van', 'het', 'vasteland', 'van', 'de', 'VS,', '', 'met', '40%', 'gekrompen', 'was.']
2026-05-23 20:41:06,914 - DEBUG - joeynmt.training - 	Tokenized hypothesis: ['<unk>', 'jaar', '<unk>', 'ik', 'deze', 'twee', '<unk>', '<unk>', 'zodat', 'de', '<unk>', '<unk>', 'die', 'de', 'meeste', '<unk>', '<unk>', 'die', 'voor', 'de', 'meeste', '<unk>', '<unk>', 'is', '<unk>', 'met', '40', 'procent.', '</s>']
2026-05-23 20:41:06,914 - INFO - joeynmt.training - 	Source:     Last year I showed these two slides so that demonstrate that the arctic ice cap, which for most of the last three million years has been the size of the lower 48 states, has shrunk by 40 percent.
2026-05-23 20:41:06,914 - INFO - joeynmt.training - 	Reference:  Vorig jaar liet ik deze twee dia's zien om aan  te tonen dat de poolijskap,  die de afgelopen drie miljoen jaar  ongeveer de grootte had van het vasteland van de VS,  met 40% gekrompen was.
2026-05-23 20:41:06,914 - INFO - joeynmt.training - 	Hypothesis: <unk> jaar <unk> ik deze twee <unk> <unk> zodat de <unk> <unk> die de meeste <unk> <unk> die voor de meeste <unk> <unk> is <unk> met 40 procent.
2026-05-23 20:41:06,915 - INFO - joeynmt.training - Example #1
2026-05-23 20:41:06,915 - DEBUG - joeynmt.training - 	Tokenized source:     ['But', 'this', 'understates', 'the', 'seriousness', 'of', 'this', 'particular', 'problem', 'because', 'it', "doesn't", 'show', 'the', 'thickness', 'of', 'the', 'ice.']
2026-05-23 20:41:06,915 - DEBUG - joeynmt.training - 	Tokenized reference:  ['Maar', 'dit', 'onderschat', 'eigenlijk', 'de', 'ernst', 'van', 'dit', 'specifieke', 'probleem', '', 'omdat', 'het', 'niet', 'de', 'dikte', 'van', 'het', 'ijs', 'laat', 'zien.']
2026-05-23 20:41:06,915 - DEBUG - joeynmt.training - 	Tokenized hypothesis: ['Maar', 'dit', '<unk>', 'de', '<unk>', 'van', 'dit', '<unk>', 'omdat', 'het', 'niet', 'de', '<unk>', 'van', 'de', '<unk>', '<unk>', '</s>']
2026-05-23 20:41:06,915 - INFO - joeynmt.training - 	Source:     But this understates the seriousness of this particular problem because it doesn't show the thickness of the ice.
2026-05-23 20:41:06,915 - INFO - joeynmt.training - 	Reference:  Maar dit onderschat eigenlijk de ernst van dit specifieke probleem  omdat het niet de dikte van het ijs laat zien.
2026-05-23 20:41:06,915 - INFO - joeynmt.training - 	Hypothesis: Maar dit <unk> de <unk> van dit <unk> omdat het niet de <unk> van de <unk> <unk>
2026-05-23 20:41:06,916 - INFO - joeynmt.training - Example #2
2026-05-23 20:41:06,916 - DEBUG - joeynmt.training - 	Tokenized source:     ['The', 'arctic', 'ice', 'cap', 'is,', 'in', 'a', 'sense,', 'the', 'beating', 'heart', 'of', 'the', 'global', 'climate', 'system.']
2026-05-23 20:41:06,916 - DEBUG - joeynmt.training - 	Tokenized reference:  ['De', 'ijskap', 'op', 'de', 'Noordpool', 'is', 'in', 'zekere', 'zin', '', 'het', 'kloppend', 'hart', 'van', 'ons', 'globaal', 'klimaatsysteem.']
2026-05-23 20:41:06,916 - DEBUG - joeynmt.training - 	Tokenized hypothesis: ['De', '<unk>', '<unk>', 'is', 'in', 'zekere', 'zin', 'de', '<unk>', 'van', 'de', '<unk>', '<unk>', '</s>']
2026-05-23 20:41:06,916 - INFO - joeynmt.training - 	Source:     The arctic ice cap is, in a sense, the beating heart of the global climate system.
2026-05-23 20:41:06,916 - INFO - joeynmt.training - 	Reference:  De ijskap op de Noordpool is in zekere zin  het kloppend hart van ons globaal klimaatsysteem.
2026-05-23 20:41:06,916 - INFO - joeynmt.training - 	Hypothesis: De <unk> <unk> is in zekere zin de <unk> van de <unk> <unk>
2026-05-23 20:41:06,916 - INFO - joeynmt.training - Example #3
2026-05-23 20:41:06,916 - DEBUG - joeynmt.training - 	Tokenized source:     ['It', 'expands', 'in', 'winter', 'and', 'contracts', 'in', 'summer.']
2026-05-23 20:41:06,916 - DEBUG - joeynmt.training - 	Tokenized reference:  ['Het', 'zet', 'uit', 'in', 'de', 'winter', 'en', 'krimpt', 'in', 'de', 'zomer.']
2026-05-23 20:41:06,916 - DEBUG - joeynmt.training - 	Tokenized hypothesis: ['Het', '<unk>', 'in', '<unk>', 'en', '<unk>', 'in', '<unk>', '</s>']
2026-05-23 20:41:06,917 - INFO - joeynmt.training - 	Source:     It expands in winter and contracts in summer.
2026-05-23 20:41:06,918 - INFO - joeynmt.training - 	Reference:  Het zet uit in de winter en krimpt in de zomer.
2026-05-23 20:41:06,918 - INFO - joeynmt.training - 	Hypothesis: Het <unk> in <unk> en <unk> in <unk>
2026-05-23 20:41:06,918 - INFO - joeynmt.training - Example #4
2026-05-23 20:41:06,918 - DEBUG - joeynmt.training - 	Tokenized source:     ['The', 'next', 'slide', 'I', 'show', 'you', 'will', 'be', 'a', 'rapid', 'fast-forward', 'of', "what's", 'happened', 'over', 'the', 'last', '25', 'years.']
2026-05-23 20:41:06,918 - DEBUG - joeynmt.training - 	Tokenized reference:  ['De', 'volgende', 'dia', 'die', 'ik', 'laat', 'zien', '', 'is', 'een', 'versnelde', 'versie', 'van', 'wat', 'er', 'de', 'afgelopen', '25', 'jaar', 'is', 'gebeurd.']
2026-05-23 20:41:06,918 - DEBUG - joeynmt.training - 	Tokenized hypothesis: ['De', 'volgende', '<unk>', 'die', 'ik', 'zal', 'laten', 'zien', 'dat', 'een', '<unk>', '<unk>', 'is', 'van', 'de', 'afgelopen', '25', 'jaar.', '</s>']
2026-05-23 20:41:06,918 - INFO - joeynmt.training - 	Source:     The next slide I show you will be a rapid fast-forward of what's happened over the last 25 years.
2026-05-23 20:41:06,918 - INFO - joeynmt.training - 	Reference:  De volgende dia die ik laat zien  is een versnelde versie van wat er de afgelopen 25 jaar is gebeurd.
2026-05-23 20:41:06,918 - INFO - joeynmt.training - 	Hypothesis: De volgende <unk> die ik zal laten zien dat een <unk> <unk> is van de afgelopen 25 jaar.
2026-05-23 20:41:37,842 - INFO - joeynmt.training - Epoch   6, Step:    14600, Batch Loss:     1.319564, Batch Acc: 0.585904, Tokens per Sec:     2101, Lr: 0.000300
2026-05-23 20:42:08,643 - INFO - joeynmt.training - Epoch   6, Step:    14700, Batch Loss:     1.260545, Batch Acc: 0.584397, Tokens per Sec:     2065, Lr: 0.000300
2026-05-23 20:42:10,564 - INFO - joeynmt.training - Epoch   6: total training loss 3126.22
2026-05-23 20:42:10,564 - INFO - joeynmt.training - EPOCH 7
2026-05-23 20:42:39,571 - INFO - joeynmt.training - Epoch   7, Step:    14800, Batch Loss:     1.165157, Batch Acc: 0.615671, Tokens per Sec:     2121, Lr: 0.000300
2026-05-23 20:43:10,429 - INFO - joeynmt.training - Epoch   7, Step:    14900, Batch Loss:     1.271749, Batch Acc: 0.615491, Tokens per Sec:     2119, Lr: 0.000300
2026-05-23 20:43:41,370 - INFO - joeynmt.training - Epoch   7, Step:    15000, Batch Loss:     1.191602, Batch Acc: 0.614667, Tokens per Sec:     2135, Lr: 0.000300
2026-05-23 20:43:41,370 - INFO - joeynmt.prediction - Predicting 1003 example(s)... (Greedy decoding with min_output_length=1, max_output_length=100, return_prob='none', generate_unk=True, repetition_penalty=-1, no_repeat_ngram_size=-1)
2026-05-23 20:44:11,304 - INFO - joeynmt.metrics - nrefs:1|case:mixed|eff:no|tok:13a|smooth:exp|version:2.6.0
2026-05-23 20:44:11,305 - INFO - joeynmt.prediction - Evaluation result (greedy) bleu:   5.57, loss:   1.95, ppl:   7.05, acc:   0.45, generation: 29.8043[sec], evaluation: 0.1236[sec]
2026-05-23 20:44:11,351 - INFO - joeynmt.helpers - delete output_word/10500.ckpt
2026-05-23 20:44:11,357 - INFO - joeynmt.training - Example #0
2026-05-23 20:44:11,358 - DEBUG - joeynmt.training - 	Tokenized source:     ['Last', 'year', 'I', 'showed', 'these', 'two', 'slides', 'so', 'that', 'demonstrate', 'that', 'the', 'arctic', 'ice', 'cap,', 'which', 'for', 'most', 'of', 'the', 'last', 'three', 'million', 'years', 'has', 'been', 'the', 'size', 'of', 'the', 'lower', '48', 'states,', 'has', 'shrunk', 'by', '40', 'percent.']
2026-05-23 20:44:11,358 - DEBUG - joeynmt.training - 	Tokenized reference:  ['Vorig', 'jaar', 'liet', 'ik', 'deze', 'twee', "dia's", 'zien', 'om', 'aan', '', 'te', 'tonen', 'dat', 'de', 'poolijskap,', '', 'die', 'de', 'afgelopen', 'drie', 'miljoen', 'jaar', '', 'ongeveer', 'de', 'grootte', 'had', 'van', 'het', 'vasteland', 'van', 'de', 'VS,', '', 'met', '40%', 'gekrompen', 'was.']
2026-05-23 20:44:11,358 - DEBUG - joeynmt.training - 	Tokenized hypothesis: ['<unk>', 'jaar', 'is', 'ik', 'deze', 'twee', '<unk>', 'zodat', 'de', '<unk>', '<unk>', '<unk>', 'die', 'de', 'meeste', 'van', 'de', '<unk>', 'drie', 'miljoen', 'jaar', '<unk>', '<unk>', '<unk>', 'heeft', '<unk>', 'door', '40', 'procent.', '</s>']
2026-05-23 20:44:11,358 - INFO - joeynmt.training - 	Source:     Last year I showed these two slides so that demonstrate that the arctic ice cap, which for most of the last three million years has been the size of the lower 48 states, has shrunk by 40 percent.
2026-05-23 20:44:11,358 - INFO - joeynmt.training - 	Reference:  Vorig jaar liet ik deze twee dia's zien om aan  te tonen dat de poolijskap,  die de afgelopen drie miljoen jaar  ongeveer de grootte had van het vasteland van de VS,  met 40% gekrompen was.
2026-05-23 20:44:11,358 - INFO - joeynmt.training - 	Hypothesis: <unk> jaar is ik deze twee <unk> zodat de <unk> <unk> <unk> die de meeste van de <unk> drie miljoen jaar <unk> <unk> <unk> heeft <unk> door 40 procent.
2026-05-23 20:44:11,359 - INFO - joeynmt.training - Example #1
2026-05-23 20:44:11,359 - DEBUG - joeynmt.training - 	Tokenized source:     ['But', 'this', 'understates', 'the', 'seriousness', 'of', 'this', 'particular', 'problem', 'because', 'it', "doesn't", 'show', 'the', 'thickness', 'of', 'the', 'ice.']
2026-05-23 20:44:11,359 - DEBUG - joeynmt.training - 	Tokenized reference:  ['Maar', 'dit', 'onderschat', 'eigenlijk', 'de', 'ernst', 'van', 'dit', 'specifieke', 'probleem', '', 'omdat', 'het', 'niet', 'de', 'dikte', 'van', 'het', 'ijs', 'laat', 'zien.']
2026-05-23 20:44:11,359 - DEBUG - joeynmt.training - 	Tokenized hypothesis: ['Maar', 'deze', '<unk>', 'de', '<unk>', 'van', 'dit', 'specifieke', 'probleem', '<unk>', 'omdat', 'het', 'niet', '<unk>', 'van', 'de', '<unk>', '</s>']
2026-05-23 20:44:11,359 - INFO - joeynmt.training - 	Source:     But this understates the seriousness of this particular problem because it doesn't show the thickness of the ice.
2026-05-23 20:44:11,359 - INFO - joeynmt.training - 	Reference:  Maar dit onderschat eigenlijk de ernst van dit specifieke probleem  omdat het niet de dikte van het ijs laat zien.
2026-05-23 20:44:11,359 - INFO - joeynmt.training - 	Hypothesis: Maar deze <unk> de <unk> van dit specifieke probleem <unk> omdat het niet <unk> van de <unk>
2026-05-23 20:44:11,359 - INFO - joeynmt.training - Example #2
2026-05-23 20:44:11,360 - DEBUG - joeynmt.training - 	Tokenized source:     ['The', 'arctic', 'ice', 'cap', 'is,', 'in', 'a', 'sense,', 'the', 'beating', 'heart', 'of', 'the', 'global', 'climate', 'system.']
2026-05-23 20:44:11,360 - DEBUG - joeynmt.training - 	Tokenized reference:  ['De', 'ijskap', 'op', 'de', 'Noordpool', 'is', 'in', 'zekere', 'zin', '', 'het', 'kloppend', 'hart', 'van', 'ons', 'globaal', 'klimaatsysteem.']
2026-05-23 20:44:11,360 - DEBUG - joeynmt.training - 	Tokenized hypothesis: ['Het', '<unk>', '<unk>', 'is', 'in', 'zekere', 'zin', 'de', '<unk>', 'van', 'de', '<unk>', '</s>']
2026-05-23 20:44:11,360 - INFO - joeynmt.training - 	Source:     The arctic ice cap is, in a sense, the beating heart of the global climate system.
2026-05-23 20:44:11,360 - INFO - joeynmt.training - 	Reference:  De ijskap op de Noordpool is in zekere zin  het kloppend hart van ons globaal klimaatsysteem.
2026-05-23 20:44:11,360 - INFO - joeynmt.training - 	Hypothesis: Het <unk> <unk> is in zekere zin de <unk> van de <unk>
2026-05-23 20:44:11,361 - INFO - joeynmt.training - Example #3
2026-05-23 20:44:11,361 - DEBUG - joeynmt.training - 	Tokenized source:     ['It', 'expands', 'in', 'winter', 'and', 'contracts', 'in', 'summer.']
2026-05-23 20:44:11,361 - DEBUG - joeynmt.training - 	Tokenized reference:  ['Het', 'zet', 'uit', 'in', 'de', 'winter', 'en', 'krimpt', 'in', 'de', 'zomer.']
2026-05-23 20:44:11,361 - DEBUG - joeynmt.training - 	Tokenized hypothesis: ['Het', '<unk>', 'in', '<unk>', 'en', '<unk>', 'in', '<unk>', '</s>']
2026-05-23 20:44:11,361 - INFO - joeynmt.training - 	Source:     It expands in winter and contracts in summer.
2026-05-23 20:44:11,361 - INFO - joeynmt.training - 	Reference:  Het zet uit in de winter en krimpt in de zomer.
2026-05-23 20:44:11,361 - INFO - joeynmt.training - 	Hypothesis: Het <unk> in <unk> en <unk> in <unk>
2026-05-23 20:44:11,361 - INFO - joeynmt.training - Example #4
2026-05-23 20:44:11,361 - DEBUG - joeynmt.training - 	Tokenized source:     ['The', 'next', 'slide', 'I', 'show', 'you', 'will', 'be', 'a', 'rapid', 'fast-forward', 'of', "what's", 'happened', 'over', 'the', 'last', '25', 'years.']
2026-05-23 20:44:11,361 - DEBUG - joeynmt.training - 	Tokenized reference:  ['De', 'volgende', 'dia', 'die', 'ik', 'laat', 'zien', '', 'is', 'een', 'versnelde', 'versie', 'van', 'wat', 'er', 'de', 'afgelopen', '25', 'jaar', 'is', 'gebeurd.']
2026-05-23 20:44:11,361 - DEBUG - joeynmt.training - 	Tokenized hypothesis: ['De', 'volgende', '<unk>', 'die', 'ik', 'laat', 'zien', 'dat', 'een', '<unk>', '<unk>', 'van', 'wat', 'er', 'gebeurd', 'is', 'in', 'de', 'afgelopen', '25', 'jaar', '<unk>', '</s>']
2026-05-23 20:44:11,362 - INFO - joeynmt.training - 	Source:     The next slide I show you will be a rapid fast-forward of what's happened over the last 25 years.
2026-05-23 20:44:11,362 - INFO - joeynmt.training - 	Reference:  De volgende dia die ik laat zien  is een versnelde versie van wat er de afgelopen 25 jaar is gebeurd.
2026-05-23 20:44:11,362 - INFO - joeynmt.training - 	Hypothesis: De volgende <unk> die ik laat zien dat een <unk> <unk> van wat er gebeurd is in de afgelopen 25 jaar <unk>
2026-05-23 20:44:42,732 - INFO - joeynmt.training - Epoch   7, Step:    15100, Batch Loss:     1.130945, Batch Acc: 0.615965, Tokens per Sec:     2103, Lr: 0.000300
2026-05-23 20:45:14,129 - INFO - joeynmt.training - Epoch   7, Step:    15200, Batch Loss:     1.252918, Batch Acc: 0.606888, Tokens per Sec:     2064, Lr: 0.000300
2026-05-23 20:45:45,483 - INFO - joeynmt.training - Epoch   7, Step:    15300, Batch Loss:     1.394444, Batch Acc: 0.607695, Tokens per Sec:     2029, Lr: 0.000300
2026-05-23 20:46:15,848 - INFO - joeynmt.training - Epoch   7, Step:    15400, Batch Loss:     1.174633, Batch Acc: 0.606808, Tokens per Sec:     2195, Lr: 0.000300
2026-05-23 20:46:46,689 - INFO - joeynmt.training - Epoch   7, Step:    15500, Batch Loss:     1.323767, Batch Acc: 0.603918, Tokens per Sec:     2109, Lr: 0.000300
2026-05-23 20:46:46,690 - INFO - joeynmt.prediction - Predicting 1003 example(s)... (Greedy decoding with min_output_length=1, max_output_length=100, return_prob='none', generate_unk=True, repetition_penalty=-1, no_repeat_ngram_size=-1)
2026-05-23 20:47:19,512 - INFO - joeynmt.metrics - nrefs:1|case:mixed|eff:no|tok:13a|smooth:exp|version:2.6.0
2026-05-23 20:47:19,513 - INFO - joeynmt.prediction - Evaluation result (greedy) bleu:   5.51, loss:   1.94, ppl:   6.97, acc:   0.45, generation: 32.6887[sec], evaluation: 0.1268[sec]
2026-05-23 20:47:19,567 - INFO - joeynmt.helpers - delete output_word/15000.ckpt
2026-05-23 20:47:19,572 - INFO - joeynmt.helpers - delete C:/Users/Wen Yang/Desktop/mtex04/mt-exercise-04/output_word/15000.ckpt
2026-05-23 20:47:19,573 - WARNING - joeynmt.helpers - Wanted to delete old checkpoint C:\Users\Wen Yang\Desktop\mtex04\mt-exercise-04\output_word\15000.ckpt but file does not exist. ([WinError 2] The system cannot find the file specified: 'C:\\Users\\Wen Yang\\Desktop\\mtex04\\mt-exercise-04\\output_word\\15000.ckpt')
2026-05-23 20:47:19,573 - INFO - joeynmt.training - Example #0
2026-05-23 20:47:19,573 - DEBUG - joeynmt.training - 	Tokenized source:     ['Last', 'year', 'I', 'showed', 'these', 'two', 'slides', 'so', 'that', 'demonstrate', 'that', 'the', 'arctic', 'ice', 'cap,', 'which', 'for', 'most', 'of', 'the', 'last', 'three', 'million', 'years', 'has', 'been', 'the', 'size', 'of', 'the', 'lower', '48', 'states,', 'has', 'shrunk', 'by', '40', 'percent.']
2026-05-23 20:47:19,573 - DEBUG - joeynmt.training - 	Tokenized reference:  ['Vorig', 'jaar', 'liet', 'ik', 'deze', 'twee', "dia's", 'zien', 'om', 'aan', '', 'te', 'tonen', 'dat', 'de', 'poolijskap,', '', 'die', 'de', 'afgelopen', 'drie', 'miljoen', 'jaar', '', 'ongeveer', 'de', 'grootte', 'had', 'van', 'het', 'vasteland', 'van', 'de', 'VS,', '', 'met', '40%', 'gekrompen', 'was.']
2026-05-23 20:47:19,573 - DEBUG - joeynmt.training - 	Tokenized hypothesis: ['<unk>', 'jaar', 'heeft', 'ik', 'deze', 'twee', '<unk>', '<unk>', 'zodat', 'de', '<unk>', '<unk>', 'die', 'het', '<unk>', '<unk>', 'die', 'de', 'meeste', 'van', 'de', 'afgelopen', 'drie', 'miljoen', 'jaar', '<unk>', 'is', '<unk>', '<unk>', '<unk>', '<unk>', '<unk>', '<unk>', '<unk>', '<unk>', 'met', '<unk>', '<unk>', '<unk>', 'heeft', '<unk>', '<unk>', '<unk>', '<unk>', 'met', '<unk>', '</s>']
2026-05-23 20:47:19,573 - INFO - joeynmt.training - 	Source:     Last year I showed these two slides so that demonstrate that the arctic ice cap, which for most of the last three million years has been the size of the lower 48 states, has shrunk by 40 percent.
2026-05-23 20:47:19,573 - INFO - joeynmt.training - 	Reference:  Vorig jaar liet ik deze twee dia's zien om aan  te tonen dat de poolijskap,  die de afgelopen drie miljoen jaar  ongeveer de grootte had van het vasteland van de VS,  met 40% gekrompen was.
2026-05-23 20:47:19,574 - INFO - joeynmt.training - 	Hypothesis: <unk> jaar heeft ik deze twee <unk> <unk> zodat de <unk> <unk> die het <unk> <unk> die de meeste van de afgelopen drie miljoen jaar <unk> is <unk> <unk> <unk> <unk> <unk> <unk> <unk> <unk> met <unk> <unk> <unk> heeft <unk> <unk> <unk> <unk> met <unk>
2026-05-23 20:47:19,574 - INFO - joeynmt.training - Example #1
2026-05-23 20:47:19,574 - DEBUG - joeynmt.training - 	Tokenized source:     ['But', 'this', 'understates', 'the', 'seriousness', 'of', 'this', 'particular', 'problem', 'because', 'it', "doesn't", 'show', 'the', 'thickness', 'of', 'the', 'ice.']
2026-05-23 20:47:19,574 - DEBUG - joeynmt.training - 	Tokenized reference:  ['Maar', 'dit', 'onderschat', 'eigenlijk', 'de', 'ernst', 'van', 'dit', 'specifieke', 'probleem', '', 'omdat', 'het', 'niet', 'de', 'dikte', 'van', 'het', 'ijs', 'laat', 'zien.']
2026-05-23 20:47:19,574 - DEBUG - joeynmt.training - 	Tokenized hypothesis: ['Maar', 'deze', '<unk>', 'de', '<unk>', 'van', 'dit', 'specifieke', 'probleem', 'is', 'dat', 'het', 'niet', '<unk>', 'van', 'de', '<unk>', '</s>']
2026-05-23 20:47:19,574 - INFO - joeynmt.training - 	Source:     But this understates the seriousness of this particular problem because it doesn't show the thickness of the ice.
2026-05-23 20:47:19,574 - INFO - joeynmt.training - 	Reference:  Maar dit onderschat eigenlijk de ernst van dit specifieke probleem  omdat het niet de dikte van het ijs laat zien.
2026-05-23 20:47:19,574 - INFO - joeynmt.training - 	Hypothesis: Maar deze <unk> de <unk> van dit specifieke probleem is dat het niet <unk> van de <unk>
2026-05-23 20:47:19,575 - INFO - joeynmt.training - Example #2
2026-05-23 20:47:19,575 - DEBUG - joeynmt.training - 	Tokenized source:     ['The', 'arctic', 'ice', 'cap', 'is,', 'in', 'a', 'sense,', 'the', 'beating', 'heart', 'of', 'the', 'global', 'climate', 'system.']
2026-05-23 20:47:19,575 - DEBUG - joeynmt.training - 	Tokenized reference:  ['De', 'ijskap', 'op', 'de', 'Noordpool', 'is', 'in', 'zekere', 'zin', '', 'het', 'kloppend', 'hart', 'van', 'ons', 'globaal', 'klimaatsysteem.']
2026-05-23 20:47:19,575 - DEBUG - joeynmt.training - 	Tokenized hypothesis: ['Het', '<unk>', '<unk>', 'is', 'in', 'zekere', 'zin', 'de', '<unk>', 'van', 'het', '<unk>', '</s>']
2026-05-23 20:47:19,575 - INFO - joeynmt.training - 	Source:     The arctic ice cap is, in a sense, the beating heart of the global climate system.
2026-05-23 20:47:19,575 - INFO - joeynmt.training - 	Reference:  De ijskap op de Noordpool is in zekere zin  het kloppend hart van ons globaal klimaatsysteem.
2026-05-23 20:47:19,575 - INFO - joeynmt.training - 	Hypothesis: Het <unk> <unk> is in zekere zin de <unk> van het <unk>
2026-05-23 20:47:19,576 - INFO - joeynmt.training - Example #3
2026-05-23 20:47:19,576 - DEBUG - joeynmt.training - 	Tokenized source:     ['It', 'expands', 'in', 'winter', 'and', 'contracts', 'in', 'summer.']
2026-05-23 20:47:19,576 - DEBUG - joeynmt.training - 	Tokenized reference:  ['Het', 'zet', 'uit', 'in', 'de', 'winter', 'en', 'krimpt', 'in', 'de', 'zomer.']
2026-05-23 20:47:19,576 - DEBUG - joeynmt.training - 	Tokenized hypothesis: ['Het', '<unk>', 'in', '<unk>', 'en', '<unk>', 'in', '<unk>', '</s>']
2026-05-23 20:47:19,576 - INFO - joeynmt.training - 	Source:     It expands in winter and contracts in summer.
2026-05-23 20:47:19,576 - INFO - joeynmt.training - 	Reference:  Het zet uit in de winter en krimpt in de zomer.
2026-05-23 20:47:19,576 - INFO - joeynmt.training - 	Hypothesis: Het <unk> in <unk> en <unk> in <unk>
2026-05-23 20:47:19,576 - INFO - joeynmt.training - Example #4
2026-05-23 20:47:19,576 - DEBUG - joeynmt.training - 	Tokenized source:     ['The', 'next', 'slide', 'I', 'show', 'you', 'will', 'be', 'a', 'rapid', 'fast-forward', 'of', "what's", 'happened', 'over', 'the', 'last', '25', 'years.']
2026-05-23 20:47:19,576 - DEBUG - joeynmt.training - 	Tokenized reference:  ['De', 'volgende', 'dia', 'die', 'ik', 'laat', 'zien', '', 'is', 'een', 'versnelde', 'versie', 'van', 'wat', 'er', 'de', 'afgelopen', '25', 'jaar', 'is', 'gebeurd.']
2026-05-23 20:47:19,576 - DEBUG - joeynmt.training - 	Tokenized hypothesis: ['De', 'volgende', '<unk>', 'die', 'ik', 'zal', 'laten', 'zien', 'dat', 'er', 'in', 'de', 'afgelopen', '25', 'jaar', '<unk>', '</s>']
2026-05-23 20:47:19,577 - INFO - joeynmt.training - 	Source:     The next slide I show you will be a rapid fast-forward of what's happened over the last 25 years.
2026-05-23 20:47:19,579 - INFO - joeynmt.training - 	Reference:  De volgende dia die ik laat zien  is een versnelde versie van wat er de afgelopen 25 jaar is gebeurd.
2026-05-23 20:47:19,579 - INFO - joeynmt.training - 	Hypothesis: De volgende <unk> die ik zal laten zien dat er in de afgelopen 25 jaar <unk>
2026-05-23 20:47:50,387 - INFO - joeynmt.training - Epoch   7, Step:    15600, Batch Loss:     1.386599, Batch Acc: 0.604033, Tokens per Sec:     2095, Lr: 0.000300
2026-05-23 20:48:21,262 - INFO - joeynmt.training - Epoch   7, Step:    15700, Batch Loss:     1.264952, Batch Acc: 0.606733, Tokens per Sec:     2129, Lr: 0.000300
2026-05-23 20:48:52,106 - INFO - joeynmt.training - Epoch   7, Step:    15800, Batch Loss:     1.192743, Batch Acc: 0.605190, Tokens per Sec:     2149, Lr: 0.000300
2026-05-23 20:49:22,790 - INFO - joeynmt.training - Epoch   7, Step:    15900, Batch Loss:     1.133136, Batch Acc: 0.606240, Tokens per Sec:     2095, Lr: 0.000300
2026-05-23 20:49:53,647 - INFO - joeynmt.training - Epoch   7, Step:    16000, Batch Loss:     1.325489, Batch Acc: 0.601932, Tokens per Sec:     2113, Lr: 0.000300
2026-05-23 20:49:53,648 - INFO - joeynmt.prediction - Predicting 1003 example(s)... (Greedy decoding with min_output_length=1, max_output_length=100, return_prob='none', generate_unk=True, repetition_penalty=-1, no_repeat_ngram_size=-1)
2026-05-23 20:50:25,984 - INFO - joeynmt.metrics - nrefs:1|case:mixed|eff:no|tok:13a|smooth:exp|version:2.6.0
2026-05-23 20:50:25,984 - INFO - joeynmt.prediction - Evaluation result (greedy) bleu:   5.38, loss:   1.96, ppl:   7.07, acc:   0.45, generation: 32.2010[sec], evaluation: 0.1278[sec]
2026-05-23 20:50:25,987 - INFO - joeynmt.training - Example #0
2026-05-23 20:50:25,987 - DEBUG - joeynmt.training - 	Tokenized source:     ['Last', 'year', 'I', 'showed', 'these', 'two', 'slides', 'so', 'that', 'demonstrate', 'that', 'the', 'arctic', 'ice', 'cap,', 'which', 'for', 'most', 'of', 'the', 'last', 'three', 'million', 'years', 'has', 'been', 'the', 'size', 'of', 'the', 'lower', '48', 'states,', 'has', 'shrunk', 'by', '40', 'percent.']
2026-05-23 20:50:25,987 - DEBUG - joeynmt.training - 	Tokenized reference:  ['Vorig', 'jaar', 'liet', 'ik', 'deze', 'twee', "dia's", 'zien', 'om', 'aan', '', 'te', 'tonen', 'dat', 'de', 'poolijskap,', '', 'die', 'de', 'afgelopen', 'drie', 'miljoen', 'jaar', '', 'ongeveer', 'de', 'grootte', 'had', 'van', 'het', 'vasteland', 'van', 'de', 'VS,', '', 'met', '40%', 'gekrompen', 'was.']
2026-05-23 20:50:25,987 - DEBUG - joeynmt.training - 	Tokenized hypothesis: ['<unk>', 'jaar', 'is', 'ik', 'deze', 'twee', '<unk>', '<unk>', 'zodat', 'de', '<unk>', '<unk>', 'die', 'voor', 'de', 'meeste', '<unk>', '<unk>', 'die', 'voor', 'de', 'meeste', '<unk>', 'drie', 'miljoen', 'jaar', 'is', 'de', '<unk>', 'van', 'de', '<unk>', '<unk>', '<unk>', '<unk>', '<unk>', '<unk>', '<unk>', '<unk>', '<unk>', '<unk>', '<unk>', '<unk>', '<unk>', '<unk>', '<unk>', '<unk>', '<unk>', '<unk>', '<unk>', '<unk>', '<unk>', '<unk>', '<unk>', 'met', '<unk>', '</s>']
2026-05-23 20:50:25,987 - INFO - joeynmt.training - 	Source:     Last year I showed these two slides so that demonstrate that the arctic ice cap, which for most of the last three million years has been the size of the lower 48 states, has shrunk by 40 percent.
2026-05-23 20:50:25,988 - INFO - joeynmt.training - 	Reference:  Vorig jaar liet ik deze twee dia's zien om aan  te tonen dat de poolijskap,  die de afgelopen drie miljoen jaar  ongeveer de grootte had van het vasteland van de VS,  met 40% gekrompen was.
2026-05-23 20:50:25,988 - INFO - joeynmt.training - 	Hypothesis: <unk> jaar is ik deze twee <unk> <unk> zodat de <unk> <unk> die voor de meeste <unk> <unk> die voor de meeste <unk> drie miljoen jaar is de <unk> van de <unk> <unk> <unk> <unk> <unk> <unk> <unk> <unk> <unk> <unk> <unk> <unk> <unk> <unk> <unk> <unk> <unk> <unk> <unk> <unk> <unk> <unk> <unk> met <unk>
2026-05-23 20:50:25,988 - INFO - joeynmt.training - Example #1
2026-05-23 20:50:25,988 - DEBUG - joeynmt.training - 	Tokenized source:     ['But', 'this', 'understates', 'the', 'seriousness', 'of', 'this', 'particular', 'problem', 'because', 'it', "doesn't", 'show', 'the', 'thickness', 'of', 'the', 'ice.']
2026-05-23 20:50:25,988 - DEBUG - joeynmt.training - 	Tokenized reference:  ['Maar', 'dit', 'onderschat', 'eigenlijk', 'de', 'ernst', 'van', 'dit', 'specifieke', 'probleem', '', 'omdat', 'het', 'niet', 'de', 'dikte', 'van', 'het', 'ijs', 'laat', 'zien.']
2026-05-23 20:50:25,988 - DEBUG - joeynmt.training - 	Tokenized hypothesis: ['Maar', 'deze', '<unk>', 'de', '<unk>', 'van', 'dit', 'specifieke', 'probleem', 'omdat', 'het', 'niet', 'de', '<unk>', 'van', 'de', '<unk>', '</s>']
2026-05-23 20:50:25,988 - INFO - joeynmt.training - 	Source:     But this understates the seriousness of this particular problem because it doesn't show the thickness of the ice.
2026-05-23 20:50:25,989 - INFO - joeynmt.training - 	Reference:  Maar dit onderschat eigenlijk de ernst van dit specifieke probleem  omdat het niet de dikte van het ijs laat zien.
2026-05-23 20:50:25,989 - INFO - joeynmt.training - 	Hypothesis: Maar deze <unk> de <unk> van dit specifieke probleem omdat het niet de <unk> van de <unk>
2026-05-23 20:50:25,989 - INFO - joeynmt.training - Example #2
2026-05-23 20:50:25,989 - DEBUG - joeynmt.training - 	Tokenized source:     ['The', 'arctic', 'ice', 'cap', 'is,', 'in', 'a', 'sense,', 'the', 'beating', 'heart', 'of', 'the', 'global', 'climate', 'system.']
2026-05-23 20:50:25,989 - DEBUG - joeynmt.training - 	Tokenized reference:  ['De', 'ijskap', 'op', 'de', 'Noordpool', 'is', 'in', 'zekere', 'zin', '', 'het', 'kloppend', 'hart', 'van', 'ons', 'globaal', 'klimaatsysteem.']
2026-05-23 20:50:25,989 - DEBUG - joeynmt.training - 	Tokenized hypothesis: ['De', '<unk>', '<unk>', 'is', 'in', 'zekere', 'zin', 'het', '<unk>', 'van', 'de', 'wereldwijde', '<unk>', '</s>']
2026-05-23 20:50:25,989 - INFO - joeynmt.training - 	Source:     The arctic ice cap is, in a sense, the beating heart of the global climate system.
2026-05-23 20:50:25,990 - INFO - joeynmt.training - 	Reference:  De ijskap op de Noordpool is in zekere zin  het kloppend hart van ons globaal klimaatsysteem.
2026-05-23 20:50:25,990 - INFO - joeynmt.training - 	Hypothesis: De <unk> <unk> is in zekere zin het <unk> van de wereldwijde <unk>
2026-05-23 20:50:25,990 - INFO - joeynmt.training - Example #3
2026-05-23 20:50:25,990 - DEBUG - joeynmt.training - 	Tokenized source:     ['It', 'expands', 'in', 'winter', 'and', 'contracts', 'in', 'summer.']
2026-05-23 20:50:25,990 - DEBUG - joeynmt.training - 	Tokenized reference:  ['Het', 'zet', 'uit', 'in', 'de', 'winter', 'en', 'krimpt', 'in', 'de', 'zomer.']
2026-05-23 20:50:25,990 - DEBUG - joeynmt.training - 	Tokenized hypothesis: ['Het', '<unk>', 'in', '<unk>', 'en', '<unk>', 'in', '<unk>', '</s>']
2026-05-23 20:50:25,990 - INFO - joeynmt.training - 	Source:     It expands in winter and contracts in summer.
2026-05-23 20:50:25,990 - INFO - joeynmt.training - 	Reference:  Het zet uit in de winter en krimpt in de zomer.
2026-05-23 20:50:25,990 - INFO - joeynmt.training - 	Hypothesis: Het <unk> in <unk> en <unk> in <unk>
2026-05-23 20:50:25,990 - INFO - joeynmt.training - Example #4
2026-05-23 20:50:25,992 - DEBUG - joeynmt.training - 	Tokenized source:     ['The', 'next', 'slide', 'I', 'show', 'you', 'will', 'be', 'a', 'rapid', 'fast-forward', 'of', "what's", 'happened', 'over', 'the', 'last', '25', 'years.']
2026-05-23 20:50:25,992 - DEBUG - joeynmt.training - 	Tokenized reference:  ['De', 'volgende', 'dia', 'die', 'ik', 'laat', 'zien', '', 'is', 'een', 'versnelde', 'versie', 'van', 'wat', 'er', 'de', 'afgelopen', '25', 'jaar', 'is', 'gebeurd.']
2026-05-23 20:50:25,992 - DEBUG - joeynmt.training - 	Tokenized hypothesis: ['De', 'volgende', '<unk>', '<unk>', 'die', 'ik', 'laat', 'zien', 'zal', 'een', '<unk>', '<unk>', 'van', 'wat', 'er', 'gebeurd', 'is', 'in', 'de', 'afgelopen', '25', 'jaar', '<unk>', '</s>']
2026-05-23 20:50:25,992 - INFO - joeynmt.training - 	Source:     The next slide I show you will be a rapid fast-forward of what's happened over the last 25 years.
2026-05-23 20:50:25,992 - INFO - joeynmt.training - 	Reference:  De volgende dia die ik laat zien  is een versnelde versie van wat er de afgelopen 25 jaar is gebeurd.
2026-05-23 20:50:25,992 - INFO - joeynmt.training - 	Hypothesis: De volgende <unk> <unk> die ik laat zien zal een <unk> <unk> van wat er gebeurd is in de afgelopen 25 jaar <unk>
2026-05-23 20:50:57,034 - INFO - joeynmt.training - Epoch   7, Step:    16100, Batch Loss:     1.370345, Batch Acc: 0.602582, Tokens per Sec:     2080, Lr: 0.000300
2026-05-23 20:51:27,965 - INFO - joeynmt.training - Epoch   7, Step:    16200, Batch Loss:     1.266118, Batch Acc: 0.602921, Tokens per Sec:     2094, Lr: 0.000300
2026-05-23 20:51:58,724 - INFO - joeynmt.training - Epoch   7, Step:    16300, Batch Loss:     1.242777, Batch Acc: 0.603654, Tokens per Sec:     2075, Lr: 0.000300
2026-05-23 20:52:29,989 - INFO - joeynmt.training - Epoch   7, Step:    16400, Batch Loss:     1.315066, Batch Acc: 0.598149, Tokens per Sec:     2074, Lr: 0.000300
2026-05-23 20:53:00,736 - INFO - joeynmt.training - Epoch   7, Step:    16500, Batch Loss:     1.145623, Batch Acc: 0.601305, Tokens per Sec:     2063, Lr: 0.000300
2026-05-23 20:53:00,736 - INFO - joeynmt.prediction - Predicting 1003 example(s)... (Greedy decoding with min_output_length=1, max_output_length=100, return_prob='none', generate_unk=True, repetition_penalty=-1, no_repeat_ngram_size=-1)
2026-05-23 20:53:36,412 - INFO - joeynmt.metrics - nrefs:1|case:mixed|eff:no|tok:13a|smooth:exp|version:2.6.0
2026-05-23 20:53:36,414 - INFO - joeynmt.prediction - Evaluation result (greedy) bleu:   4.97, loss:   1.95, ppl:   7.02, acc:   0.45, generation: 35.5370[sec], evaluation: 0.1335[sec]
2026-05-23 20:53:36,460 - INFO - joeynmt.helpers - delete output_word/13500.ckpt
2026-05-23 20:53:36,467 - INFO - joeynmt.training - Example #0
2026-05-23 20:53:36,467 - DEBUG - joeynmt.training - 	Tokenized source:     ['Last', 'year', 'I', 'showed', 'these', 'two', 'slides', 'so', 'that', 'demonstrate', 'that', 'the', 'arctic', 'ice', 'cap,', 'which', 'for', 'most', 'of', 'the', 'last', 'three', 'million', 'years', 'has', 'been', 'the', 'size', 'of', 'the', 'lower', '48', 'states,', 'has', 'shrunk', 'by', '40', 'percent.']
2026-05-23 20:53:36,467 - DEBUG - joeynmt.training - 	Tokenized reference:  ['Vorig', 'jaar', 'liet', 'ik', 'deze', 'twee', "dia's", 'zien', 'om', 'aan', '', 'te', 'tonen', 'dat', 'de', 'poolijskap,', '', 'die', 'de', 'afgelopen', 'drie', 'miljoen', 'jaar', '', 'ongeveer', 'de', 'grootte', 'had', 'van', 'het', 'vasteland', 'van', 'de', 'VS,', '', 'met', '40%', 'gekrompen', 'was.']
2026-05-23 20:53:36,467 - DEBUG - joeynmt.training - 	Tokenized hypothesis: ['<unk>', 'jaar', 'lang', 'heb', 'ik', 'deze', 'twee', '<unk>', '<unk>', 'zodat', 'de', '<unk>', '<unk>', 'die', 'de', 'meeste', '<unk>', '<unk>', 'die', 'de', 'meeste', '<unk>', '<unk>', '<unk>', '<unk>', 'heeft', '<unk>', '<unk>', '<unk>', '<unk>', '<unk>', '<unk>', '<unk>', '<unk>', '<unk>', '<unk>', '<unk>', '<unk>', '<unk>', '<unk>', '<unk>', '<unk>', '<unk>', '<unk>', '<unk>', '<unk>', '<unk>', '<unk>', '<unk>', '<unk>', '<unk>', '<unk>', '<unk>', '<unk>', '<unk>', '<unk>', '<unk>', '<unk>', '<unk>', '<unk>', '<unk>', '<unk>', '<unk>', '<unk>', '<unk>', '<unk>', '</s>']
2026-05-23 20:53:36,468 - INFO - joeynmt.training - 	Source:     Last year I showed these two slides so that demonstrate that the arctic ice cap, which for most of the last three million years has been the size of the lower 48 states, has shrunk by 40 percent.
2026-05-23 20:53:36,468 - INFO - joeynmt.training - 	Reference:  Vorig jaar liet ik deze twee dia's zien om aan  te tonen dat de poolijskap,  die de afgelopen drie miljoen jaar  ongeveer de grootte had van het vasteland van de VS,  met 40% gekrompen was.
2026-05-23 20:53:36,468 - INFO - joeynmt.training - 	Hypothesis: <unk> jaar lang heb ik deze twee <unk> <unk> zodat de <unk> <unk> die de meeste <unk> <unk> die de meeste <unk> <unk> <unk> <unk> heeft <unk> <unk> <unk> <unk> <unk> <unk> <unk> <unk> <unk> <unk> <unk> <unk> <unk> <unk> <unk> <unk> <unk> <unk> <unk> <unk> <unk> <unk> <unk> <unk> <unk> <unk> <unk> <unk> <unk> <unk> <unk> <unk> <unk> <unk> <unk> <unk> <unk> <unk> <unk> <unk>
2026-05-23 20:53:36,468 - INFO - joeynmt.training - Example #1
2026-05-23 20:53:36,468 - DEBUG - joeynmt.training - 	Tokenized source:     ['But', 'this', 'understates', 'the', 'seriousness', 'of', 'this', 'particular', 'problem', 'because', 'it', "doesn't", 'show', 'the', 'thickness', 'of', 'the', 'ice.']
2026-05-23 20:53:36,468 - DEBUG - joeynmt.training - 	Tokenized reference:  ['Maar', 'dit', 'onderschat', 'eigenlijk', 'de', 'ernst', 'van', 'dit', 'specifieke', 'probleem', '', 'omdat', 'het', 'niet', 'de', 'dikte', 'van', 'het', 'ijs', 'laat', 'zien.']
2026-05-23 20:53:36,468 - DEBUG - joeynmt.training - 	Tokenized hypothesis: ['Maar', 'dit', '<unk>', 'de', '<unk>', 'van', 'dit', 'specifieke', 'probleem', 'omdat', 'het', 'niet', 'de', '<unk>', 'van', 'de', '<unk>', '<unk>', '</s>']
2026-05-23 20:53:36,469 - INFO - joeynmt.training - 	Source:     But this understates the seriousness of this particular problem because it doesn't show the thickness of the ice.
2026-05-23 20:53:36,469 - INFO - joeynmt.training - 	Reference:  Maar dit onderschat eigenlijk de ernst van dit specifieke probleem  omdat het niet de dikte van het ijs laat zien.
2026-05-23 20:53:36,469 - INFO - joeynmt.training - 	Hypothesis: Maar dit <unk> de <unk> van dit specifieke probleem omdat het niet de <unk> van de <unk> <unk>
2026-05-23 20:53:36,469 - INFO - joeynmt.training - Example #2
2026-05-23 20:53:36,469 - DEBUG - joeynmt.training - 	Tokenized source:     ['The', 'arctic', 'ice', 'cap', 'is,', 'in', 'a', 'sense,', 'the', 'beating', 'heart', 'of', 'the', 'global', 'climate', 'system.']
2026-05-23 20:53:36,469 - DEBUG - joeynmt.training - 	Tokenized reference:  ['De', 'ijskap', 'op', 'de', 'Noordpool', 'is', 'in', 'zekere', 'zin', '', 'het', 'kloppend', 'hart', 'van', 'ons', 'globaal', 'klimaatsysteem.']
2026-05-23 20:53:36,469 - DEBUG - joeynmt.training - 	Tokenized hypothesis: ['De', '<unk>', '<unk>', 'is', 'in', 'zekere', 'zin', 'de', '<unk>', 'van', 'de', '<unk>', '</s>']
2026-05-23 20:53:36,469 - INFO - joeynmt.training - 	Source:     The arctic ice cap is, in a sense, the beating heart of the global climate system.
2026-05-23 20:53:36,469 - INFO - joeynmt.training - 	Reference:  De ijskap op de Noordpool is in zekere zin  het kloppend hart van ons globaal klimaatsysteem.
2026-05-23 20:53:36,469 - INFO - joeynmt.training - 	Hypothesis: De <unk> <unk> is in zekere zin de <unk> van de <unk>
2026-05-23 20:53:36,470 - INFO - joeynmt.training - Example #3
2026-05-23 20:53:36,470 - DEBUG - joeynmt.training - 	Tokenized source:     ['It', 'expands', 'in', 'winter', 'and', 'contracts', 'in', 'summer.']
2026-05-23 20:53:36,470 - DEBUG - joeynmt.training - 	Tokenized reference:  ['Het', 'zet', 'uit', 'in', 'de', 'winter', 'en', 'krimpt', 'in', 'de', 'zomer.']
2026-05-23 20:53:36,470 - DEBUG - joeynmt.training - 	Tokenized hypothesis: ['Het', '<unk>', 'in', '<unk>', 'en', '<unk>', 'in', '<unk>', '</s>']
2026-05-23 20:53:36,470 - INFO - joeynmt.training - 	Source:     It expands in winter and contracts in summer.
2026-05-23 20:53:36,470 - INFO - joeynmt.training - 	Reference:  Het zet uit in de winter en krimpt in de zomer.
2026-05-23 20:53:36,471 - INFO - joeynmt.training - 	Hypothesis: Het <unk> in <unk> en <unk> in <unk>
2026-05-23 20:53:36,471 - INFO - joeynmt.training - Example #4
2026-05-23 20:53:36,471 - DEBUG - joeynmt.training - 	Tokenized source:     ['The', 'next', 'slide', 'I', 'show', 'you', 'will', 'be', 'a', 'rapid', 'fast-forward', 'of', "what's", 'happened', 'over', 'the', 'last', '25', 'years.']
2026-05-23 20:53:36,471 - DEBUG - joeynmt.training - 	Tokenized reference:  ['De', 'volgende', 'dia', 'die', 'ik', 'laat', 'zien', '', 'is', 'een', 'versnelde', 'versie', 'van', 'wat', 'er', 'de', 'afgelopen', '25', 'jaar', 'is', 'gebeurd.']
2026-05-23 20:53:36,471 - DEBUG - joeynmt.training - 	Tokenized hypothesis: ['De', 'volgende', '<unk>', 'die', 'ik', 'zal', 'jullie', 'een', '<unk>', '<unk>', '<unk>', 'van', 'wat', 'er', 'gebeurd', 'is', 'in', 'de', 'afgelopen', '25', 'jaar', '<unk>', '</s>']
2026-05-23 20:53:36,471 - INFO - joeynmt.training - 	Source:     The next slide I show you will be a rapid fast-forward of what's happened over the last 25 years.
2026-05-23 20:53:36,471 - INFO - joeynmt.training - 	Reference:  De volgende dia die ik laat zien  is een versnelde versie van wat er de afgelopen 25 jaar is gebeurd.
2026-05-23 20:53:36,471 - INFO - joeynmt.training - 	Hypothesis: De volgende <unk> die ik zal jullie een <unk> <unk> <unk> van wat er gebeurd is in de afgelopen 25 jaar <unk>
2026-05-23 20:54:07,187 - INFO - joeynmt.training - Epoch   7, Step:    16600, Batch Loss:     1.218396, Batch Acc: 0.598473, Tokens per Sec:     2145, Lr: 0.000300
2026-05-23 20:54:38,656 - INFO - joeynmt.training - Epoch   7, Step:    16700, Batch Loss:     1.201902, Batch Acc: 0.600838, Tokens per Sec:     2092, Lr: 0.000300
2026-05-23 20:55:09,794 - INFO - joeynmt.training - Epoch   7, Step:    16800, Batch Loss:     1.307771, Batch Acc: 0.601717, Tokens per Sec:     2047, Lr: 0.000300
2026-05-23 20:55:40,930 - INFO - joeynmt.training - Epoch   7, Step:    16900, Batch Loss:     1.277759, Batch Acc: 0.601158, Tokens per Sec:     2113, Lr: 0.000300
2026-05-23 20:56:12,214 - INFO - joeynmt.training - Epoch   7, Step:    17000, Batch Loss:     1.296327, Batch Acc: 0.601498, Tokens per Sec:     2070, Lr: 0.000300
2026-05-23 20:56:12,215 - INFO - joeynmt.prediction - Predicting 1003 example(s)... (Greedy decoding with min_output_length=1, max_output_length=100, return_prob='none', generate_unk=True, repetition_penalty=-1, no_repeat_ngram_size=-1)
2026-05-23 20:56:41,756 - INFO - joeynmt.metrics - nrefs:1|case:mixed|eff:no|tok:13a|smooth:exp|version:2.6.0
2026-05-23 20:56:41,756 - INFO - joeynmt.prediction - Evaluation result (greedy) bleu:   5.62, loss:   1.95, ppl:   7.01, acc:   0.45, generation: 29.4087[sec], evaluation: 0.1261[sec]
2026-05-23 20:56:41,802 - INFO - joeynmt.helpers - delete output_word/16500.ckpt
2026-05-23 20:56:41,807 - INFO - joeynmt.helpers - delete C:/Users/Wen Yang/Desktop/mtex04/mt-exercise-04/output_word/16500.ckpt
2026-05-23 20:56:41,808 - WARNING - joeynmt.helpers - Wanted to delete old checkpoint C:\Users\Wen Yang\Desktop\mtex04\mt-exercise-04\output_word\16500.ckpt but file does not exist. ([WinError 2] The system cannot find the file specified: 'C:\\Users\\Wen Yang\\Desktop\\mtex04\\mt-exercise-04\\output_word\\16500.ckpt')
2026-05-23 20:56:41,808 - INFO - joeynmt.training - Example #0
2026-05-23 20:56:41,809 - DEBUG - joeynmt.training - 	Tokenized source:     ['Last', 'year', 'I', 'showed', 'these', 'two', 'slides', 'so', 'that', 'demonstrate', 'that', 'the', 'arctic', 'ice', 'cap,', 'which', 'for', 'most', 'of', 'the', 'last', 'three', 'million', 'years', 'has', 'been', 'the', 'size', 'of', 'the', 'lower', '48', 'states,', 'has', 'shrunk', 'by', '40', 'percent.']
2026-05-23 20:56:41,809 - DEBUG - joeynmt.training - 	Tokenized reference:  ['Vorig', 'jaar', 'liet', 'ik', 'deze', 'twee', "dia's", 'zien', 'om', 'aan', '', 'te', 'tonen', 'dat', 'de', 'poolijskap,', '', 'die', 'de', 'afgelopen', 'drie', 'miljoen', 'jaar', '', 'ongeveer', 'de', 'grootte', 'had', 'van', 'het', 'vasteland', 'van', 'de', 'VS,', '', 'met', '40%', 'gekrompen', 'was.']
2026-05-23 20:56:41,809 - DEBUG - joeynmt.training - 	Tokenized hypothesis: ['<unk>', 'jaar', 'dat', 'ik', 'deze', 'twee', '<unk>', 'liet', 'zien', 'zodat', 'de', '<unk>', '<unk>', 'die', 'de', 'meeste', '<unk>', '<unk>', 'die', 'voor', 'de', 'meeste', '<unk>', 'drie', 'miljoen', 'jaar', 'de', 'grootte', 'van', 'de', '<unk>', '<unk>', '<unk>', 'heeft', '<unk>', 'door', '<unk>', '</s>']
2026-05-23 20:56:41,809 - INFO - joeynmt.training - 	Source:     Last year I showed these two slides so that demonstrate that the arctic ice cap, which for most of the last three million years has been the size of the lower 48 states, has shrunk by 40 percent.
2026-05-23 20:56:41,809 - INFO - joeynmt.training - 	Reference:  Vorig jaar liet ik deze twee dia's zien om aan  te tonen dat de poolijskap,  die de afgelopen drie miljoen jaar  ongeveer de grootte had van het vasteland van de VS,  met 40% gekrompen was.
2026-05-23 20:56:41,809 - INFO - joeynmt.training - 	Hypothesis: <unk> jaar dat ik deze twee <unk> liet zien zodat de <unk> <unk> die de meeste <unk> <unk> die voor de meeste <unk> drie miljoen jaar de grootte van de <unk> <unk> <unk> heeft <unk> door <unk>
2026-05-23 20:56:41,810 - INFO - joeynmt.training - Example #1
2026-05-23 20:56:41,810 - DEBUG - joeynmt.training - 	Tokenized source:     ['But', 'this', 'understates', 'the', 'seriousness', 'of', 'this', 'particular', 'problem', 'because', 'it', "doesn't", 'show', 'the', 'thickness', 'of', 'the', 'ice.']
2026-05-23 20:56:41,810 - DEBUG - joeynmt.training - 	Tokenized reference:  ['Maar', 'dit', 'onderschat', 'eigenlijk', 'de', 'ernst', 'van', 'dit', 'specifieke', 'probleem', '', 'omdat', 'het', 'niet', 'de', 'dikte', 'van', 'het', 'ijs', 'laat', 'zien.']
2026-05-23 20:56:41,810 - DEBUG - joeynmt.training - 	Tokenized hypothesis: ['Maar', 'dit', '<unk>', 'de', '<unk>', 'van', 'dit', 'specifieke', 'probleem', 'omdat', 'het', 'niet', '<unk>', '<unk>', 'van', 'de', '<unk>', '<unk>', '</s>']
2026-05-23 20:56:41,811 - INFO - joeynmt.training - 	Source:     But this understates the seriousness of this particular problem because it doesn't show the thickness of the ice.
2026-05-23 20:56:41,811 - INFO - joeynmt.training - 	Reference:  Maar dit onderschat eigenlijk de ernst van dit specifieke probleem  omdat het niet de dikte van het ijs laat zien.
2026-05-23 20:56:41,811 - INFO - joeynmt.training - 	Hypothesis: Maar dit <unk> de <unk> van dit specifieke probleem omdat het niet <unk> <unk> van de <unk> <unk>
2026-05-23 20:56:41,811 - INFO - joeynmt.training - Example #2
2026-05-23 20:56:41,811 - DEBUG - joeynmt.training - 	Tokenized source:     ['The', 'arctic', 'ice', 'cap', 'is,', 'in', 'a', 'sense,', 'the', 'beating', 'heart', 'of', 'the', 'global', 'climate', 'system.']
2026-05-23 20:56:41,811 - DEBUG - joeynmt.training - 	Tokenized reference:  ['De', 'ijskap', 'op', 'de', 'Noordpool', 'is', 'in', 'zekere', 'zin', '', 'het', 'kloppend', 'hart', 'van', 'ons', 'globaal', 'klimaatsysteem.']
2026-05-23 20:56:41,811 - DEBUG - joeynmt.training - 	Tokenized hypothesis: ['Het', '<unk>', '<unk>', 'is', 'in', 'zekere', 'zin', 'dat', 'het', '<unk>', 'van', 'het', '<unk>', '</s>']
2026-05-23 20:56:41,812 - INFO - joeynmt.training - 	Source:     The arctic ice cap is, in a sense, the beating heart of the global climate system.
2026-05-23 20:56:41,812 - INFO - joeynmt.training - 	Reference:  De ijskap op de Noordpool is in zekere zin  het kloppend hart van ons globaal klimaatsysteem.
2026-05-23 20:56:41,812 - INFO - joeynmt.training - 	Hypothesis: Het <unk> <unk> is in zekere zin dat het <unk> van het <unk>
2026-05-23 20:56:41,812 - INFO - joeynmt.training - Example #3
2026-05-23 20:56:41,812 - DEBUG - joeynmt.training - 	Tokenized source:     ['It', 'expands', 'in', 'winter', 'and', 'contracts', 'in', 'summer.']
2026-05-23 20:56:41,812 - DEBUG - joeynmt.training - 	Tokenized reference:  ['Het', 'zet', 'uit', 'in', 'de', 'winter', 'en', 'krimpt', 'in', 'de', 'zomer.']
2026-05-23 20:56:41,812 - DEBUG - joeynmt.training - 	Tokenized hypothesis: ['Het', '<unk>', 'in', '<unk>', 'en', '<unk>', 'in', '<unk>', '</s>']
2026-05-23 20:56:41,812 - INFO - joeynmt.training - 	Source:     It expands in winter and contracts in summer.
2026-05-23 20:56:41,812 - INFO - joeynmt.training - 	Reference:  Het zet uit in de winter en krimpt in de zomer.
2026-05-23 20:56:41,813 - INFO - joeynmt.training - 	Hypothesis: Het <unk> in <unk> en <unk> in <unk>
2026-05-23 20:56:41,813 - INFO - joeynmt.training - Example #4
2026-05-23 20:56:41,813 - DEBUG - joeynmt.training - 	Tokenized source:     ['The', 'next', 'slide', 'I', 'show', 'you', 'will', 'be', 'a', 'rapid', 'fast-forward', 'of', "what's", 'happened', 'over', 'the', 'last', '25', 'years.']
2026-05-23 20:56:41,813 - DEBUG - joeynmt.training - 	Tokenized reference:  ['De', 'volgende', 'dia', 'die', 'ik', 'laat', 'zien', '', 'is', 'een', 'versnelde', 'versie', 'van', 'wat', 'er', 'de', 'afgelopen', '25', 'jaar', 'is', 'gebeurd.']
2026-05-23 20:56:41,813 - DEBUG - joeynmt.training - 	Tokenized hypothesis: ['De', 'volgende', '<unk>', 'zal', 'ik', 'jullie', 'een', '<unk>', '<unk>', 'van', 'wat', 'er', 'is', 'gebeurd', 'in', 'de', 'afgelopen', '25', 'jaar', '<unk>', '</s>']
2026-05-23 20:56:41,813 - INFO - joeynmt.training - 	Source:     The next slide I show you will be a rapid fast-forward of what's happened over the last 25 years.
2026-05-23 20:56:41,813 - INFO - joeynmt.training - 	Reference:  De volgende dia die ik laat zien  is een versnelde versie van wat er de afgelopen 25 jaar is gebeurd.
2026-05-23 20:56:41,813 - INFO - joeynmt.training - 	Hypothesis: De volgende <unk> zal ik jullie een <unk> <unk> van wat er is gebeurd in de afgelopen 25 jaar <unk>
2026-05-23 20:57:12,488 - INFO - joeynmt.training - Epoch   7, Step:    17100, Batch Loss:     1.255361, Batch Acc: 0.603589, Tokens per Sec:     2134, Lr: 0.000300
2026-05-23 20:57:29,800 - INFO - joeynmt.training - Epoch   7: total training loss 3023.47
2026-05-23 20:57:29,800 - INFO - joeynmt.training - EPOCH 8
2026-05-23 20:57:43,553 - INFO - joeynmt.training - Epoch   8, Step:    17200, Batch Loss:     1.347775, Batch Acc: 0.630285, Tokens per Sec:     2059, Lr: 0.000300
2026-05-23 20:58:15,003 - INFO - joeynmt.training - Epoch   8, Step:    17300, Batch Loss:     1.163682, Batch Acc: 0.628567, Tokens per Sec:     2057, Lr: 0.000300
2026-05-23 20:58:46,040 - INFO - joeynmt.training - Epoch   8, Step:    17400, Batch Loss:     1.172749, Batch Acc: 0.632639, Tokens per Sec:     2107, Lr: 0.000300
2026-05-23 20:59:17,032 - INFO - joeynmt.training - Epoch   8, Step:    17500, Batch Loss:     1.195174, Batch Acc: 0.622076, Tokens per Sec:     2097, Lr: 0.000300
2026-05-23 20:59:17,033 - INFO - joeynmt.prediction - Predicting 1003 example(s)... (Greedy decoding with min_output_length=1, max_output_length=100, return_prob='none', generate_unk=True, repetition_penalty=-1, no_repeat_ngram_size=-1)
2026-05-23 20:59:49,266 - INFO - joeynmt.metrics - nrefs:1|case:mixed|eff:no|tok:13a|smooth:exp|version:2.6.0
2026-05-23 20:59:49,266 - INFO - joeynmt.prediction - Evaluation result (greedy) bleu:   5.46, loss:   1.95, ppl:   7.00, acc:   0.45, generation: 32.0846[sec], evaluation: 0.1392[sec]
2026-05-23 20:59:49,312 - INFO - joeynmt.helpers - delete output_word/17000.ckpt
2026-05-23 20:59:49,318 - INFO - joeynmt.helpers - delete C:/Users/Wen Yang/Desktop/mtex04/mt-exercise-04/output_word/17000.ckpt
2026-05-23 20:59:49,319 - WARNING - joeynmt.helpers - Wanted to delete old checkpoint C:\Users\Wen Yang\Desktop\mtex04\mt-exercise-04\output_word\17000.ckpt but file does not exist. ([WinError 2] The system cannot find the file specified: 'C:\\Users\\Wen Yang\\Desktop\\mtex04\\mt-exercise-04\\output_word\\17000.ckpt')
2026-05-23 20:59:49,319 - INFO - joeynmt.training - Example #0
2026-05-23 20:59:49,320 - DEBUG - joeynmt.training - 	Tokenized source:     ['Last', 'year', 'I', 'showed', 'these', 'two', 'slides', 'so', 'that', 'demonstrate', 'that', 'the', 'arctic', 'ice', 'cap,', 'which', 'for', 'most', 'of', 'the', 'last', 'three', 'million', 'years', 'has', 'been', 'the', 'size', 'of', 'the', 'lower', '48', 'states,', 'has', 'shrunk', 'by', '40', 'percent.']
2026-05-23 20:59:49,320 - DEBUG - joeynmt.training - 	Tokenized reference:  ['Vorig', 'jaar', 'liet', 'ik', 'deze', 'twee', "dia's", 'zien', 'om', 'aan', '', 'te', 'tonen', 'dat', 'de', 'poolijskap,', '', 'die', 'de', 'afgelopen', 'drie', 'miljoen', 'jaar', '', 'ongeveer', 'de', 'grootte', 'had', 'van', 'het', 'vasteland', 'van', 'de', 'VS,', '', 'met', '40%', 'gekrompen', 'was.']
2026-05-23 20:59:49,320 - DEBUG - joeynmt.training - 	Tokenized hypothesis: ['<unk>', 'jaar', 'lang', 'heb', 'ik', 'deze', 'twee', '<unk>', '<unk>', '<unk>', 'zodat', 'de', '<unk>', '<unk>', 'die', 'de', 'meeste', 'van', 'de', 'laatste', 'drie', 'miljoen', 'jaar', '<unk>', 'is', 'de', '<unk>', '<unk>', '<unk>', '<unk>', '<unk>', '<unk>', '<unk>', '<unk>', '<unk>', '<unk>', '<unk>', '<unk>', '<unk>', '<unk>', '<unk>', '<unk>', '<unk>', '<unk>', '<unk>', '<unk>', '<unk>', '<unk>', '<unk>', '<unk>', '<unk>', '<unk>', '<unk>', '<unk>', '<unk>', '<unk>', '<unk>', '<unk>', '<unk>', '</s>']
2026-05-23 20:59:49,320 - INFO - joeynmt.training - 	Source:     Last year I showed these two slides so that demonstrate that the arctic ice cap, which for most of the last three million years has been the size of the lower 48 states, has shrunk by 40 percent.
2026-05-23 20:59:49,320 - INFO - joeynmt.training - 	Reference:  Vorig jaar liet ik deze twee dia's zien om aan  te tonen dat de poolijskap,  die de afgelopen drie miljoen jaar  ongeveer de grootte had van het vasteland van de VS,  met 40% gekrompen was.
2026-05-23 20:59:49,320 - INFO - joeynmt.training - 	Hypothesis: <unk> jaar lang heb ik deze twee <unk> <unk> <unk> zodat de <unk> <unk> die de meeste van de laatste drie miljoen jaar <unk> is de <unk> <unk> <unk> <unk> <unk> <unk> <unk> <unk> <unk> <unk> <unk> <unk> <unk> <unk> <unk> <unk> <unk> <unk> <unk> <unk> <unk> <unk> <unk> <unk> <unk> <unk> <unk> <unk> <unk> <unk> <unk> <unk> <unk>
2026-05-23 20:59:49,320 - INFO - joeynmt.training - Example #1
2026-05-23 20:59:49,321 - DEBUG - joeynmt.training - 	Tokenized source:     ['But', 'this', 'understates', 'the', 'seriousness', 'of', 'this', 'particular', 'problem', 'because', 'it', "doesn't", 'show', 'the', 'thickness', 'of', 'the', 'ice.']
2026-05-23 20:59:49,321 - DEBUG - joeynmt.training - 	Tokenized reference:  ['Maar', 'dit', 'onderschat', 'eigenlijk', 'de', 'ernst', 'van', 'dit', 'specifieke', 'probleem', '', 'omdat', 'het', 'niet', 'de', 'dikte', 'van', 'het', 'ijs', 'laat', 'zien.']
2026-05-23 20:59:49,321 - DEBUG - joeynmt.training - 	Tokenized hypothesis: ['Maar', 'dit', '<unk>', 'de', '<unk>', 'van', 'dit', 'specifieke', 'probleem', 'omdat', 'het', 'niet', 'de', '<unk>', 'van', 'de', '<unk>', '<unk>', '</s>']
2026-05-23 20:59:49,321 - INFO - joeynmt.training - 	Source:     But this understates the seriousness of this particular problem because it doesn't show the thickness of the ice.
2026-05-23 20:59:49,321 - INFO - joeynmt.training - 	Reference:  Maar dit onderschat eigenlijk de ernst van dit specifieke probleem  omdat het niet de dikte van het ijs laat zien.
2026-05-23 20:59:49,321 - INFO - joeynmt.training - 	Hypothesis: Maar dit <unk> de <unk> van dit specifieke probleem omdat het niet de <unk> van de <unk> <unk>
2026-05-23 20:59:49,321 - INFO - joeynmt.training - Example #2
2026-05-23 20:59:49,321 - DEBUG - joeynmt.training - 	Tokenized source:     ['The', 'arctic', 'ice', 'cap', 'is,', 'in', 'a', 'sense,', 'the', 'beating', 'heart', 'of', 'the', 'global', 'climate', 'system.']
2026-05-23 20:59:49,321 - DEBUG - joeynmt.training - 	Tokenized reference:  ['De', 'ijskap', 'op', 'de', 'Noordpool', 'is', 'in', 'zekere', 'zin', '', 'het', 'kloppend', 'hart', 'van', 'ons', 'globaal', 'klimaatsysteem.']
2026-05-23 20:59:49,322 - DEBUG - joeynmt.training - 	Tokenized hypothesis: ['De', '<unk>', '<unk>', 'is', 'in', 'zekere', 'zin', 'de', '<unk>', 'van', 'het', '<unk>', '<unk>', '</s>']
2026-05-23 20:59:49,322 - INFO - joeynmt.training - 	Source:     The arctic ice cap is, in a sense, the beating heart of the global climate system.
2026-05-23 20:59:49,322 - INFO - joeynmt.training - 	Reference:  De ijskap op de Noordpool is in zekere zin  het kloppend hart van ons globaal klimaatsysteem.
2026-05-23 20:59:49,322 - INFO - joeynmt.training - 	Hypothesis: De <unk> <unk> is in zekere zin de <unk> van het <unk> <unk>
2026-05-23 20:59:49,322 - INFO - joeynmt.training - Example #3
2026-05-23 20:59:49,322 - DEBUG - joeynmt.training - 	Tokenized source:     ['It', 'expands', 'in', 'winter', 'and', 'contracts', 'in', 'summer.']
2026-05-23 20:59:49,322 - DEBUG - joeynmt.training - 	Tokenized reference:  ['Het', 'zet', 'uit', 'in', 'de', 'winter', 'en', 'krimpt', 'in', 'de', 'zomer.']
2026-05-23 20:59:49,322 - DEBUG - joeynmt.training - 	Tokenized hypothesis: ['Het', '<unk>', 'in', '<unk>', 'en', '<unk>', 'in', '<unk>', '</s>']
2026-05-23 20:59:49,322 - INFO - joeynmt.training - 	Source:     It expands in winter and contracts in summer.
2026-05-23 20:59:49,322 - INFO - joeynmt.training - 	Reference:  Het zet uit in de winter en krimpt in de zomer.
2026-05-23 20:59:49,322 - INFO - joeynmt.training - 	Hypothesis: Het <unk> in <unk> en <unk> in <unk>
2026-05-23 20:59:49,322 - INFO - joeynmt.training - Example #4
2026-05-23 20:59:49,322 - DEBUG - joeynmt.training - 	Tokenized source:     ['The', 'next', 'slide', 'I', 'show', 'you', 'will', 'be', 'a', 'rapid', 'fast-forward', 'of', "what's", 'happened', 'over', 'the', 'last', '25', 'years.']
2026-05-23 20:59:49,324 - DEBUG - joeynmt.training - 	Tokenized reference:  ['De', 'volgende', 'dia', 'die', 'ik', 'laat', 'zien', '', 'is', 'een', 'versnelde', 'versie', 'van', 'wat', 'er', 'de', 'afgelopen', '25', 'jaar', 'is', 'gebeurd.']
2026-05-23 20:59:49,324 - DEBUG - joeynmt.training - 	Tokenized hypothesis: ['De', 'volgende', '<unk>', 'die', 'ik', 'laat', 'zien', 'zal', 'je', 'een', '<unk>', '<unk>', 'van', 'wat', 'er', 'de', 'afgelopen', '25', 'jaar', '<unk>', '</s>']
2026-05-23 20:59:49,324 - INFO - joeynmt.training - 	Source:     The next slide I show you will be a rapid fast-forward of what's happened over the last 25 years.
2026-05-23 20:59:49,324 - INFO - joeynmt.training - 	Reference:  De volgende dia die ik laat zien  is een versnelde versie van wat er de afgelopen 25 jaar is gebeurd.
2026-05-23 20:59:49,324 - INFO - joeynmt.training - 	Hypothesis: De volgende <unk> die ik laat zien zal je een <unk> <unk> van wat er de afgelopen 25 jaar <unk>
2026-05-23 21:00:21,710 - INFO - joeynmt.training - Epoch   8, Step:    17600, Batch Loss:     1.285781, Batch Acc: 0.627161, Tokens per Sec:     2035, Lr: 0.000300
2026-05-23 21:00:54,189 - INFO - joeynmt.training - Epoch   8, Step:    17700, Batch Loss:     1.151811, Batch Acc: 0.620358, Tokens per Sec:     2016, Lr: 0.000300
2026-05-23 21:01:25,584 - INFO - joeynmt.training - Epoch   8, Step:    17800, Batch Loss:     1.127035, Batch Acc: 0.620122, Tokens per Sec:     2113, Lr: 0.000300
2026-05-23 21:01:56,453 - INFO - joeynmt.training - Epoch   8, Step:    17900, Batch Loss:     1.179108, Batch Acc: 0.621354, Tokens per Sec:     2081, Lr: 0.000300
2026-05-23 21:02:27,333 - INFO - joeynmt.training - Epoch   8, Step:    18000, Batch Loss:     1.219548, Batch Acc: 0.618420, Tokens per Sec:     2087, Lr: 0.000300
2026-05-23 21:02:27,333 - INFO - joeynmt.prediction - Predicting 1003 example(s)... (Greedy decoding with min_output_length=1, max_output_length=100, return_prob='none', generate_unk=True, repetition_penalty=-1, no_repeat_ngram_size=-1)
2026-05-23 21:02:56,412 - INFO - joeynmt.metrics - nrefs:1|case:mixed|eff:no|tok:13a|smooth:exp|version:2.6.0
2026-05-23 21:02:56,413 - INFO - joeynmt.prediction - Evaluation result (greedy) bleu:   5.69, loss:   1.96, ppl:   7.12, acc:   0.45, generation: 28.9360[sec], evaluation: 0.1364[sec]
2026-05-23 21:02:56,415 - INFO - joeynmt.training - Example #0
2026-05-23 21:02:56,415 - DEBUG - joeynmt.training - 	Tokenized source:     ['Last', 'year', 'I', 'showed', 'these', 'two', 'slides', 'so', 'that', 'demonstrate', 'that', 'the', 'arctic', 'ice', 'cap,', 'which', 'for', 'most', 'of', 'the', 'last', 'three', 'million', 'years', 'has', 'been', 'the', 'size', 'of', 'the', 'lower', '48', 'states,', 'has', 'shrunk', 'by', '40', 'percent.']
2026-05-23 21:02:56,416 - DEBUG - joeynmt.training - 	Tokenized reference:  ['Vorig', 'jaar', 'liet', 'ik', 'deze', 'twee', "dia's", 'zien', 'om', 'aan', '', 'te', 'tonen', 'dat', 'de', 'poolijskap,', '', 'die', 'de', 'afgelopen', 'drie', 'miljoen', 'jaar', '', 'ongeveer', 'de', 'grootte', 'had', 'van', 'het', 'vasteland', 'van', 'de', 'VS,', '', 'met', '40%', 'gekrompen', 'was.']
2026-05-23 21:02:56,416 - DEBUG - joeynmt.training - 	Tokenized hypothesis: ['<unk>', 'jaar', '<unk>', 'ik', 'deze', 'twee', '<unk>', 'zodat', 'de', '<unk>', '<unk>', 'die', 'de', '<unk>', '<unk>', 'die', 'voor', 'de', 'meeste', 'drie', 'miljoen', 'jaar', '<unk>', 'is', 'de', '<unk>', '<unk>', '<unk>', '<unk>', 'is', '<unk>', '<unk>', '<unk>', 'met', '40', 'procent.', '</s>']
2026-05-23 21:02:56,416 - INFO - joeynmt.training - 	Source:     Last year I showed these two slides so that demonstrate that the arctic ice cap, which for most of the last three million years has been the size of the lower 48 states, has shrunk by 40 percent.
2026-05-23 21:02:56,416 - INFO - joeynmt.training - 	Reference:  Vorig jaar liet ik deze twee dia's zien om aan  te tonen dat de poolijskap,  die de afgelopen drie miljoen jaar  ongeveer de grootte had van het vasteland van de VS,  met 40% gekrompen was.
2026-05-23 21:02:56,416 - INFO - joeynmt.training - 	Hypothesis: <unk> jaar <unk> ik deze twee <unk> zodat de <unk> <unk> die de <unk> <unk> die voor de meeste drie miljoen jaar <unk> is de <unk> <unk> <unk> <unk> is <unk> <unk> <unk> met 40 procent.
2026-05-23 21:02:56,417 - INFO - joeynmt.training - Example #1
2026-05-23 21:02:56,417 - DEBUG - joeynmt.training - 	Tokenized source:     ['But', 'this', 'understates', 'the', 'seriousness', 'of', 'this', 'particular', 'problem', 'because', 'it', "doesn't", 'show', 'the', 'thickness', 'of', 'the', 'ice.']
2026-05-23 21:02:56,417 - DEBUG - joeynmt.training - 	Tokenized reference:  ['Maar', 'dit', 'onderschat', 'eigenlijk', 'de', 'ernst', 'van', 'dit', 'specifieke', 'probleem', '', 'omdat', 'het', 'niet', 'de', 'dikte', 'van', 'het', 'ijs', 'laat', 'zien.']
2026-05-23 21:02:56,417 - DEBUG - joeynmt.training - 	Tokenized hypothesis: ['Maar', 'deze', '<unk>', 'de', '<unk>', 'van', 'dit', '<unk>', 'omdat', 'het', 'niet', '<unk>', 'laat', 'zien.', '</s>']
2026-05-23 21:02:56,417 - INFO - joeynmt.training - 	Source:     But this understates the seriousness of this particular problem because it doesn't show the thickness of the ice.
2026-05-23 21:02:56,417 - INFO - joeynmt.training - 	Reference:  Maar dit onderschat eigenlijk de ernst van dit specifieke probleem  omdat het niet de dikte van het ijs laat zien.
2026-05-23 21:02:56,417 - INFO - joeynmt.training - 	Hypothesis: Maar deze <unk> de <unk> van dit <unk> omdat het niet <unk> laat zien.
2026-05-23 21:02:56,417 - INFO - joeynmt.training - Example #2
2026-05-23 21:02:56,417 - DEBUG - joeynmt.training - 	Tokenized source:     ['The', 'arctic', 'ice', 'cap', 'is,', 'in', 'a', 'sense,', 'the', 'beating', 'heart', 'of', 'the', 'global', 'climate', 'system.']
2026-05-23 21:02:56,417 - DEBUG - joeynmt.training - 	Tokenized reference:  ['De', 'ijskap', 'op', 'de', 'Noordpool', 'is', 'in', 'zekere', 'zin', '', 'het', 'kloppend', 'hart', 'van', 'ons', 'globaal', 'klimaatsysteem.']
2026-05-23 21:02:56,417 - DEBUG - joeynmt.training - 	Tokenized hypothesis: ['Het', '<unk>', '<unk>', 'is', 'in', 'zekere', 'zin', 'de', '<unk>', 'van', 'het', '<unk>', '</s>']
2026-05-23 21:02:56,418 - INFO - joeynmt.training - 	Source:     The arctic ice cap is, in a sense, the beating heart of the global climate system.
2026-05-23 21:02:56,418 - INFO - joeynmt.training - 	Reference:  De ijskap op de Noordpool is in zekere zin  het kloppend hart van ons globaal klimaatsysteem.
2026-05-23 21:02:56,418 - INFO - joeynmt.training - 	Hypothesis: Het <unk> <unk> is in zekere zin de <unk> van het <unk>
2026-05-23 21:02:56,418 - INFO - joeynmt.training - Example #3
2026-05-23 21:02:56,418 - DEBUG - joeynmt.training - 	Tokenized source:     ['It', 'expands', 'in', 'winter', 'and', 'contracts', 'in', 'summer.']
2026-05-23 21:02:56,418 - DEBUG - joeynmt.training - 	Tokenized reference:  ['Het', 'zet', 'uit', 'in', 'de', 'winter', 'en', 'krimpt', 'in', 'de', 'zomer.']
2026-05-23 21:02:56,418 - DEBUG - joeynmt.training - 	Tokenized hypothesis: ['Het', '<unk>', 'in', '<unk>', 'en', '<unk>', 'in', '<unk>', '</s>']
2026-05-23 21:02:56,418 - INFO - joeynmt.training - 	Source:     It expands in winter and contracts in summer.
2026-05-23 21:02:56,418 - INFO - joeynmt.training - 	Reference:  Het zet uit in de winter en krimpt in de zomer.
2026-05-23 21:02:56,419 - INFO - joeynmt.training - 	Hypothesis: Het <unk> in <unk> en <unk> in <unk>
2026-05-23 21:02:56,419 - INFO - joeynmt.training - Example #4
2026-05-23 21:02:56,419 - DEBUG - joeynmt.training - 	Tokenized source:     ['The', 'next', 'slide', 'I', 'show', 'you', 'will', 'be', 'a', 'rapid', 'fast-forward', 'of', "what's", 'happened', 'over', 'the', 'last', '25', 'years.']
2026-05-23 21:02:56,419 - DEBUG - joeynmt.training - 	Tokenized reference:  ['De', 'volgende', 'dia', 'die', 'ik', 'laat', 'zien', '', 'is', 'een', 'versnelde', 'versie', 'van', 'wat', 'er', 'de', 'afgelopen', '25', 'jaar', 'is', 'gebeurd.']
2026-05-23 21:02:56,419 - DEBUG - joeynmt.training - 	Tokenized hypothesis: ['De', 'volgende', '<unk>', 'die', 'ik', 'laat', 'zien', 'dat', 'je', 'een', '<unk>', '<unk>', 'van', 'wat', 'er', 'gebeurd', 'is', 'is', 'gebeurd', 'in', 'de', 'afgelopen', '25', 'jaar.', '</s>']
2026-05-23 21:02:56,419 - INFO - joeynmt.training - 	Source:     The next slide I show you will be a rapid fast-forward of what's happened over the last 25 years.
2026-05-23 21:02:56,419 - INFO - joeynmt.training - 	Reference:  De volgende dia die ik laat zien  is een versnelde versie van wat er de afgelopen 25 jaar is gebeurd.
2026-05-23 21:02:56,419 - INFO - joeynmt.training - 	Hypothesis: De volgende <unk> die ik laat zien dat je een <unk> <unk> van wat er gebeurd is is gebeurd in de afgelopen 25 jaar.
2026-05-23 21:03:27,231 - INFO - joeynmt.training - Epoch   8, Step:    18100, Batch Loss:     1.097796, Batch Acc: 0.612586, Tokens per Sec:     2097, Lr: 0.000300
2026-05-23 21:03:58,382 - INFO - joeynmt.training - Epoch   8, Step:    18200, Batch Loss:     1.162130, Batch Acc: 0.610938, Tokens per Sec:     2054, Lr: 0.000300
2026-05-23 21:04:29,202 - INFO - joeynmt.training - Epoch   8, Step:    18300, Batch Loss:     1.208425, Batch Acc: 0.614468, Tokens per Sec:     2109, Lr: 0.000300
2026-05-23 21:05:00,604 - INFO - joeynmt.training - Epoch   8, Step:    18400, Batch Loss:     1.194204, Batch Acc: 0.619004, Tokens per Sec:     2072, Lr: 0.000300
2026-05-23 21:05:31,597 - INFO - joeynmt.training - Epoch   8, Step:    18500, Batch Loss:     1.139103, Batch Acc: 0.613316, Tokens per Sec:     2104, Lr: 0.000300
2026-05-23 21:05:31,597 - INFO - joeynmt.prediction - Predicting 1003 example(s)... (Greedy decoding with min_output_length=1, max_output_length=100, return_prob='none', generate_unk=True, repetition_penalty=-1, no_repeat_ngram_size=-1)
2026-05-23 21:06:01,302 - INFO - joeynmt.metrics - nrefs:1|case:mixed|eff:no|tok:13a|smooth:exp|version:2.6.0
2026-05-23 21:06:01,302 - INFO - joeynmt.prediction - Evaluation result (greedy) bleu:   5.54, loss:   1.97, ppl:   7.20, acc:   0.45, generation: 29.4829[sec], evaluation: 0.2130[sec]
2026-05-23 21:06:01,303 - INFO - joeynmt.training - Example #0
2026-05-23 21:06:01,304 - DEBUG - joeynmt.training - 	Tokenized source:     ['Last', 'year', 'I', 'showed', 'these', 'two', 'slides', 'so', 'that', 'demonstrate', 'that', 'the', 'arctic', 'ice', 'cap,', 'which', 'for', 'most', 'of', 'the', 'last', 'three', 'million', 'years', 'has', 'been', 'the', 'size', 'of', 'the', 'lower', '48', 'states,', 'has', 'shrunk', 'by', '40', 'percent.']
2026-05-23 21:06:01,304 - DEBUG - joeynmt.training - 	Tokenized reference:  ['Vorig', 'jaar', 'liet', 'ik', 'deze', 'twee', "dia's", 'zien', 'om', 'aan', '', 'te', 'tonen', 'dat', 'de', 'poolijskap,', '', 'die', 'de', 'afgelopen', 'drie', 'miljoen', 'jaar', '', 'ongeveer', 'de', 'grootte', 'had', 'van', 'het', 'vasteland', 'van', 'de', 'VS,', '', 'met', '40%', 'gekrompen', 'was.']
2026-05-23 21:06:01,304 - DEBUG - joeynmt.training - 	Tokenized hypothesis: ['<unk>', 'jaar', '<unk>', 'ik', 'deze', 'twee', '<unk>', 'zodat', 'de', '<unk>', '<unk>', 'die', 'de', 'meeste', '<unk>', '<unk>', 'die', 'de', 'meeste', '<unk>', '<unk>', '<unk>', 'met', '<unk>', '</s>']
2026-05-23 21:06:01,304 - INFO - joeynmt.training - 	Source:     Last year I showed these two slides so that demonstrate that the arctic ice cap, which for most of the last three million years has been the size of the lower 48 states, has shrunk by 40 percent.
2026-05-23 21:06:01,305 - INFO - joeynmt.training - 	Reference:  Vorig jaar liet ik deze twee dia's zien om aan  te tonen dat de poolijskap,  die de afgelopen drie miljoen jaar  ongeveer de grootte had van het vasteland van de VS,  met 40% gekrompen was.
2026-05-23 21:06:01,305 - INFO - joeynmt.training - 	Hypothesis: <unk> jaar <unk> ik deze twee <unk> zodat de <unk> <unk> die de meeste <unk> <unk> die de meeste <unk> <unk> <unk> met <unk>
2026-05-23 21:06:01,305 - INFO - joeynmt.training - Example #1
2026-05-23 21:06:01,305 - DEBUG - joeynmt.training - 	Tokenized source:     ['But', 'this', 'understates', 'the', 'seriousness', 'of', 'this', 'particular', 'problem', 'because', 'it', "doesn't", 'show', 'the', 'thickness', 'of', 'the', 'ice.']
2026-05-23 21:06:01,305 - DEBUG - joeynmt.training - 	Tokenized reference:  ['Maar', 'dit', 'onderschat', 'eigenlijk', 'de', 'ernst', 'van', 'dit', 'specifieke', 'probleem', '', 'omdat', 'het', 'niet', 'de', 'dikte', 'van', 'het', 'ijs', 'laat', 'zien.']
2026-05-23 21:06:01,305 - DEBUG - joeynmt.training - 	Tokenized hypothesis: ['Maar', 'dit', '<unk>', 'de', '<unk>', 'van', 'dit', 'specifieke', 'probleem', 'omdat', 'het', 'niet', 'de', '<unk>', 'van', 'de', '<unk>', '<unk>', '</s>']
2026-05-23 21:06:01,306 - INFO - joeynmt.training - 	Source:     But this understates the seriousness of this particular problem because it doesn't show the thickness of the ice.
2026-05-23 21:06:01,306 - INFO - joeynmt.training - 	Reference:  Maar dit onderschat eigenlijk de ernst van dit specifieke probleem  omdat het niet de dikte van het ijs laat zien.
2026-05-23 21:06:01,306 - INFO - joeynmt.training - 	Hypothesis: Maar dit <unk> de <unk> van dit specifieke probleem omdat het niet de <unk> van de <unk> <unk>
2026-05-23 21:06:01,306 - INFO - joeynmt.training - Example #2
2026-05-23 21:06:01,306 - DEBUG - joeynmt.training - 	Tokenized source:     ['The', 'arctic', 'ice', 'cap', 'is,', 'in', 'a', 'sense,', 'the', 'beating', 'heart', 'of', 'the', 'global', 'climate', 'system.']
2026-05-23 21:06:01,306 - DEBUG - joeynmt.training - 	Tokenized reference:  ['De', 'ijskap', 'op', 'de', 'Noordpool', 'is', 'in', 'zekere', 'zin', '', 'het', 'kloppend', 'hart', 'van', 'ons', 'globaal', 'klimaatsysteem.']
2026-05-23 21:06:01,306 - DEBUG - joeynmt.training - 	Tokenized hypothesis: ['Het', '<unk>', '<unk>', 'is', 'in', 'zekere', 'zin', 'de', '<unk>', 'van', 'de', '<unk>', '<unk>', '</s>']
2026-05-23 21:06:01,306 - INFO - joeynmt.training - 	Source:     The arctic ice cap is, in a sense, the beating heart of the global climate system.
2026-05-23 21:06:01,306 - INFO - joeynmt.training - 	Reference:  De ijskap op de Noordpool is in zekere zin  het kloppend hart van ons globaal klimaatsysteem.
2026-05-23 21:06:01,307 - INFO - joeynmt.training - 	Hypothesis: Het <unk> <unk> is in zekere zin de <unk> van de <unk> <unk>
2026-05-23 21:06:01,307 - INFO - joeynmt.training - Example #3
2026-05-23 21:06:01,307 - DEBUG - joeynmt.training - 	Tokenized source:     ['It', 'expands', 'in', 'winter', 'and', 'contracts', 'in', 'summer.']
2026-05-23 21:06:01,308 - DEBUG - joeynmt.training - 	Tokenized reference:  ['Het', 'zet', 'uit', 'in', 'de', 'winter', 'en', 'krimpt', 'in', 'de', 'zomer.']
2026-05-23 21:06:01,308 - DEBUG - joeynmt.training - 	Tokenized hypothesis: ['Het', '<unk>', 'in', '<unk>', 'en', '<unk>', 'in', '<unk>', '</s>']
2026-05-23 21:06:01,308 - INFO - joeynmt.training - 	Source:     It expands in winter and contracts in summer.
2026-05-23 21:06:01,308 - INFO - joeynmt.training - 	Reference:  Het zet uit in de winter en krimpt in de zomer.
2026-05-23 21:06:01,308 - INFO - joeynmt.training - 	Hypothesis: Het <unk> in <unk> en <unk> in <unk>
2026-05-23 21:06:01,308 - INFO - joeynmt.training - Example #4
2026-05-23 21:06:01,308 - DEBUG - joeynmt.training - 	Tokenized source:     ['The', 'next', 'slide', 'I', 'show', 'you', 'will', 'be', 'a', 'rapid', 'fast-forward', 'of', "what's", 'happened', 'over', 'the', 'last', '25', 'years.']
2026-05-23 21:06:01,308 - DEBUG - joeynmt.training - 	Tokenized reference:  ['De', 'volgende', 'dia', 'die', 'ik', 'laat', 'zien', '', 'is', 'een', 'versnelde', 'versie', 'van', 'wat', 'er', 'de', 'afgelopen', '25', 'jaar', 'is', 'gebeurd.']
2026-05-23 21:06:01,308 - DEBUG - joeynmt.training - 	Tokenized hypothesis: ['De', 'volgende', '<unk>', 'die', 'ik', 'laat', 'zien', 'dat', 'een', '<unk>', '<unk>', 'van', 'wat', 'er', 'is', 'gebeurd', 'is', 'in', 'de', 'afgelopen', '25', 'jaar.', '</s>']
2026-05-23 21:06:01,309 - INFO - joeynmt.training - 	Source:     The next slide I show you will be a rapid fast-forward of what's happened over the last 25 years.
2026-05-23 21:06:01,309 - INFO - joeynmt.training - 	Reference:  De volgende dia die ik laat zien  is een versnelde versie van wat er de afgelopen 25 jaar is gebeurd.
2026-05-23 21:06:01,309 - INFO - joeynmt.training - 	Hypothesis: De volgende <unk> die ik laat zien dat een <unk> <unk> van wat er is gebeurd is in de afgelopen 25 jaar.
2026-05-23 21:06:32,578 - INFO - joeynmt.training - Epoch   8, Step:    18600, Batch Loss:     1.358643, Batch Acc: 0.613840, Tokens per Sec:     1976, Lr: 0.000210
2026-05-23 21:07:03,873 - INFO - joeynmt.training - Epoch   8, Step:    18700, Batch Loss:     1.216454, Batch Acc: 0.614398, Tokens per Sec:     2096, Lr: 0.000210
2026-05-23 21:07:35,054 - INFO - joeynmt.training - Epoch   8, Step:    18800, Batch Loss:     1.271163, Batch Acc: 0.619665, Tokens per Sec:     2141, Lr: 0.000210
2026-05-23 21:08:06,269 - INFO - joeynmt.training - Epoch   8, Step:    18900, Batch Loss:     1.322655, Batch Acc: 0.620532, Tokens per Sec:     2038, Lr: 0.000210
2026-05-23 21:08:37,174 - INFO - joeynmt.training - Epoch   8, Step:    19000, Batch Loss:     1.187801, Batch Acc: 0.619997, Tokens per Sec:     2088, Lr: 0.000210
2026-05-23 21:08:37,175 - INFO - joeynmt.prediction - Predicting 1003 example(s)... (Greedy decoding with min_output_length=1, max_output_length=100, return_prob='none', generate_unk=True, repetition_penalty=-1, no_repeat_ngram_size=-1)
2026-05-23 21:09:08,545 - INFO - joeynmt.metrics - nrefs:1|case:mixed|eff:no|tok:13a|smooth:exp|version:2.6.0
2026-05-23 21:09:08,546 - INFO - joeynmt.prediction - Evaluation result (greedy) bleu:   5.87, loss:   1.93, ppl:   6.91, acc:   0.46, generation: 31.2362[sec], evaluation: 0.1278[sec]
2026-05-23 21:09:08,600 - INFO - joeynmt.helpers - delete output_word/17500.ckpt
2026-05-23 21:09:08,605 - INFO - joeynmt.helpers - delete C:/Users/Wen Yang/Desktop/mtex04/mt-exercise-04/output_word/17500.ckpt
2026-05-23 21:09:08,606 - WARNING - joeynmt.helpers - Wanted to delete old checkpoint C:\Users\Wen Yang\Desktop\mtex04\mt-exercise-04\output_word\17500.ckpt but file does not exist. ([WinError 2] The system cannot find the file specified: 'C:\\Users\\Wen Yang\\Desktop\\mtex04\\mt-exercise-04\\output_word\\17500.ckpt')
2026-05-23 21:09:08,606 - INFO - joeynmt.training - Example #0
2026-05-23 21:09:08,607 - DEBUG - joeynmt.training - 	Tokenized source:     ['Last', 'year', 'I', 'showed', 'these', 'two', 'slides', 'so', 'that', 'demonstrate', 'that', 'the', 'arctic', 'ice', 'cap,', 'which', 'for', 'most', 'of', 'the', 'last', 'three', 'million', 'years', 'has', 'been', 'the', 'size', 'of', 'the', 'lower', '48', 'states,', 'has', 'shrunk', 'by', '40', 'percent.']
2026-05-23 21:09:08,607 - DEBUG - joeynmt.training - 	Tokenized reference:  ['Vorig', 'jaar', 'liet', 'ik', 'deze', 'twee', "dia's", 'zien', 'om', 'aan', '', 'te', 'tonen', 'dat', 'de', 'poolijskap,', '', 'die', 'de', 'afgelopen', 'drie', 'miljoen', 'jaar', '', 'ongeveer', 'de', 'grootte', 'had', 'van', 'het', 'vasteland', 'van', 'de', 'VS,', '', 'met', '40%', 'gekrompen', 'was.']
2026-05-23 21:09:08,607 - DEBUG - joeynmt.training - 	Tokenized hypothesis: ['<unk>', 'jaar', 'dat', 'ik', 'deze', 'twee', '<unk>', '<unk>', 'zodat', 'de', '<unk>', '<unk>', 'die', 'de', 'meeste', '<unk>', '<unk>', 'die', 'de', 'meeste', 'van', 'de', 'laatste', 'drie', 'miljoen', 'jaar', '<unk>', 'is', '<unk>', 'met', 'de', '<unk>', '<unk>', '<unk>', 'met', '40', 'procent.', '</s>']
2026-05-23 21:09:08,607 - INFO - joeynmt.training - 	Source:     Last year I showed these two slides so that demonstrate that the arctic ice cap, which for most of the last three million years has been the size of the lower 48 states, has shrunk by 40 percent.
2026-05-23 21:09:08,607 - INFO - joeynmt.training - 	Reference:  Vorig jaar liet ik deze twee dia's zien om aan  te tonen dat de poolijskap,  die de afgelopen drie miljoen jaar  ongeveer de grootte had van het vasteland van de VS,  met 40% gekrompen was.
2026-05-23 21:09:08,607 - INFO - joeynmt.training - 	Hypothesis: <unk> jaar dat ik deze twee <unk> <unk> zodat de <unk> <unk> die de meeste <unk> <unk> die de meeste van de laatste drie miljoen jaar <unk> is <unk> met de <unk> <unk> <unk> met 40 procent.
2026-05-23 21:09:08,607 - INFO - joeynmt.training - Example #1
2026-05-23 21:09:08,607 - DEBUG - joeynmt.training - 	Tokenized source:     ['But', 'this', 'understates', 'the', 'seriousness', 'of', 'this', 'particular', 'problem', 'because', 'it', "doesn't", 'show', 'the', 'thickness', 'of', 'the', 'ice.']
2026-05-23 21:09:08,607 - DEBUG - joeynmt.training - 	Tokenized reference:  ['Maar', 'dit', 'onderschat', 'eigenlijk', 'de', 'ernst', 'van', 'dit', 'specifieke', 'probleem', '', 'omdat', 'het', 'niet', 'de', 'dikte', 'van', 'het', 'ijs', 'laat', 'zien.']
2026-05-23 21:09:08,607 - DEBUG - joeynmt.training - 	Tokenized hypothesis: ['Maar', 'deze', '<unk>', 'de', '<unk>', 'van', 'dit', '<unk>', 'omdat', 'het', 'niet', '<unk>', 'van', 'de', '<unk>', '<unk>', '</s>']
2026-05-23 21:09:08,608 - INFO - joeynmt.training - 	Source:     But this understates the seriousness of this particular problem because it doesn't show the thickness of the ice.
2026-05-23 21:09:08,608 - INFO - joeynmt.training - 	Reference:  Maar dit onderschat eigenlijk de ernst van dit specifieke probleem  omdat het niet de dikte van het ijs laat zien.
2026-05-23 21:09:08,608 - INFO - joeynmt.training - 	Hypothesis: Maar deze <unk> de <unk> van dit <unk> omdat het niet <unk> van de <unk> <unk>
2026-05-23 21:09:08,608 - INFO - joeynmt.training - Example #2
2026-05-23 21:09:08,608 - DEBUG - joeynmt.training - 	Tokenized source:     ['The', 'arctic', 'ice', 'cap', 'is,', 'in', 'a', 'sense,', 'the', 'beating', 'heart', 'of', 'the', 'global', 'climate', 'system.']
2026-05-23 21:09:08,608 - DEBUG - joeynmt.training - 	Tokenized reference:  ['De', 'ijskap', 'op', 'de', 'Noordpool', 'is', 'in', 'zekere', 'zin', '', 'het', 'kloppend', 'hart', 'van', 'ons', 'globaal', 'klimaatsysteem.']
2026-05-23 21:09:08,608 - DEBUG - joeynmt.training - 	Tokenized hypothesis: ['Het', '<unk>', 'is', 'in', 'zekere', 'zin', 'dat', 'het', '<unk>', '<unk>', 'van', 'het', '<unk>', '</s>']
2026-05-23 21:09:08,608 - INFO - joeynmt.training - 	Source:     The arctic ice cap is, in a sense, the beating heart of the global climate system.
2026-05-23 21:09:08,608 - INFO - joeynmt.training - 	Reference:  De ijskap op de Noordpool is in zekere zin  het kloppend hart van ons globaal klimaatsysteem.
2026-05-23 21:09:08,608 - INFO - joeynmt.training - 	Hypothesis: Het <unk> is in zekere zin dat het <unk> <unk> van het <unk>
2026-05-23 21:09:08,609 - INFO - joeynmt.training - Example #3
2026-05-23 21:09:08,609 - DEBUG - joeynmt.training - 	Tokenized source:     ['It', 'expands', 'in', 'winter', 'and', 'contracts', 'in', 'summer.']
2026-05-23 21:09:08,609 - DEBUG - joeynmt.training - 	Tokenized reference:  ['Het', 'zet', 'uit', 'in', 'de', 'winter', 'en', 'krimpt', 'in', 'de', 'zomer.']
2026-05-23 21:09:08,609 - DEBUG - joeynmt.training - 	Tokenized hypothesis: ['Het', '<unk>', 'in', '<unk>', 'en', '<unk>', 'in', '<unk>', '</s>']
2026-05-23 21:09:08,609 - INFO - joeynmt.training - 	Source:     It expands in winter and contracts in summer.
2026-05-23 21:09:08,609 - INFO - joeynmt.training - 	Reference:  Het zet uit in de winter en krimpt in de zomer.
2026-05-23 21:09:08,609 - INFO - joeynmt.training - 	Hypothesis: Het <unk> in <unk> en <unk> in <unk>
2026-05-23 21:09:08,609 - INFO - joeynmt.training - Example #4
2026-05-23 21:09:08,609 - DEBUG - joeynmt.training - 	Tokenized source:     ['The', 'next', 'slide', 'I', 'show', 'you', 'will', 'be', 'a', 'rapid', 'fast-forward', 'of', "what's", 'happened', 'over', 'the', 'last', '25', 'years.']
2026-05-23 21:09:08,609 - DEBUG - joeynmt.training - 	Tokenized reference:  ['De', 'volgende', 'dia', 'die', 'ik', 'laat', 'zien', '', 'is', 'een', 'versnelde', 'versie', 'van', 'wat', 'er', 'de', 'afgelopen', '25', 'jaar', 'is', 'gebeurd.']
2026-05-23 21:09:08,610 - DEBUG - joeynmt.training - 	Tokenized hypothesis: ['De', 'volgende', '<unk>', 'die', 'ik', 'laat', 'zien', 'zal', 'een', '<unk>', '<unk>', 'van', 'wat', 'er', 'is', 'gebeurd', 'is', 'in', 'de', 'afgelopen', '25', 'jaar.', '</s>']
2026-05-23 21:09:08,610 - INFO - joeynmt.training - 	Source:     The next slide I show you will be a rapid fast-forward of what's happened over the last 25 years.
2026-05-23 21:09:08,610 - INFO - joeynmt.training - 	Reference:  De volgende dia die ik laat zien  is een versnelde versie van wat er de afgelopen 25 jaar is gebeurd.
2026-05-23 21:09:08,610 - INFO - joeynmt.training - 	Hypothesis: De volgende <unk> die ik laat zien zal een <unk> <unk> van wat er is gebeurd is in de afgelopen 25 jaar.
2026-05-23 21:09:39,817 - INFO - joeynmt.training - Epoch   8, Step:    19100, Batch Loss:     1.232491, Batch Acc: 0.618861, Tokens per Sec:     2060, Lr: 0.000210
2026-05-23 21:10:11,021 - INFO - joeynmt.training - Epoch   8, Step:    19200, Batch Loss:     1.166310, Batch Acc: 0.625955, Tokens per Sec:     2153, Lr: 0.000210
2026-05-23 21:10:41,669 - INFO - joeynmt.training - Epoch   8, Step:    19300, Batch Loss:     1.224083, Batch Acc: 0.616051, Tokens per Sec:     2109, Lr: 0.000210
2026-05-23 21:11:12,497 - INFO - joeynmt.training - Epoch   8, Step:    19400, Batch Loss:     1.125709, Batch Acc: 0.619545, Tokens per Sec:     2164, Lr: 0.000210
2026-05-23 21:11:43,238 - INFO - joeynmt.training - Epoch   8, Step:    19500, Batch Loss:     1.208778, Batch Acc: 0.619413, Tokens per Sec:     2106, Lr: 0.000210
2026-05-23 21:11:43,238 - INFO - joeynmt.prediction - Predicting 1003 example(s)... (Greedy decoding with min_output_length=1, max_output_length=100, return_prob='none', generate_unk=True, repetition_penalty=-1, no_repeat_ngram_size=-1)
2026-05-23 21:12:11,437 - INFO - joeynmt.metrics - nrefs:1|case:mixed|eff:no|tok:13a|smooth:exp|version:2.6.0
2026-05-23 21:12:11,437 - INFO - joeynmt.prediction - Evaluation result (greedy) bleu:   5.67, loss:   1.95, ppl:   7.02, acc:   0.45, generation: 28.0647[sec], evaluation: 0.1270[sec]
2026-05-23 21:12:11,439 - INFO - joeynmt.training - Example #0
2026-05-23 21:12:11,439 - DEBUG - joeynmt.training - 	Tokenized source:     ['Last', 'year', 'I', 'showed', 'these', 'two', 'slides', 'so', 'that', 'demonstrate', 'that', 'the', 'arctic', 'ice', 'cap,', 'which', 'for', 'most', 'of', 'the', 'last', 'three', 'million', 'years', 'has', 'been', 'the', 'size', 'of', 'the', 'lower', '48', 'states,', 'has', 'shrunk', 'by', '40', 'percent.']
2026-05-23 21:12:11,439 - DEBUG - joeynmt.training - 	Tokenized reference:  ['Vorig', 'jaar', 'liet', 'ik', 'deze', 'twee', "dia's", 'zien', 'om', 'aan', '', 'te', 'tonen', 'dat', 'de', 'poolijskap,', '', 'die', 'de', 'afgelopen', 'drie', 'miljoen', 'jaar', '', 'ongeveer', 'de', 'grootte', 'had', 'van', 'het', 'vasteland', 'van', 'de', 'VS,', '', 'met', '40%', 'gekrompen', 'was.']
2026-05-23 21:12:11,439 - DEBUG - joeynmt.training - 	Tokenized hypothesis: ['<unk>', 'jaar', 'heb', 'ik', 'deze', 'twee', '<unk>', '<unk>', 'zodat', 'de', '<unk>', '<unk>', 'die', 'de', 'meeste', '<unk>', '<unk>', 'die', 'de', 'meeste', '<unk>', '<unk>', '<unk>', 'heeft', '<unk>', 'met', '40', 'procent', '<unk>', '</s>']
2026-05-23 21:12:11,440 - INFO - joeynmt.training - 	Source:     Last year I showed these two slides so that demonstrate that the arctic ice cap, which for most of the last three million years has been the size of the lower 48 states, has shrunk by 40 percent.
2026-05-23 21:12:11,440 - INFO - joeynmt.training - 	Reference:  Vorig jaar liet ik deze twee dia's zien om aan  te tonen dat de poolijskap,  die de afgelopen drie miljoen jaar  ongeveer de grootte had van het vasteland van de VS,  met 40% gekrompen was.
2026-05-23 21:12:11,440 - INFO - joeynmt.training - 	Hypothesis: <unk> jaar heb ik deze twee <unk> <unk> zodat de <unk> <unk> die de meeste <unk> <unk> die de meeste <unk> <unk> <unk> heeft <unk> met 40 procent <unk>
2026-05-23 21:12:11,440 - INFO - joeynmt.training - Example #1
2026-05-23 21:12:11,440 - DEBUG - joeynmt.training - 	Tokenized source:     ['But', 'this', 'understates', 'the', 'seriousness', 'of', 'this', 'particular', 'problem', 'because', 'it', "doesn't", 'show', 'the', 'thickness', 'of', 'the', 'ice.']
2026-05-23 21:12:11,440 - DEBUG - joeynmt.training - 	Tokenized reference:  ['Maar', 'dit', 'onderschat', 'eigenlijk', 'de', 'ernst', 'van', 'dit', 'specifieke', 'probleem', '', 'omdat', 'het', 'niet', 'de', 'dikte', 'van', 'het', 'ijs', 'laat', 'zien.']
2026-05-23 21:12:11,440 - DEBUG - joeynmt.training - 	Tokenized hypothesis: ['Maar', 'deze', '<unk>', 'de', '<unk>', 'van', 'dit', '<unk>', 'omdat', 'het', 'niet', '<unk>', '<unk>', 'van', 'de', '<unk>', '</s>']
2026-05-23 21:12:11,441 - INFO - joeynmt.training - 	Source:     But this understates the seriousness of this particular problem because it doesn't show the thickness of the ice.
2026-05-23 21:12:11,441 - INFO - joeynmt.training - 	Reference:  Maar dit onderschat eigenlijk de ernst van dit specifieke probleem  omdat het niet de dikte van het ijs laat zien.
2026-05-23 21:12:11,441 - INFO - joeynmt.training - 	Hypothesis: Maar deze <unk> de <unk> van dit <unk> omdat het niet <unk> <unk> van de <unk>
2026-05-23 21:12:11,441 - INFO - joeynmt.training - Example #2
2026-05-23 21:12:11,441 - DEBUG - joeynmt.training - 	Tokenized source:     ['The', 'arctic', 'ice', 'cap', 'is,', 'in', 'a', 'sense,', 'the', 'beating', 'heart', 'of', 'the', 'global', 'climate', 'system.']
2026-05-23 21:12:11,441 - DEBUG - joeynmt.training - 	Tokenized reference:  ['De', 'ijskap', 'op', 'de', 'Noordpool', 'is', 'in', 'zekere', 'zin', '', 'het', 'kloppend', 'hart', 'van', 'ons', 'globaal', 'klimaatsysteem.']
2026-05-23 21:12:11,441 - DEBUG - joeynmt.training - 	Tokenized hypothesis: ['Het', '<unk>', '<unk>', 'is', 'in', 'zekere', 'zin', 'het', '<unk>', 'hart', 'van', 'het', '<unk>', '</s>']
2026-05-23 21:12:11,441 - INFO - joeynmt.training - 	Source:     The arctic ice cap is, in a sense, the beating heart of the global climate system.
2026-05-23 21:12:11,441 - INFO - joeynmt.training - 	Reference:  De ijskap op de Noordpool is in zekere zin  het kloppend hart van ons globaal klimaatsysteem.
2026-05-23 21:12:11,441 - INFO - joeynmt.training - 	Hypothesis: Het <unk> <unk> is in zekere zin het <unk> hart van het <unk>
2026-05-23 21:12:11,441 - INFO - joeynmt.training - Example #3
2026-05-23 21:12:11,441 - DEBUG - joeynmt.training - 	Tokenized source:     ['It', 'expands', 'in', 'winter', 'and', 'contracts', 'in', 'summer.']
2026-05-23 21:12:11,441 - DEBUG - joeynmt.training - 	Tokenized reference:  ['Het', 'zet', 'uit', 'in', 'de', 'winter', 'en', 'krimpt', 'in', 'de', 'zomer.']
2026-05-23 21:12:11,441 - DEBUG - joeynmt.training - 	Tokenized hypothesis: ['Het', '<unk>', 'in', '<unk>', 'en', '<unk>', 'in', '<unk>', '</s>']
2026-05-23 21:12:11,441 - INFO - joeynmt.training - 	Source:     It expands in winter and contracts in summer.
2026-05-23 21:12:11,441 - INFO - joeynmt.training - 	Reference:  Het zet uit in de winter en krimpt in de zomer.
2026-05-23 21:12:11,441 - INFO - joeynmt.training - 	Hypothesis: Het <unk> in <unk> en <unk> in <unk>
2026-05-23 21:12:11,443 - INFO - joeynmt.training - Example #4
2026-05-23 21:12:11,443 - DEBUG - joeynmt.training - 	Tokenized source:     ['The', 'next', 'slide', 'I', 'show', 'you', 'will', 'be', 'a', 'rapid', 'fast-forward', 'of', "what's", 'happened', 'over', 'the', 'last', '25', 'years.']
2026-05-23 21:12:11,443 - DEBUG - joeynmt.training - 	Tokenized reference:  ['De', 'volgende', 'dia', 'die', 'ik', 'laat', 'zien', '', 'is', 'een', 'versnelde', 'versie', 'van', 'wat', 'er', 'de', 'afgelopen', '25', 'jaar', 'is', 'gebeurd.']
2026-05-23 21:12:11,443 - DEBUG - joeynmt.training - 	Tokenized hypothesis: ['De', 'volgende', '<unk>', 'die', 'ik', 'laat', 'zien', 'dat', 'een', '<unk>', '<unk>', 'van', 'wat', 'er', 'is', 'gebeurd', 'is', 'in', 'de', 'afgelopen', '25', 'jaar.', '</s>']
2026-05-23 21:12:11,443 - INFO - joeynmt.training - 	Source:     The next slide I show you will be a rapid fast-forward of what's happened over the last 25 years.
2026-05-23 21:12:11,443 - INFO - joeynmt.training - 	Reference:  De volgende dia die ik laat zien  is een versnelde versie van wat er de afgelopen 25 jaar is gebeurd.
2026-05-23 21:12:11,443 - INFO - joeynmt.training - 	Hypothesis: De volgende <unk> die ik laat zien dat een <unk> <unk> van wat er is gebeurd is in de afgelopen 25 jaar.
2026-05-23 21:12:43,069 - INFO - joeynmt.training - Epoch   8, Step:    19600, Batch Loss:     1.222516, Batch Acc: 0.617049, Tokens per Sec:     2093, Lr: 0.000210
2026-05-23 21:12:45,574 - INFO - joeynmt.training - Epoch   8: total training loss 2909.08
2026-05-23 21:12:45,574 - INFO - joeynmt.training - EPOCH 9
2026-05-23 21:13:14,353 - INFO - joeynmt.training - Epoch   9, Step:    19700, Batch Loss:     1.102700, Batch Acc: 0.652513, Tokens per Sec:     2089, Lr: 0.000210
2026-05-23 21:13:45,623 - INFO - joeynmt.training - Epoch   9, Step:    19800, Batch Loss:     1.071868, Batch Acc: 0.648701, Tokens per Sec:     2119, Lr: 0.000210
2026-05-23 21:14:16,512 - INFO - joeynmt.training - Epoch   9, Step:    19900, Batch Loss:     1.128493, Batch Acc: 0.649703, Tokens per Sec:     2072, Lr: 0.000210
2026-05-23 21:14:47,345 - INFO - joeynmt.training - Epoch   9, Step:    20000, Batch Loss:     1.037511, Batch Acc: 0.651922, Tokens per Sec:     2126, Lr: 0.000210
2026-05-23 21:14:47,346 - INFO - joeynmt.prediction - Predicting 1003 example(s)... (Greedy decoding with min_output_length=1, max_output_length=100, return_prob='none', generate_unk=True, repetition_penalty=-1, no_repeat_ngram_size=-1)
2026-05-23 21:15:16,821 - INFO - joeynmt.metrics - nrefs:1|case:mixed|eff:no|tok:13a|smooth:exp|version:2.6.0
2026-05-23 21:15:16,822 - INFO - joeynmt.prediction - Evaluation result (greedy) bleu:   5.36, loss:   1.97, ppl:   7.17, acc:   0.45, generation: 29.3448[sec], evaluation: 0.1247[sec]
2026-05-23 21:15:16,824 - INFO - joeynmt.training - Example #0
2026-05-23 21:15:16,824 - DEBUG - joeynmt.training - 	Tokenized source:     ['Last', 'year', 'I', 'showed', 'these', 'two', 'slides', 'so', 'that', 'demonstrate', 'that', 'the', 'arctic', 'ice', 'cap,', 'which', 'for', 'most', 'of', 'the', 'last', 'three', 'million', 'years', 'has', 'been', 'the', 'size', 'of', 'the', 'lower', '48', 'states,', 'has', 'shrunk', 'by', '40', 'percent.']
2026-05-23 21:15:16,824 - DEBUG - joeynmt.training - 	Tokenized reference:  ['Vorig', 'jaar', 'liet', 'ik', 'deze', 'twee', "dia's", 'zien', 'om', 'aan', '', 'te', 'tonen', 'dat', 'de', 'poolijskap,', '', 'die', 'de', 'afgelopen', 'drie', 'miljoen', 'jaar', '', 'ongeveer', 'de', 'grootte', 'had', 'van', 'het', 'vasteland', 'van', 'de', 'VS,', '', 'met', '40%', 'gekrompen', 'was.']
2026-05-23 21:15:16,824 - DEBUG - joeynmt.training - 	Tokenized hypothesis: ['<unk>', 'jaar', 'dat', 'ik', 'deze', 'twee', '<unk>', '<unk>', 'zodat', 'de', '<unk>', '<unk>', 'die', 'de', 'meeste', '<unk>', '<unk>', 'die', 'de', 'meeste', '<unk>', '<unk>', '<unk>', 'met', '<unk>', '</s>']
2026-05-23 21:15:16,825 - INFO - joeynmt.training - 	Source:     Last year I showed these two slides so that demonstrate that the arctic ice cap, which for most of the last three million years has been the size of the lower 48 states, has shrunk by 40 percent.
2026-05-23 21:15:16,825 - INFO - joeynmt.training - 	Reference:  Vorig jaar liet ik deze twee dia's zien om aan  te tonen dat de poolijskap,  die de afgelopen drie miljoen jaar  ongeveer de grootte had van het vasteland van de VS,  met 40% gekrompen was.
2026-05-23 21:15:16,825 - INFO - joeynmt.training - 	Hypothesis: <unk> jaar dat ik deze twee <unk> <unk> zodat de <unk> <unk> die de meeste <unk> <unk> die de meeste <unk> <unk> <unk> met <unk>
2026-05-23 21:15:16,825 - INFO - joeynmt.training - Example #1
2026-05-23 21:15:16,825 - DEBUG - joeynmt.training - 	Tokenized source:     ['But', 'this', 'understates', 'the', 'seriousness', 'of', 'this', 'particular', 'problem', 'because', 'it', "doesn't", 'show', 'the', 'thickness', 'of', 'the', 'ice.']
2026-05-23 21:15:16,825 - DEBUG - joeynmt.training - 	Tokenized reference:  ['Maar', 'dit', 'onderschat', 'eigenlijk', 'de', 'ernst', 'van', 'dit', 'specifieke', 'probleem', '', 'omdat', 'het', 'niet', 'de', 'dikte', 'van', 'het', 'ijs', 'laat', 'zien.']
2026-05-23 21:15:16,825 - DEBUG - joeynmt.training - 	Tokenized hypothesis: ['Maar', 'deze', '<unk>', 'de', '<unk>', 'van', 'dit', '<unk>', 'omdat', 'het', 'niet', '<unk>', 'laat', 'zien.', '</s>']
2026-05-23 21:15:16,826 - INFO - joeynmt.training - 	Source:     But this understates the seriousness of this particular problem because it doesn't show the thickness of the ice.
2026-05-23 21:15:16,826 - INFO - joeynmt.training - 	Reference:  Maar dit onderschat eigenlijk de ernst van dit specifieke probleem  omdat het niet de dikte van het ijs laat zien.
2026-05-23 21:15:16,826 - INFO - joeynmt.training - 	Hypothesis: Maar deze <unk> de <unk> van dit <unk> omdat het niet <unk> laat zien.
2026-05-23 21:15:16,826 - INFO - joeynmt.training - Example #2
2026-05-23 21:15:16,826 - DEBUG - joeynmt.training - 	Tokenized source:     ['The', 'arctic', 'ice', 'cap', 'is,', 'in', 'a', 'sense,', 'the', 'beating', 'heart', 'of', 'the', 'global', 'climate', 'system.']
2026-05-23 21:15:16,826 - DEBUG - joeynmt.training - 	Tokenized reference:  ['De', 'ijskap', 'op', 'de', 'Noordpool', 'is', 'in', 'zekere', 'zin', '', 'het', 'kloppend', 'hart', 'van', 'ons', 'globaal', 'klimaatsysteem.']
2026-05-23 21:15:16,827 - DEBUG - joeynmt.training - 	Tokenized hypothesis: ['Het', '<unk>', '<unk>', 'is', 'het', '<unk>', 'hart', 'van', 'de', '<unk>', '</s>']
2026-05-23 21:15:16,827 - INFO - joeynmt.training - 	Source:     The arctic ice cap is, in a sense, the beating heart of the global climate system.
2026-05-23 21:15:16,827 - INFO - joeynmt.training - 	Reference:  De ijskap op de Noordpool is in zekere zin  het kloppend hart van ons globaal klimaatsysteem.
2026-05-23 21:15:16,827 - INFO - joeynmt.training - 	Hypothesis: Het <unk> <unk> is het <unk> hart van de <unk>
2026-05-23 21:15:16,827 - INFO - joeynmt.training - Example #3
2026-05-23 21:15:16,827 - DEBUG - joeynmt.training - 	Tokenized source:     ['It', 'expands', 'in', 'winter', 'and', 'contracts', 'in', 'summer.']
2026-05-23 21:15:16,827 - DEBUG - joeynmt.training - 	Tokenized reference:  ['Het', 'zet', 'uit', 'in', 'de', 'winter', 'en', 'krimpt', 'in', 'de', 'zomer.']
2026-05-23 21:15:16,827 - DEBUG - joeynmt.training - 	Tokenized hypothesis: ['Het', '<unk>', 'in', '<unk>', 'en', '<unk>', 'in', '<unk>', '</s>']
2026-05-23 21:15:16,827 - INFO - joeynmt.training - 	Source:     It expands in winter and contracts in summer.
2026-05-23 21:15:16,827 - INFO - joeynmt.training - 	Reference:  Het zet uit in de winter en krimpt in de zomer.
2026-05-23 21:15:16,828 - INFO - joeynmt.training - 	Hypothesis: Het <unk> in <unk> en <unk> in <unk>
2026-05-23 21:15:16,828 - INFO - joeynmt.training - Example #4
2026-05-23 21:15:16,828 - DEBUG - joeynmt.training - 	Tokenized source:     ['The', 'next', 'slide', 'I', 'show', 'you', 'will', 'be', 'a', 'rapid', 'fast-forward', 'of', "what's", 'happened', 'over', 'the', 'last', '25', 'years.']
2026-05-23 21:15:16,828 - DEBUG - joeynmt.training - 	Tokenized reference:  ['De', 'volgende', 'dia', 'die', 'ik', 'laat', 'zien', '', 'is', 'een', 'versnelde', 'versie', 'van', 'wat', 'er', 'de', 'afgelopen', '25', 'jaar', 'is', 'gebeurd.']
2026-05-23 21:15:16,828 - DEBUG - joeynmt.training - 	Tokenized hypothesis: ['De', 'volgende', '<unk>', 'die', 'ik', 'laat', 'zien', 'zal', 'een', '<unk>', '<unk>', 'zijn', 'van', 'wat', 'er', 'gebeurd', 'is', 'in', 'de', 'afgelopen', '25', 'jaar', '<unk>', '</s>']
2026-05-23 21:15:16,828 - INFO - joeynmt.training - 	Source:     The next slide I show you will be a rapid fast-forward of what's happened over the last 25 years.
2026-05-23 21:15:16,828 - INFO - joeynmt.training - 	Reference:  De volgende dia die ik laat zien  is een versnelde versie van wat er de afgelopen 25 jaar is gebeurd.
2026-05-23 21:15:16,828 - INFO - joeynmt.training - 	Hypothesis: De volgende <unk> die ik laat zien zal een <unk> <unk> zijn van wat er gebeurd is in de afgelopen 25 jaar <unk>
2026-05-23 21:15:47,893 - INFO - joeynmt.training - Epoch   9, Step:    20100, Batch Loss:     1.101093, Batch Acc: 0.649623, Tokens per Sec:     2061, Lr: 0.000210
2026-05-23 21:16:18,529 - INFO - joeynmt.training - Epoch   9, Step:    20200, Batch Loss:     1.028799, Batch Acc: 0.644242, Tokens per Sec:     2063, Lr: 0.000210
2026-05-23 21:16:49,601 - INFO - joeynmt.training - Epoch   9, Step:    20300, Batch Loss:     1.150960, Batch Acc: 0.648061, Tokens per Sec:     2101, Lr: 0.000210
2026-05-23 21:17:20,246 - INFO - joeynmt.training - Epoch   9, Step:    20400, Batch Loss:     1.132808, Batch Acc: 0.643181, Tokens per Sec:     2138, Lr: 0.000210
2026-05-23 21:17:51,270 - INFO - joeynmt.training - Epoch   9, Step:    20500, Batch Loss:     1.155741, Batch Acc: 0.641370, Tokens per Sec:     2105, Lr: 0.000210
2026-05-23 21:17:51,270 - INFO - joeynmt.prediction - Predicting 1003 example(s)... (Greedy decoding with min_output_length=1, max_output_length=100, return_prob='none', generate_unk=True, repetition_penalty=-1, no_repeat_ngram_size=-1)
2026-05-23 21:18:19,956 - INFO - joeynmt.metrics - nrefs:1|case:mixed|eff:no|tok:13a|smooth:exp|version:2.6.0
2026-05-23 21:18:19,956 - INFO - joeynmt.prediction - Evaluation result (greedy) bleu:   5.77, loss:   1.97, ppl:   7.15, acc:   0.45, generation: 28.5478[sec], evaluation: 0.1313[sec]
2026-05-23 21:18:19,958 - INFO - joeynmt.training - Example #0
2026-05-23 21:18:19,958 - DEBUG - joeynmt.training - 	Tokenized source:     ['Last', 'year', 'I', 'showed', 'these', 'two', 'slides', 'so', 'that', 'demonstrate', 'that', 'the', 'arctic', 'ice', 'cap,', 'which', 'for', 'most', 'of', 'the', 'last', 'three', 'million', 'years', 'has', 'been', 'the', 'size', 'of', 'the', 'lower', '48', 'states,', 'has', 'shrunk', 'by', '40', 'percent.']
2026-05-23 21:18:19,958 - DEBUG - joeynmt.training - 	Tokenized reference:  ['Vorig', 'jaar', 'liet', 'ik', 'deze', 'twee', "dia's", 'zien', 'om', 'aan', '', 'te', 'tonen', 'dat', 'de', 'poolijskap,', '', 'die', 'de', 'afgelopen', 'drie', 'miljoen', 'jaar', '', 'ongeveer', 'de', 'grootte', 'had', 'van', 'het', 'vasteland', 'van', 'de', 'VS,', '', 'met', '40%', 'gekrompen', 'was.']
2026-05-23 21:18:19,958 - DEBUG - joeynmt.training - 	Tokenized hypothesis: ['<unk>', 'jaar', 'heb', 'ik', 'deze', 'twee', '<unk>', '<unk>', 'zodat', 'de', '<unk>', '<unk>', 'die', 'de', 'meeste', '<unk>', '<unk>', 'die', 'de', 'meeste', '<unk>', '<unk>', '<unk>', '<unk>', 'met', '40', 'procent.', '</s>']
2026-05-23 21:18:19,958 - INFO - joeynmt.training - 	Source:     Last year I showed these two slides so that demonstrate that the arctic ice cap, which for most of the last three million years has been the size of the lower 48 states, has shrunk by 40 percent.
2026-05-23 21:18:19,959 - INFO - joeynmt.training - 	Reference:  Vorig jaar liet ik deze twee dia's zien om aan  te tonen dat de poolijskap,  die de afgelopen drie miljoen jaar  ongeveer de grootte had van het vasteland van de VS,  met 40% gekrompen was.
2026-05-23 21:18:19,959 - INFO - joeynmt.training - 	Hypothesis: <unk> jaar heb ik deze twee <unk> <unk> zodat de <unk> <unk> die de meeste <unk> <unk> die de meeste <unk> <unk> <unk> <unk> met 40 procent.
2026-05-23 21:18:19,959 - INFO - joeynmt.training - Example #1
2026-05-23 21:18:19,959 - DEBUG - joeynmt.training - 	Tokenized source:     ['But', 'this', 'understates', 'the', 'seriousness', 'of', 'this', 'particular', 'problem', 'because', 'it', "doesn't", 'show', 'the', 'thickness', 'of', 'the', 'ice.']
2026-05-23 21:18:19,959 - DEBUG - joeynmt.training - 	Tokenized reference:  ['Maar', 'dit', 'onderschat', 'eigenlijk', 'de', 'ernst', 'van', 'dit', 'specifieke', 'probleem', '', 'omdat', 'het', 'niet', 'de', 'dikte', 'van', 'het', 'ijs', 'laat', 'zien.']
2026-05-23 21:18:19,960 - DEBUG - joeynmt.training - 	Tokenized hypothesis: ['Maar', 'deze', '<unk>', 'de', '<unk>', 'van', 'dit', '<unk>', 'omdat', 'het', 'niet', '<unk>', 'laat', 'zien.', '</s>']
2026-05-23 21:18:19,960 - INFO - joeynmt.training - 	Source:     But this understates the seriousness of this particular problem because it doesn't show the thickness of the ice.
2026-05-23 21:18:19,960 - INFO - joeynmt.training - 	Reference:  Maar dit onderschat eigenlijk de ernst van dit specifieke probleem  omdat het niet de dikte van het ijs laat zien.
2026-05-23 21:18:19,960 - INFO - joeynmt.training - 	Hypothesis: Maar deze <unk> de <unk> van dit <unk> omdat het niet <unk> laat zien.
2026-05-23 21:18:19,960 - INFO - joeynmt.training - Example #2
2026-05-23 21:18:19,960 - DEBUG - joeynmt.training - 	Tokenized source:     ['The', 'arctic', 'ice', 'cap', 'is,', 'in', 'a', 'sense,', 'the', 'beating', 'heart', 'of', 'the', 'global', 'climate', 'system.']
2026-05-23 21:18:19,961 - DEBUG - joeynmt.training - 	Tokenized reference:  ['De', 'ijskap', 'op', 'de', 'Noordpool', 'is', 'in', 'zekere', 'zin', '', 'het', 'kloppend', 'hart', 'van', 'ons', 'globaal', 'klimaatsysteem.']
2026-05-23 21:18:19,961 - DEBUG - joeynmt.training - 	Tokenized hypothesis: ['De', '<unk>', '<unk>', 'is', 'in', 'zekere', 'zin', 'de', '<unk>', 'van', 'het', '<unk>', '</s>']
2026-05-23 21:18:19,961 - INFO - joeynmt.training - 	Source:     The arctic ice cap is, in a sense, the beating heart of the global climate system.
2026-05-23 21:18:19,961 - INFO - joeynmt.training - 	Reference:  De ijskap op de Noordpool is in zekere zin  het kloppend hart van ons globaal klimaatsysteem.
2026-05-23 21:18:19,961 - INFO - joeynmt.training - 	Hypothesis: De <unk> <unk> is in zekere zin de <unk> van het <unk>
2026-05-23 21:18:19,961 - INFO - joeynmt.training - Example #3
2026-05-23 21:18:19,962 - DEBUG - joeynmt.training - 	Tokenized source:     ['It', 'expands', 'in', 'winter', 'and', 'contracts', 'in', 'summer.']
2026-05-23 21:18:19,962 - DEBUG - joeynmt.training - 	Tokenized reference:  ['Het', 'zet', 'uit', 'in', 'de', 'winter', 'en', 'krimpt', 'in', 'de', 'zomer.']
2026-05-23 21:18:19,962 - DEBUG - joeynmt.training - 	Tokenized hypothesis: ['Het', '<unk>', 'in', '<unk>', 'en', '<unk>', 'in', '<unk>', '</s>']
2026-05-23 21:18:19,962 - INFO - joeynmt.training - 	Source:     It expands in winter and contracts in summer.
2026-05-23 21:18:19,963 - INFO - joeynmt.training - 	Reference:  Het zet uit in de winter en krimpt in de zomer.
2026-05-23 21:18:19,963 - INFO - joeynmt.training - 	Hypothesis: Het <unk> in <unk> en <unk> in <unk>
2026-05-23 21:18:19,963 - INFO - joeynmt.training - Example #4
2026-05-23 21:18:19,963 - DEBUG - joeynmt.training - 	Tokenized source:     ['The', 'next', 'slide', 'I', 'show', 'you', 'will', 'be', 'a', 'rapid', 'fast-forward', 'of', "what's", 'happened', 'over', 'the', 'last', '25', 'years.']
2026-05-23 21:18:19,963 - DEBUG - joeynmt.training - 	Tokenized reference:  ['De', 'volgende', 'dia', 'die', 'ik', 'laat', 'zien', '', 'is', 'een', 'versnelde', 'versie', 'van', 'wat', 'er', 'de', 'afgelopen', '25', 'jaar', 'is', 'gebeurd.']
2026-05-23 21:18:19,963 - DEBUG - joeynmt.training - 	Tokenized hypothesis: ['De', 'volgende', '<unk>', 'die', 'ik', 'laat', 'zien', 'zal', 'een', '<unk>', '<unk>', 'zijn', 'van', 'wat', 'er', 'de', 'afgelopen', '25', 'jaar', '<unk>', '</s>']
2026-05-23 21:18:19,963 - INFO - joeynmt.training - 	Source:     The next slide I show you will be a rapid fast-forward of what's happened over the last 25 years.
2026-05-23 21:18:19,964 - INFO - joeynmt.training - 	Reference:  De volgende dia die ik laat zien  is een versnelde versie van wat er de afgelopen 25 jaar is gebeurd.
2026-05-23 21:18:19,964 - INFO - joeynmt.training - 	Hypothesis: De volgende <unk> die ik laat zien zal een <unk> <unk> zijn van wat er de afgelopen 25 jaar <unk>
2026-05-23 21:18:51,571 - INFO - joeynmt.training - Epoch   9, Step:    20600, Batch Loss:     1.116365, Batch Acc: 0.640128, Tokens per Sec:     2043, Lr: 0.000210
2026-05-23 21:19:22,734 - INFO - joeynmt.training - Epoch   9, Step:    20700, Batch Loss:     1.122361, Batch Acc: 0.643358, Tokens per Sec:     2060, Lr: 0.000210
2026-05-23 21:19:53,728 - INFO - joeynmt.training - Epoch   9, Step:    20800, Batch Loss:     1.150926, Batch Acc: 0.643377, Tokens per Sec:     2099, Lr: 0.000210
2026-05-23 21:20:25,141 - INFO - joeynmt.training - Epoch   9, Step:    20900, Batch Loss:     1.083123, Batch Acc: 0.639256, Tokens per Sec:     2137, Lr: 0.000210
2026-05-23 21:20:56,242 - INFO - joeynmt.training - Epoch   9, Step:    21000, Batch Loss:     1.056804, Batch Acc: 0.640883, Tokens per Sec:     2098, Lr: 0.000210
2026-05-23 21:20:56,243 - INFO - joeynmt.prediction - Predicting 1003 example(s)... (Greedy decoding with min_output_length=1, max_output_length=100, return_prob='none', generate_unk=True, repetition_penalty=-1, no_repeat_ngram_size=-1)
2026-05-23 21:21:25,860 - INFO - joeynmt.metrics - nrefs:1|case:mixed|eff:no|tok:13a|smooth:exp|version:2.6.0
2026-05-23 21:21:25,862 - INFO - joeynmt.prediction - Evaluation result (greedy) bleu:   5.70, loss:   1.96, ppl:   7.11, acc:   0.45, generation: 29.4766[sec], evaluation: 0.1340[sec]
2026-05-23 21:21:25,863 - INFO - joeynmt.training - Example #0
2026-05-23 21:21:25,863 - DEBUG - joeynmt.training - 	Tokenized source:     ['Last', 'year', 'I', 'showed', 'these', 'two', 'slides', 'so', 'that', 'demonstrate', 'that', 'the', 'arctic', 'ice', 'cap,', 'which', 'for', 'most', 'of', 'the', 'last', 'three', 'million', 'years', 'has', 'been', 'the', 'size', 'of', 'the', 'lower', '48', 'states,', 'has', 'shrunk', 'by', '40', 'percent.']
2026-05-23 21:21:25,863 - DEBUG - joeynmt.training - 	Tokenized reference:  ['Vorig', 'jaar', 'liet', 'ik', 'deze', 'twee', "dia's", 'zien', 'om', 'aan', '', 'te', 'tonen', 'dat', 'de', 'poolijskap,', '', 'die', 'de', 'afgelopen', 'drie', 'miljoen', 'jaar', '', 'ongeveer', 'de', 'grootte', 'had', 'van', 'het', 'vasteland', 'van', 'de', 'VS,', '', 'met', '40%', 'gekrompen', 'was.']
2026-05-23 21:21:25,863 - DEBUG - joeynmt.training - 	Tokenized hypothesis: ['<unk>', 'jaar', 'dat', 'ik', 'deze', 'twee', '<unk>', '<unk>', 'zodat', 'de', '<unk>', '<unk>', 'die', 'de', 'meeste', '<unk>', '<unk>', 'die', 'de', 'meeste', '<unk>', '<unk>', '<unk>', '<unk>', 'is', '<unk>', '<unk>', 'met', '40', 'procent.', '</s>']
2026-05-23 21:21:25,863 - INFO - joeynmt.training - 	Source:     Last year I showed these two slides so that demonstrate that the arctic ice cap, which for most of the last three million years has been the size of the lower 48 states, has shrunk by 40 percent.
2026-05-23 21:21:25,863 - INFO - joeynmt.training - 	Reference:  Vorig jaar liet ik deze twee dia's zien om aan  te tonen dat de poolijskap,  die de afgelopen drie miljoen jaar  ongeveer de grootte had van het vasteland van de VS,  met 40% gekrompen was.
2026-05-23 21:21:25,864 - INFO - joeynmt.training - 	Hypothesis: <unk> jaar dat ik deze twee <unk> <unk> zodat de <unk> <unk> die de meeste <unk> <unk> die de meeste <unk> <unk> <unk> <unk> is <unk> <unk> met 40 procent.
2026-05-23 21:21:25,864 - INFO - joeynmt.training - Example #1
2026-05-23 21:21:25,864 - DEBUG - joeynmt.training - 	Tokenized source:     ['But', 'this', 'understates', 'the', 'seriousness', 'of', 'this', 'particular', 'problem', 'because', 'it', "doesn't", 'show', 'the', 'thickness', 'of', 'the', 'ice.']
2026-05-23 21:21:25,864 - DEBUG - joeynmt.training - 	Tokenized reference:  ['Maar', 'dit', 'onderschat', 'eigenlijk', 'de', 'ernst', 'van', 'dit', 'specifieke', 'probleem', '', 'omdat', 'het', 'niet', 'de', 'dikte', 'van', 'het', 'ijs', 'laat', 'zien.']
2026-05-23 21:21:25,864 - DEBUG - joeynmt.training - 	Tokenized hypothesis: ['Maar', 'deze', '<unk>', 'de', '<unk>', 'van', 'dit', '<unk>', 'omdat', 'het', 'niet', '<unk>', '<unk>', 'van', 'de', '<unk>', '<unk>', '</s>']
2026-05-23 21:21:25,864 - INFO - joeynmt.training - 	Source:     But this understates the seriousness of this particular problem because it doesn't show the thickness of the ice.
2026-05-23 21:21:25,865 - INFO - joeynmt.training - 	Reference:  Maar dit onderschat eigenlijk de ernst van dit specifieke probleem  omdat het niet de dikte van het ijs laat zien.
2026-05-23 21:21:25,865 - INFO - joeynmt.training - 	Hypothesis: Maar deze <unk> de <unk> van dit <unk> omdat het niet <unk> <unk> van de <unk> <unk>
2026-05-23 21:21:25,865 - INFO - joeynmt.training - Example #2
2026-05-23 21:21:25,865 - DEBUG - joeynmt.training - 	Tokenized source:     ['The', 'arctic', 'ice', 'cap', 'is,', 'in', 'a', 'sense,', 'the', 'beating', 'heart', 'of', 'the', 'global', 'climate', 'system.']
2026-05-23 21:21:25,865 - DEBUG - joeynmt.training - 	Tokenized reference:  ['De', 'ijskap', 'op', 'de', 'Noordpool', 'is', 'in', 'zekere', 'zin', '', 'het', 'kloppend', 'hart', 'van', 'ons', 'globaal', 'klimaatsysteem.']
2026-05-23 21:21:25,865 - DEBUG - joeynmt.training - 	Tokenized hypothesis: ['Het', '<unk>', 'is', 'in', 'zekere', 'zin', 'de', '<unk>', '<unk>', 'van', 'het', '<unk>', '</s>']
2026-05-23 21:21:25,866 - INFO - joeynmt.training - 	Source:     The arctic ice cap is, in a sense, the beating heart of the global climate system.
2026-05-23 21:21:25,866 - INFO - joeynmt.training - 	Reference:  De ijskap op de Noordpool is in zekere zin  het kloppend hart van ons globaal klimaatsysteem.
2026-05-23 21:21:25,866 - INFO - joeynmt.training - 	Hypothesis: Het <unk> is in zekere zin de <unk> <unk> van het <unk>
2026-05-23 21:21:25,866 - INFO - joeynmt.training - Example #3
2026-05-23 21:21:25,866 - DEBUG - joeynmt.training - 	Tokenized source:     ['It', 'expands', 'in', 'winter', 'and', 'contracts', 'in', 'summer.']
2026-05-23 21:21:25,866 - DEBUG - joeynmt.training - 	Tokenized reference:  ['Het', 'zet', 'uit', 'in', 'de', 'winter', 'en', 'krimpt', 'in', 'de', 'zomer.']
2026-05-23 21:21:25,866 - DEBUG - joeynmt.training - 	Tokenized hypothesis: ['Het', '<unk>', 'in', '<unk>', 'en', '<unk>', 'in', '<unk>', '</s>']
2026-05-23 21:21:25,866 - INFO - joeynmt.training - 	Source:     It expands in winter and contracts in summer.
2026-05-23 21:21:25,867 - INFO - joeynmt.training - 	Reference:  Het zet uit in de winter en krimpt in de zomer.
2026-05-23 21:21:25,867 - INFO - joeynmt.training - 	Hypothesis: Het <unk> in <unk> en <unk> in <unk>
2026-05-23 21:21:25,867 - INFO - joeynmt.training - Example #4
2026-05-23 21:21:25,867 - DEBUG - joeynmt.training - 	Tokenized source:     ['The', 'next', 'slide', 'I', 'show', 'you', 'will', 'be', 'a', 'rapid', 'fast-forward', 'of', "what's", 'happened', 'over', 'the', 'last', '25', 'years.']
2026-05-23 21:21:25,867 - DEBUG - joeynmt.training - 	Tokenized reference:  ['De', 'volgende', 'dia', 'die', 'ik', 'laat', 'zien', '', 'is', 'een', 'versnelde', 'versie', 'van', 'wat', 'er', 'de', 'afgelopen', '25', 'jaar', 'is', 'gebeurd.']
2026-05-23 21:21:25,867 - DEBUG - joeynmt.training - 	Tokenized hypothesis: ['De', 'volgende', '<unk>', 'die', 'ik', 'laat', 'zien', 'zal', 'een', '<unk>', '<unk>', 'van', 'wat', 'er', 'is', 'gebeurd', 'gedurende', 'de', 'afgelopen', '25', 'jaar.', '</s>']
2026-05-23 21:21:25,867 - INFO - joeynmt.training - 	Source:     The next slide I show you will be a rapid fast-forward of what's happened over the last 25 years.
2026-05-23 21:21:25,867 - INFO - joeynmt.training - 	Reference:  De volgende dia die ik laat zien  is een versnelde versie van wat er de afgelopen 25 jaar is gebeurd.
2026-05-23 21:21:25,867 - INFO - joeynmt.training - 	Hypothesis: De volgende <unk> die ik laat zien zal een <unk> <unk> van wat er is gebeurd gedurende de afgelopen 25 jaar.
2026-05-23 21:21:57,088 - INFO - joeynmt.training - Epoch   9, Step:    21100, Batch Loss:     1.069222, Batch Acc: 0.638024, Tokens per Sec:     2074, Lr: 0.000210
2026-05-23 21:22:28,309 - INFO - joeynmt.training - Epoch   9, Step:    21200, Batch Loss:     1.222251, Batch Acc: 0.636470, Tokens per Sec:     2109, Lr: 0.000210
2026-05-23 21:22:59,256 - INFO - joeynmt.training - Epoch   9, Step:    21300, Batch Loss:     1.200763, Batch Acc: 0.635194, Tokens per Sec:     2036, Lr: 0.000210
2026-05-23 21:23:30,340 - INFO - joeynmt.training - Epoch   9, Step:    21400, Batch Loss:     1.141605, Batch Acc: 0.634746, Tokens per Sec:     2139, Lr: 0.000210
2026-05-23 21:24:01,378 - INFO - joeynmt.training - Epoch   9, Step:    21500, Batch Loss:     1.031482, Batch Acc: 0.633401, Tokens per Sec:     2101, Lr: 0.000210
2026-05-23 21:24:01,379 - INFO - joeynmt.prediction - Predicting 1003 example(s)... (Greedy decoding with min_output_length=1, max_output_length=100, return_prob='none', generate_unk=True, repetition_penalty=-1, no_repeat_ngram_size=-1)
2026-05-23 21:24:30,417 - INFO - joeynmt.metrics - nrefs:1|case:mixed|eff:no|tok:13a|smooth:exp|version:2.6.0
2026-05-23 21:24:30,417 - INFO - joeynmt.prediction - Evaluation result (greedy) bleu:   5.73, loss:   1.95, ppl:   7.03, acc:   0.45, generation: 28.9064[sec], evaluation: 0.1246[sec]
2026-05-23 21:24:30,418 - INFO - joeynmt.training - Example #0
2026-05-23 21:24:30,419 - DEBUG - joeynmt.training - 	Tokenized source:     ['Last', 'year', 'I', 'showed', 'these', 'two', 'slides', 'so', 'that', 'demonstrate', 'that', 'the', 'arctic', 'ice', 'cap,', 'which', 'for', 'most', 'of', 'the', 'last', 'three', 'million', 'years', 'has', 'been', 'the', 'size', 'of', 'the', 'lower', '48', 'states,', 'has', 'shrunk', 'by', '40', 'percent.']
2026-05-23 21:24:30,419 - DEBUG - joeynmt.training - 	Tokenized reference:  ['Vorig', 'jaar', 'liet', 'ik', 'deze', 'twee', "dia's", 'zien', 'om', 'aan', '', 'te', 'tonen', 'dat', 'de', 'poolijskap,', '', 'die', 'de', 'afgelopen', 'drie', 'miljoen', 'jaar', '', 'ongeveer', 'de', 'grootte', 'had', 'van', 'het', 'vasteland', 'van', 'de', 'VS,', '', 'met', '40%', 'gekrompen', 'was.']
2026-05-23 21:24:30,419 - DEBUG - joeynmt.training - 	Tokenized hypothesis: ['<unk>', 'jaar', 'liet', 'ik', 'deze', 'twee', '<unk>', 'zien,', 'zodat', 'de', '<unk>', '<unk>', 'die', 'de', 'meeste', '<unk>', 'die', 'de', 'meeste', '<unk>', '<unk>', 'die', 'de', 'meeste', '<unk>', 'van', 'de', '<unk>', '<unk>', 'heeft', '<unk>', 'met', '40', 'procent.', '</s>']
2026-05-23 21:24:30,419 - INFO - joeynmt.training - 	Source:     Last year I showed these two slides so that demonstrate that the arctic ice cap, which for most of the last three million years has been the size of the lower 48 states, has shrunk by 40 percent.
2026-05-23 21:24:30,419 - INFO - joeynmt.training - 	Reference:  Vorig jaar liet ik deze twee dia's zien om aan  te tonen dat de poolijskap,  die de afgelopen drie miljoen jaar  ongeveer de grootte had van het vasteland van de VS,  met 40% gekrompen was.
2026-05-23 21:24:30,420 - INFO - joeynmt.training - 	Hypothesis: <unk> jaar liet ik deze twee <unk> zien, zodat de <unk> <unk> die de meeste <unk> die de meeste <unk> <unk> die de meeste <unk> van de <unk> <unk> heeft <unk> met 40 procent.
2026-05-23 21:24:30,420 - INFO - joeynmt.training - Example #1
2026-05-23 21:24:30,420 - DEBUG - joeynmt.training - 	Tokenized source:     ['But', 'this', 'understates', 'the', 'seriousness', 'of', 'this', 'particular', 'problem', 'because', 'it', "doesn't", 'show', 'the', 'thickness', 'of', 'the', 'ice.']
2026-05-23 21:24:30,420 - DEBUG - joeynmt.training - 	Tokenized reference:  ['Maar', 'dit', 'onderschat', 'eigenlijk', 'de', 'ernst', 'van', 'dit', 'specifieke', 'probleem', '', 'omdat', 'het', 'niet', 'de', 'dikte', 'van', 'het', 'ijs', 'laat', 'zien.']
2026-05-23 21:24:30,420 - DEBUG - joeynmt.training - 	Tokenized hypothesis: ['Maar', 'dit', '<unk>', 'de', '<unk>', 'van', 'dit', 'specifieke', 'probleem', 'omdat', 'het', 'niet', 'de', '<unk>', 'van', 'de', '<unk>', '</s>']
2026-05-23 21:24:30,420 - INFO - joeynmt.training - 	Source:     But this understates the seriousness of this particular problem because it doesn't show the thickness of the ice.
2026-05-23 21:24:30,420 - INFO - joeynmt.training - 	Reference:  Maar dit onderschat eigenlijk de ernst van dit specifieke probleem  omdat het niet de dikte van het ijs laat zien.
2026-05-23 21:24:30,420 - INFO - joeynmt.training - 	Hypothesis: Maar dit <unk> de <unk> van dit specifieke probleem omdat het niet de <unk> van de <unk>
2026-05-23 21:24:30,420 - INFO - joeynmt.training - Example #2
2026-05-23 21:24:30,420 - DEBUG - joeynmt.training - 	Tokenized source:     ['The', 'arctic', 'ice', 'cap', 'is,', 'in', 'a', 'sense,', 'the', 'beating', 'heart', 'of', 'the', 'global', 'climate', 'system.']
2026-05-23 21:24:30,420 - DEBUG - joeynmt.training - 	Tokenized reference:  ['De', 'ijskap', 'op', 'de', 'Noordpool', 'is', 'in', 'zekere', 'zin', '', 'het', 'kloppend', 'hart', 'van', 'ons', 'globaal', 'klimaatsysteem.']
2026-05-23 21:24:30,420 - DEBUG - joeynmt.training - 	Tokenized hypothesis: ['De', '<unk>', 'is', 'in', 'zekere', 'zin', 'dat', 'het', '<unk>', 'hart', 'van', 'het', '<unk>', '<unk>', '</s>']
2026-05-23 21:24:30,420 - INFO - joeynmt.training - 	Source:     The arctic ice cap is, in a sense, the beating heart of the global climate system.
2026-05-23 21:24:30,420 - INFO - joeynmt.training - 	Reference:  De ijskap op de Noordpool is in zekere zin  het kloppend hart van ons globaal klimaatsysteem.
2026-05-23 21:24:30,422 - INFO - joeynmt.training - 	Hypothesis: De <unk> is in zekere zin dat het <unk> hart van het <unk> <unk>
2026-05-23 21:24:30,422 - INFO - joeynmt.training - Example #3
2026-05-23 21:24:30,422 - DEBUG - joeynmt.training - 	Tokenized source:     ['It', 'expands', 'in', 'winter', 'and', 'contracts', 'in', 'summer.']
2026-05-23 21:24:30,422 - DEBUG - joeynmt.training - 	Tokenized reference:  ['Het', 'zet', 'uit', 'in', 'de', 'winter', 'en', 'krimpt', 'in', 'de', 'zomer.']
2026-05-23 21:24:30,422 - DEBUG - joeynmt.training - 	Tokenized hypothesis: ['Het', '<unk>', 'in', '<unk>', 'en', '<unk>', 'in', '<unk>', '</s>']
2026-05-23 21:24:30,422 - INFO - joeynmt.training - 	Source:     It expands in winter and contracts in summer.
2026-05-23 21:24:30,422 - INFO - joeynmt.training - 	Reference:  Het zet uit in de winter en krimpt in de zomer.
2026-05-23 21:24:30,422 - INFO - joeynmt.training - 	Hypothesis: Het <unk> in <unk> en <unk> in <unk>
2026-05-23 21:24:30,422 - INFO - joeynmt.training - Example #4
2026-05-23 21:24:30,422 - DEBUG - joeynmt.training - 	Tokenized source:     ['The', 'next', 'slide', 'I', 'show', 'you', 'will', 'be', 'a', 'rapid', 'fast-forward', 'of', "what's", 'happened', 'over', 'the', 'last', '25', 'years.']
2026-05-23 21:24:30,422 - DEBUG - joeynmt.training - 	Tokenized reference:  ['De', 'volgende', 'dia', 'die', 'ik', 'laat', 'zien', '', 'is', 'een', 'versnelde', 'versie', 'van', 'wat', 'er', 'de', 'afgelopen', '25', 'jaar', 'is', 'gebeurd.']
2026-05-23 21:24:30,422 - DEBUG - joeynmt.training - 	Tokenized hypothesis: ['De', 'volgende', '<unk>', 'die', 'ik', 'laat', 'zien', 'zal', 'een', '<unk>', '<unk>', 'zijn', 'van', 'wat', 'er', 'is', 'gebeurd', 'is', 'in', 'de', 'afgelopen', '25', 'jaar', '<unk>', '</s>']
2026-05-23 21:24:30,423 - INFO - joeynmt.training - 	Source:     The next slide I show you will be a rapid fast-forward of what's happened over the last 25 years.
2026-05-23 21:24:30,423 - INFO - joeynmt.training - 	Reference:  De volgende dia die ik laat zien  is een versnelde versie van wat er de afgelopen 25 jaar is gebeurd.
2026-05-23 21:24:30,423 - INFO - joeynmt.training - 	Hypothesis: De volgende <unk> die ik laat zien zal een <unk> <unk> zijn van wat er is gebeurd is in de afgelopen 25 jaar <unk>
2026-05-23 21:25:01,539 - INFO - joeynmt.training - Epoch   9, Step:    21600, Batch Loss:     1.138145, Batch Acc: 0.635001, Tokens per Sec:     1984, Lr: 0.000210
2026-05-23 21:25:32,284 - INFO - joeynmt.training - Epoch   9, Step:    21700, Batch Loss:     1.158247, Batch Acc: 0.630544, Tokens per Sec:     2206, Lr: 0.000210
2026-05-23 21:26:03,090 - INFO - joeynmt.training - Epoch   9, Step:    21800, Batch Loss:     1.208652, Batch Acc: 0.633086, Tokens per Sec:     2057, Lr: 0.000210
2026-05-23 21:26:34,094 - INFO - joeynmt.training - Epoch   9, Step:    21900, Batch Loss:     1.103810, Batch Acc: 0.634839, Tokens per Sec:     2126, Lr: 0.000210
2026-05-23 21:27:05,316 - INFO - joeynmt.training - Epoch   9, Step:    22000, Batch Loss:     1.105771, Batch Acc: 0.634109, Tokens per Sec:     2066, Lr: 0.000210
2026-05-23 21:27:05,316 - INFO - joeynmt.prediction - Predicting 1003 example(s)... (Greedy decoding with min_output_length=1, max_output_length=100, return_prob='none', generate_unk=True, repetition_penalty=-1, no_repeat_ngram_size=-1)
2026-05-23 21:27:34,238 - INFO - joeynmt.metrics - nrefs:1|case:mixed|eff:no|tok:13a|smooth:exp|version:2.6.0
2026-05-23 21:27:34,238 - INFO - joeynmt.prediction - Evaluation result (greedy) bleu:   5.92, loss:   1.96, ppl:   7.11, acc:   0.46, generation: 28.7787[sec], evaluation: 0.1362[sec]
2026-05-23 21:27:34,239 - INFO - joeynmt.training - Example #0
2026-05-23 21:27:34,240 - DEBUG - joeynmt.training - 	Tokenized source:     ['Last', 'year', 'I', 'showed', 'these', 'two', 'slides', 'so', 'that', 'demonstrate', 'that', 'the', 'arctic', 'ice', 'cap,', 'which', 'for', 'most', 'of', 'the', 'last', 'three', 'million', 'years', 'has', 'been', 'the', 'size', 'of', 'the', 'lower', '48', 'states,', 'has', 'shrunk', 'by', '40', 'percent.']
2026-05-23 21:27:34,240 - DEBUG - joeynmt.training - 	Tokenized reference:  ['Vorig', 'jaar', 'liet', 'ik', 'deze', 'twee', "dia's", 'zien', 'om', 'aan', '', 'te', 'tonen', 'dat', 'de', 'poolijskap,', '', 'die', 'de', 'afgelopen', 'drie', 'miljoen', 'jaar', '', 'ongeveer', 'de', 'grootte', 'had', 'van', 'het', 'vasteland', 'van', 'de', 'VS,', '', 'met', '40%', 'gekrompen', 'was.']
2026-05-23 21:27:34,240 - DEBUG - joeynmt.training - 	Tokenized hypothesis: ['<unk>', 'jaar', '<unk>', 'ik', 'deze', 'twee', '<unk>', 'zodat', 'de', '<unk>', '<unk>', 'die', 'de', 'meeste', '<unk>', '<unk>', 'die', 'voor', 'de', 'meeste', '<unk>', 'drie', 'miljoen', 'jaar', 'de', 'grootte', 'van', 'de', '<unk>', '<unk>', 'is', 'met', '<unk>', '<unk>', '</s>']
2026-05-23 21:27:34,240 - INFO - joeynmt.training - 	Source:     Last year I showed these two slides so that demonstrate that the arctic ice cap, which for most of the last three million years has been the size of the lower 48 states, has shrunk by 40 percent.
2026-05-23 21:27:34,240 - INFO - joeynmt.training - 	Reference:  Vorig jaar liet ik deze twee dia's zien om aan  te tonen dat de poolijskap,  die de afgelopen drie miljoen jaar  ongeveer de grootte had van het vasteland van de VS,  met 40% gekrompen was.
2026-05-23 21:27:34,240 - INFO - joeynmt.training - 	Hypothesis: <unk> jaar <unk> ik deze twee <unk> zodat de <unk> <unk> die de meeste <unk> <unk> die voor de meeste <unk> drie miljoen jaar de grootte van de <unk> <unk> is met <unk> <unk>
2026-05-23 21:27:34,241 - INFO - joeynmt.training - Example #1
2026-05-23 21:27:34,241 - DEBUG - joeynmt.training - 	Tokenized source:     ['But', 'this', 'understates', 'the', 'seriousness', 'of', 'this', 'particular', 'problem', 'because', 'it', "doesn't", 'show', 'the', 'thickness', 'of', 'the', 'ice.']
2026-05-23 21:27:34,241 - DEBUG - joeynmt.training - 	Tokenized reference:  ['Maar', 'dit', 'onderschat', 'eigenlijk', 'de', 'ernst', 'van', 'dit', 'specifieke', 'probleem', '', 'omdat', 'het', 'niet', 'de', 'dikte', 'van', 'het', 'ijs', 'laat', 'zien.']
2026-05-23 21:27:34,241 - DEBUG - joeynmt.training - 	Tokenized hypothesis: ['Maar', 'deze', '<unk>', 'de', '<unk>', 'van', 'dit', 'specifieke', 'probleem', 'omdat', 'het', 'niet', '<unk>', 'van', 'de', '<unk>', 'is.', '</s>']
2026-05-23 21:27:34,242 - INFO - joeynmt.training - 	Source:     But this understates the seriousness of this particular problem because it doesn't show the thickness of the ice.
2026-05-23 21:27:34,242 - INFO - joeynmt.training - 	Reference:  Maar dit onderschat eigenlijk de ernst van dit specifieke probleem  omdat het niet de dikte van het ijs laat zien.
2026-05-23 21:27:34,242 - INFO - joeynmt.training - 	Hypothesis: Maar deze <unk> de <unk> van dit specifieke probleem omdat het niet <unk> van de <unk> is.
2026-05-23 21:27:34,242 - INFO - joeynmt.training - Example #2
2026-05-23 21:27:34,242 - DEBUG - joeynmt.training - 	Tokenized source:     ['The', 'arctic', 'ice', 'cap', 'is,', 'in', 'a', 'sense,', 'the', 'beating', 'heart', 'of', 'the', 'global', 'climate', 'system.']
2026-05-23 21:27:34,242 - DEBUG - joeynmt.training - 	Tokenized reference:  ['De', 'ijskap', 'op', 'de', 'Noordpool', 'is', 'in', 'zekere', 'zin', '', 'het', 'kloppend', 'hart', 'van', 'ons', 'globaal', 'klimaatsysteem.']
2026-05-23 21:27:34,242 - DEBUG - joeynmt.training - 	Tokenized hypothesis: ['Het', '<unk>', '<unk>', 'is', 'in', 'zekere', 'zin', 'dat', 'het', '<unk>', 'van', 'het', '<unk>', '<unk>', '</s>']
2026-05-23 21:27:34,242 - INFO - joeynmt.training - 	Source:     The arctic ice cap is, in a sense, the beating heart of the global climate system.
2026-05-23 21:27:34,242 - INFO - joeynmt.training - 	Reference:  De ijskap op de Noordpool is in zekere zin  het kloppend hart van ons globaal klimaatsysteem.
2026-05-23 21:27:34,243 - INFO - joeynmt.training - 	Hypothesis: Het <unk> <unk> is in zekere zin dat het <unk> van het <unk> <unk>
2026-05-23 21:27:34,243 - INFO - joeynmt.training - Example #3
2026-05-23 21:27:34,243 - DEBUG - joeynmt.training - 	Tokenized source:     ['It', 'expands', 'in', 'winter', 'and', 'contracts', 'in', 'summer.']
2026-05-23 21:27:34,243 - DEBUG - joeynmt.training - 	Tokenized reference:  ['Het', 'zet', 'uit', 'in', 'de', 'winter', 'en', 'krimpt', 'in', 'de', 'zomer.']
2026-05-23 21:27:34,243 - DEBUG - joeynmt.training - 	Tokenized hypothesis: ['Het', '<unk>', 'in', '<unk>', 'en', '<unk>', 'in', '<unk>', '</s>']
2026-05-23 21:27:34,243 - INFO - joeynmt.training - 	Source:     It expands in winter and contracts in summer.
2026-05-23 21:27:34,243 - INFO - joeynmt.training - 	Reference:  Het zet uit in de winter en krimpt in de zomer.
2026-05-23 21:27:34,243 - INFO - joeynmt.training - 	Hypothesis: Het <unk> in <unk> en <unk> in <unk>
2026-05-23 21:27:34,243 - INFO - joeynmt.training - Example #4
2026-05-23 21:27:34,244 - DEBUG - joeynmt.training - 	Tokenized source:     ['The', 'next', 'slide', 'I', 'show', 'you', 'will', 'be', 'a', 'rapid', 'fast-forward', 'of', "what's", 'happened', 'over', 'the', 'last', '25', 'years.']
2026-05-23 21:27:34,244 - DEBUG - joeynmt.training - 	Tokenized reference:  ['De', 'volgende', 'dia', 'die', 'ik', 'laat', 'zien', '', 'is', 'een', 'versnelde', 'versie', 'van', 'wat', 'er', 'de', 'afgelopen', '25', 'jaar', 'is', 'gebeurd.']
2026-05-23 21:27:34,244 - DEBUG - joeynmt.training - 	Tokenized hypothesis: ['De', 'volgende', '<unk>', 'die', 'ik', 'laat', 'zien', 'dat', 'je', 'een', '<unk>', '<unk>', 'van', 'wat', 'er', 'is', 'gebeurd', 'is', 'in', 'de', 'afgelopen', '25', 'jaar', '<unk>', '</s>']
2026-05-23 21:27:34,244 - INFO - joeynmt.training - 	Source:     The next slide I show you will be a rapid fast-forward of what's happened over the last 25 years.
2026-05-23 21:27:34,244 - INFO - joeynmt.training - 	Reference:  De volgende dia die ik laat zien  is een versnelde versie van wat er de afgelopen 25 jaar is gebeurd.
2026-05-23 21:27:34,244 - INFO - joeynmt.training - 	Hypothesis: De volgende <unk> die ik laat zien dat je een <unk> <unk> van wat er is gebeurd is in de afgelopen 25 jaar <unk>
2026-05-23 21:27:53,779 - INFO - joeynmt.training - Epoch   9: total training loss 2750.15
2026-05-23 21:27:53,780 - INFO - joeynmt.training - EPOCH 10
2026-05-23 21:28:05,145 - INFO - joeynmt.training - Epoch  10, Step:    22100, Batch Loss:     0.992679, Batch Acc: 0.664860, Tokens per Sec:     2224, Lr: 0.000210
2026-05-23 21:28:36,774 - INFO - joeynmt.training - Epoch  10, Step:    22200, Batch Loss:     0.976938, Batch Acc: 0.667472, Tokens per Sec:     2028, Lr: 0.000210
2026-05-23 21:29:07,747 - INFO - joeynmt.training - Epoch  10, Step:    22300, Batch Loss:     1.047858, Batch Acc: 0.664169, Tokens per Sec:     2116, Lr: 0.000210
2026-05-23 21:29:38,884 - INFO - joeynmt.training - Epoch  10, Step:    22400, Batch Loss:     0.965372, Batch Acc: 0.662402, Tokens per Sec:     2091, Lr: 0.000210
2026-05-23 21:30:10,396 - INFO - joeynmt.training - Epoch  10, Step:    22500, Batch Loss:     1.090624, Batch Acc: 0.661748, Tokens per Sec:     2058, Lr: 0.000210
2026-05-23 21:30:10,396 - INFO - joeynmt.prediction - Predicting 1003 example(s)... (Greedy decoding with min_output_length=1, max_output_length=100, return_prob='none', generate_unk=True, repetition_penalty=-1, no_repeat_ngram_size=-1)
2026-05-23 21:30:39,584 - INFO - joeynmt.metrics - nrefs:1|case:mixed|eff:no|tok:13a|smooth:exp|version:2.6.0
2026-05-23 21:30:39,584 - INFO - joeynmt.prediction - Evaluation result (greedy) bleu:   5.58, loss:   2.00, ppl:   7.38, acc:   0.45, generation: 29.0529[sec], evaluation: 0.1269[sec]
2026-05-23 21:30:39,586 - INFO - joeynmt.training - Example #0
2026-05-23 21:30:39,586 - DEBUG - joeynmt.training - 	Tokenized source:     ['Last', 'year', 'I', 'showed', 'these', 'two', 'slides', 'so', 'that', 'demonstrate', 'that', 'the', 'arctic', 'ice', 'cap,', 'which', 'for', 'most', 'of', 'the', 'last', 'three', 'million', 'years', 'has', 'been', 'the', 'size', 'of', 'the', 'lower', '48', 'states,', 'has', 'shrunk', 'by', '40', 'percent.']
2026-05-23 21:30:39,586 - DEBUG - joeynmt.training - 	Tokenized reference:  ['Vorig', 'jaar', 'liet', 'ik', 'deze', 'twee', "dia's", 'zien', 'om', 'aan', '', 'te', 'tonen', 'dat', 'de', 'poolijskap,', '', 'die', 'de', 'afgelopen', 'drie', 'miljoen', 'jaar', '', 'ongeveer', 'de', 'grootte', 'had', 'van', 'het', 'vasteland', 'van', 'de', 'VS,', '', 'met', '40%', 'gekrompen', 'was.']
2026-05-23 21:30:39,587 - DEBUG - joeynmt.training - 	Tokenized hypothesis: ['<unk>', 'jaar', 'heb', 'ik', 'deze', 'twee', '<unk>', '<unk>', 'zodat', 'de', '<unk>', '<unk>', 'die', 'de', 'meeste', '<unk>', '<unk>', 'die', 'de', 'meeste', '<unk>', '<unk>', '<unk>', 'met', '<unk>', '</s>']
2026-05-23 21:30:39,587 - INFO - joeynmt.training - 	Source:     Last year I showed these two slides so that demonstrate that the arctic ice cap, which for most of the last three million years has been the size of the lower 48 states, has shrunk by 40 percent.
2026-05-23 21:30:39,587 - INFO - joeynmt.training - 	Reference:  Vorig jaar liet ik deze twee dia's zien om aan  te tonen dat de poolijskap,  die de afgelopen drie miljoen jaar  ongeveer de grootte had van het vasteland van de VS,  met 40% gekrompen was.
2026-05-23 21:30:39,587 - INFO - joeynmt.training - 	Hypothesis: <unk> jaar heb ik deze twee <unk> <unk> zodat de <unk> <unk> die de meeste <unk> <unk> die de meeste <unk> <unk> <unk> met <unk>
2026-05-23 21:30:39,587 - INFO - joeynmt.training - Example #1
2026-05-23 21:30:39,588 - DEBUG - joeynmt.training - 	Tokenized source:     ['But', 'this', 'understates', 'the', 'seriousness', 'of', 'this', 'particular', 'problem', 'because', 'it', "doesn't", 'show', 'the', 'thickness', 'of', 'the', 'ice.']
2026-05-23 21:30:39,588 - DEBUG - joeynmt.training - 	Tokenized reference:  ['Maar', 'dit', 'onderschat', 'eigenlijk', 'de', 'ernst', 'van', 'dit', 'specifieke', 'probleem', '', 'omdat', 'het', 'niet', 'de', 'dikte', 'van', 'het', 'ijs', 'laat', 'zien.']
2026-05-23 21:30:39,588 - DEBUG - joeynmt.training - 	Tokenized hypothesis: ['Maar', 'deze', '<unk>', 'de', '<unk>', 'van', 'dit', 'specifieke', 'probleem', 'omdat', 'het', 'niet', '<unk>', '<unk>', '<unk>', '</s>']
2026-05-23 21:30:39,588 - INFO - joeynmt.training - 	Source:     But this understates the seriousness of this particular problem because it doesn't show the thickness of the ice.
2026-05-23 21:30:39,588 - INFO - joeynmt.training - 	Reference:  Maar dit onderschat eigenlijk de ernst van dit specifieke probleem  omdat het niet de dikte van het ijs laat zien.
2026-05-23 21:30:39,588 - INFO - joeynmt.training - 	Hypothesis: Maar deze <unk> de <unk> van dit specifieke probleem omdat het niet <unk> <unk> <unk>
2026-05-23 21:30:39,588 - INFO - joeynmt.training - Example #2
2026-05-23 21:30:39,589 - DEBUG - joeynmt.training - 	Tokenized source:     ['The', 'arctic', 'ice', 'cap', 'is,', 'in', 'a', 'sense,', 'the', 'beating', 'heart', 'of', 'the', 'global', 'climate', 'system.']
2026-05-23 21:30:39,589 - DEBUG - joeynmt.training - 	Tokenized reference:  ['De', 'ijskap', 'op', 'de', 'Noordpool', 'is', 'in', 'zekere', 'zin', '', 'het', 'kloppend', 'hart', 'van', 'ons', 'globaal', 'klimaatsysteem.']
2026-05-23 21:30:39,589 - DEBUG - joeynmt.training - 	Tokenized hypothesis: ['Het', '<unk>', 'is', 'in', 'zekere', 'zin', 'dat', 'het', '<unk>', 'hart', 'van', 'het', '<unk>', '</s>']
2026-05-23 21:30:39,589 - INFO - joeynmt.training - 	Source:     The arctic ice cap is, in a sense, the beating heart of the global climate system.
2026-05-23 21:30:39,589 - INFO - joeynmt.training - 	Reference:  De ijskap op de Noordpool is in zekere zin  het kloppend hart van ons globaal klimaatsysteem.
2026-05-23 21:30:39,589 - INFO - joeynmt.training - 	Hypothesis: Het <unk> is in zekere zin dat het <unk> hart van het <unk>
2026-05-23 21:30:39,589 - INFO - joeynmt.training - Example #3
2026-05-23 21:30:39,589 - DEBUG - joeynmt.training - 	Tokenized source:     ['It', 'expands', 'in', 'winter', 'and', 'contracts', 'in', 'summer.']
2026-05-23 21:30:39,589 - DEBUG - joeynmt.training - 	Tokenized reference:  ['Het', 'zet', 'uit', 'in', 'de', 'winter', 'en', 'krimpt', 'in', 'de', 'zomer.']
2026-05-23 21:30:39,589 - DEBUG - joeynmt.training - 	Tokenized hypothesis: ['Het', '<unk>', 'in', '<unk>', 'en', '<unk>', 'in', '<unk>', '</s>']
2026-05-23 21:30:39,590 - INFO - joeynmt.training - 	Source:     It expands in winter and contracts in summer.
2026-05-23 21:30:39,590 - INFO - joeynmt.training - 	Reference:  Het zet uit in de winter en krimpt in de zomer.
2026-05-23 21:30:39,590 - INFO - joeynmt.training - 	Hypothesis: Het <unk> in <unk> en <unk> in <unk>
2026-05-23 21:30:39,590 - INFO - joeynmt.training - Example #4
2026-05-23 21:30:39,590 - DEBUG - joeynmt.training - 	Tokenized source:     ['The', 'next', 'slide', 'I', 'show', 'you', 'will', 'be', 'a', 'rapid', 'fast-forward', 'of', "what's", 'happened', 'over', 'the', 'last', '25', 'years.']
2026-05-23 21:30:39,590 - DEBUG - joeynmt.training - 	Tokenized reference:  ['De', 'volgende', 'dia', 'die', 'ik', 'laat', 'zien', '', 'is', 'een', 'versnelde', 'versie', 'van', 'wat', 'er', 'de', 'afgelopen', '25', 'jaar', 'is', 'gebeurd.']
2026-05-23 21:30:39,590 - DEBUG - joeynmt.training - 	Tokenized hypothesis: ['De', 'volgende', '<unk>', 'die', 'ik', 'laat', 'zien', 'zal', 'een', '<unk>', '<unk>', 'zijn', 'van', 'wat', 'er', 'is', 'gebeurd', 'gedurende', 'de', 'afgelopen', '25', 'jaar', 'is', '<unk>', '</s>']
2026-05-23 21:30:39,590 - INFO - joeynmt.training - 	Source:     The next slide I show you will be a rapid fast-forward of what's happened over the last 25 years.
2026-05-23 21:30:39,590 - INFO - joeynmt.training - 	Reference:  De volgende dia die ik laat zien  is een versnelde versie van wat er de afgelopen 25 jaar is gebeurd.
2026-05-23 21:30:39,590 - INFO - joeynmt.training - 	Hypothesis: De volgende <unk> die ik laat zien zal een <unk> <unk> zijn van wat er is gebeurd gedurende de afgelopen 25 jaar is <unk>
2026-05-23 21:31:10,671 - INFO - joeynmt.training - Epoch  10, Step:    22600, Batch Loss:     1.125623, Batch Acc: 0.656671, Tokens per Sec:     2066, Lr: 0.000210
2026-05-23 21:31:41,685 - INFO - joeynmt.training - Epoch  10, Step:    22700, Batch Loss:     1.122987, Batch Acc: 0.655878, Tokens per Sec:     2047, Lr: 0.000210
2026-05-23 21:32:12,636 - INFO - joeynmt.training - Epoch  10, Step:    22800, Batch Loss:     1.113853, Batch Acc: 0.655961, Tokens per Sec:     2082, Lr: 0.000210
2026-05-23 21:32:43,745 - INFO - joeynmt.training - Epoch  10, Step:    22900, Batch Loss:     1.161391, Batch Acc: 0.652711, Tokens per Sec:     2051, Lr: 0.000210
2026-05-23 21:33:14,998 - INFO - joeynmt.training - Epoch  10, Step:    23000, Batch Loss:     1.082046, Batch Acc: 0.651005, Tokens per Sec:     2084, Lr: 0.000210
2026-05-23 21:33:14,998 - INFO - joeynmt.prediction - Predicting 1003 example(s)... (Greedy decoding with min_output_length=1, max_output_length=100, return_prob='none', generate_unk=True, repetition_penalty=-1, no_repeat_ngram_size=-1)
2026-05-23 21:33:49,741 - INFO - joeynmt.metrics - nrefs:1|case:mixed|eff:no|tok:13a|smooth:exp|version:2.6.0
2026-05-23 21:33:49,741 - INFO - joeynmt.prediction - Evaluation result (greedy) bleu:   5.50, loss:   1.98, ppl:   7.22, acc:   0.45, generation: 34.6008[sec], evaluation: 0.1347[sec]
2026-05-23 21:33:49,743 - INFO - joeynmt.training - Example #0
2026-05-23 21:33:49,743 - DEBUG - joeynmt.training - 	Tokenized source:     ['Last', 'year', 'I', 'showed', 'these', 'two', 'slides', 'so', 'that', 'demonstrate', 'that', 'the', 'arctic', 'ice', 'cap,', 'which', 'for', 'most', 'of', 'the', 'last', 'three', 'million', 'years', 'has', 'been', 'the', 'size', 'of', 'the', 'lower', '48', 'states,', 'has', 'shrunk', 'by', '40', 'percent.']
2026-05-23 21:33:49,743 - DEBUG - joeynmt.training - 	Tokenized reference:  ['Vorig', 'jaar', 'liet', 'ik', 'deze', 'twee', "dia's", 'zien', 'om', 'aan', '', 'te', 'tonen', 'dat', 'de', 'poolijskap,', '', 'die', 'de', 'afgelopen', 'drie', 'miljoen', 'jaar', '', 'ongeveer', 'de', 'grootte', 'had', 'van', 'het', 'vasteland', 'van', 'de', 'VS,', '', 'met', '40%', 'gekrompen', 'was.']
2026-05-23 21:33:49,743 - DEBUG - joeynmt.training - 	Tokenized hypothesis: ['<unk>', 'jaar', '<unk>', 'ik', 'deze', 'twee', '<unk>', 'zodat', 'het', '<unk>', 'ijs', '<unk>', 'die', 'het', '<unk>', '<unk>', 'die', 'het', 'grootste', 'drie', 'miljoen', 'jaar', '<unk>', 'is', 'de', 'grootte', 'van', 'de', '<unk>', '<unk>', 'heeft', '<unk>', '<unk>', 'met', '<unk>', '</s>']
2026-05-23 21:33:49,743 - INFO - joeynmt.training - 	Source:     Last year I showed these two slides so that demonstrate that the arctic ice cap, which for most of the last three million years has been the size of the lower 48 states, has shrunk by 40 percent.
2026-05-23 21:33:49,744 - INFO - joeynmt.training - 	Reference:  Vorig jaar liet ik deze twee dia's zien om aan  te tonen dat de poolijskap,  die de afgelopen drie miljoen jaar  ongeveer de grootte had van het vasteland van de VS,  met 40% gekrompen was.
2026-05-23 21:33:49,744 - INFO - joeynmt.training - 	Hypothesis: <unk> jaar <unk> ik deze twee <unk> zodat het <unk> ijs <unk> die het <unk> <unk> die het grootste drie miljoen jaar <unk> is de grootte van de <unk> <unk> heeft <unk> <unk> met <unk>
2026-05-23 21:33:49,744 - INFO - joeynmt.training - Example #1
2026-05-23 21:33:49,744 - DEBUG - joeynmt.training - 	Tokenized source:     ['But', 'this', 'understates', 'the', 'seriousness', 'of', 'this', 'particular', 'problem', 'because', 'it', "doesn't", 'show', 'the', 'thickness', 'of', 'the', 'ice.']
2026-05-23 21:33:49,744 - DEBUG - joeynmt.training - 	Tokenized reference:  ['Maar', 'dit', 'onderschat', 'eigenlijk', 'de', 'ernst', 'van', 'dit', 'specifieke', 'probleem', '', 'omdat', 'het', 'niet', 'de', 'dikte', 'van', 'het', 'ijs', 'laat', 'zien.']
2026-05-23 21:33:49,744 - DEBUG - joeynmt.training - 	Tokenized hypothesis: ['Maar', 'deze', '<unk>', 'de', '<unk>', 'van', 'dit', '<unk>', 'omdat', 'het', 'niet', '<unk>', 'laat', '<unk>', 'van', 'de', '<unk>', '<unk>', '</s>']
2026-05-23 21:33:49,744 - INFO - joeynmt.training - 	Source:     But this understates the seriousness of this particular problem because it doesn't show the thickness of the ice.
2026-05-23 21:33:49,745 - INFO - joeynmt.training - 	Reference:  Maar dit onderschat eigenlijk de ernst van dit specifieke probleem  omdat het niet de dikte van het ijs laat zien.
2026-05-23 21:33:49,745 - INFO - joeynmt.training - 	Hypothesis: Maar deze <unk> de <unk> van dit <unk> omdat het niet <unk> laat <unk> van de <unk> <unk>
2026-05-23 21:33:49,745 - INFO - joeynmt.training - Example #2
2026-05-23 21:33:49,745 - DEBUG - joeynmt.training - 	Tokenized source:     ['The', 'arctic', 'ice', 'cap', 'is,', 'in', 'a', 'sense,', 'the', 'beating', 'heart', 'of', 'the', 'global', 'climate', 'system.']
2026-05-23 21:33:49,745 - DEBUG - joeynmt.training - 	Tokenized reference:  ['De', 'ijskap', 'op', 'de', 'Noordpool', 'is', 'in', 'zekere', 'zin', '', 'het', 'kloppend', 'hart', 'van', 'ons', 'globaal', 'klimaatsysteem.']
2026-05-23 21:33:49,745 - DEBUG - joeynmt.training - 	Tokenized hypothesis: ['De', '<unk>', 'is', 'in', 'zekere', 'zin', 'dat', 'het', '<unk>', 'hart', 'van', 'het', '<unk>', '<unk>', '</s>']
2026-05-23 21:33:49,745 - INFO - joeynmt.training - 	Source:     The arctic ice cap is, in a sense, the beating heart of the global climate system.
2026-05-23 21:33:49,746 - INFO - joeynmt.training - 	Reference:  De ijskap op de Noordpool is in zekere zin  het kloppend hart van ons globaal klimaatsysteem.
2026-05-23 21:33:49,746 - INFO - joeynmt.training - 	Hypothesis: De <unk> is in zekere zin dat het <unk> hart van het <unk> <unk>
2026-05-23 21:33:49,746 - INFO - joeynmt.training - Example #3
2026-05-23 21:33:49,746 - DEBUG - joeynmt.training - 	Tokenized source:     ['It', 'expands', 'in', 'winter', 'and', 'contracts', 'in', 'summer.']
2026-05-23 21:33:49,746 - DEBUG - joeynmt.training - 	Tokenized reference:  ['Het', 'zet', 'uit', 'in', 'de', 'winter', 'en', 'krimpt', 'in', 'de', 'zomer.']
2026-05-23 21:33:49,746 - DEBUG - joeynmt.training - 	Tokenized hypothesis: ['Het', '<unk>', 'in', '<unk>', 'en', '<unk>', 'in', '<unk>', '</s>']
2026-05-23 21:33:49,746 - INFO - joeynmt.training - 	Source:     It expands in winter and contracts in summer.
2026-05-23 21:33:49,746 - INFO - joeynmt.training - 	Reference:  Het zet uit in de winter en krimpt in de zomer.
2026-05-23 21:33:49,746 - INFO - joeynmt.training - 	Hypothesis: Het <unk> in <unk> en <unk> in <unk>
2026-05-23 21:33:49,746 - INFO - joeynmt.training - Example #4
2026-05-23 21:33:49,747 - DEBUG - joeynmt.training - 	Tokenized source:     ['The', 'next', 'slide', 'I', 'show', 'you', 'will', 'be', 'a', 'rapid', 'fast-forward', 'of', "what's", 'happened', 'over', 'the', 'last', '25', 'years.']
2026-05-23 21:33:49,747 - DEBUG - joeynmt.training - 	Tokenized reference:  ['De', 'volgende', 'dia', 'die', 'ik', 'laat', 'zien', '', 'is', 'een', 'versnelde', 'versie', 'van', 'wat', 'er', 'de', 'afgelopen', '25', 'jaar', 'is', 'gebeurd.']
2026-05-23 21:33:49,747 - DEBUG - joeynmt.training - 	Tokenized hypothesis: ['De', 'volgende', '<unk>', 'die', 'ik', 'laat', 'een', '<unk>', '<unk>', 'van', 'wat', 'er', 'is', 'gebeurd', 'is', 'in', 'de', 'afgelopen', '25', 'jaar', '<unk>', '</s>']
2026-05-23 21:33:49,747 - INFO - joeynmt.training - 	Source:     The next slide I show you will be a rapid fast-forward of what's happened over the last 25 years.
2026-05-23 21:33:49,747 - INFO - joeynmt.training - 	Reference:  De volgende dia die ik laat zien  is een versnelde versie van wat er de afgelopen 25 jaar is gebeurd.
2026-05-23 21:33:49,747 - INFO - joeynmt.training - 	Hypothesis: De volgende <unk> die ik laat een <unk> <unk> van wat er is gebeurd is in de afgelopen 25 jaar <unk>
2026-05-23 21:34:20,859 - INFO - joeynmt.training - Epoch  10, Step:    23100, Batch Loss:     1.079903, Batch Acc: 0.656824, Tokens per Sec:     2117, Lr: 0.000147
2026-05-23 21:34:52,098 - INFO - joeynmt.training - Epoch  10, Step:    23200, Batch Loss:     1.062113, Batch Acc: 0.656841, Tokens per Sec:     2091, Lr: 0.000147
2026-05-23 21:35:23,096 - INFO - joeynmt.training - Epoch  10, Step:    23300, Batch Loss:     1.175090, Batch Acc: 0.656223, Tokens per Sec:     2104, Lr: 0.000147
2026-05-23 21:35:53,986 - INFO - joeynmt.training - Epoch  10, Step:    23400, Batch Loss:     1.068525, Batch Acc: 0.654345, Tokens per Sec:     2158, Lr: 0.000147
2026-05-23 21:36:25,166 - INFO - joeynmt.training - Epoch  10, Step:    23500, Batch Loss:     1.087034, Batch Acc: 0.655631, Tokens per Sec:     2116, Lr: 0.000147
2026-05-23 21:36:25,167 - INFO - joeynmt.prediction - Predicting 1003 example(s)... (Greedy decoding with min_output_length=1, max_output_length=100, return_prob='none', generate_unk=True, repetition_penalty=-1, no_repeat_ngram_size=-1)
2026-05-23 21:36:57,844 - INFO - joeynmt.metrics - nrefs:1|case:mixed|eff:no|tok:13a|smooth:exp|version:2.6.0
2026-05-23 21:36:57,844 - INFO - joeynmt.prediction - Evaluation result (greedy) bleu:   5.57, loss:   1.97, ppl:   7.19, acc:   0.45, generation: 32.4533[sec], evaluation: 0.2153[sec]
2026-05-23 21:36:57,845 - INFO - joeynmt.training - Example #0
2026-05-23 21:36:57,846 - DEBUG - joeynmt.training - 	Tokenized source:     ['Last', 'year', 'I', 'showed', 'these', 'two', 'slides', 'so', 'that', 'demonstrate', 'that', 'the', 'arctic', 'ice', 'cap,', 'which', 'for', 'most', 'of', 'the', 'last', 'three', 'million', 'years', 'has', 'been', 'the', 'size', 'of', 'the', 'lower', '48', 'states,', 'has', 'shrunk', 'by', '40', 'percent.']
2026-05-23 21:36:57,846 - DEBUG - joeynmt.training - 	Tokenized reference:  ['Vorig', 'jaar', 'liet', 'ik', 'deze', 'twee', "dia's", 'zien', 'om', 'aan', '', 'te', 'tonen', 'dat', 'de', 'poolijskap,', '', 'die', 'de', 'afgelopen', 'drie', 'miljoen', 'jaar', '', 'ongeveer', 'de', 'grootte', 'had', 'van', 'het', 'vasteland', 'van', 'de', 'VS,', '', 'met', '40%', 'gekrompen', 'was.']
2026-05-23 21:36:57,846 - DEBUG - joeynmt.training - 	Tokenized hypothesis: ['<unk>', 'jaar', 'lang', 'heb', 'ik', 'deze', 'twee', '<unk>', 'zodat', 'de', '<unk>', '<unk>', 'die', 'de', 'meeste', '<unk>', '<unk>', 'die', 'de', 'meeste', '<unk>', '<unk>', '<unk>', '<unk>', 'heeft', 'met', '40', 'procent.', '</s>']
2026-05-23 21:36:57,846 - INFO - joeynmt.training - 	Source:     Last year I showed these two slides so that demonstrate that the arctic ice cap, which for most of the last three million years has been the size of the lower 48 states, has shrunk by 40 percent.
2026-05-23 21:36:57,847 - INFO - joeynmt.training - 	Reference:  Vorig jaar liet ik deze twee dia's zien om aan  te tonen dat de poolijskap,  die de afgelopen drie miljoen jaar  ongeveer de grootte had van het vasteland van de VS,  met 40% gekrompen was.
2026-05-23 21:36:57,847 - INFO - joeynmt.training - 	Hypothesis: <unk> jaar lang heb ik deze twee <unk> zodat de <unk> <unk> die de meeste <unk> <unk> die de meeste <unk> <unk> <unk> <unk> heeft met 40 procent.
2026-05-23 21:36:57,847 - INFO - joeynmt.training - Example #1
2026-05-23 21:36:57,847 - DEBUG - joeynmt.training - 	Tokenized source:     ['But', 'this', 'understates', 'the', 'seriousness', 'of', 'this', 'particular', 'problem', 'because', 'it', "doesn't", 'show', 'the', 'thickness', 'of', 'the', 'ice.']
2026-05-23 21:36:57,847 - DEBUG - joeynmt.training - 	Tokenized reference:  ['Maar', 'dit', 'onderschat', 'eigenlijk', 'de', 'ernst', 'van', 'dit', 'specifieke', 'probleem', '', 'omdat', 'het', 'niet', 'de', 'dikte', 'van', 'het', 'ijs', 'laat', 'zien.']
2026-05-23 21:36:57,847 - DEBUG - joeynmt.training - 	Tokenized hypothesis: ['Maar', 'deze', '<unk>', 'de', '<unk>', 'van', 'dit', 'specifieke', 'probleem', 'omdat', 'het', 'niet', '<unk>', '<unk>', 'van', 'de', '<unk>', '<unk>', '</s>']
2026-05-23 21:36:57,847 - INFO - joeynmt.training - 	Source:     But this understates the seriousness of this particular problem because it doesn't show the thickness of the ice.
2026-05-23 21:36:57,847 - INFO - joeynmt.training - 	Reference:  Maar dit onderschat eigenlijk de ernst van dit specifieke probleem  omdat het niet de dikte van het ijs laat zien.
2026-05-23 21:36:57,847 - INFO - joeynmt.training - 	Hypothesis: Maar deze <unk> de <unk> van dit specifieke probleem omdat het niet <unk> <unk> van de <unk> <unk>
2026-05-23 21:36:57,847 - INFO - joeynmt.training - Example #2
2026-05-23 21:36:57,848 - DEBUG - joeynmt.training - 	Tokenized source:     ['The', 'arctic', 'ice', 'cap', 'is,', 'in', 'a', 'sense,', 'the', 'beating', 'heart', 'of', 'the', 'global', 'climate', 'system.']
2026-05-23 21:36:57,848 - DEBUG - joeynmt.training - 	Tokenized reference:  ['De', 'ijskap', 'op', 'de', 'Noordpool', 'is', 'in', 'zekere', 'zin', '', 'het', 'kloppend', 'hart', 'van', 'ons', 'globaal', 'klimaatsysteem.']
2026-05-23 21:36:57,848 - DEBUG - joeynmt.training - 	Tokenized hypothesis: ['Het', '<unk>', 'is', 'in', 'zekere', 'zin', 'dat', 'het', '<unk>', '<unk>', 'van', 'het', '<unk>', '</s>']
2026-05-23 21:36:57,848 - INFO - joeynmt.training - 	Source:     The arctic ice cap is, in a sense, the beating heart of the global climate system.
2026-05-23 21:36:57,848 - INFO - joeynmt.training - 	Reference:  De ijskap op de Noordpool is in zekere zin  het kloppend hart van ons globaal klimaatsysteem.
2026-05-23 21:36:57,848 - INFO - joeynmt.training - 	Hypothesis: Het <unk> is in zekere zin dat het <unk> <unk> van het <unk>
2026-05-23 21:36:57,848 - INFO - joeynmt.training - Example #3
2026-05-23 21:36:57,848 - DEBUG - joeynmt.training - 	Tokenized source:     ['It', 'expands', 'in', 'winter', 'and', 'contracts', 'in', 'summer.']
2026-05-23 21:36:57,848 - DEBUG - joeynmt.training - 	Tokenized reference:  ['Het', 'zet', 'uit', 'in', 'de', 'winter', 'en', 'krimpt', 'in', 'de', 'zomer.']
2026-05-23 21:36:57,848 - DEBUG - joeynmt.training - 	Tokenized hypothesis: ['Het', '<unk>', 'in', '<unk>', 'en', '<unk>', 'in', '<unk>', '</s>']
2026-05-23 21:36:57,849 - INFO - joeynmt.training - 	Source:     It expands in winter and contracts in summer.
2026-05-23 21:36:57,849 - INFO - joeynmt.training - 	Reference:  Het zet uit in de winter en krimpt in de zomer.
2026-05-23 21:36:57,849 - INFO - joeynmt.training - 	Hypothesis: Het <unk> in <unk> en <unk> in <unk>
2026-05-23 21:36:57,849 - INFO - joeynmt.training - Example #4
2026-05-23 21:36:57,849 - DEBUG - joeynmt.training - 	Tokenized source:     ['The', 'next', 'slide', 'I', 'show', 'you', 'will', 'be', 'a', 'rapid', 'fast-forward', 'of', "what's", 'happened', 'over', 'the', 'last', '25', 'years.']
2026-05-23 21:36:57,849 - DEBUG - joeynmt.training - 	Tokenized reference:  ['De', 'volgende', 'dia', 'die', 'ik', 'laat', 'zien', '', 'is', 'een', 'versnelde', 'versie', 'van', 'wat', 'er', 'de', 'afgelopen', '25', 'jaar', 'is', 'gebeurd.']
2026-05-23 21:36:57,849 - DEBUG - joeynmt.training - 	Tokenized hypothesis: ['De', 'volgende', '<unk>', 'die', 'ik', 'laat', 'zien', 'zal', 'een', '<unk>', '<unk>', 'van', 'wat', 'er', 'is', 'gebeurd', 'in', 'de', 'afgelopen', '25', 'jaar.', '</s>']
2026-05-23 21:36:57,849 - INFO - joeynmt.training - 	Source:     The next slide I show you will be a rapid fast-forward of what's happened over the last 25 years.
2026-05-23 21:36:57,850 - INFO - joeynmt.training - 	Reference:  De volgende dia die ik laat zien  is een versnelde versie van wat er de afgelopen 25 jaar is gebeurd.
2026-05-23 21:36:57,850 - INFO - joeynmt.training - 	Hypothesis: De volgende <unk> die ik laat zien zal een <unk> <unk> van wat er is gebeurd in de afgelopen 25 jaar.
2026-05-23 21:37:28,629 - INFO - joeynmt.training - Epoch  10, Step:    23600, Batch Loss:     1.113896, Batch Acc: 0.653098, Tokens per Sec:     2192, Lr: 0.000147
2026-05-23 21:37:59,325 - INFO - joeynmt.training - Epoch  10, Step:    23700, Batch Loss:     1.114303, Batch Acc: 0.657505, Tokens per Sec:     2091, Lr: 0.000147
2026-05-23 21:38:30,555 - INFO - joeynmt.training - Epoch  10, Step:    23800, Batch Loss:     1.036448, Batch Acc: 0.654257, Tokens per Sec:     2054, Lr: 0.000147
2026-05-23 21:39:01,907 - INFO - joeynmt.training - Epoch  10, Step:    23900, Batch Loss:     1.165808, Batch Acc: 0.655072, Tokens per Sec:     2026, Lr: 0.000147
2026-05-23 21:39:32,633 - INFO - joeynmt.training - Epoch  10, Step:    24000, Batch Loss:     0.935347, Batch Acc: 0.656218, Tokens per Sec:     2162, Lr: 0.000147
2026-05-23 21:39:32,634 - INFO - joeynmt.prediction - Predicting 1003 example(s)... (Greedy decoding with min_output_length=1, max_output_length=100, return_prob='none', generate_unk=True, repetition_penalty=-1, no_repeat_ngram_size=-1)
2026-05-23 21:40:02,654 - INFO - joeynmt.metrics - nrefs:1|case:mixed|eff:no|tok:13a|smooth:exp|version:2.6.0
2026-05-23 21:40:02,655 - INFO - joeynmt.prediction - Evaluation result (greedy) bleu:   5.71, loss:   1.97, ppl:   7.19, acc:   0.45, generation: 29.8799[sec], evaluation: 0.1343[sec]
2026-05-23 21:40:02,656 - INFO - joeynmt.training - Example #0
2026-05-23 21:40:02,656 - DEBUG - joeynmt.training - 	Tokenized source:     ['Last', 'year', 'I', 'showed', 'these', 'two', 'slides', 'so', 'that', 'demonstrate', 'that', 'the', 'arctic', 'ice', 'cap,', 'which', 'for', 'most', 'of', 'the', 'last', 'three', 'million', 'years', 'has', 'been', 'the', 'size', 'of', 'the', 'lower', '48', 'states,', 'has', 'shrunk', 'by', '40', 'percent.']
2026-05-23 21:40:02,656 - DEBUG - joeynmt.training - 	Tokenized reference:  ['Vorig', 'jaar', 'liet', 'ik', 'deze', 'twee', "dia's", 'zien', 'om', 'aan', '', 'te', 'tonen', 'dat', 'de', 'poolijskap,', '', 'die', 'de', 'afgelopen', 'drie', 'miljoen', 'jaar', '', 'ongeveer', 'de', 'grootte', 'had', 'van', 'het', 'vasteland', 'van', 'de', 'VS,', '', 'met', '40%', 'gekrompen', 'was.']
2026-05-23 21:40:02,656 - DEBUG - joeynmt.training - 	Tokenized hypothesis: ['<unk>', 'jaar', 'lang', 'heb', 'ik', 'deze', 'twee', '<unk>', '<unk>', 'zodat', 'de', '<unk>', '<unk>', 'die', 'de', 'meeste', '<unk>', '<unk>', 'die', 'de', 'meeste', '<unk>', '<unk>', '<unk>', 'met', '<unk>', '</s>']
2026-05-23 21:40:02,656 - INFO - joeynmt.training - 	Source:     Last year I showed these two slides so that demonstrate that the arctic ice cap, which for most of the last three million years has been the size of the lower 48 states, has shrunk by 40 percent.
2026-05-23 21:40:02,657 - INFO - joeynmt.training - 	Reference:  Vorig jaar liet ik deze twee dia's zien om aan  te tonen dat de poolijskap,  die de afgelopen drie miljoen jaar  ongeveer de grootte had van het vasteland van de VS,  met 40% gekrompen was.
2026-05-23 21:40:02,657 - INFO - joeynmt.training - 	Hypothesis: <unk> jaar lang heb ik deze twee <unk> <unk> zodat de <unk> <unk> die de meeste <unk> <unk> die de meeste <unk> <unk> <unk> met <unk>
2026-05-23 21:40:02,657 - INFO - joeynmt.training - Example #1
2026-05-23 21:40:02,657 - DEBUG - joeynmt.training - 	Tokenized source:     ['But', 'this', 'understates', 'the', 'seriousness', 'of', 'this', 'particular', 'problem', 'because', 'it', "doesn't", 'show', 'the', 'thickness', 'of', 'the', 'ice.']
2026-05-23 21:40:02,657 - DEBUG - joeynmt.training - 	Tokenized reference:  ['Maar', 'dit', 'onderschat', 'eigenlijk', 'de', 'ernst', 'van', 'dit', 'specifieke', 'probleem', '', 'omdat', 'het', 'niet', 'de', 'dikte', 'van', 'het', 'ijs', 'laat', 'zien.']
2026-05-23 21:40:02,657 - DEBUG - joeynmt.training - 	Tokenized hypothesis: ['Maar', 'deze', '<unk>', 'de', '<unk>', 'van', 'dit', '<unk>', 'omdat', 'het', 'niet', '<unk>', 'laat', '<unk>', '</s>']
2026-05-23 21:40:02,658 - INFO - joeynmt.training - 	Source:     But this understates the seriousness of this particular problem because it doesn't show the thickness of the ice.
2026-05-23 21:40:02,658 - INFO - joeynmt.training - 	Reference:  Maar dit onderschat eigenlijk de ernst van dit specifieke probleem  omdat het niet de dikte van het ijs laat zien.
2026-05-23 21:40:02,658 - INFO - joeynmt.training - 	Hypothesis: Maar deze <unk> de <unk> van dit <unk> omdat het niet <unk> laat <unk>
2026-05-23 21:40:02,658 - INFO - joeynmt.training - Example #2
2026-05-23 21:40:02,658 - DEBUG - joeynmt.training - 	Tokenized source:     ['The', 'arctic', 'ice', 'cap', 'is,', 'in', 'a', 'sense,', 'the', 'beating', 'heart', 'of', 'the', 'global', 'climate', 'system.']
2026-05-23 21:40:02,658 - DEBUG - joeynmt.training - 	Tokenized reference:  ['De', 'ijskap', 'op', 'de', 'Noordpool', 'is', 'in', 'zekere', 'zin', '', 'het', 'kloppend', 'hart', 'van', 'ons', 'globaal', 'klimaatsysteem.']
2026-05-23 21:40:02,659 - DEBUG - joeynmt.training - 	Tokenized hypothesis: ['Het', '<unk>', '<unk>', 'is', 'in', 'zekere', 'zin', 'de', '<unk>', 'van', 'het', '<unk>', '</s>']
2026-05-23 21:40:02,659 - INFO - joeynmt.training - 	Source:     The arctic ice cap is, in a sense, the beating heart of the global climate system.
2026-05-23 21:40:02,659 - INFO - joeynmt.training - 	Reference:  De ijskap op de Noordpool is in zekere zin  het kloppend hart van ons globaal klimaatsysteem.
2026-05-23 21:40:02,659 - INFO - joeynmt.training - 	Hypothesis: Het <unk> <unk> is in zekere zin de <unk> van het <unk>
2026-05-23 21:40:02,659 - INFO - joeynmt.training - Example #3
2026-05-23 21:40:02,659 - DEBUG - joeynmt.training - 	Tokenized source:     ['It', 'expands', 'in', 'winter', 'and', 'contracts', 'in', 'summer.']
2026-05-23 21:40:02,659 - DEBUG - joeynmt.training - 	Tokenized reference:  ['Het', 'zet', 'uit', 'in', 'de', 'winter', 'en', 'krimpt', 'in', 'de', 'zomer.']
2026-05-23 21:40:02,659 - DEBUG - joeynmt.training - 	Tokenized hypothesis: ['Het', '<unk>', 'in', '<unk>', 'en', '<unk>', 'in', '<unk>', '</s>']
2026-05-23 21:40:02,660 - INFO - joeynmt.training - 	Source:     It expands in winter and contracts in summer.
2026-05-23 21:40:02,660 - INFO - joeynmt.training - 	Reference:  Het zet uit in de winter en krimpt in de zomer.
2026-05-23 21:40:02,660 - INFO - joeynmt.training - 	Hypothesis: Het <unk> in <unk> en <unk> in <unk>
2026-05-23 21:40:02,660 - INFO - joeynmt.training - Example #4
2026-05-23 21:40:02,660 - DEBUG - joeynmt.training - 	Tokenized source:     ['The', 'next', 'slide', 'I', 'show', 'you', 'will', 'be', 'a', 'rapid', 'fast-forward', 'of', "what's", 'happened', 'over', 'the', 'last', '25', 'years.']
2026-05-23 21:40:02,660 - DEBUG - joeynmt.training - 	Tokenized reference:  ['De', 'volgende', 'dia', 'die', 'ik', 'laat', 'zien', '', 'is', 'een', 'versnelde', 'versie', 'van', 'wat', 'er', 'de', 'afgelopen', '25', 'jaar', 'is', 'gebeurd.']
2026-05-23 21:40:02,660 - DEBUG - joeynmt.training - 	Tokenized hypothesis: ['De', 'volgende', '<unk>', 'die', 'ik', 'laat', 'zien', 'zal', 'je', 'een', '<unk>', '<unk>', 'van', 'wat', 'er', 'is', 'gebeurd', 'gedurende', 'de', 'afgelopen', '25', 'jaar.', '</s>']
2026-05-23 21:40:02,660 - INFO - joeynmt.training - 	Source:     The next slide I show you will be a rapid fast-forward of what's happened over the last 25 years.
2026-05-23 21:40:02,660 - INFO - joeynmt.training - 	Reference:  De volgende dia die ik laat zien  is een versnelde versie van wat er de afgelopen 25 jaar is gebeurd.
2026-05-23 21:40:02,660 - INFO - joeynmt.training - 	Hypothesis: De volgende <unk> die ik laat zien zal je een <unk> <unk> van wat er is gebeurd gedurende de afgelopen 25 jaar.
2026-05-23 21:40:33,562 - INFO - joeynmt.training - Epoch  10, Step:    24100, Batch Loss:     1.100695, Batch Acc: 0.653866, Tokens per Sec:     2148, Lr: 0.000147
2026-05-23 21:41:04,291 - INFO - joeynmt.training - Epoch  10, Step:    24200, Batch Loss:     1.209118, Batch Acc: 0.655394, Tokens per Sec:     2145, Lr: 0.000147
2026-05-23 21:41:35,475 - INFO - joeynmt.training - Epoch  10, Step:    24300, Batch Loss:     1.185843, Batch Acc: 0.653738, Tokens per Sec:     2127, Lr: 0.000147
2026-05-23 21:42:06,692 - INFO - joeynmt.training - Epoch  10, Step:    24400, Batch Loss:     1.096509, Batch Acc: 0.648570, Tokens per Sec:     2067, Lr: 0.000147
2026-05-23 21:42:37,741 - INFO - joeynmt.training - Epoch  10, Step:    24500, Batch Loss:     1.040842, Batch Acc: 0.655473, Tokens per Sec:     2082, Lr: 0.000147
2026-05-23 21:42:37,743 - INFO - joeynmt.prediction - Predicting 1003 example(s)... (Greedy decoding with min_output_length=1, max_output_length=100, return_prob='none', generate_unk=True, repetition_penalty=-1, no_repeat_ngram_size=-1)
2026-05-23 21:43:08,327 - INFO - joeynmt.metrics - nrefs:1|case:mixed|eff:no|tok:13a|smooth:exp|version:2.6.0
2026-05-23 21:43:08,328 - INFO - joeynmt.prediction - Evaluation result (greedy) bleu:   5.88, loss:   1.99, ppl:   7.28, acc:   0.45, generation: 30.4547[sec], evaluation: 0.1231[sec]
2026-05-23 21:43:08,329 - INFO - joeynmt.training - Example #0
2026-05-23 21:43:08,329 - DEBUG - joeynmt.training - 	Tokenized source:     ['Last', 'year', 'I', 'showed', 'these', 'two', 'slides', 'so', 'that', 'demonstrate', 'that', 'the', 'arctic', 'ice', 'cap,', 'which', 'for', 'most', 'of', 'the', 'last', 'three', 'million', 'years', 'has', 'been', 'the', 'size', 'of', 'the', 'lower', '48', 'states,', 'has', 'shrunk', 'by', '40', 'percent.']
2026-05-23 21:43:08,329 - DEBUG - joeynmt.training - 	Tokenized reference:  ['Vorig', 'jaar', 'liet', 'ik', 'deze', 'twee', "dia's", 'zien', 'om', 'aan', '', 'te', 'tonen', 'dat', 'de', 'poolijskap,', '', 'die', 'de', 'afgelopen', 'drie', 'miljoen', 'jaar', '', 'ongeveer', 'de', 'grootte', 'had', 'van', 'het', 'vasteland', 'van', 'de', 'VS,', '', 'met', '40%', 'gekrompen', 'was.']
2026-05-23 21:43:08,329 - DEBUG - joeynmt.training - 	Tokenized hypothesis: ['<unk>', 'jaar', 'lang', 'heb', 'ik', 'deze', 'twee', '<unk>', 'zodat', 'de', '<unk>', '<unk>', 'die', 'de', 'meeste', '<unk>', '<unk>', 'die', 'de', 'meeste', '<unk>', '<unk>', '<unk>', '<unk>', 'met', '<unk>', '</s>']
2026-05-23 21:43:08,329 - INFO - joeynmt.training - 	Source:     Last year I showed these two slides so that demonstrate that the arctic ice cap, which for most of the last three million years has been the size of the lower 48 states, has shrunk by 40 percent.
2026-05-23 21:43:08,329 - INFO - joeynmt.training - 	Reference:  Vorig jaar liet ik deze twee dia's zien om aan  te tonen dat de poolijskap,  die de afgelopen drie miljoen jaar  ongeveer de grootte had van het vasteland van de VS,  met 40% gekrompen was.
2026-05-23 21:43:08,329 - INFO - joeynmt.training - 	Hypothesis: <unk> jaar lang heb ik deze twee <unk> zodat de <unk> <unk> die de meeste <unk> <unk> die de meeste <unk> <unk> <unk> <unk> met <unk>
2026-05-23 21:43:08,331 - INFO - joeynmt.training - Example #1
2026-05-23 21:43:08,331 - DEBUG - joeynmt.training - 	Tokenized source:     ['But', 'this', 'understates', 'the', 'seriousness', 'of', 'this', 'particular', 'problem', 'because', 'it', "doesn't", 'show', 'the', 'thickness', 'of', 'the', 'ice.']
2026-05-23 21:43:08,331 - DEBUG - joeynmt.training - 	Tokenized reference:  ['Maar', 'dit', 'onderschat', 'eigenlijk', 'de', 'ernst', 'van', 'dit', 'specifieke', 'probleem', '', 'omdat', 'het', 'niet', 'de', 'dikte', 'van', 'het', 'ijs', 'laat', 'zien.']
2026-05-23 21:43:08,331 - DEBUG - joeynmt.training - 	Tokenized hypothesis: ['Maar', 'dit', '<unk>', 'de', '<unk>', 'van', 'dit', '<unk>', 'omdat', 'het', 'niet', '<unk>', 'laat', '<unk>', '</s>']
2026-05-23 21:43:08,331 - INFO - joeynmt.training - 	Source:     But this understates the seriousness of this particular problem because it doesn't show the thickness of the ice.
2026-05-23 21:43:08,331 - INFO - joeynmt.training - 	Reference:  Maar dit onderschat eigenlijk de ernst van dit specifieke probleem  omdat het niet de dikte van het ijs laat zien.
2026-05-23 21:43:08,331 - INFO - joeynmt.training - 	Hypothesis: Maar dit <unk> de <unk> van dit <unk> omdat het niet <unk> laat <unk>
2026-05-23 21:43:08,331 - INFO - joeynmt.training - Example #2
2026-05-23 21:43:08,331 - DEBUG - joeynmt.training - 	Tokenized source:     ['The', 'arctic', 'ice', 'cap', 'is,', 'in', 'a', 'sense,', 'the', 'beating', 'heart', 'of', 'the', 'global', 'climate', 'system.']
2026-05-23 21:43:08,331 - DEBUG - joeynmt.training - 	Tokenized reference:  ['De', 'ijskap', 'op', 'de', 'Noordpool', 'is', 'in', 'zekere', 'zin', '', 'het', 'kloppend', 'hart', 'van', 'ons', 'globaal', 'klimaatsysteem.']
2026-05-23 21:43:08,332 - DEBUG - joeynmt.training - 	Tokenized hypothesis: ['Het', '<unk>', '<unk>', 'is', 'in', 'zekere', 'zin', 'de', '<unk>', 'van', 'het', '<unk>', '</s>']
2026-05-23 21:43:08,332 - INFO - joeynmt.training - 	Source:     The arctic ice cap is, in a sense, the beating heart of the global climate system.
2026-05-23 21:43:08,332 - INFO - joeynmt.training - 	Reference:  De ijskap op de Noordpool is in zekere zin  het kloppend hart van ons globaal klimaatsysteem.
2026-05-23 21:43:08,332 - INFO - joeynmt.training - 	Hypothesis: Het <unk> <unk> is in zekere zin de <unk> van het <unk>
2026-05-23 21:43:08,332 - INFO - joeynmt.training - Example #3
2026-05-23 21:43:08,332 - DEBUG - joeynmt.training - 	Tokenized source:     ['It', 'expands', 'in', 'winter', 'and', 'contracts', 'in', 'summer.']
2026-05-23 21:43:08,332 - DEBUG - joeynmt.training - 	Tokenized reference:  ['Het', 'zet', 'uit', 'in', 'de', 'winter', 'en', 'krimpt', 'in', 'de', 'zomer.']
2026-05-23 21:43:08,332 - DEBUG - joeynmt.training - 	Tokenized hypothesis: ['Het', '<unk>', 'in', '<unk>', 'en', '<unk>', 'in', '<unk>', '</s>']
2026-05-23 21:43:08,333 - INFO - joeynmt.training - 	Source:     It expands in winter and contracts in summer.
2026-05-23 21:43:08,333 - INFO - joeynmt.training - 	Reference:  Het zet uit in de winter en krimpt in de zomer.
2026-05-23 21:43:08,333 - INFO - joeynmt.training - 	Hypothesis: Het <unk> in <unk> en <unk> in <unk>
2026-05-23 21:43:08,333 - INFO - joeynmt.training - Example #4
2026-05-23 21:43:08,333 - DEBUG - joeynmt.training - 	Tokenized source:     ['The', 'next', 'slide', 'I', 'show', 'you', 'will', 'be', 'a', 'rapid', 'fast-forward', 'of', "what's", 'happened', 'over', 'the', 'last', '25', 'years.']
2026-05-23 21:43:08,333 - DEBUG - joeynmt.training - 	Tokenized reference:  ['De', 'volgende', 'dia', 'die', 'ik', 'laat', 'zien', '', 'is', 'een', 'versnelde', 'versie', 'van', 'wat', 'er', 'de', 'afgelopen', '25', 'jaar', 'is', 'gebeurd.']
2026-05-23 21:43:08,333 - DEBUG - joeynmt.training - 	Tokenized hypothesis: ['De', 'volgende', '<unk>', 'die', 'ik', 'laat', 'zien', 'zal', 'een', '<unk>', '<unk>', 'van', 'wat', 'er', 'is', 'gebeurd', 'is', 'in', 'de', 'afgelopen', '25', 'jaar.', '</s>']
2026-05-23 21:43:08,333 - INFO - joeynmt.training - 	Source:     The next slide I show you will be a rapid fast-forward of what's happened over the last 25 years.
2026-05-23 21:43:08,333 - INFO - joeynmt.training - 	Reference:  De volgende dia die ik laat zien  is een versnelde versie van wat er de afgelopen 25 jaar is gebeurd.
2026-05-23 21:43:08,333 - INFO - joeynmt.training - 	Hypothesis: De volgende <unk> die ik laat zien zal een <unk> <unk> van wat er is gebeurd is in de afgelopen 25 jaar.
2026-05-23 21:43:11,628 - INFO - joeynmt.training - Epoch  10: total training loss 2628.83
2026-05-23 21:43:11,629 - INFO - joeynmt.training - Training ended after  10 epochs.
2026-05-23 21:43:11,629 - INFO - joeynmt.training - Best validation result (greedy) at step    14000:   6.90 ppl.
2026-05-23 21:43:11,645 - INFO - joeynmt.model - Building an encoder-decoder model...
2026-05-23 21:43:11,685 - INFO - joeynmt.model - Enc-dec model built.
2026-05-23 21:43:11,715 - INFO - joeynmt.helpers - Load model from C:\Users\Wen Yang\Desktop\mtex04\mt-exercise-04\output_word\14000.ckpt.
2026-05-23 21:43:11,722 - INFO - joeynmt.prediction - Model(
	encoder=TransformerEncoder(num_layers=4, num_heads=2, alpha=1.0, layer_norm="pre", activation=ReLU()),
	decoder=TransformerDecoder(num_layers=1, num_heads=2, alpha=1.0, layer_norm="post", activation=ReLU()),
	src_embed=Embeddings(embedding_dim=256, vocab_size=2004),
	trg_embed=Embeddings(embedding_dim=256, vocab_size=2004),
	loss_function=None)
2026-05-23 21:43:11,723 - INFO - joeynmt.prediction - Decoding on dev set...
2026-05-23 21:43:11,723 - INFO - joeynmt.prediction - Predicting 1003 example(s)... (Greedy decoding with min_output_length=1, max_output_length=100, return_prob='none', generate_unk=True, repetition_penalty=-1, no_repeat_ngram_size=-1)
2026-05-23 21:43:42,716 - INFO - joeynmt.metrics - nrefs:1|case:mixed|eff:no|tok:13a|smooth:exp|version:2.6.0
2026-05-23 21:43:42,716 - INFO - joeynmt.prediction - Evaluation result (greedy) bleu:   5.34, generation: 30.8614[sec], evaluation: 0.1273[sec]
2026-05-23 21:43:42,718 - INFO - joeynmt.prediction - Translations saved to: C:\Users\Wen Yang\Desktop\mtex04\mt-exercise-04\output_word\00014000.hyps.dev.
2026-05-23 21:43:42,718 - INFO - joeynmt.prediction - Decoding on test set...
2026-05-23 21:43:42,718 - INFO - joeynmt.prediction - Predicting 1777 example(s)... (Greedy decoding with min_output_length=1, max_output_length=100, return_prob='none', generate_unk=True, repetition_penalty=-1, no_repeat_ngram_size=-1)
2026-05-23 21:44:19,927 - INFO - joeynmt.metrics - nrefs:1|case:mixed|eff:no|tok:13a|smooth:exp|version:2.6.0
2026-05-23 21:44:19,927 - INFO - joeynmt.prediction - Evaluation result (greedy) bleu:   8.93, generation: 36.9998[sec], evaluation: 0.1985[sec]
2026-05-23 21:44:19,929 - INFO - joeynmt.prediction - Translations saved to: C:\Users\Wen Yang\Desktop\mtex04\mt-exercise-04\output_word\00014000.hyps.test.
