2026-05-24 05:44:13,066 - INFO - root - Hello! This is Joey-NMT (version 2.2.0).
2026-05-24 05:44:13,067 - INFO - joeynmt.helpers -                           cfg.name : transformer_sample_config
2026-05-24 05:44:13,067 - INFO - joeynmt.helpers -                cfg.joeynmt_version : 2.0.0
2026-05-24 05:44:13,068 - INFO - joeynmt.helpers -                     cfg.data.train : C:/Users/Wen Yang/Desktop/mtex04/mt-exercise-04/data/train.bpe5000
2026-05-24 05:44:13,068 - INFO - joeynmt.helpers -                       cfg.data.dev : C:/Users/Wen Yang/Desktop/mtex04/mt-exercise-04/data/dev.bpe5000
2026-05-24 05:44:13,068 - INFO - joeynmt.helpers -                      cfg.data.test : C:/Users/Wen Yang/Desktop/mtex04/mt-exercise-04/data/test.bpe5000
2026-05-24 05:44:13,068 - INFO - joeynmt.helpers -              cfg.data.dataset_type : plain
2026-05-24 05:44:13,069 - INFO - joeynmt.helpers -                  cfg.data.src.lang : en
2026-05-24 05:44:13,069 - INFO - joeynmt.helpers -                 cfg.data.src.level : word
2026-05-24 05:44:13,069 - INFO - joeynmt.helpers -             cfg.data.src.lowercase : False
2026-05-24 05:44:13,069 - INFO - joeynmt.helpers -       cfg.data.src.max_sent_length : 100
2026-05-24 05:44:13,069 - INFO - joeynmt.helpers -              cfg.data.src.voc_file : C:/Users/Wen Yang/Desktop/mtex04/mt-exercise-04/data/vocab.bpe_5000
2026-05-24 05:44:13,070 - INFO - joeynmt.helpers -                  cfg.data.trg.lang : nl
2026-05-24 05:44:13,070 - INFO - joeynmt.helpers -                 cfg.data.trg.level : word
2026-05-24 05:44:13,070 - INFO - joeynmt.helpers -             cfg.data.trg.lowercase : False
2026-05-24 05:44:13,070 - INFO - joeynmt.helpers -       cfg.data.trg.max_sent_length : 100
2026-05-24 05:44:13,071 - INFO - joeynmt.helpers -              cfg.data.trg.voc_file : C:/Users/Wen Yang/Desktop/mtex04/mt-exercise-04/data/vocab.bpe_5000
2026-05-24 05:44:13,072 - INFO - joeynmt.helpers -              cfg.testing.beam_size : 5
2026-05-24 05:44:13,072 - INFO - joeynmt.helpers -             cfg.testing.beam_alpha : 1.0
2026-05-24 05:44:13,072 - INFO - joeynmt.helpers -      cfg.testing.max_output_length : 100
2026-05-24 05:44:13,072 - INFO - joeynmt.helpers -           cfg.testing.eval_metrics : ['bleu']
2026-05-24 05:44:13,072 - INFO - joeynmt.helpers - cfg.testing.sacrebleu_cfg.tokenize : 13a
2026-05-24 05:44:13,073 - INFO - joeynmt.helpers - cfg.testing.sacrebleu_cfg.lowercase : False
2026-05-24 05:44:13,073 - INFO - joeynmt.helpers -           cfg.training.random_seed : 42
2026-05-24 05:44:13,073 - INFO - joeynmt.helpers -             cfg.training.optimizer : adam
2026-05-24 05:44:13,073 - INFO - joeynmt.helpers -         cfg.training.normalization : tokens
2026-05-24 05:44:13,073 - INFO - joeynmt.helpers -         cfg.training.learning_rate : 0.0003
2026-05-24 05:44:13,073 - INFO - joeynmt.helpers -            cfg.training.batch_size : 2048
2026-05-24 05:44:13,073 - INFO - joeynmt.helpers -            cfg.training.batch_type : token
2026-05-24 05:44:13,074 - INFO - joeynmt.helpers -       cfg.training.eval_batch_size : 1024
2026-05-24 05:44:13,074 - INFO - joeynmt.helpers -       cfg.training.eval_batch_type : token
2026-05-24 05:44:13,074 - INFO - joeynmt.helpers -            cfg.training.scheduling : plateau
2026-05-24 05:44:13,074 - INFO - joeynmt.helpers -              cfg.training.patience : 8
2026-05-24 05:44:13,075 - INFO - joeynmt.helpers -          cfg.training.weight_decay : 0.0
2026-05-24 05:44:13,075 - INFO - joeynmt.helpers -       cfg.training.decrease_factor : 0.7
2026-05-24 05:44:13,075 - INFO - joeynmt.helpers - cfg.training.early_stopping_metric : ppl
2026-05-24 05:44:13,075 - INFO - joeynmt.helpers -                cfg.training.epochs : 10
2026-05-24 05:44:13,075 - INFO - joeynmt.helpers -       cfg.training.validation_freq : 500
2026-05-24 05:44:13,075 - INFO - joeynmt.helpers -          cfg.training.logging_freq : 100
2026-05-24 05:44:13,076 - INFO - joeynmt.helpers -           cfg.training.eval_metric : bleu
2026-05-24 05:44:13,076 - INFO - joeynmt.helpers -             cfg.training.model_dir : output_bpe5000
2026-05-24 05:44:13,076 - INFO - joeynmt.helpers -             cfg.training.overwrite : False
2026-05-24 05:44:13,076 - INFO - joeynmt.helpers -               cfg.training.shuffle : True
2026-05-24 05:44:13,076 - INFO - joeynmt.helpers -              cfg.training.use_cuda : True
2026-05-24 05:44:13,076 - INFO - joeynmt.helpers -     cfg.training.max_output_length : 100
2026-05-24 05:44:13,077 - INFO - joeynmt.helpers -     cfg.training.print_valid_sents : [0, 1, 2, 3, 4]
2026-05-24 05:44:13,077 - INFO - joeynmt.helpers -       cfg.training.label_smoothing : 0.3
2026-05-24 05:44:13,077 - INFO - joeynmt.helpers -              cfg.model.initializer : xavier_uniform
2026-05-24 05:44:13,077 - INFO - joeynmt.helpers -         cfg.model.bias_initializer : zeros
2026-05-24 05:44:13,077 - INFO - joeynmt.helpers -                cfg.model.init_gain : 1.0
2026-05-24 05:44:13,077 - INFO - joeynmt.helpers -        cfg.model.embed_initializer : xavier_uniform
2026-05-24 05:44:13,077 - INFO - joeynmt.helpers -          cfg.model.embed_init_gain : 1.0
2026-05-24 05:44:13,078 - INFO - joeynmt.helpers -          cfg.model.tied_embeddings : True
2026-05-24 05:44:13,078 - INFO - joeynmt.helpers -             cfg.model.tied_softmax : True
2026-05-24 05:44:13,078 - INFO - joeynmt.helpers -             cfg.model.encoder.type : transformer
2026-05-24 05:44:13,078 - INFO - joeynmt.helpers -       cfg.model.encoder.num_layers : 4
2026-05-24 05:44:13,078 - INFO - joeynmt.helpers -        cfg.model.encoder.num_heads : 2
2026-05-24 05:44:13,078 - INFO - joeynmt.helpers - cfg.model.encoder.embeddings.embedding_dim : 256
2026-05-24 05:44:13,078 - INFO - joeynmt.helpers - cfg.model.encoder.embeddings.scale : True
2026-05-24 05:44:13,078 - INFO - joeynmt.helpers - cfg.model.encoder.embeddings.dropout : 0
2026-05-24 05:44:13,078 - INFO - joeynmt.helpers -      cfg.model.encoder.hidden_size : 256
2026-05-24 05:44:13,078 - INFO - joeynmt.helpers -          cfg.model.encoder.ff_size : 512
2026-05-24 05:44:13,079 - INFO - joeynmt.helpers -          cfg.model.encoder.dropout : 0
2026-05-24 05:44:13,079 - INFO - joeynmt.helpers -             cfg.model.decoder.type : transformer
2026-05-24 05:44:13,079 - INFO - joeynmt.helpers -       cfg.model.decoder.num_layers : 1
2026-05-24 05:44:13,079 - INFO - joeynmt.helpers -        cfg.model.decoder.num_heads : 2
2026-05-24 05:44:13,079 - INFO - joeynmt.helpers - cfg.model.decoder.embeddings.embedding_dim : 256
2026-05-24 05:44:13,079 - INFO - joeynmt.helpers - cfg.model.decoder.embeddings.scale : True
2026-05-24 05:44:13,079 - INFO - joeynmt.helpers - cfg.model.decoder.embeddings.dropout : 0
2026-05-24 05:44:13,079 - INFO - joeynmt.helpers -      cfg.model.decoder.hidden_size : 256
2026-05-24 05:44:13,079 - INFO - joeynmt.helpers -          cfg.model.decoder.ff_size : 512
2026-05-24 05:44:13,079 - INFO - joeynmt.helpers -          cfg.model.decoder.dropout : 0
2026-05-24 05:44:13,081 - INFO - joeynmt.data - Building tokenizer...
2026-05-24 05:44:13,081 - INFO - joeynmt.tokenizers - en tokenizer: BasicTokenizer(level=word, lowercase=False, normalize=False, filter_by_length=(-1, -1), pretokenizer=none)
2026-05-24 05:44:13,081 - INFO - joeynmt.tokenizers - nl tokenizer: BasicTokenizer(level=word, lowercase=False, normalize=False, filter_by_length=(-1, -1), pretokenizer=none)
2026-05-24 05:44:13,081 - INFO - joeynmt.data - Loading train set...
2026-05-24 05:44:13,277 - INFO - joeynmt.data - Building vocabulary...
2026-05-24 05:44:13,394 - INFO - joeynmt.data - Loading dev set...
2026-05-24 05:44:13,411 - INFO - joeynmt.data - Loading test set...
2026-05-24 05:44:13,419 - INFO - joeynmt.data - Data loaded.
2026-05-24 05:44:13,419 - INFO - joeynmt.data - Train dataset: PlaintextDataset(split=train, len=100000, src_lang=en, trg_lang=nl, has_trg=True, random_subset=-1)
2026-05-24 05:44:13,420 - INFO - joeynmt.data - Valid dataset: PlaintextDataset(split=dev, len=1003, src_lang=en, trg_lang=nl, has_trg=True, random_subset=-1)
2026-05-24 05:44:13,420 - INFO - joeynmt.data -  Test dataset: PlaintextDataset(split=test, len=1777, src_lang=en, trg_lang=nl, has_trg=True, random_subset=-1)
2026-05-24 05:44:13,420 - INFO - joeynmt.data - First training example:
	[SRC] ﻿S@@ he wan@@ te@@ d to be@@ com@@ e an in@@ depen@@ den@@ t wom@@ an@@ .
	[TRG] ﻿Ze wil@@ de een on@@ afhan@@ kelijk@@ e vrouw wor@@ den@@ .
2026-05-24 05:44:13,420 - INFO - joeynmt.data - First 10 Src tokens: (0) <unk> (1) <pad> (2) <s> (3) </s> (4) ﻿. (5) , (6) t (7) en (8) s (9) d
2026-05-24 05:44:13,420 - INFO - joeynmt.data - First 10 Trg tokens: (0) <unk> (1) <pad> (2) <s> (3) </s> (4) ﻿. (5) , (6) t (7) en (8) s (9) d
2026-05-24 05:44:13,420 - INFO - joeynmt.data - Number of unique Src tokens (vocab_size): 3591
2026-05-24 05:44:13,421 - INFO - joeynmt.data - Number of unique Trg tokens (vocab_size): 3591
2026-05-24 05:44:13,423 - INFO - joeynmt.model - Building an encoder-decoder model...
2026-05-24 05:44:13,464 - INFO - joeynmt.model - Enc-dec model built.
2026-05-24 05:44:13,467 - INFO - joeynmt.model - Total params: 3818496
2026-05-24 05:44:13,468 - DEBUG - joeynmt.model - Trainable parameters: ['decoder.layers.0.dec_layer_norm.bias', 'decoder.layers.0.dec_layer_norm.weight', 'decoder.layers.0.feed_forward.layer_norm.bias', 'decoder.layers.0.feed_forward.layer_norm.weight', 'decoder.layers.0.feed_forward.pwff_layer.0.bias', 'decoder.layers.0.feed_forward.pwff_layer.0.weight', 'decoder.layers.0.feed_forward.pwff_layer.3.bias', 'decoder.layers.0.feed_forward.pwff_layer.3.weight', 'decoder.layers.0.src_trg_att.k_layer.bias', 'decoder.layers.0.src_trg_att.k_layer.weight', 'decoder.layers.0.src_trg_att.output_layer.bias', 'decoder.layers.0.src_trg_att.output_layer.weight', 'decoder.layers.0.src_trg_att.q_layer.bias', 'decoder.layers.0.src_trg_att.q_layer.weight', 'decoder.layers.0.src_trg_att.v_layer.bias', 'decoder.layers.0.src_trg_att.v_layer.weight', 'decoder.layers.0.trg_trg_att.k_layer.bias', 'decoder.layers.0.trg_trg_att.k_layer.weight', 'decoder.layers.0.trg_trg_att.output_layer.bias', 'decoder.layers.0.trg_trg_att.output_layer.weight', 'decoder.layers.0.trg_trg_att.q_layer.bias', 'decoder.layers.0.trg_trg_att.q_layer.weight', 'decoder.layers.0.trg_trg_att.v_layer.bias', 'decoder.layers.0.trg_trg_att.v_layer.weight', 'decoder.layers.0.x_layer_norm.bias', 'decoder.layers.0.x_layer_norm.weight', 'encoder.layers.0.feed_forward.layer_norm.bias', 'encoder.layers.0.feed_forward.layer_norm.weight', 'encoder.layers.0.feed_forward.pwff_layer.0.bias', 'encoder.layers.0.feed_forward.pwff_layer.0.weight', 'encoder.layers.0.feed_forward.pwff_layer.3.bias', 'encoder.layers.0.feed_forward.pwff_layer.3.weight', 'encoder.layers.0.layer_norm.bias', 'encoder.layers.0.layer_norm.weight', 'encoder.layers.0.src_src_att.k_layer.bias', 'encoder.layers.0.src_src_att.k_layer.weight', 'encoder.layers.0.src_src_att.output_layer.bias', 'encoder.layers.0.src_src_att.output_layer.weight', 'encoder.layers.0.src_src_att.q_layer.bias', 'encoder.layers.0.src_src_att.q_layer.weight', 'encoder.layers.0.src_src_att.v_layer.bias', 'encoder.layers.0.src_src_att.v_layer.weight', 'encoder.layers.1.feed_forward.layer_norm.bias', 'encoder.layers.1.feed_forward.layer_norm.weight', 'encoder.layers.1.feed_forward.pwff_layer.0.bias', 'encoder.layers.1.feed_forward.pwff_layer.0.weight', 'encoder.layers.1.feed_forward.pwff_layer.3.bias', 'encoder.layers.1.feed_forward.pwff_layer.3.weight', 'encoder.layers.1.layer_norm.bias', 'encoder.layers.1.layer_norm.weight', 'encoder.layers.1.src_src_att.k_layer.bias', 'encoder.layers.1.src_src_att.k_layer.weight', 'encoder.layers.1.src_src_att.output_layer.bias', 'encoder.layers.1.src_src_att.output_layer.weight', 'encoder.layers.1.src_src_att.q_layer.bias', 'encoder.layers.1.src_src_att.q_layer.weight', 'encoder.layers.1.src_src_att.v_layer.bias', 'encoder.layers.1.src_src_att.v_layer.weight', 'encoder.layers.2.feed_forward.layer_norm.bias', 'encoder.layers.2.feed_forward.layer_norm.weight', 'encoder.layers.2.feed_forward.pwff_layer.0.bias', 'encoder.layers.2.feed_forward.pwff_layer.0.weight', 'encoder.layers.2.feed_forward.pwff_layer.3.bias', 'encoder.layers.2.feed_forward.pwff_layer.3.weight', 'encoder.layers.2.layer_norm.bias', 'encoder.layers.2.layer_norm.weight', 'encoder.layers.2.src_src_att.k_layer.bias', 'encoder.layers.2.src_src_att.k_layer.weight', 'encoder.layers.2.src_src_att.output_layer.bias', 'encoder.layers.2.src_src_att.output_layer.weight', 'encoder.layers.2.src_src_att.q_layer.bias', 'encoder.layers.2.src_src_att.q_layer.weight', 'encoder.layers.2.src_src_att.v_layer.bias', 'encoder.layers.2.src_src_att.v_layer.weight', 'encoder.layers.3.feed_forward.layer_norm.bias', 'encoder.layers.3.feed_forward.layer_norm.weight', 'encoder.layers.3.feed_forward.pwff_layer.0.bias', 'encoder.layers.3.feed_forward.pwff_layer.0.weight', 'encoder.layers.3.feed_forward.pwff_layer.3.bias', 'encoder.layers.3.feed_forward.pwff_layer.3.weight', 'encoder.layers.3.layer_norm.bias', 'encoder.layers.3.layer_norm.weight', 'encoder.layers.3.src_src_att.k_layer.bias', 'encoder.layers.3.src_src_att.k_layer.weight', 'encoder.layers.3.src_src_att.output_layer.bias', 'encoder.layers.3.src_src_att.output_layer.weight', 'encoder.layers.3.src_src_att.q_layer.bias', 'encoder.layers.3.src_src_att.q_layer.weight', 'encoder.layers.3.src_src_att.v_layer.bias', 'encoder.layers.3.src_src_att.v_layer.weight', 'src_embed.lut.weight']
2026-05-24 05:44:13,468 - INFO - joeynmt.training - Model(
	encoder=TransformerEncoder(num_layers=4, num_heads=2, alpha=1.0, layer_norm="pre", activation=ReLU()),
	decoder=TransformerDecoder(num_layers=1, num_heads=2, alpha=1.0, layer_norm="post", activation=ReLU()),
	src_embed=Embeddings(embedding_dim=256, vocab_size=3591),
	trg_embed=Embeddings(embedding_dim=256, vocab_size=3591),
	loss_function=XentLoss(criterion=KLDivLoss(), smoothing=0.3))
2026-05-24 05:44:13,469 - INFO - joeynmt.builders - Adam(lr=0.0003, weight_decay=0.0, betas=(0.9, 0.999))
2026-05-24 05:44:13,469 - INFO - joeynmt.builders - ReduceLROnPlateau(mode=min, verbose=False, threshold_mode=abs, eps=0.0, factor=0.7, patience=8)
2026-05-24 05:44:13,469 - INFO - joeynmt.training - Train stats:
	device: cpu
	n_gpu: 0
	16-bits training: False
	gradient accumulation: 1
	batch size per device: 2048
	effective batch size (w. parallel & accumulation): 2048
2026-05-24 05:44:13,469 - INFO - joeynmt.training - EPOCH 1
2026-05-24 05:44:48,121 - INFO - joeynmt.training - Epoch   1, Step:      100, Batch Loss:     3.943625, Batch Acc: 0.053168, Tokens per Sec:     2146, Lr: 0.000300
2026-05-24 05:45:40,856 - INFO - joeynmt.training - Epoch   1, Step:      200, Batch Loss:     3.648713, Batch Acc: 0.094934, Tokens per Sec:     1389, Lr: 0.000300
2026-05-24 05:46:42,291 - INFO - joeynmt.training - Epoch   1, Step:      300, Batch Loss:     3.571560, Batch Acc: 0.121727, Tokens per Sec:     1187, Lr: 0.000300
2026-05-24 05:47:42,294 - INFO - joeynmt.training - Epoch   1, Step:      400, Batch Loss:     3.466860, Batch Acc: 0.141078, Tokens per Sec:     1235, Lr: 0.000300
2026-05-24 05:48:45,968 - INFO - joeynmt.training - Epoch   1, Step:      500, Batch Loss:     3.519550, Batch Acc: 0.159285, Tokens per Sec:     1184, Lr: 0.000300
2026-05-24 05:48:45,968 - INFO - joeynmt.prediction - Predicting 1003 example(s)... (Greedy decoding with min_output_length=1, max_output_length=100, return_prob='none', generate_unk=True, repetition_penalty=-1, no_repeat_ngram_size=-1)
2026-05-24 05:52:30,058 - INFO - joeynmt.metrics - nrefs:1|case:mixed|eff:no|tok:13a|smooth:exp|version:2.6.0
2026-05-24 05:52:30,060 - INFO - joeynmt.prediction - Evaluation result (greedy) bleu:   1.11, loss:   3.44, ppl:  31.26, acc:   0.16, generation: 223.4065[sec], evaluation: 0.6425[sec]
2026-05-24 05:52:30,061 - INFO - joeynmt.training - Hooray! New best validation result [ppl]!
2026-05-24 05:52:30,150 - INFO - joeynmt.training - Example #0
2026-05-24 05:52:30,152 - DEBUG - joeynmt.training - 	Tokenized source:     ['\ufeffLa@@', 'st', 'year', 'I', 'sho@@', 'we@@', 'd', 'thes@@', 'e', 'tw@@', 'o', 'sli@@', 'de@@', 's', 'so', 'that', 'de@@', 'mon@@', 'strate', 'that', 'the', 'ar@@', 'c@@', 'tic', 'ic@@', 'e', 'cap@@', ',', 'wh@@', 'ich', 'for', 'mo@@', 'st', 'of', 'the', 'la@@', 'st', 'th@@', 'ree', 'milli@@', 'on', 'year@@', 's', 'ha@@', 's', 'be@@', 'en', 'the', 'si@@', 'ze', 'of', 'the', 'lo@@', 'wer', '4@@', '8', 'stat@@', 'es@@', ',', 'ha@@', 's', 'sh@@', 'run@@', 'k', 'b@@', 'y', '4@@', '0', 'percen@@', 't@@', '.']
2026-05-24 05:52:30,152 - DEBUG - joeynmt.training - 	Tokenized reference:  ['\ufeffV@@', 'orig', 'j@@', 'aar', 'lie@@', 't', 'ik', 'de@@', 'ze', 'twee', 'dia@@', "'@@", 's', 'zi@@', 'en', 'om', 'aan', 'te', 'ton@@', 'en', 'dat', 'de', 'p@@', 'ool@@', 'ij@@', 'sk@@', 'ap@@', ',', 'die', 'de', 'af@@', 'gel@@', 'open', 'drie', 'miljo@@', 'en', 'j@@', 'aar', 'onge@@', 've@@', 'er', 'de', 'groot@@', 'te', 'had', 'van', 'het', 'va@@', 'stel@@', 'and', 'van', 'de', 'V@@', 'S@@', ',', 'met', '4@@', '0@@', '%', 'gek@@', 'ro@@', 'mp@@', 'en', 'was@@', '.']
2026-05-24 05:52:30,153 - DEBUG - joeynmt.training - 	Tokenized hypothesis: ['I@@', 'k', 'k', 'is', 'de', 'de', 'de', 'de', 'de', 'van', 'de', 'van', 'de', 'de', 'de', 'van', 'de', 'van', 'de', 'van', 'de', 'de', 'de', 'de', 'de', 'de', 'de', 'van', 'de', 'van', 'de', 'van', 'de', 'de', 'de', 'van', 'de', 'van', 'de', 'van', 'de', 'van', 'de', 'van', 'de', 'van', 'de', 'van', 'de', 'van', 'de', 'van', 'de', 'van', 'de', 'van', 'de', 'van', 'de', 'van', 'de', 'van', 'de', 'van', 'de', 'van', 'de', 'van', 'de', 'van', 'de', 'van', 'de', 'van', 'de', 'van', 'de', 'van', 'de', 'van', 'de', 'van', 'de', 'van', 'de', 'van', 'de', 'van', 'de', 'van', 'de', 'van', 'de', 'van', 'de', 'van', 'de', 'van', 'de', 'van']
2026-05-24 05:52:30,154 - INFO - joeynmt.training - 	Source:     ﻿La@@ st year I sho@@ we@@ d thes@@ e tw@@ o sli@@ de@@ s so that de@@ mon@@ strate that the ar@@ c@@ tic ic@@ e cap@@ , wh@@ ich for mo@@ st of the la@@ st th@@ ree milli@@ on year@@ s ha@@ s be@@ en the si@@ ze of the lo@@ wer 4@@ 8 stat@@ es@@ , ha@@ s sh@@ run@@ k b@@ y 4@@ 0 percen@@ t@@ .
2026-05-24 05:52:30,155 - INFO - joeynmt.training - 	Reference:  ﻿V@@ orig j@@ aar lie@@ t ik de@@ ze twee dia@@ '@@ s zi@@ en om aan te ton@@ en dat de p@@ ool@@ ij@@ sk@@ ap@@ , die de af@@ gel@@ open drie miljo@@ en j@@ aar onge@@ ve@@ er de groot@@ te had van het va@@ stel@@ and van de V@@ S@@ , met 4@@ 0@@ % gek@@ ro@@ mp@@ en was@@ .
2026-05-24 05:52:30,155 - INFO - joeynmt.training - 	Hypothesis: I@@ k k is de de de de de van de van de de de van de van de van de de de de de de de van de van de van de de de van de van de van de van de van de van de van de van de van de van de van de van de van de van de van de van de van de van de van de van de van de van de van de van de van de van de van de van de van de van de van de van de van
2026-05-24 05:52:30,155 - INFO - joeynmt.training - Example #1
2026-05-24 05:52:30,156 - DEBUG - joeynmt.training - 	Tokenized source:     ['Bu@@', 't', 'th@@', 'is', 'under@@', 'stat@@', 'es', 'the', 'ser@@', 'i@@', 'ou@@', 'sn@@', 'ess', 'of', 'th@@', 'is', 'particul@@', 'ar', 'proble@@', 'm', 'beca@@', 'us@@', 'e', 'it', 'does@@', 'n@@', "'@@", 't', 'sho@@', 'w', 'the', 'th@@', 'ic@@', 'kn@@', 'ess', 'of', 'the', 'ic@@', 'e@@', '.']
2026-05-24 05:52:30,156 - DEBUG - joeynmt.training - 	Tokenized reference:  ['M@@', 'aar', 'dit', 'onder@@', 'sch@@', 'at', 'eigen@@', 'lijk', 'de', 'ern@@', 'st', 'van', 'dit', 'specif@@', 'ie@@', 'ke', 'proble@@', 'em', 'om@@', 'dat', 'het', 'nie@@', 't', 'de', 'di@@', 'k@@', 'te', 'van', 'het', 'ij@@', 's', 'laat', 'zi@@', 'en@@', '.']
2026-05-24 05:52:30,156 - DEBUG - joeynmt.training - 	Tokenized hypothesis: ['M@@', 'aar', 'de', 'de', 'de', 'de', 'de', 'de', 'de', 'de', 'de', 'de', 'de', 'de', 'de', 'de', 'de', 'de', 'de', 'de', 'de', 'de', 'de', 'de', 'de', 'de', 'de', 'de', 'de', 'de', 'de', 'de', 'de', 'de', 'de', 'de', 'de', 'de', 'de', 'de', 'de', 'de', 'de', 'de', 'de', 'de', 'de', 'de', 'de', 'de', 'de', 'de', 'de', 'de', 'de', 'de', 'de', 'de', 'de', 'de', 'de', 'de', 'de', 'de', 'de', 'de', 'de', 'de', 'de', 'de', 'de', 'de', 'de', 'de', 'de', 'de', 'de', 'de', 'de', 'de', 'de', 'de', 'de', 'de', 'de', 'de', 'de', 'de', 'de', 'de', 'de', 'de', 'de', 'de', 'de', 'de', 'de', 'de', 'de', 'de']
2026-05-24 05:52:30,156 - INFO - joeynmt.training - 	Source:     Bu@@ t th@@ is under@@ stat@@ es the ser@@ i@@ ou@@ sn@@ ess of th@@ is particul@@ ar proble@@ m beca@@ us@@ e it does@@ n@@ '@@ t sho@@ w the th@@ ic@@ kn@@ ess of the ic@@ e@@ .
2026-05-24 05:52:30,156 - INFO - joeynmt.training - 	Reference:  M@@ aar dit onder@@ sch@@ at eigen@@ lijk de ern@@ st van dit specif@@ ie@@ ke proble@@ em om@@ dat het nie@@ t de di@@ k@@ te van het ij@@ s laat zi@@ en@@ .
2026-05-24 05:52:30,158 - INFO - joeynmt.training - 	Hypothesis: M@@ aar de de de de de de de de de de de de de de de de de de de de de de de de de de de de de de de de de de de de de de de de de de de de de de de de de de de de de de de de de de de de de de de de de de de de de de de de de de de de de de de de de de de de de de de de de de de de de de de de de de
2026-05-24 05:52:30,158 - INFO - joeynmt.training - Example #2
2026-05-24 05:52:30,159 - DEBUG - joeynmt.training - 	Tokenized source:     ['The', 'ar@@', 'c@@', 'tic', 'ic@@', 'e', 'cap', 'is@@', ',', 'in', 'a', 'sen@@', 'se@@', ',', 'the', 'be@@', 'at@@', 'ing', 'hear@@', 't', 'of', 'the', 'glob@@', 'al', 'cli@@', 'mat@@', 'e', 'system@@', '.']
2026-05-24 05:52:30,159 - DEBUG - joeynmt.training - 	Tokenized reference:  ['De', 'ij@@', 'sk@@', 'ap', 'op', 'de', 'Noor@@', 'd@@', 'p@@', 'ool', 'is', 'in', 'ze@@', 'ker@@', 'e', 'zin', 'het', 'kl@@', 'op@@', 'pen@@', 'd', 'har@@', 't', 'van', 'ons', 'glob@@', 'aal', 'kli@@', 'maat@@', 'syste@@', 'em@@', '.']
2026-05-24 05:52:30,159 - DEBUG - joeynmt.training - 	Tokenized hypothesis: ['De', 'is', 'de', 'de', 'de', 'de', 'de', 'de', 'de', 'de', 'de', 'de', 'de', 'de', 'de', 'de', 'de', 'de', 'de', 'de', 'de', 'de', 'de', 'de', 'de', 'de', 'de', 'de', 'de', 'de', 'de', 'de', 'de', 'de', 'de', 'de', 'de', 'de', 'de', 'de', 'de', 'de', 'de', 'de', 'de', 'de', 'de', 'de', 'de', 'de', 'de', 'de', 'de', 'de', 'de', 'de', 'de', 'de', 'de', 'de', 'de', 'de', 'is', 'van', 'de', 'is', 'van', 'de', 'de', 'de', 'de', 'de', 'de', 'de', 'de', 'de', 'de', 'de', 'de', 'de', 'de', 'de', 'de', 'de', 'de', 'de', 'de', 'de', 'de', 'de', 'de', 'de', 'de', 'de', 'de', 'de', 'de', 'de', 'de', 'de']
2026-05-24 05:52:30,160 - INFO - joeynmt.training - 	Source:     The ar@@ c@@ tic ic@@ e cap is@@ , in a sen@@ se@@ , the be@@ at@@ ing hear@@ t of the glob@@ al cli@@ mat@@ e system@@ .
2026-05-24 05:52:30,160 - INFO - joeynmt.training - 	Reference:  De ij@@ sk@@ ap op de Noor@@ d@@ p@@ ool is in ze@@ ker@@ e zin het kl@@ op@@ pen@@ d har@@ t van ons glob@@ aal kli@@ maat@@ syste@@ em@@ .
2026-05-24 05:52:30,160 - INFO - joeynmt.training - 	Hypothesis: De is de de de de de de de de de de de de de de de de de de de de de de de de de de de de de de de de de de de de de de de de de de de de de de de de de de de de de de de de de de de de is van de is van de de de de de de de de de de de de de de de de de de de de de de de de de de de de de de de de de
2026-05-24 05:52:30,160 - INFO - joeynmt.training - Example #3
2026-05-24 05:52:30,161 - DEBUG - joeynmt.training - 	Tokenized source:     ['I@@', 't', 'ex@@', 'p@@', 'and@@', 's', 'in', 'w@@', 'inter', 'and', 'con@@', 'trac@@', 'ts', 'in', 'su@@', 'm@@', 'mer@@', '.']
2026-05-24 05:52:30,161 - DEBUG - joeynmt.training - 	Tokenized reference:  ['H@@', 'et', 'zet', 'uit', 'in', 'de', 'w@@', 'inter', 'en', 'k@@', 'ri@@', 'mp@@', 't', 'in', 'de', 'zom@@', 'er@@', '.']
2026-05-24 05:52:30,161 - DEBUG - joeynmt.training - 	Tokenized hypothesis: ['H@@', 'et', 'is', 'de', 'is', 'een', 'is', 'een', 'is', 'een', 'is', 'een', 'is', 'een', 'is', 'een', 'is', 'een', 'is', 'een', 'is', 'een', 'is', 'een', 'is', 'een', 'is', 'van', 'de', 'is', 'van', 'de', 'is', 'van', 'de', 'is', 'van', 'de', 'is', 'van', 'de', 'is', 'van', 'de', 'is', 'van', 'de', 'is', 'van', 'de', 'is', 'van', 'de', 'is', 'van', 'de', 'is', 'een', 'is', 'een', 'is', 'van', 'de', 'is', 'van', 'de', 'is', 'een', 'is', 'van', 'de', 'is', 'van', 'de', 'is', 'van', 'de', 'is', 'van', 'de', 'is', 'van', 'de', 'is', 'in', 'de', 'is', 'van', 'de', 'is', 'van', 'de', 'is', 'van', 'de', 'is', 'van', 'de', 'is', 'van']
2026-05-24 05:52:30,161 - INFO - joeynmt.training - 	Source:     I@@ t ex@@ p@@ and@@ s in w@@ inter and con@@ trac@@ ts in su@@ m@@ mer@@ .
2026-05-24 05:52:30,161 - INFO - joeynmt.training - 	Reference:  H@@ et zet uit in de w@@ inter en k@@ ri@@ mp@@ t in de zom@@ er@@ .
2026-05-24 05:52:30,162 - INFO - joeynmt.training - 	Hypothesis: H@@ et is de is een is een is een is een is een is een is een is een is een is een is een is van de is van de is van de is van de is van de is van de is van de is van de is van de is van de is een is een is van de is van de is een is van de is van de is van de is van de is van de is in de is van de is van de is van de is van de is van
2026-05-24 05:52:30,162 - INFO - joeynmt.training - Example #4
2026-05-24 05:52:30,162 - DEBUG - joeynmt.training - 	Tokenized source:     ['The', 'ne@@', 'x@@', 't', 'sli@@', 'de', 'I', 'sho@@', 'w', 'you', 'will', 'be', 'a', 'ra@@', 'p@@', 'id', 'fa@@', 'st-@@', 'for@@', 'war@@', 'd', 'of', 'what@@', "'@@", 's', 'happen@@', 'ed', 'over', 'the', 'la@@', 'st', '2@@', '5', 'year@@', 's@@', '.']
2026-05-24 05:52:30,162 - DEBUG - joeynmt.training - 	Tokenized reference:  ['De', 'volgen@@', 'de', 'dia', 'die', 'ik', 'laat', 'zi@@', 'en', 'is', 'een', 'ver@@', 'snel@@', 'de', 'vers@@', 'ie', 'van', 'wat', 'er', 'de', 'af@@', 'gel@@', 'open', '2@@', '5', 'j@@', 'aar', 'is', 'gebeur@@', 'd@@', '.']
2026-05-24 05:52:30,163 - DEBUG - joeynmt.training - 	Tokenized hypothesis: ['I@@', 'k', 'k', 'is', 'de', 'de', 'de', 'de', 'de', 'de', 'de', 'de', 'de', 'de', 'de', 'de', 'de', 'de', 'de', 'de', 'de', 'de', 'de', 'de', 'de', 'de', 'de', 'de', 'de', 'de', 'de', 'de', 'de', 'de', 'de', 'de', 'de', 'de', 'de', 'de', 'de', 'de', 'de', 'de', 'de', 'de', 'de', 'de', 'de', 'de', 'de', 'de', 'de', 'de', 'de', 'de', 'de', 'de', 'de', 'de', 'de', 'de', 'de', 'de', 'de', 'de', 'de', 'de', 'de', 'de', 'de', 'de', 'de', 'de', 'de', 'de', 'de', 'de', 'de', 'de', 'de', 'de', 'de', 'de', 'de', 'de', 'de', 'de', 'de', 'de', 'de', 'de', 'de', 'de', 'de', 'de', 'de', 'de', 'de', 'de']
2026-05-24 05:52:30,163 - INFO - joeynmt.training - 	Source:     The ne@@ x@@ t sli@@ de I sho@@ w you will be a ra@@ p@@ id fa@@ st-@@ for@@ war@@ d of what@@ '@@ s happen@@ ed over the la@@ st 2@@ 5 year@@ s@@ .
2026-05-24 05:52:30,163 - INFO - joeynmt.training - 	Reference:  De volgen@@ de dia die ik laat zi@@ en is een ver@@ snel@@ de vers@@ ie van wat er de af@@ gel@@ open 2@@ 5 j@@ aar is gebeur@@ d@@ .
2026-05-24 05:52:30,164 - INFO - joeynmt.training - 	Hypothesis: I@@ k k is de de de de de de de de de de de de de de de de de de de de de de de de de de de de de de de de de de de de de de de de de de de de de de de de de de de de de de de de de de de de de de de de de de de de de de de de de de de de de de de de de de de de de de de de de de de de de de de de
2026-05-24 05:53:32,494 - INFO - joeynmt.training - Epoch   1, Step:      600, Batch Loss:     3.395944, Batch Acc: 0.172880, Tokens per Sec:     1184, Lr: 0.000300
2026-05-24 05:54:34,646 - INFO - joeynmt.training - Epoch   1, Step:      700, Batch Loss:     3.087196, Batch Acc: 0.188826, Tokens per Sec:     1199, Lr: 0.000300
2026-05-24 05:55:35,822 - INFO - joeynmt.training - Epoch   1, Step:      800, Batch Loss:     3.314535, Batch Acc: 0.203437, Tokens per Sec:     1227, Lr: 0.000300
2026-05-24 05:56:36,215 - INFO - joeynmt.training - Epoch   1, Step:      900, Batch Loss:     2.931173, Batch Acc: 0.224862, Tokens per Sec:     1240, Lr: 0.000300
2026-05-24 05:57:35,621 - INFO - joeynmt.training - Epoch   1, Step:     1000, Batch Loss:     3.070108, Batch Acc: 0.238622, Tokens per Sec:     1279, Lr: 0.000300
2026-05-24 05:57:35,623 - INFO - joeynmt.prediction - Predicting 1003 example(s)... (Greedy decoding with min_output_length=1, max_output_length=100, return_prob='none', generate_unk=True, repetition_penalty=-1, no_repeat_ngram_size=-1)
2026-05-24 06:01:11,498 - INFO - joeynmt.metrics - nrefs:1|case:mixed|eff:no|tok:13a|smooth:exp|version:2.6.0
2026-05-24 06:01:11,499 - INFO - joeynmt.prediction - Evaluation result (greedy) bleu:   5.95, loss:   3.09, ppl:  22.01, acc:   0.22, generation: 215.3624[sec], evaluation: 0.4937[sec]
2026-05-24 06:01:11,500 - INFO - joeynmt.training - Hooray! New best validation result [ppl]!
2026-05-24 06:01:11,584 - INFO - joeynmt.training - Example #0
2026-05-24 06:01:11,586 - DEBUG - joeynmt.training - 	Tokenized source:     ['\ufeffLa@@', 'st', 'year', 'I', 'sho@@', 'we@@', 'd', 'thes@@', 'e', 'tw@@', 'o', 'sli@@', 'de@@', 's', 'so', 'that', 'de@@', 'mon@@', 'strate', 'that', 'the', 'ar@@', 'c@@', 'tic', 'ic@@', 'e', 'cap@@', ',', 'wh@@', 'ich', 'for', 'mo@@', 'st', 'of', 'the', 'la@@', 'st', 'th@@', 'ree', 'milli@@', 'on', 'year@@', 's', 'ha@@', 's', 'be@@', 'en', 'the', 'si@@', 'ze', 'of', 'the', 'lo@@', 'wer', '4@@', '8', 'stat@@', 'es@@', ',', 'ha@@', 's', 'sh@@', 'run@@', 'k', 'b@@', 'y', '4@@', '0', 'percen@@', 't@@', '.']
2026-05-24 06:01:11,586 - DEBUG - joeynmt.training - 	Tokenized reference:  ['\ufeffV@@', 'orig', 'j@@', 'aar', 'lie@@', 't', 'ik', 'de@@', 'ze', 'twee', 'dia@@', "'@@", 's', 'zi@@', 'en', 'om', 'aan', 'te', 'ton@@', 'en', 'dat', 'de', 'p@@', 'ool@@', 'ij@@', 'sk@@', 'ap@@', ',', 'die', 'de', 'af@@', 'gel@@', 'open', 'drie', 'miljo@@', 'en', 'j@@', 'aar', 'onge@@', 've@@', 'er', 'de', 'groot@@', 'te', 'had', 'van', 'het', 'va@@', 'stel@@', 'and', 'van', 'de', 'V@@', 'S@@', ',', 'met', '4@@', '0@@', '%', 'gek@@', 'ro@@', 'mp@@', 'en', 'was@@', '.']
2026-05-24 06:01:11,586 - DEBUG - joeynmt.training - 	Tokenized hypothesis: ['I@@', 'k', 'heb', 'de', 'de', 'hel@@', 'e', 'hel@@', 'e', 'hel@@', 'e', 'hel@@', 'e', 'hel@@', 'e', 'hel@@', 'e', 'hel@@', 'e', 'hel@@', 'e', 'hel@@', 'e', 'hel@@', 'e', 'hel@@', 'e', 'hel@@', 'e', 'hel@@', 'e', 'hel@@', 'e', 'hel@@', 'e', 'hel@@', 'e', 'van', 'de', 'de', 'de', 'de', 'hel@@', 'e', 'hel@@', 'e', 'hel@@', 'e', 'hel@@', 'e', 'hel@@', 'e', 'hel@@', 'e', 'hel@@', 'e', 'hel@@', 'e', 'hel@@', 'e', 'hel@@', 'e', 'hel@@', 'e', 'hel@@', 'e', 'hel@@', 'e', 'hel@@', 'e', 'hel@@', 'e', 'hel@@', 'e', 'van', 'de', 'de', 'de', 'de', 'de', 'van', 'de', 'van', 'de', 'de', 'de', 'de', 'be@@', 'be@@', 'be@@', 'be@@', 'be@@', 'be@@', 'be@@', 'be@@', 'be@@', 'be@@', 'be@@', 'be@@', 'be@@']
2026-05-24 06:01:11,587 - INFO - joeynmt.training - 	Source:     ﻿La@@ st year I sho@@ we@@ d thes@@ e tw@@ o sli@@ de@@ s so that de@@ mon@@ strate that the ar@@ c@@ tic ic@@ e cap@@ , wh@@ ich for mo@@ st of the la@@ st th@@ ree milli@@ on year@@ s ha@@ s be@@ en the si@@ ze of the lo@@ wer 4@@ 8 stat@@ es@@ , ha@@ s sh@@ run@@ k b@@ y 4@@ 0 percen@@ t@@ .
2026-05-24 06:01:11,587 - INFO - joeynmt.training - 	Reference:  ﻿V@@ orig j@@ aar lie@@ t ik de@@ ze twee dia@@ '@@ s zi@@ en om aan te ton@@ en dat de p@@ ool@@ ij@@ sk@@ ap@@ , die de af@@ gel@@ open drie miljo@@ en j@@ aar onge@@ ve@@ er de groot@@ te had van het va@@ stel@@ and van de V@@ S@@ , met 4@@ 0@@ % gek@@ ro@@ mp@@ en was@@ .
2026-05-24 06:01:11,587 - INFO - joeynmt.training - 	Hypothesis: I@@ k heb de de hel@@ e hel@@ e hel@@ e hel@@ e hel@@ e hel@@ e hel@@ e hel@@ e hel@@ e hel@@ e hel@@ e hel@@ e hel@@ e hel@@ e hel@@ e hel@@ e van de de de de hel@@ e hel@@ e hel@@ e hel@@ e hel@@ e hel@@ e hel@@ e hel@@ e hel@@ e hel@@ e hel@@ e hel@@ e hel@@ e hel@@ e hel@@ e hel@@ e van de de de de de van de van de de de de be@@ be@@ be@@ be@@ be@@ be@@ be@@ be@@ be@@ be@@ be@@ be@@ be@@
2026-05-24 06:01:11,587 - INFO - joeynmt.training - Example #1
2026-05-24 06:01:11,588 - DEBUG - joeynmt.training - 	Tokenized source:     ['Bu@@', 't', 'th@@', 'is', 'under@@', 'stat@@', 'es', 'the', 'ser@@', 'i@@', 'ou@@', 'sn@@', 'ess', 'of', 'th@@', 'is', 'particul@@', 'ar', 'proble@@', 'm', 'beca@@', 'us@@', 'e', 'it', 'does@@', 'n@@', "'@@", 't', 'sho@@', 'w', 'the', 'th@@', 'ic@@', 'kn@@', 'ess', 'of', 'the', 'ic@@', 'e@@', '.']
2026-05-24 06:01:11,588 - DEBUG - joeynmt.training - 	Tokenized reference:  ['M@@', 'aar', 'dit', 'onder@@', 'sch@@', 'at', 'eigen@@', 'lijk', 'de', 'ern@@', 'st', 'van', 'dit', 'specif@@', 'ie@@', 'ke', 'proble@@', 'em', 'om@@', 'dat', 'het', 'nie@@', 't', 'de', 'di@@', 'k@@', 'te', 'van', 'het', 'ij@@', 's', 'laat', 'zi@@', 'en@@', '.']
2026-05-24 06:01:11,588 - DEBUG - joeynmt.training - 	Tokenized hypothesis: ['M@@', 'aar', 'dat', 'het', 'is', 'de', 'de', 'eer@@', 'ste', 'van', 'de', 'eer@@', 'ste', 'van', 'de', 'wereld', 'van', 'de', 'k@@', 'k@@', 'k@@', 'aat', 'van', 'de', 'k@@', 'k@@', 'k@@', '<unk>', '</s>']
2026-05-24 06:01:11,588 - INFO - joeynmt.training - 	Source:     Bu@@ t th@@ is under@@ stat@@ es the ser@@ i@@ ou@@ sn@@ ess of th@@ is particul@@ ar proble@@ m beca@@ us@@ e it does@@ n@@ '@@ t sho@@ w the th@@ ic@@ kn@@ ess of the ic@@ e@@ .
2026-05-24 06:01:11,588 - INFO - joeynmt.training - 	Reference:  M@@ aar dit onder@@ sch@@ at eigen@@ lijk de ern@@ st van dit specif@@ ie@@ ke proble@@ em om@@ dat het nie@@ t de di@@ k@@ te van het ij@@ s laat zi@@ en@@ .
2026-05-24 06:01:11,589 - INFO - joeynmt.training - 	Hypothesis: M@@ aar dat het is de de eer@@ ste van de eer@@ ste van de wereld van de k@@ k@@ k@@ aat van de k@@ k@@ k@@ <unk>
2026-05-24 06:01:11,590 - INFO - joeynmt.training - Example #2
2026-05-24 06:01:11,590 - DEBUG - joeynmt.training - 	Tokenized source:     ['The', 'ar@@', 'c@@', 'tic', 'ic@@', 'e', 'cap', 'is@@', ',', 'in', 'a', 'sen@@', 'se@@', ',', 'the', 'be@@', 'at@@', 'ing', 'hear@@', 't', 'of', 'the', 'glob@@', 'al', 'cli@@', 'mat@@', 'e', 'system@@', '.']
2026-05-24 06:01:11,590 - DEBUG - joeynmt.training - 	Tokenized reference:  ['De', 'ij@@', 'sk@@', 'ap', 'op', 'de', 'Noor@@', 'd@@', 'p@@', 'ool', 'is', 'in', 'ze@@', 'ker@@', 'e', 'zin', 'het', 'kl@@', 'op@@', 'pen@@', 'd', 'har@@', 't', 'van', 'ons', 'glob@@', 'aal', 'kli@@', 'maat@@', 'syste@@', 'em@@', '.']
2026-05-24 06:01:11,590 - DEBUG - joeynmt.training - 	Tokenized hypothesis: ['De', 'eer@@', 'ste', 'eer@@', 't', 'van', 'de', 'hel@@', 'e', 'hel@@', 'e', 'hel@@', 'e', 'hel@@', 'e', 'hel@@', 'e', 'hel@@', 'e', 'hel@@', 'e', 'hel@@', 'e', 'hel@@', 'e', 'hel@@', 'e', 'hel@@', 'e', 'hel@@', 'e', 'hel@@', 'e', 'hel@@', 'e', 'hel@@', 'e', 'hel@@', 'e', 'hel@@', 'e', 'hel@@', 'e', 'aan@@', '<unk>', '</s>']
2026-05-24 06:01:11,591 - INFO - joeynmt.training - 	Source:     The ar@@ c@@ tic ic@@ e cap is@@ , in a sen@@ se@@ , the be@@ at@@ ing hear@@ t of the glob@@ al cli@@ mat@@ e system@@ .
2026-05-24 06:01:11,591 - INFO - joeynmt.training - 	Reference:  De ij@@ sk@@ ap op de Noor@@ d@@ p@@ ool is in ze@@ ker@@ e zin het kl@@ op@@ pen@@ d har@@ t van ons glob@@ aal kli@@ maat@@ syste@@ em@@ .
2026-05-24 06:01:11,591 - INFO - joeynmt.training - 	Hypothesis: De eer@@ ste eer@@ t van de hel@@ e hel@@ e hel@@ e hel@@ e hel@@ e hel@@ e hel@@ e hel@@ e hel@@ e hel@@ e hel@@ e hel@@ e hel@@ e hel@@ e hel@@ e hel@@ e hel@@ e hel@@ e aan@@ <unk>
2026-05-24 06:01:11,592 - INFO - joeynmt.training - Example #3
2026-05-24 06:01:11,592 - DEBUG - joeynmt.training - 	Tokenized source:     ['I@@', 't', 'ex@@', 'p@@', 'and@@', 's', 'in', 'w@@', 'inter', 'and', 'con@@', 'trac@@', 'ts', 'in', 'su@@', 'm@@', 'mer@@', '.']
2026-05-24 06:01:11,592 - DEBUG - joeynmt.training - 	Tokenized reference:  ['H@@', 'et', 'zet', 'uit', 'in', 'de', 'w@@', 'inter', 'en', 'k@@', 'ri@@', 'mp@@', 't', 'in', 'de', 'zom@@', 'er@@', '.']
2026-05-24 06:01:11,592 - DEBUG - joeynmt.training - 	Tokenized hypothesis: ['H@@', 'et', 'is', 'een', 'soor@@', 't', 'in', 'de', 'men@@', 'sen', 'in', 'de', 'men@@', 'sen', 'in', 'de', 'aan@@', '<unk>', '</s>']
2026-05-24 06:01:11,593 - INFO - joeynmt.training - 	Source:     I@@ t ex@@ p@@ and@@ s in w@@ inter and con@@ trac@@ ts in su@@ m@@ mer@@ .
2026-05-24 06:01:11,594 - INFO - joeynmt.training - 	Reference:  H@@ et zet uit in de w@@ inter en k@@ ri@@ mp@@ t in de zom@@ er@@ .
2026-05-24 06:01:11,594 - INFO - joeynmt.training - 	Hypothesis: H@@ et is een soor@@ t in de men@@ sen in de men@@ sen in de aan@@ <unk>
2026-05-24 06:01:11,594 - INFO - joeynmt.training - Example #4
2026-05-24 06:01:11,595 - DEBUG - joeynmt.training - 	Tokenized source:     ['The', 'ne@@', 'x@@', 't', 'sli@@', 'de', 'I', 'sho@@', 'w', 'you', 'will', 'be', 'a', 'ra@@', 'p@@', 'id', 'fa@@', 'st-@@', 'for@@', 'war@@', 'd', 'of', 'what@@', "'@@", 's', 'happen@@', 'ed', 'over', 'the', 'la@@', 'st', '2@@', '5', 'year@@', 's@@', '.']
2026-05-24 06:01:11,595 - DEBUG - joeynmt.training - 	Tokenized reference:  ['De', 'volgen@@', 'de', 'dia', 'die', 'ik', 'laat', 'zi@@', 'en', 'is', 'een', 'ver@@', 'snel@@', 'de', 'vers@@', 'ie', 'van', 'wat', 'er', 'de', 'af@@', 'gel@@', 'open', '2@@', '5', 'j@@', 'aar', 'is', 'gebeur@@', 'd@@', '.']
2026-05-24 06:01:11,595 - DEBUG - joeynmt.training - 	Tokenized hypothesis: ['De', 'eer@@', 'ste', 'van', 'een', 'k@@', 'k@@', 'ing', 'van', 'een', 'k@@', 'k@@', 'k@@', ',', 'dat', 'je', 'een', 'k@@', 'k@@', 'k@@', 'k@@', '<unk>', '</s>']
2026-05-24 06:01:11,595 - INFO - joeynmt.training - 	Source:     The ne@@ x@@ t sli@@ de I sho@@ w you will be a ra@@ p@@ id fa@@ st-@@ for@@ war@@ d of what@@ '@@ s happen@@ ed over the la@@ st 2@@ 5 year@@ s@@ .
2026-05-24 06:01:11,595 - INFO - joeynmt.training - 	Reference:  De volgen@@ de dia die ik laat zi@@ en is een ver@@ snel@@ de vers@@ ie van wat er de af@@ gel@@ open 2@@ 5 j@@ aar is gebeur@@ d@@ .
2026-05-24 06:01:11,595 - INFO - joeynmt.training - 	Hypothesis: De eer@@ ste van een k@@ k@@ ing van een k@@ k@@ k@@ , dat je een k@@ k@@ k@@ k@@ <unk>
2026-05-24 06:02:12,213 - INFO - joeynmt.training - Epoch   1, Step:     1100, Batch Loss:     2.979369, Batch Acc: 0.253238, Tokens per Sec:     1250, Lr: 0.000300
2026-05-24 06:03:10,049 - INFO - joeynmt.training - Epoch   1, Step:     1200, Batch Loss:     2.761698, Batch Acc: 0.262144, Tokens per Sec:     1277, Lr: 0.000300
2026-05-24 06:04:09,912 - INFO - joeynmt.training - Epoch   1, Step:     1300, Batch Loss:     2.837832, Batch Acc: 0.268805, Tokens per Sec:     1223, Lr: 0.000300
2026-05-24 06:05:09,860 - INFO - joeynmt.training - Epoch   1, Step:     1400, Batch Loss:     2.848225, Batch Acc: 0.282502, Tokens per Sec:     1236, Lr: 0.000300
2026-05-24 06:06:14,451 - INFO - joeynmt.training - Epoch   1, Step:     1500, Batch Loss:     2.555746, Batch Acc: 0.293566, Tokens per Sec:     1143, Lr: 0.000300
2026-05-24 06:06:14,455 - INFO - joeynmt.prediction - Predicting 1003 example(s)... (Greedy decoding with min_output_length=1, max_output_length=100, return_prob='none', generate_unk=True, repetition_penalty=-1, no_repeat_ngram_size=-1)
2026-05-24 06:10:12,825 - INFO - joeynmt.metrics - nrefs:1|case:mixed|eff:no|tok:13a|smooth:exp|version:2.6.0
2026-05-24 06:10:12,827 - INFO - joeynmt.prediction - Evaluation result (greedy) bleu:   7.84, loss:   2.84, ppl:  17.11, acc:   0.27, generation: 237.8218[sec], evaluation: 0.5244[sec]
2026-05-24 06:10:12,828 - INFO - joeynmt.training - Hooray! New best validation result [ppl]!
2026-05-24 06:10:12,911 - INFO - joeynmt.training - Example #0
2026-05-24 06:10:12,911 - DEBUG - joeynmt.training - 	Tokenized source:     ['\ufeffLa@@', 'st', 'year', 'I', 'sho@@', 'we@@', 'd', 'thes@@', 'e', 'tw@@', 'o', 'sli@@', 'de@@', 's', 'so', 'that', 'de@@', 'mon@@', 'strate', 'that', 'the', 'ar@@', 'c@@', 'tic', 'ic@@', 'e', 'cap@@', ',', 'wh@@', 'ich', 'for', 'mo@@', 'st', 'of', 'the', 'la@@', 'st', 'th@@', 'ree', 'milli@@', 'on', 'year@@', 's', 'ha@@', 's', 'be@@', 'en', 'the', 'si@@', 'ze', 'of', 'the', 'lo@@', 'wer', '4@@', '8', 'stat@@', 'es@@', ',', 'ha@@', 's', 'sh@@', 'run@@', 'k', 'b@@', 'y', '4@@', '0', 'percen@@', 't@@', '.']
2026-05-24 06:10:12,912 - DEBUG - joeynmt.training - 	Tokenized reference:  ['\ufeffV@@', 'orig', 'j@@', 'aar', 'lie@@', 't', 'ik', 'de@@', 'ze', 'twee', 'dia@@', "'@@", 's', 'zi@@', 'en', 'om', 'aan', 'te', 'ton@@', 'en', 'dat', 'de', 'p@@', 'ool@@', 'ij@@', 'sk@@', 'ap@@', ',', 'die', 'de', 'af@@', 'gel@@', 'open', 'drie', 'miljo@@', 'en', 'j@@', 'aar', 'onge@@', 've@@', 'er', 'de', 'groot@@', 'te', 'had', 'van', 'het', 'va@@', 'stel@@', 'and', 'van', 'de', 'V@@', 'S@@', ',', 'met', '4@@', '0@@', '%', 'gek@@', 'ro@@', 'mp@@', 'en', 'was@@', '.']
2026-05-24 06:10:12,912 - DEBUG - joeynmt.training - 	Tokenized hypothesis: ['I@@', 'k', 'heb', 'ik', 'dat', 'de', 'de', 'wereld', 'dat', 'de', 'eer@@', 'ste', 'ste', 'ste', 'ste', 'ste', 'ste', 'ste', 'ste', 'ste', 'ste', 'ste', 'ste', 'ste', 'ste', 'ste', 'ste', 'ste', 'ste', 'ste', 'j@@', 'ul@@', 'lie', 'j@@', 'aar', 'gele@@', 'den', 'van', 'de', 'wereld', 'van', 'de', 'wereld', 'van', 'de', 'wereld', 'van', 'de', 'wereld', 'van', 'de', 'wereld', 'van', 'de', 'wereld', 'van', 'de', 'wereld', 'van', 'de', 'wereld', 'van', 'de', 'wereld', 'van', 'de', 'wereld', 'van', 'de', 'wereld', 'die', 'de', 'wereld', 'die', 'de', 'wereld', 'die', 'de', 'wereld', 'dat', 'de', 'de', 'hel@@', 'e', 'hel@@', 'e', 'hel@@', 'e', 'hel@@', 'e', 'hel@@', 'e', 'ander@@', 'e', 'hel@@', 'e', 'hel@@', 'e', 'ander@@', 'e']
2026-05-24 06:10:12,912 - INFO - joeynmt.training - 	Source:     ﻿La@@ st year I sho@@ we@@ d thes@@ e tw@@ o sli@@ de@@ s so that de@@ mon@@ strate that the ar@@ c@@ tic ic@@ e cap@@ , wh@@ ich for mo@@ st of the la@@ st th@@ ree milli@@ on year@@ s ha@@ s be@@ en the si@@ ze of the lo@@ wer 4@@ 8 stat@@ es@@ , ha@@ s sh@@ run@@ k b@@ y 4@@ 0 percen@@ t@@ .
2026-05-24 06:10:12,913 - INFO - joeynmt.training - 	Reference:  ﻿V@@ orig j@@ aar lie@@ t ik de@@ ze twee dia@@ '@@ s zi@@ en om aan te ton@@ en dat de p@@ ool@@ ij@@ sk@@ ap@@ , die de af@@ gel@@ open drie miljo@@ en j@@ aar onge@@ ve@@ er de groot@@ te had van het va@@ stel@@ and van de V@@ S@@ , met 4@@ 0@@ % gek@@ ro@@ mp@@ en was@@ .
2026-05-24 06:10:12,913 - INFO - joeynmt.training - 	Hypothesis: I@@ k heb ik dat de de wereld dat de eer@@ ste ste ste ste ste ste ste ste ste ste ste ste ste ste ste ste ste ste ste j@@ ul@@ lie j@@ aar gele@@ den van de wereld van de wereld van de wereld van de wereld van de wereld van de wereld van de wereld van de wereld van de wereld van de wereld van de wereld die de wereld die de wereld die de wereld dat de de hel@@ e hel@@ e hel@@ e hel@@ e hel@@ e ander@@ e hel@@ e hel@@ e ander@@ e
2026-05-24 06:10:12,914 - INFO - joeynmt.training - Example #1
2026-05-24 06:10:12,915 - DEBUG - joeynmt.training - 	Tokenized source:     ['Bu@@', 't', 'th@@', 'is', 'under@@', 'stat@@', 'es', 'the', 'ser@@', 'i@@', 'ou@@', 'sn@@', 'ess', 'of', 'th@@', 'is', 'particul@@', 'ar', 'proble@@', 'm', 'beca@@', 'us@@', 'e', 'it', 'does@@', 'n@@', "'@@", 't', 'sho@@', 'w', 'the', 'th@@', 'ic@@', 'kn@@', 'ess', 'of', 'the', 'ic@@', 'e@@', '.']
2026-05-24 06:10:12,915 - DEBUG - joeynmt.training - 	Tokenized reference:  ['M@@', 'aar', 'dit', 'onder@@', 'sch@@', 'at', 'eigen@@', 'lijk', 'de', 'ern@@', 'st', 'van', 'dit', 'specif@@', 'ie@@', 'ke', 'proble@@', 'em', 'om@@', 'dat', 'het', 'nie@@', 't', 'de', 'di@@', 'k@@', 'te', 'van', 'het', 'ij@@', 's', 'laat', 'zi@@', 'en@@', '.']
2026-05-24 06:10:12,915 - DEBUG - joeynmt.training - 	Tokenized hypothesis: ['M@@', 'aar', 'het', 'is', 'de', 'hel@@', 'e', 'hel@@', 'e', 'hel@@', 'e', 'hel@@', 'e', 'hel@@', 'e', 'hel@@', 'e', 'hel@@', 'e', 'hel@@', 'e', 'hel@@', 'e', 'hel@@', 'e', 'hel@@', 'e', 'hel@@', 'e', 'hel@@', 'e', 'hel@@', 'e', 'hel@@', 'e', 'hel@@', 'e', 'hel@@', 'e', 'hel@@', 'e', 'hel@@', 'em@@', '<unk>', '</s>']
2026-05-24 06:10:12,915 - INFO - joeynmt.training - 	Source:     Bu@@ t th@@ is under@@ stat@@ es the ser@@ i@@ ou@@ sn@@ ess of th@@ is particul@@ ar proble@@ m beca@@ us@@ e it does@@ n@@ '@@ t sho@@ w the th@@ ic@@ kn@@ ess of the ic@@ e@@ .
2026-05-24 06:10:12,915 - INFO - joeynmt.training - 	Reference:  M@@ aar dit onder@@ sch@@ at eigen@@ lijk de ern@@ st van dit specif@@ ie@@ ke proble@@ em om@@ dat het nie@@ t de di@@ k@@ te van het ij@@ s laat zi@@ en@@ .
2026-05-24 06:10:12,917 - INFO - joeynmt.training - 	Hypothesis: M@@ aar het is de hel@@ e hel@@ e hel@@ e hel@@ e hel@@ e hel@@ e hel@@ e hel@@ e hel@@ e hel@@ e hel@@ e hel@@ e hel@@ e hel@@ e hel@@ e hel@@ e hel@@ e hel@@ e hel@@ em@@ <unk>
2026-05-24 06:10:12,918 - INFO - joeynmt.training - Example #2
2026-05-24 06:10:12,919 - DEBUG - joeynmt.training - 	Tokenized source:     ['The', 'ar@@', 'c@@', 'tic', 'ic@@', 'e', 'cap', 'is@@', ',', 'in', 'a', 'sen@@', 'se@@', ',', 'the', 'be@@', 'at@@', 'ing', 'hear@@', 't', 'of', 'the', 'glob@@', 'al', 'cli@@', 'mat@@', 'e', 'system@@', '.']
2026-05-24 06:10:12,919 - DEBUG - joeynmt.training - 	Tokenized reference:  ['De', 'ij@@', 'sk@@', 'ap', 'op', 'de', 'Noor@@', 'd@@', 'p@@', 'ool', 'is', 'in', 'ze@@', 'ker@@', 'e', 'zin', 'het', 'kl@@', 'op@@', 'pen@@', 'd', 'har@@', 't', 'van', 'ons', 'glob@@', 'aal', 'kli@@', 'maat@@', 'syste@@', 'em@@', '.']
2026-05-24 06:10:12,919 - DEBUG - joeynmt.training - 	Tokenized hypothesis: ['De', 'wereld', 'is', 'een', 'p@@', 'aar', 'in', 'een', 'p@@', 'aar', 'in', 'de', 'wereld', 'van', 'de', 'wereld', 'van', 'de', 'wereld', 'van', 'de', 'wereld', 'van', 'de', 'wereld', 'van', 'de', 'wereld', 'van', 'de', 'wereld', 'van', 'de', 'wereld', 'van', 'de', 'wereld', 'van', 'de', 'wereld', 'van', 'de', 'wereld', 'van', 'de', 'wereld', 'van', 'de', 'wereld', 'van', 'de', 'wereld', 'in', 'de', 'wereld', 'van', 'de', 'wereld', 'van', 'de', 'wereld', 'van', 'de', 'wereld', 'van', 'de', 'wereld', 'van', 'de', 'wereld', 'van', 'de', 'wereld', 'van', 'de', 'wereld', 'van', 'de', 'wereld', 'van', 'de', 'wereld', 'van', 'de', 'wereld', 'van', 'de', 'wereld', 'van', 'de', 'wereld', 'van', 'de', 'wereld', 'van', 'de', 'wereld', 'van', 'de', 'wereld']
2026-05-24 06:10:12,920 - INFO - joeynmt.training - 	Source:     The ar@@ c@@ tic ic@@ e cap is@@ , in a sen@@ se@@ , the be@@ at@@ ing hear@@ t of the glob@@ al cli@@ mat@@ e system@@ .
2026-05-24 06:10:12,921 - INFO - joeynmt.training - 	Reference:  De ij@@ sk@@ ap op de Noor@@ d@@ p@@ ool is in ze@@ ker@@ e zin het kl@@ op@@ pen@@ d har@@ t van ons glob@@ aal kli@@ maat@@ syste@@ em@@ .
2026-05-24 06:10:12,921 - INFO - joeynmt.training - 	Hypothesis: De wereld is een p@@ aar in een p@@ aar in de wereld van de wereld van de wereld van de wereld van de wereld van de wereld van de wereld van de wereld van de wereld van de wereld van de wereld van de wereld van de wereld van de wereld in de wereld van de wereld van de wereld van de wereld van de wereld van de wereld van de wereld van de wereld van de wereld van de wereld van de wereld van de wereld van de wereld van de wereld van de wereld van de wereld
2026-05-24 06:10:12,922 - INFO - joeynmt.training - Example #3
2026-05-24 06:10:12,922 - DEBUG - joeynmt.training - 	Tokenized source:     ['I@@', 't', 'ex@@', 'p@@', 'and@@', 's', 'in', 'w@@', 'inter', 'and', 'con@@', 'trac@@', 'ts', 'in', 'su@@', 'm@@', 'mer@@', '.']
2026-05-24 06:10:12,922 - DEBUG - joeynmt.training - 	Tokenized reference:  ['H@@', 'et', 'zet', 'uit', 'in', 'de', 'w@@', 'inter', 'en', 'k@@', 'ri@@', 'mp@@', 't', 'in', 'de', 'zom@@', 'er@@', '.']
2026-05-24 06:10:12,922 - DEBUG - joeynmt.training - 	Tokenized hypothesis: ['H@@', 'et', 'is', 'in', 'de', 'wereld', 'in', 'de', 'wereld', 'in', 'de', 'wereld', 'in', 'de', 'wereld', 'in', 'de', 'wereld', 'in', 'de', 'hel@@', 'e', 'mani@@', 'er@@', '<unk>', '</s>']
2026-05-24 06:10:12,922 - INFO - joeynmt.training - 	Source:     I@@ t ex@@ p@@ and@@ s in w@@ inter and con@@ trac@@ ts in su@@ m@@ mer@@ .
2026-05-24 06:10:12,923 - INFO - joeynmt.training - 	Reference:  H@@ et zet uit in de w@@ inter en k@@ ri@@ mp@@ t in de zom@@ er@@ .
2026-05-24 06:10:12,923 - INFO - joeynmt.training - 	Hypothesis: H@@ et is in de wereld in de wereld in de wereld in de wereld in de wereld in de hel@@ e mani@@ er@@ <unk>
2026-05-24 06:10:12,923 - INFO - joeynmt.training - Example #4
2026-05-24 06:10:12,923 - DEBUG - joeynmt.training - 	Tokenized source:     ['The', 'ne@@', 'x@@', 't', 'sli@@', 'de', 'I', 'sho@@', 'w', 'you', 'will', 'be', 'a', 'ra@@', 'p@@', 'id', 'fa@@', 'st-@@', 'for@@', 'war@@', 'd', 'of', 'what@@', "'@@", 's', 'happen@@', 'ed', 'over', 'the', 'la@@', 'st', '2@@', '5', 'year@@', 's@@', '.']
2026-05-24 06:10:12,923 - DEBUG - joeynmt.training - 	Tokenized reference:  ['De', 'volgen@@', 'de', 'dia', 'die', 'ik', 'laat', 'zi@@', 'en', 'is', 'een', 'ver@@', 'snel@@', 'de', 'vers@@', 'ie', 'van', 'wat', 'er', 'de', 'af@@', 'gel@@', 'open', '2@@', '5', 'j@@', 'aar', 'is', 'gebeur@@', 'd@@', '.']
2026-05-24 06:10:12,924 - DEBUG - joeynmt.training - 	Tokenized hypothesis: ['De', 'eer@@', 'ste', 'ste', 'ste', 'ste', 'ste', 'van', 'j@@', 'ul@@', 'lie', 'een', 'p@@', 'aar', 'van', 'de', 'wereld', 'van', 'de', 'wereld', 'van', 'de', 'wereld', 'van', 'de', 'wereld', 'van', 'de', 'wereld', 'van', 'de', 'wereld', 'van', 'de', 'wereld', 'dat', 'de', 'j@@', 'ul@@', 'lie', 'j@@', 'ul@@', 'lie', 'j@@', 'ul@@', 'lie', 'j@@', 'ul@@', 'lie', 'j@@', 'ul@@', 'lie', 'j@@', 'ul@@', 'lie', 'j@@', 'ul@@', 'lie', 'j@@', 'ul@@', 'lie', 'j@@', 'ul@@', 'lie', 'j@@', 'ul@@', 'lie', 'j@@', 'ul@@', 'lie', 'van', 'de', 'wereld', 'dat', 'het', 'het', 'het', 'het', 'het', 'is', 'een', 'j@@', 'ul@@', 'lie', 'van', 'de', 'be@@', 'ken@@', '<unk>', '</s>']
2026-05-24 06:10:12,924 - INFO - joeynmt.training - 	Source:     The ne@@ x@@ t sli@@ de I sho@@ w you will be a ra@@ p@@ id fa@@ st-@@ for@@ war@@ d of what@@ '@@ s happen@@ ed over the la@@ st 2@@ 5 year@@ s@@ .
2026-05-24 06:10:12,924 - INFO - joeynmt.training - 	Reference:  De volgen@@ de dia die ik laat zi@@ en is een ver@@ snel@@ de vers@@ ie van wat er de af@@ gel@@ open 2@@ 5 j@@ aar is gebeur@@ d@@ .
2026-05-24 06:10:12,924 - INFO - joeynmt.training - 	Hypothesis: De eer@@ ste ste ste ste ste van j@@ ul@@ lie een p@@ aar van de wereld van de wereld van de wereld van de wereld van de wereld van de wereld van de wereld dat de j@@ ul@@ lie j@@ ul@@ lie j@@ ul@@ lie j@@ ul@@ lie j@@ ul@@ lie j@@ ul@@ lie j@@ ul@@ lie j@@ ul@@ lie j@@ ul@@ lie j@@ ul@@ lie j@@ ul@@ lie van de wereld dat het het het het het is een j@@ ul@@ lie van de be@@ ken@@ <unk>
2026-05-24 06:11:14,825 - INFO - joeynmt.training - Epoch   1, Step:     1600, Batch Loss:     2.780526, Batch Acc: 0.299232, Tokens per Sec:     1223, Lr: 0.000300
2026-05-24 06:11:51,689 - INFO - joeynmt.training - Epoch   1, Step:     1700, Batch Loss:     2.493340, Batch Acc: 0.309419, Tokens per Sec:     2026, Lr: 0.000300
2026-05-24 06:12:51,701 - INFO - joeynmt.training - Epoch   1, Step:     1800, Batch Loss:     2.703622, Batch Acc: 0.317196, Tokens per Sec:     1225, Lr: 0.000300
2026-05-24 06:13:50,346 - INFO - joeynmt.training - Epoch   1, Step:     1900, Batch Loss:     2.539354, Batch Acc: 0.317404, Tokens per Sec:     1244, Lr: 0.000300
2026-05-24 06:14:49,628 - INFO - joeynmt.training - Epoch   1, Step:     2000, Batch Loss:     2.654743, Batch Acc: 0.330048, Tokens per Sec:     1249, Lr: 0.000300
2026-05-24 06:14:49,629 - INFO - joeynmt.prediction - Predicting 1003 example(s)... (Greedy decoding with min_output_length=1, max_output_length=100, return_prob='none', generate_unk=True, repetition_penalty=-1, no_repeat_ngram_size=-1)
2026-05-24 06:18:14,770 - INFO - joeynmt.metrics - nrefs:1|case:mixed|eff:no|tok:13a|smooth:exp|version:2.6.0
2026-05-24 06:18:14,771 - INFO - joeynmt.prediction - Evaluation result (greedy) bleu:  12.65, loss:   2.67, ppl:  14.44, acc:   0.30, generation: 204.5595[sec], evaluation: 0.5662[sec]
2026-05-24 06:18:14,774 - INFO - joeynmt.training - Hooray! New best validation result [ppl]!
2026-05-24 06:18:14,850 - INFO - joeynmt.training - Example #0
2026-05-24 06:18:14,850 - DEBUG - joeynmt.training - 	Tokenized source:     ['\ufeffLa@@', 'st', 'year', 'I', 'sho@@', 'we@@', 'd', 'thes@@', 'e', 'tw@@', 'o', 'sli@@', 'de@@', 's', 'so', 'that', 'de@@', 'mon@@', 'strate', 'that', 'the', 'ar@@', 'c@@', 'tic', 'ic@@', 'e', 'cap@@', ',', 'wh@@', 'ich', 'for', 'mo@@', 'st', 'of', 'the', 'la@@', 'st', 'th@@', 'ree', 'milli@@', 'on', 'year@@', 's', 'ha@@', 's', 'be@@', 'en', 'the', 'si@@', 'ze', 'of', 'the', 'lo@@', 'wer', '4@@', '8', 'stat@@', 'es@@', ',', 'ha@@', 's', 'sh@@', 'run@@', 'k', 'b@@', 'y', '4@@', '0', 'percen@@', 't@@', '.']
2026-05-24 06:18:14,850 - DEBUG - joeynmt.training - 	Tokenized reference:  ['\ufeffV@@', 'orig', 'j@@', 'aar', 'lie@@', 't', 'ik', 'de@@', 'ze', 'twee', 'dia@@', "'@@", 's', 'zi@@', 'en', 'om', 'aan', 'te', 'ton@@', 'en', 'dat', 'de', 'p@@', 'ool@@', 'ij@@', 'sk@@', 'ap@@', ',', 'die', 'de', 'af@@', 'gel@@', 'open', 'drie', 'miljo@@', 'en', 'j@@', 'aar', 'onge@@', 've@@', 'er', 'de', 'groot@@', 'te', 'had', 'van', 'het', 'va@@', 'stel@@', 'and', 'van', 'de', 'V@@', 'S@@', ',', 'met', '4@@', '0@@', '%', 'gek@@', 'ro@@', 'mp@@', 'en', 'was@@', '.']
2026-05-24 06:18:14,850 - DEBUG - joeynmt.training - 	Tokenized hypothesis: ['I@@', 'k', 'j@@', 'aar', 'gele@@', 'den', 'we', 'de@@', 'ze', 'twee', 'j@@', 'aar', 'gele@@', 'den', 'die', 'de', 'eer@@', 'ste', 'j@@', 'aar', 'gele@@', 'den@@', ',', 'de', 'de', 'j@@', 'aar', 'gele@@', 'den', 'de', 'j@@', 'aar', 'gele@@', 'den', 'de', 'j@@', 'aar', 'gele@@', 'den', 'de', 'j@@', 'aar', 'gele@@', 'den', 'de', 'de', 'j@@', 'aar', 'gele@@', 'den', 'de', 'de', 'de', 'de', 'j@@', 'aar', 'gele@@', 'den', 'van', 'de', 'de', 'de', 'eer@@', 'ste', 'j@@', 'aar', 'gele@@', 'den', 'de', 'de', 'de', 'de', 'j@@', 'aar', 'gele@@', 'den', 'van', 'de', 'de', 'de', '4@@', '0', 'j@@', 'aar', 'gele@@', 'den', 'van', 'de', 'de', 'de', 'de', 'de', 'de', 'de', 'j@@', 'aar', 'gele@@', 'gele@@', 'den@@', '<unk>']
2026-05-24 06:18:14,851 - INFO - joeynmt.training - 	Source:     ﻿La@@ st year I sho@@ we@@ d thes@@ e tw@@ o sli@@ de@@ s so that de@@ mon@@ strate that the ar@@ c@@ tic ic@@ e cap@@ , wh@@ ich for mo@@ st of the la@@ st th@@ ree milli@@ on year@@ s ha@@ s be@@ en the si@@ ze of the lo@@ wer 4@@ 8 stat@@ es@@ , ha@@ s sh@@ run@@ k b@@ y 4@@ 0 percen@@ t@@ .
2026-05-24 06:18:14,851 - INFO - joeynmt.training - 	Reference:  ﻿V@@ orig j@@ aar lie@@ t ik de@@ ze twee dia@@ '@@ s zi@@ en om aan te ton@@ en dat de p@@ ool@@ ij@@ sk@@ ap@@ , die de af@@ gel@@ open drie miljo@@ en j@@ aar onge@@ ve@@ er de groot@@ te had van het va@@ stel@@ and van de V@@ S@@ , met 4@@ 0@@ % gek@@ ro@@ mp@@ en was@@ .
2026-05-24 06:18:14,852 - INFO - joeynmt.training - 	Hypothesis: I@@ k j@@ aar gele@@ den we de@@ ze twee j@@ aar gele@@ den die de eer@@ ste j@@ aar gele@@ den@@ , de de j@@ aar gele@@ den de j@@ aar gele@@ den de j@@ aar gele@@ den de j@@ aar gele@@ den de de j@@ aar gele@@ den de de de de j@@ aar gele@@ den van de de de eer@@ ste j@@ aar gele@@ den de de de de j@@ aar gele@@ den van de de de 4@@ 0 j@@ aar gele@@ den van de de de de de de de j@@ aar gele@@ gele@@ den@@ <unk>
2026-05-24 06:18:14,852 - INFO - joeynmt.training - Example #1
2026-05-24 06:18:14,852 - DEBUG - joeynmt.training - 	Tokenized source:     ['Bu@@', 't', 'th@@', 'is', 'under@@', 'stat@@', 'es', 'the', 'ser@@', 'i@@', 'ou@@', 'sn@@', 'ess', 'of', 'th@@', 'is', 'particul@@', 'ar', 'proble@@', 'm', 'beca@@', 'us@@', 'e', 'it', 'does@@', 'n@@', "'@@", 't', 'sho@@', 'w', 'the', 'th@@', 'ic@@', 'kn@@', 'ess', 'of', 'the', 'ic@@', 'e@@', '.']
2026-05-24 06:18:14,852 - DEBUG - joeynmt.training - 	Tokenized reference:  ['M@@', 'aar', 'dit', 'onder@@', 'sch@@', 'at', 'eigen@@', 'lijk', 'de', 'ern@@', 'st', 'van', 'dit', 'specif@@', 'ie@@', 'ke', 'proble@@', 'em', 'om@@', 'dat', 'het', 'nie@@', 't', 'de', 'di@@', 'k@@', 'te', 'van', 'het', 'ij@@', 's', 'laat', 'zi@@', 'en@@', '.']
2026-05-24 06:18:14,852 - DEBUG - joeynmt.training - 	Tokenized hypothesis: ['M@@', 'aar', 'dit', 'is', 'de', 'mani@@', 'er', 'is', 'is', 'de', 'mani@@', 'er', 'is', 'dat', 'het', 'het', 'is', 'dat', 'het', 'nie@@', 't', 'alle@@', 'en', 'nie@@', 't', 'alle@@', 'en', 'het', 'nie@@', 't', 'alle@@', 's', 'van', 'de', 'hel@@', 'e', 'mani@@', 'er', 'nie@@', 't', 'van', 'de', 'hel@@', 'e', 'mani@@', 'er', 'nie@@', 't', 'van', 'de', 'k@@', 'al@@', 'al@@', 'tijd', 'van', 'de', 'hel@@', 'e', 'mani@@', 'er', 'nie@@', 't', 'alle@@', 's', 'van', 'de', 'ding@@', 'en@@', '<unk>', '</s>']
2026-05-24 06:18:14,852 - INFO - joeynmt.training - 	Source:     Bu@@ t th@@ is under@@ stat@@ es the ser@@ i@@ ou@@ sn@@ ess of th@@ is particul@@ ar proble@@ m beca@@ us@@ e it does@@ n@@ '@@ t sho@@ w the th@@ ic@@ kn@@ ess of the ic@@ e@@ .
2026-05-24 06:18:14,853 - INFO - joeynmt.training - 	Reference:  M@@ aar dit onder@@ sch@@ at eigen@@ lijk de ern@@ st van dit specif@@ ie@@ ke proble@@ em om@@ dat het nie@@ t de di@@ k@@ te van het ij@@ s laat zi@@ en@@ .
2026-05-24 06:18:14,853 - INFO - joeynmt.training - 	Hypothesis: M@@ aar dit is de mani@@ er is is de mani@@ er is dat het het is dat het nie@@ t alle@@ en nie@@ t alle@@ en het nie@@ t alle@@ s van de hel@@ e mani@@ er nie@@ t van de hel@@ e mani@@ er nie@@ t van de k@@ al@@ al@@ tijd van de hel@@ e mani@@ er nie@@ t alle@@ s van de ding@@ en@@ <unk>
2026-05-24 06:18:14,853 - INFO - joeynmt.training - Example #2
2026-05-24 06:18:14,854 - DEBUG - joeynmt.training - 	Tokenized source:     ['The', 'ar@@', 'c@@', 'tic', 'ic@@', 'e', 'cap', 'is@@', ',', 'in', 'a', 'sen@@', 'se@@', ',', 'the', 'be@@', 'at@@', 'ing', 'hear@@', 't', 'of', 'the', 'glob@@', 'al', 'cli@@', 'mat@@', 'e', 'system@@', '.']
2026-05-24 06:18:14,854 - DEBUG - joeynmt.training - 	Tokenized reference:  ['De', 'ij@@', 'sk@@', 'ap', 'op', 'de', 'Noor@@', 'd@@', 'p@@', 'ool', 'is', 'in', 'ze@@', 'ker@@', 'e', 'zin', 'het', 'kl@@', 'op@@', 'pen@@', 'd', 'har@@', 't', 'van', 'ons', 'glob@@', 'aal', 'kli@@', 'maat@@', 'syste@@', 'em@@', '.']
2026-05-24 06:18:14,854 - DEBUG - joeynmt.training - 	Tokenized hypothesis: ['De', 'eer@@', 'ste', 'is', 'een', 'aan@@', 'tal', 'st@@', 'aat', 'in', 'de', 'st@@', 'aat', 'van', 'de', 'st@@', 'aat', 'van', 'de', 'hel@@', 'e', 'hel@@', 'e', 'syste@@', 'em@@', '<unk>', '</s>']
2026-05-24 06:18:14,854 - INFO - joeynmt.training - 	Source:     The ar@@ c@@ tic ic@@ e cap is@@ , in a sen@@ se@@ , the be@@ at@@ ing hear@@ t of the glob@@ al cli@@ mat@@ e system@@ .
2026-05-24 06:18:14,854 - INFO - joeynmt.training - 	Reference:  De ij@@ sk@@ ap op de Noor@@ d@@ p@@ ool is in ze@@ ker@@ e zin het kl@@ op@@ pen@@ d har@@ t van ons glob@@ aal kli@@ maat@@ syste@@ em@@ .
2026-05-24 06:18:14,854 - INFO - joeynmt.training - 	Hypothesis: De eer@@ ste is een aan@@ tal st@@ aat in de st@@ aat van de st@@ aat van de hel@@ e hel@@ e syste@@ em@@ <unk>
2026-05-24 06:18:14,854 - INFO - joeynmt.training - Example #3
2026-05-24 06:18:14,856 - DEBUG - joeynmt.training - 	Tokenized source:     ['I@@', 't', 'ex@@', 'p@@', 'and@@', 's', 'in', 'w@@', 'inter', 'and', 'con@@', 'trac@@', 'ts', 'in', 'su@@', 'm@@', 'mer@@', '.']
2026-05-24 06:18:14,856 - DEBUG - joeynmt.training - 	Tokenized reference:  ['H@@', 'et', 'zet', 'uit', 'in', 'de', 'w@@', 'inter', 'en', 'k@@', 'ri@@', 'mp@@', 't', 'in', 'de', 'zom@@', 'er@@', '.']
2026-05-24 06:18:14,856 - DEBUG - joeynmt.training - 	Tokenized hypothesis: ['H@@', 'et', 'is', 'een', 'p@@', 'aar', 'op@@', 'nieuw', 'en', 'in', 'de', 'hel@@', 'e', 'mani@@', 'er@@', '<unk>', '</s>']
2026-05-24 06:18:14,856 - INFO - joeynmt.training - 	Source:     I@@ t ex@@ p@@ and@@ s in w@@ inter and con@@ trac@@ ts in su@@ m@@ mer@@ .
2026-05-24 06:18:14,857 - INFO - joeynmt.training - 	Reference:  H@@ et zet uit in de w@@ inter en k@@ ri@@ mp@@ t in de zom@@ er@@ .
2026-05-24 06:18:14,857 - INFO - joeynmt.training - 	Hypothesis: H@@ et is een p@@ aar op@@ nieuw en in de hel@@ e mani@@ er@@ <unk>
2026-05-24 06:18:14,857 - INFO - joeynmt.training - Example #4
2026-05-24 06:18:14,857 - DEBUG - joeynmt.training - 	Tokenized source:     ['The', 'ne@@', 'x@@', 't', 'sli@@', 'de', 'I', 'sho@@', 'w', 'you', 'will', 'be', 'a', 'ra@@', 'p@@', 'id', 'fa@@', 'st-@@', 'for@@', 'war@@', 'd', 'of', 'what@@', "'@@", 's', 'happen@@', 'ed', 'over', 'the', 'la@@', 'st', '2@@', '5', 'year@@', 's@@', '.']
2026-05-24 06:18:14,857 - DEBUG - joeynmt.training - 	Tokenized reference:  ['De', 'volgen@@', 'de', 'dia', 'die', 'ik', 'laat', 'zi@@', 'en', 'is', 'een', 'ver@@', 'snel@@', 'de', 'vers@@', 'ie', 'van', 'wat', 'er', 'de', 'af@@', 'gel@@', 'open', '2@@', '5', 'j@@', 'aar', 'is', 'gebeur@@', 'd@@', '.']
2026-05-24 06:18:14,858 - DEBUG - joeynmt.training - 	Tokenized hypothesis: ['De', 'eer@@', 'ste', 'j@@', 'aar', 'gele@@', 'den', 'ik', 'ik', 'een', 'j@@', 'aar', 'z@@', 'ou', 'z@@', 'ou', 'z@@', 'ou', 'het', 'het', 'is', 'wat', 'er', 'er', 'er', 'er', 'er', 'er', 'de', 'j@@', 'aar', 'gele@@', 'den@@', '<unk>', '</s>']
2026-05-24 06:18:14,859 - INFO - joeynmt.training - 	Source:     The ne@@ x@@ t sli@@ de I sho@@ w you will be a ra@@ p@@ id fa@@ st-@@ for@@ war@@ d of what@@ '@@ s happen@@ ed over the la@@ st 2@@ 5 year@@ s@@ .
2026-05-24 06:18:14,859 - INFO - joeynmt.training - 	Reference:  De volgen@@ de dia die ik laat zi@@ en is een ver@@ snel@@ de vers@@ ie van wat er de af@@ gel@@ open 2@@ 5 j@@ aar is gebeur@@ d@@ .
2026-05-24 06:18:14,859 - INFO - joeynmt.training - 	Hypothesis: De eer@@ ste j@@ aar gele@@ den ik ik een j@@ aar z@@ ou z@@ ou z@@ ou het het is wat er er er er er er de j@@ aar gele@@ den@@ <unk>
2026-05-24 06:19:13,488 - INFO - joeynmt.training - Epoch   1, Step:     2100, Batch Loss:     2.684813, Batch Acc: 0.333850, Tokens per Sec:     1263, Lr: 0.000300
2026-05-24 06:20:11,615 - INFO - joeynmt.training - Epoch   1, Step:     2200, Batch Loss:     2.322571, Batch Acc: 0.339942, Tokens per Sec:     1257, Lr: 0.000300
2026-05-24 06:21:08,200 - INFO - joeynmt.training - Epoch   1, Step:     2300, Batch Loss:     2.357969, Batch Acc: 0.350239, Tokens per Sec:     1319, Lr: 0.000300
2026-05-24 06:22:04,746 - INFO - joeynmt.training - Epoch   1, Step:     2400, Batch Loss:     2.352885, Batch Acc: 0.353279, Tokens per Sec:     1314, Lr: 0.000300
2026-05-24 06:23:01,670 - INFO - joeynmt.training - Epoch   1, Step:     2500, Batch Loss:     2.280407, Batch Acc: 0.361863, Tokens per Sec:     1299, Lr: 0.000300
2026-05-24 06:23:01,670 - INFO - joeynmt.prediction - Predicting 1003 example(s)... (Greedy decoding with min_output_length=1, max_output_length=100, return_prob='none', generate_unk=True, repetition_penalty=-1, no_repeat_ngram_size=-1)
2026-05-24 06:26:26,249 - INFO - joeynmt.metrics - nrefs:1|case:mixed|eff:no|tok:13a|smooth:exp|version:2.6.0
2026-05-24 06:26:26,249 - INFO - joeynmt.prediction - Evaluation result (greedy) bleu:  15.49, loss:   2.54, ppl:  12.68, acc:   0.33, generation: 204.0797[sec], evaluation: 0.4820[sec]
2026-05-24 06:26:26,252 - INFO - joeynmt.training - Hooray! New best validation result [ppl]!
2026-05-24 06:26:26,323 - INFO - joeynmt.training - Example #0
2026-05-24 06:26:26,324 - DEBUG - joeynmt.training - 	Tokenized source:     ['\ufeffLa@@', 'st', 'year', 'I', 'sho@@', 'we@@', 'd', 'thes@@', 'e', 'tw@@', 'o', 'sli@@', 'de@@', 's', 'so', 'that', 'de@@', 'mon@@', 'strate', 'that', 'the', 'ar@@', 'c@@', 'tic', 'ic@@', 'e', 'cap@@', ',', 'wh@@', 'ich', 'for', 'mo@@', 'st', 'of', 'the', 'la@@', 'st', 'th@@', 'ree', 'milli@@', 'on', 'year@@', 's', 'ha@@', 's', 'be@@', 'en', 'the', 'si@@', 'ze', 'of', 'the', 'lo@@', 'wer', '4@@', '8', 'stat@@', 'es@@', ',', 'ha@@', 's', 'sh@@', 'run@@', 'k', 'b@@', 'y', '4@@', '0', 'percen@@', 't@@', '.']
2026-05-24 06:26:26,324 - DEBUG - joeynmt.training - 	Tokenized reference:  ['\ufeffV@@', 'orig', 'j@@', 'aar', 'lie@@', 't', 'ik', 'de@@', 'ze', 'twee', 'dia@@', "'@@", 's', 'zi@@', 'en', 'om', 'aan', 'te', 'ton@@', 'en', 'dat', 'de', 'p@@', 'ool@@', 'ij@@', 'sk@@', 'ap@@', ',', 'die', 'de', 'af@@', 'gel@@', 'open', 'drie', 'miljo@@', 'en', 'j@@', 'aar', 'onge@@', 've@@', 'er', 'de', 'groot@@', 'te', 'had', 'van', 'het', 'va@@', 'stel@@', 'and', 'van', 'de', 'V@@', 'S@@', ',', 'met', '4@@', '0@@', '%', 'gek@@', 'ro@@', 'mp@@', 'en', 'was@@', '.']
2026-05-24 06:26:26,324 - DEBUG - joeynmt.training - 	Tokenized hypothesis: ['I@@', 'k', 'heb', 'j@@', 'aar', 'gele@@', 'den', 'de@@', 'ze', 'twee', 'j@@', 'aar', 'gele@@', 'den', 'die', 'de', 'jar@@', 'en', 'die', 'de', 'meest', 'van', 'de', 'laat@@', 'ste', 'j@@', 'aar', 'gele@@', 'den', 'van', 'de', 'jar@@', 'en', 'j@@', 'aar', 'gele@@', 'den', 'jar@@', 'en', 'j@@', 'aar', 'gele@@', 'den', 'van', 'de', 'jar@@', 'en', 'van', 'de', 'jar@@', 'en', 'van', 'de', '2@@', '4@@', '0', 'j@@', 'aar', 'gele@@', 'den', 'van', 'de', '2@@', '5@@', '<unk>', '</s>']
2026-05-24 06:26:26,325 - INFO - joeynmt.training - 	Source:     ﻿La@@ st year I sho@@ we@@ d thes@@ e tw@@ o sli@@ de@@ s so that de@@ mon@@ strate that the ar@@ c@@ tic ic@@ e cap@@ , wh@@ ich for mo@@ st of the la@@ st th@@ ree milli@@ on year@@ s ha@@ s be@@ en the si@@ ze of the lo@@ wer 4@@ 8 stat@@ es@@ , ha@@ s sh@@ run@@ k b@@ y 4@@ 0 percen@@ t@@ .
2026-05-24 06:26:26,325 - INFO - joeynmt.training - 	Reference:  ﻿V@@ orig j@@ aar lie@@ t ik de@@ ze twee dia@@ '@@ s zi@@ en om aan te ton@@ en dat de p@@ ool@@ ij@@ sk@@ ap@@ , die de af@@ gel@@ open drie miljo@@ en j@@ aar onge@@ ve@@ er de groot@@ te had van het va@@ stel@@ and van de V@@ S@@ , met 4@@ 0@@ % gek@@ ro@@ mp@@ en was@@ .
2026-05-24 06:26:26,326 - INFO - joeynmt.training - 	Hypothesis: I@@ k heb j@@ aar gele@@ den de@@ ze twee j@@ aar gele@@ den die de jar@@ en die de meest van de laat@@ ste j@@ aar gele@@ den van de jar@@ en j@@ aar gele@@ den jar@@ en j@@ aar gele@@ den van de jar@@ en van de jar@@ en van de 2@@ 4@@ 0 j@@ aar gele@@ den van de 2@@ 5@@ <unk>
2026-05-24 06:26:26,326 - INFO - joeynmt.training - Example #1
2026-05-24 06:26:26,326 - DEBUG - joeynmt.training - 	Tokenized source:     ['Bu@@', 't', 'th@@', 'is', 'under@@', 'stat@@', 'es', 'the', 'ser@@', 'i@@', 'ou@@', 'sn@@', 'ess', 'of', 'th@@', 'is', 'particul@@', 'ar', 'proble@@', 'm', 'beca@@', 'us@@', 'e', 'it', 'does@@', 'n@@', "'@@", 't', 'sho@@', 'w', 'the', 'th@@', 'ic@@', 'kn@@', 'ess', 'of', 'the', 'ic@@', 'e@@', '.']
2026-05-24 06:26:26,326 - DEBUG - joeynmt.training - 	Tokenized reference:  ['M@@', 'aar', 'dit', 'onder@@', 'sch@@', 'at', 'eigen@@', 'lijk', 'de', 'ern@@', 'st', 'van', 'dit', 'specif@@', 'ie@@', 'ke', 'proble@@', 'em', 'om@@', 'dat', 'het', 'nie@@', 't', 'de', 'di@@', 'k@@', 'te', 'van', 'het', 'ij@@', 's', 'laat', 'zi@@', 'en@@', '.']
2026-05-24 06:26:26,327 - DEBUG - joeynmt.training - 	Tokenized hypothesis: ['M@@', 'aar', 'dit', 'is', 'de', 'mensel@@', 'ijk@@', 'e', 'mani@@', 'er', 'van', 'de@@', 'ze', 'proble@@', 'em', 'is', 'dat', 'het', 'nie@@', 't', 'dat', 'het', 'nie@@', 't', 'van', 'de', 'toekom@@', 'st', 'van', 'de', 'st@@', 'aat', 'van', 'de', 'toekom@@', 'st@@', '<unk>', '</s>']
2026-05-24 06:26:26,327 - INFO - joeynmt.training - 	Source:     Bu@@ t th@@ is under@@ stat@@ es the ser@@ i@@ ou@@ sn@@ ess of th@@ is particul@@ ar proble@@ m beca@@ us@@ e it does@@ n@@ '@@ t sho@@ w the th@@ ic@@ kn@@ ess of the ic@@ e@@ .
2026-05-24 06:26:26,328 - INFO - joeynmt.training - 	Reference:  M@@ aar dit onder@@ sch@@ at eigen@@ lijk de ern@@ st van dit specif@@ ie@@ ke proble@@ em om@@ dat het nie@@ t de di@@ k@@ te van het ij@@ s laat zi@@ en@@ .
2026-05-24 06:26:26,328 - INFO - joeynmt.training - 	Hypothesis: M@@ aar dit is de mensel@@ ijk@@ e mani@@ er van de@@ ze proble@@ em is dat het nie@@ t dat het nie@@ t van de toekom@@ st van de st@@ aat van de toekom@@ st@@ <unk>
2026-05-24 06:26:26,328 - INFO - joeynmt.training - Example #2
2026-05-24 06:26:26,329 - DEBUG - joeynmt.training - 	Tokenized source:     ['The', 'ar@@', 'c@@', 'tic', 'ic@@', 'e', 'cap', 'is@@', ',', 'in', 'a', 'sen@@', 'se@@', ',', 'the', 'be@@', 'at@@', 'ing', 'hear@@', 't', 'of', 'the', 'glob@@', 'al', 'cli@@', 'mat@@', 'e', 'system@@', '.']
2026-05-24 06:26:26,329 - DEBUG - joeynmt.training - 	Tokenized reference:  ['De', 'ij@@', 'sk@@', 'ap', 'op', 'de', 'Noor@@', 'd@@', 'p@@', 'ool', 'is', 'in', 'ze@@', 'ker@@', 'e', 'zin', 'het', 'kl@@', 'op@@', 'pen@@', 'd', 'har@@', 't', 'van', 'ons', 'glob@@', 'aal', 'kli@@', 'maat@@', 'syste@@', 'em@@', '.']
2026-05-24 06:26:26,329 - DEBUG - joeynmt.training - 	Tokenized hypothesis: ['De', 'groot@@', 'te', 'van', 'de', 'ar@@', 'm@@', ',', 'in', 'een', 'van', 'de', 'technolog@@', 'ie@@', ',', 'de', 'technolog@@', 'ie@@', '<unk>', '</s>']
2026-05-24 06:26:26,329 - INFO - joeynmt.training - 	Source:     The ar@@ c@@ tic ic@@ e cap is@@ , in a sen@@ se@@ , the be@@ at@@ ing hear@@ t of the glob@@ al cli@@ mat@@ e system@@ .
2026-05-24 06:26:26,329 - INFO - joeynmt.training - 	Reference:  De ij@@ sk@@ ap op de Noor@@ d@@ p@@ ool is in ze@@ ker@@ e zin het kl@@ op@@ pen@@ d har@@ t van ons glob@@ aal kli@@ maat@@ syste@@ em@@ .
2026-05-24 06:26:26,331 - INFO - joeynmt.training - 	Hypothesis: De groot@@ te van de ar@@ m@@ , in een van de technolog@@ ie@@ , de technolog@@ ie@@ <unk>
2026-05-24 06:26:26,331 - INFO - joeynmt.training - Example #3
2026-05-24 06:26:26,332 - DEBUG - joeynmt.training - 	Tokenized source:     ['I@@', 't', 'ex@@', 'p@@', 'and@@', 's', 'in', 'w@@', 'inter', 'and', 'con@@', 'trac@@', 'ts', 'in', 'su@@', 'm@@', 'mer@@', '.']
2026-05-24 06:26:26,332 - DEBUG - joeynmt.training - 	Tokenized reference:  ['H@@', 'et', 'zet', 'uit', 'in', 'de', 'w@@', 'inter', 'en', 'k@@', 'ri@@', 'mp@@', 't', 'in', 'de', 'zom@@', 'er@@', '.']
2026-05-24 06:26:26,332 - DEBUG - joeynmt.training - 	Tokenized hypothesis: ['H@@', 'et', 'is', 'in', 'de', 'k@@', 'ou@@', 'de', 'en', 'ver@@', 'hal@@', 'en', 'in', 'de', 'k@@', 'ou@@', 'd@@', '<unk>', '</s>']
2026-05-24 06:26:26,332 - INFO - joeynmt.training - 	Source:     I@@ t ex@@ p@@ and@@ s in w@@ inter and con@@ trac@@ ts in su@@ m@@ mer@@ .
2026-05-24 06:26:26,333 - INFO - joeynmt.training - 	Reference:  H@@ et zet uit in de w@@ inter en k@@ ri@@ mp@@ t in de zom@@ er@@ .
2026-05-24 06:26:26,333 - INFO - joeynmt.training - 	Hypothesis: H@@ et is in de k@@ ou@@ de en ver@@ hal@@ en in de k@@ ou@@ d@@ <unk>
2026-05-24 06:26:26,334 - INFO - joeynmt.training - Example #4
2026-05-24 06:26:26,334 - DEBUG - joeynmt.training - 	Tokenized source:     ['The', 'ne@@', 'x@@', 't', 'sli@@', 'de', 'I', 'sho@@', 'w', 'you', 'will', 'be', 'a', 'ra@@', 'p@@', 'id', 'fa@@', 'st-@@', 'for@@', 'war@@', 'd', 'of', 'what@@', "'@@", 's', 'happen@@', 'ed', 'over', 'the', 'la@@', 'st', '2@@', '5', 'year@@', 's@@', '.']
2026-05-24 06:26:26,334 - DEBUG - joeynmt.training - 	Tokenized reference:  ['De', 'volgen@@', 'de', 'dia', 'die', 'ik', 'laat', 'zi@@', 'en', 'is', 'een', 'ver@@', 'snel@@', 'de', 'vers@@', 'ie', 'van', 'wat', 'er', 'de', 'af@@', 'gel@@', 'open', '2@@', '5', 'j@@', 'aar', 'is', 'gebeur@@', 'd@@', '.']
2026-05-24 06:26:26,334 - DEBUG - joeynmt.training - 	Tokenized hypothesis: ['De', 'laat@@', 'ste', 'we@@', 'et', 'dat', 'ik', 'j@@', 'aar', 'z@@', 'al', 'j@@', 'aar', 'gele@@', 'den', 'van', 'wat', 'er', 'de', 'laat@@', 'ste', 'j@@', 'aar', 'gele@@', 'den', 'j@@', 'aar', 'gele@@', 'den', 'j@@', 'aar', 'gele@@', 'den', 'j@@', 'aar', 'gele@@', 'den', 'j@@', 'aar', 'gele@@', 'den', 'j@@', 'aar', 'gele@@', 'den', 'j@@', 'aar', 'gele@@', 'den@@', '<unk>', '</s>']
2026-05-24 06:26:26,335 - INFO - joeynmt.training - 	Source:     The ne@@ x@@ t sli@@ de I sho@@ w you will be a ra@@ p@@ id fa@@ st-@@ for@@ war@@ d of what@@ '@@ s happen@@ ed over the la@@ st 2@@ 5 year@@ s@@ .
2026-05-24 06:26:26,335 - INFO - joeynmt.training - 	Reference:  De volgen@@ de dia die ik laat zi@@ en is een ver@@ snel@@ de vers@@ ie van wat er de af@@ gel@@ open 2@@ 5 j@@ aar is gebeur@@ d@@ .
2026-05-24 06:26:26,335 - INFO - joeynmt.training - 	Hypothesis: De laat@@ ste we@@ et dat ik j@@ aar z@@ al j@@ aar gele@@ den van wat er de laat@@ ste j@@ aar gele@@ den j@@ aar gele@@ den j@@ aar gele@@ den j@@ aar gele@@ den j@@ aar gele@@ den j@@ aar gele@@ den j@@ aar gele@@ den@@ <unk>
2026-05-24 06:27:24,724 - INFO - joeynmt.training - Epoch   1, Step:     2600, Batch Loss:     2.291301, Batch Acc: 0.370362, Tokens per Sec:     1260, Lr: 0.000300
2026-05-24 06:28:24,362 - INFO - joeynmt.training - Epoch   1, Step:     2700, Batch Loss:     2.266040, Batch Acc: 0.373165, Tokens per Sec:     1241, Lr: 0.000300
2026-05-24 06:29:23,438 - INFO - joeynmt.training - Epoch   1, Step:     2800, Batch Loss:     2.214762, Batch Acc: 0.373334, Tokens per Sec:     1275, Lr: 0.000300
2026-05-24 06:30:20,806 - INFO - joeynmt.training - Epoch   1, Step:     2900, Batch Loss:     2.249893, Batch Acc: 0.383581, Tokens per Sec:     1291, Lr: 0.000300
2026-05-24 06:31:16,560 - INFO - joeynmt.training - Epoch   1, Step:     3000, Batch Loss:     2.207908, Batch Acc: 0.389432, Tokens per Sec:     1304, Lr: 0.000300
2026-05-24 06:31:16,562 - INFO - joeynmt.prediction - Predicting 1003 example(s)... (Greedy decoding with min_output_length=1, max_output_length=100, return_prob='none', generate_unk=True, repetition_penalty=-1, no_repeat_ngram_size=-1)
2026-05-24 06:34:33,058 - INFO - joeynmt.metrics - nrefs:1|case:mixed|eff:no|tok:13a|smooth:exp|version:2.6.0
2026-05-24 06:34:33,058 - INFO - joeynmt.prediction - Evaluation result (greedy) bleu:  17.98, loss:   2.43, ppl:  11.31, acc:   0.35, generation: 195.9847[sec], evaluation: 0.4961[sec]
2026-05-24 06:34:33,060 - INFO - joeynmt.training - Hooray! New best validation result [ppl]!
2026-05-24 06:34:33,128 - INFO - joeynmt.helpers - delete output_bpe5000/500.ckpt
2026-05-24 06:34:33,136 - INFO - joeynmt.training - Example #0
2026-05-24 06:34:33,138 - DEBUG - joeynmt.training - 	Tokenized source:     ['\ufeffLa@@', 'st', 'year', 'I', 'sho@@', 'we@@', 'd', 'thes@@', 'e', 'tw@@', 'o', 'sli@@', 'de@@', 's', 'so', 'that', 'de@@', 'mon@@', 'strate', 'that', 'the', 'ar@@', 'c@@', 'tic', 'ic@@', 'e', 'cap@@', ',', 'wh@@', 'ich', 'for', 'mo@@', 'st', 'of', 'the', 'la@@', 'st', 'th@@', 'ree', 'milli@@', 'on', 'year@@', 's', 'ha@@', 's', 'be@@', 'en', 'the', 'si@@', 'ze', 'of', 'the', 'lo@@', 'wer', '4@@', '8', 'stat@@', 'es@@', ',', 'ha@@', 's', 'sh@@', 'run@@', 'k', 'b@@', 'y', '4@@', '0', 'percen@@', 't@@', '.']
2026-05-24 06:34:33,138 - DEBUG - joeynmt.training - 	Tokenized reference:  ['\ufeffV@@', 'orig', 'j@@', 'aar', 'lie@@', 't', 'ik', 'de@@', 'ze', 'twee', 'dia@@', "'@@", 's', 'zi@@', 'en', 'om', 'aan', 'te', 'ton@@', 'en', 'dat', 'de', 'p@@', 'ool@@', 'ij@@', 'sk@@', 'ap@@', ',', 'die', 'de', 'af@@', 'gel@@', 'open', 'drie', 'miljo@@', 'en', 'j@@', 'aar', 'onge@@', 've@@', 'er', 'de', 'groot@@', 'te', 'had', 'van', 'het', 'va@@', 'stel@@', 'and', 'van', 'de', 'V@@', 'S@@', ',', 'met', '4@@', '0@@', '%', 'gek@@', 'ro@@', 'mp@@', 'en', 'was@@', '.']
2026-05-24 06:34:33,138 - DEBUG - joeynmt.training - 	Tokenized hypothesis: ['I@@', 'k', 'j@@', 'aar', 'gele@@', 'den', 'de@@', 'ze', 'twee', 'twee', 'twee', 'twee', 'j@@', 'aar', 'dat', 'de', 'be@@', 'handel@@', 'ing', 'die', 'de', 'be@@', 'handel@@', 'ing', 'van', 'de', 'laat@@', 'ste', 'van', 'de', 'laat@@', 'ste', 'van', 'de', 'laat@@', 'ste', 'j@@', 'aar', 'gele@@', 'den', 'van', 'de', 'lan@@', 'den', 'van', 'de', 'lan@@', 'ge', 'van', 'de', 'lan@@', 'ge', 'van', 'de', 'lan@@', 'ger', 'van', 'de', 'lan@@', 'ten', 'van', 'de', 'lan@@', 'den', 'van', 'de', 'lan@@', 'den', 'van', 'de', 'lan@@', 'ge', 'pro@@', 'cen@@', 't@@', '<unk>', '</s>']
2026-05-24 06:34:33,138 - INFO - joeynmt.training - 	Source:     ﻿La@@ st year I sho@@ we@@ d thes@@ e tw@@ o sli@@ de@@ s so that de@@ mon@@ strate that the ar@@ c@@ tic ic@@ e cap@@ , wh@@ ich for mo@@ st of the la@@ st th@@ ree milli@@ on year@@ s ha@@ s be@@ en the si@@ ze of the lo@@ wer 4@@ 8 stat@@ es@@ , ha@@ s sh@@ run@@ k b@@ y 4@@ 0 percen@@ t@@ .
2026-05-24 06:34:33,139 - INFO - joeynmt.training - 	Reference:  ﻿V@@ orig j@@ aar lie@@ t ik de@@ ze twee dia@@ '@@ s zi@@ en om aan te ton@@ en dat de p@@ ool@@ ij@@ sk@@ ap@@ , die de af@@ gel@@ open drie miljo@@ en j@@ aar onge@@ ve@@ er de groot@@ te had van het va@@ stel@@ and van de V@@ S@@ , met 4@@ 0@@ % gek@@ ro@@ mp@@ en was@@ .
2026-05-24 06:34:33,139 - INFO - joeynmt.training - 	Hypothesis: I@@ k j@@ aar gele@@ den de@@ ze twee twee twee twee j@@ aar dat de be@@ handel@@ ing die de be@@ handel@@ ing van de laat@@ ste van de laat@@ ste van de laat@@ ste j@@ aar gele@@ den van de lan@@ den van de lan@@ ge van de lan@@ ge van de lan@@ ger van de lan@@ ten van de lan@@ den van de lan@@ den van de lan@@ ge pro@@ cen@@ t@@ <unk>
2026-05-24 06:34:33,139 - INFO - joeynmt.training - Example #1
2026-05-24 06:34:33,140 - DEBUG - joeynmt.training - 	Tokenized source:     ['Bu@@', 't', 'th@@', 'is', 'under@@', 'stat@@', 'es', 'the', 'ser@@', 'i@@', 'ou@@', 'sn@@', 'ess', 'of', 'th@@', 'is', 'particul@@', 'ar', 'proble@@', 'm', 'beca@@', 'us@@', 'e', 'it', 'does@@', 'n@@', "'@@", 't', 'sho@@', 'w', 'the', 'th@@', 'ic@@', 'kn@@', 'ess', 'of', 'the', 'ic@@', 'e@@', '.']
2026-05-24 06:34:33,140 - DEBUG - joeynmt.training - 	Tokenized reference:  ['M@@', 'aar', 'dit', 'onder@@', 'sch@@', 'at', 'eigen@@', 'lijk', 'de', 'ern@@', 'st', 'van', 'dit', 'specif@@', 'ie@@', 'ke', 'proble@@', 'em', 'om@@', 'dat', 'het', 'nie@@', 't', 'de', 'di@@', 'k@@', 'te', 'van', 'het', 'ij@@', 's', 'laat', 'zi@@', 'en@@', '.']
2026-05-24 06:34:33,140 - DEBUG - joeynmt.training - 	Tokenized hypothesis: ['M@@', 'aar', 'dit', 'is', 'de', 'con@@', 'tex@@', 't', 'van', 'dit', 'soor@@', 't', 'van', 'dit', 'proble@@', 'em', 'om@@', 'dat', 'het', 'nie@@', 't', 'dat', 'het', 'nie@@', 't', 'de', 'kan@@', 't', 'van', 'de', 'de', 'oo@@', 'k', 'de', 'p@@', 'aar', 'van', 'de', 'ic@@', 'a@@', '<unk>', '</s>']
2026-05-24 06:34:33,140 - INFO - joeynmt.training - 	Source:     Bu@@ t th@@ is under@@ stat@@ es the ser@@ i@@ ou@@ sn@@ ess of th@@ is particul@@ ar proble@@ m beca@@ us@@ e it does@@ n@@ '@@ t sho@@ w the th@@ ic@@ kn@@ ess of the ic@@ e@@ .
2026-05-24 06:34:33,140 - INFO - joeynmt.training - 	Reference:  M@@ aar dit onder@@ sch@@ at eigen@@ lijk de ern@@ st van dit specif@@ ie@@ ke proble@@ em om@@ dat het nie@@ t de di@@ k@@ te van het ij@@ s laat zi@@ en@@ .
2026-05-24 06:34:33,141 - INFO - joeynmt.training - 	Hypothesis: M@@ aar dit is de con@@ tex@@ t van dit soor@@ t van dit proble@@ em om@@ dat het nie@@ t dat het nie@@ t de kan@@ t van de de oo@@ k de p@@ aar van de ic@@ a@@ <unk>
2026-05-24 06:34:33,141 - INFO - joeynmt.training - Example #2
2026-05-24 06:34:33,141 - DEBUG - joeynmt.training - 	Tokenized source:     ['The', 'ar@@', 'c@@', 'tic', 'ic@@', 'e', 'cap', 'is@@', ',', 'in', 'a', 'sen@@', 'se@@', ',', 'the', 'be@@', 'at@@', 'ing', 'hear@@', 't', 'of', 'the', 'glob@@', 'al', 'cli@@', 'mat@@', 'e', 'system@@', '.']
2026-05-24 06:34:33,141 - DEBUG - joeynmt.training - 	Tokenized reference:  ['De', 'ij@@', 'sk@@', 'ap', 'op', 'de', 'Noor@@', 'd@@', 'p@@', 'ool', 'is', 'in', 'ze@@', 'ker@@', 'e', 'zin', 'het', 'kl@@', 'op@@', 'pen@@', 'd', 'har@@', 't', 'van', 'ons', 'glob@@', 'aal', 'kli@@', 'maat@@', 'syste@@', 'em@@', '.']
2026-05-24 06:34:33,141 - DEBUG - joeynmt.training - 	Tokenized hypothesis: ['De', 'groot@@', 'te', 'van', 'de', 're@@', 'st@@', 'isch@@', 'e', 'is', 'de', 'meest', 'ge@@', 'zi@@', 'en', 'van', 'de', 'meest', 'meest', 'inter@@', 'nation@@', 'al@@', 'e', 'syste@@', 'em@@', '<unk>', '</s>']
2026-05-24 06:34:33,142 - INFO - joeynmt.training - 	Source:     The ar@@ c@@ tic ic@@ e cap is@@ , in a sen@@ se@@ , the be@@ at@@ ing hear@@ t of the glob@@ al cli@@ mat@@ e system@@ .
2026-05-24 06:34:33,143 - INFO - joeynmt.training - 	Reference:  De ij@@ sk@@ ap op de Noor@@ d@@ p@@ ool is in ze@@ ker@@ e zin het kl@@ op@@ pen@@ d har@@ t van ons glob@@ aal kli@@ maat@@ syste@@ em@@ .
2026-05-24 06:34:33,143 - INFO - joeynmt.training - 	Hypothesis: De groot@@ te van de re@@ st@@ isch@@ e is de meest ge@@ zi@@ en van de meest meest inter@@ nation@@ al@@ e syste@@ em@@ <unk>
2026-05-24 06:34:33,143 - INFO - joeynmt.training - Example #3
2026-05-24 06:34:33,143 - DEBUG - joeynmt.training - 	Tokenized source:     ['I@@', 't', 'ex@@', 'p@@', 'and@@', 's', 'in', 'w@@', 'inter', 'and', 'con@@', 'trac@@', 'ts', 'in', 'su@@', 'm@@', 'mer@@', '.']
2026-05-24 06:34:33,143 - DEBUG - joeynmt.training - 	Tokenized reference:  ['H@@', 'et', 'zet', 'uit', 'in', 'de', 'w@@', 'inter', 'en', 'k@@', 'ri@@', 'mp@@', 't', 'in', 'de', 'zom@@', 'er@@', '.']
2026-05-24 06:34:33,143 - DEBUG - joeynmt.training - 	Tokenized hypothesis: ['H@@', 'et', 'g@@', 'aat', 'in', 'de', 'ze@@', 'er', 'en', 'ge@@', 'ef@@', 't', 'in', 'de', 'ze@@', 'ker@@', 'e', 'ge@@', 'stel@@', 'd@@', '<unk>', '</s>']
2026-05-24 06:34:33,145 - INFO - joeynmt.training - 	Source:     I@@ t ex@@ p@@ and@@ s in w@@ inter and con@@ trac@@ ts in su@@ m@@ mer@@ .
2026-05-24 06:34:33,145 - INFO - joeynmt.training - 	Reference:  H@@ et zet uit in de w@@ inter en k@@ ri@@ mp@@ t in de zom@@ er@@ .
2026-05-24 06:34:33,145 - INFO - joeynmt.training - 	Hypothesis: H@@ et g@@ aat in de ze@@ er en ge@@ ef@@ t in de ze@@ ker@@ e ge@@ stel@@ d@@ <unk>
2026-05-24 06:34:33,145 - INFO - joeynmt.training - Example #4
2026-05-24 06:34:33,146 - DEBUG - joeynmt.training - 	Tokenized source:     ['The', 'ne@@', 'x@@', 't', 'sli@@', 'de', 'I', 'sho@@', 'w', 'you', 'will', 'be', 'a', 'ra@@', 'p@@', 'id', 'fa@@', 'st-@@', 'for@@', 'war@@', 'd', 'of', 'what@@', "'@@", 's', 'happen@@', 'ed', 'over', 'the', 'la@@', 'st', '2@@', '5', 'year@@', 's@@', '.']
2026-05-24 06:34:33,146 - DEBUG - joeynmt.training - 	Tokenized reference:  ['De', 'volgen@@', 'de', 'dia', 'die', 'ik', 'laat', 'zi@@', 'en', 'is', 'een', 'ver@@', 'snel@@', 'de', 'vers@@', 'ie', 'van', 'wat', 'er', 'de', 'af@@', 'gel@@', 'open', '2@@', '5', 'j@@', 'aar', 'is', 'gebeur@@', 'd@@', '.']
2026-05-24 06:34:33,146 - DEBUG - joeynmt.training - 	Tokenized hypothesis: ['De', 'volgen@@', 'de', 'volgen@@', 'de', 'ik', 'z@@', 'al', 'j@@', 'ul@@', 'lie', 'een', 'p@@', 'aar', 'be@@', 'ken@@', 'd', 'van', 'wat', 'er', 'gebeur@@', 't', 'de', 'in', 'de', 'laat@@', 'ste', 'j@@', 'aar', 'gebeur@@', 't@@', '<unk>', '</s>']
2026-05-24 06:34:33,146 - INFO - joeynmt.training - 	Source:     The ne@@ x@@ t sli@@ de I sho@@ w you will be a ra@@ p@@ id fa@@ st-@@ for@@ war@@ d of what@@ '@@ s happen@@ ed over the la@@ st 2@@ 5 year@@ s@@ .
2026-05-24 06:34:33,146 - INFO - joeynmt.training - 	Reference:  De volgen@@ de dia die ik laat zi@@ en is een ver@@ snel@@ de vers@@ ie van wat er de af@@ gel@@ open 2@@ 5 j@@ aar is gebeur@@ d@@ .
2026-05-24 06:34:33,147 - INFO - joeynmt.training - 	Hypothesis: De volgen@@ de volgen@@ de ik z@@ al j@@ ul@@ lie een p@@ aar be@@ ken@@ d van wat er gebeur@@ t de in de laat@@ ste j@@ aar gebeur@@ t@@ <unk>
2026-05-24 06:35:29,081 - INFO - joeynmt.training - Epoch   1, Step:     3100, Batch Loss:     2.180168, Batch Acc: 0.392973, Tokens per Sec:     1312, Lr: 0.000300
2026-05-24 06:36:23,998 - INFO - joeynmt.training - Epoch   1, Step:     3200, Batch Loss:     2.210904, Batch Acc: 0.402268, Tokens per Sec:     1352, Lr: 0.000300
2026-05-24 06:37:16,453 - INFO - joeynmt.training - Epoch   1, Step:     3300, Batch Loss:     2.148790, Batch Acc: 0.409807, Tokens per Sec:     1426, Lr: 0.000300
2026-05-24 06:38:10,537 - INFO - joeynmt.training - Epoch   1, Step:     3400, Batch Loss:     2.136147, Batch Acc: 0.413898, Tokens per Sec:     1362, Lr: 0.000300
2026-05-24 06:39:05,752 - INFO - joeynmt.training - Epoch   1, Step:     3500, Batch Loss:     2.269408, Batch Acc: 0.418662, Tokens per Sec:     1317, Lr: 0.000300
2026-05-24 06:39:05,753 - INFO - joeynmt.prediction - Predicting 1003 example(s)... (Greedy decoding with min_output_length=1, max_output_length=100, return_prob='none', generate_unk=True, repetition_penalty=-1, no_repeat_ngram_size=-1)
2026-05-24 06:42:10,461 - INFO - joeynmt.metrics - nrefs:1|case:mixed|eff:no|tok:13a|smooth:exp|version:2.6.0
2026-05-24 06:42:10,461 - INFO - joeynmt.prediction - Evaluation result (greedy) bleu:  20.26, loss:   2.32, ppl:  10.18, acc:   0.37, generation: 183.9841[sec], evaluation: 0.7065[sec]
2026-05-24 06:42:10,462 - INFO - joeynmt.training - Hooray! New best validation result [ppl]!
2026-05-24 06:42:10,554 - INFO - joeynmt.helpers - delete output_bpe5000/1000.ckpt
2026-05-24 06:42:10,568 - INFO - joeynmt.training - Example #0
2026-05-24 06:42:10,569 - DEBUG - joeynmt.training - 	Tokenized source:     ['\ufeffLa@@', 'st', 'year', 'I', 'sho@@', 'we@@', 'd', 'thes@@', 'e', 'tw@@', 'o', 'sli@@', 'de@@', 's', 'so', 'that', 'de@@', 'mon@@', 'strate', 'that', 'the', 'ar@@', 'c@@', 'tic', 'ic@@', 'e', 'cap@@', ',', 'wh@@', 'ich', 'for', 'mo@@', 'st', 'of', 'the', 'la@@', 'st', 'th@@', 'ree', 'milli@@', 'on', 'year@@', 's', 'ha@@', 's', 'be@@', 'en', 'the', 'si@@', 'ze', 'of', 'the', 'lo@@', 'wer', '4@@', '8', 'stat@@', 'es@@', ',', 'ha@@', 's', 'sh@@', 'run@@', 'k', 'b@@', 'y', '4@@', '0', 'percen@@', 't@@', '.']
2026-05-24 06:42:10,569 - DEBUG - joeynmt.training - 	Tokenized reference:  ['\ufeffV@@', 'orig', 'j@@', 'aar', 'lie@@', 't', 'ik', 'de@@', 'ze', 'twee', 'dia@@', "'@@", 's', 'zi@@', 'en', 'om', 'aan', 'te', 'ton@@', 'en', 'dat', 'de', 'p@@', 'ool@@', 'ij@@', 'sk@@', 'ap@@', ',', 'die', 'de', 'af@@', 'gel@@', 'open', 'drie', 'miljo@@', 'en', 'j@@', 'aar', 'onge@@', 've@@', 'er', 'de', 'groot@@', 'te', 'had', 'van', 'het', 'va@@', 'stel@@', 'and', 'van', 'de', 'V@@', 'S@@', ',', 'met', '4@@', '0@@', '%', 'gek@@', 'ro@@', 'mp@@', 'en', 'was@@', '.']
2026-05-24 06:42:10,569 - DEBUG - joeynmt.training - 	Tokenized hypothesis: ['I@@', 'k', 'heb', 'ik', 'de@@', 'ze', 'twee', 'keer', 'dat', 'de@@', 'ze', 'twee', 'keer', 'dat', 'de', 'be@@', 'ste', 'be@@', 'handel@@', 'ing', 'die', 'de', 'mee@@', 'ste', 'van', 'de', 'laat@@', 'ste', 'drie', 'miljo@@', 'en', 'j@@', 'aar', 'gele@@', 'den', 'van', 'de', 'jar@@', 'en', 'de', 'vij@@', 'f', 'j@@', 'aar', 'gele@@', 'den', 'van', 'de', 'lan@@', 'ger', 'van', 'de', 'jar@@', 'en', 'hebb@@', 'en', '4@@', '0', 'pro@@', 'cen@@', 't@@', '<unk>', '</s>']
2026-05-24 06:42:10,569 - INFO - joeynmt.training - 	Source:     ﻿La@@ st year I sho@@ we@@ d thes@@ e tw@@ o sli@@ de@@ s so that de@@ mon@@ strate that the ar@@ c@@ tic ic@@ e cap@@ , wh@@ ich for mo@@ st of the la@@ st th@@ ree milli@@ on year@@ s ha@@ s be@@ en the si@@ ze of the lo@@ wer 4@@ 8 stat@@ es@@ , ha@@ s sh@@ run@@ k b@@ y 4@@ 0 percen@@ t@@ .
2026-05-24 06:42:10,570 - INFO - joeynmt.training - 	Reference:  ﻿V@@ orig j@@ aar lie@@ t ik de@@ ze twee dia@@ '@@ s zi@@ en om aan te ton@@ en dat de p@@ ool@@ ij@@ sk@@ ap@@ , die de af@@ gel@@ open drie miljo@@ en j@@ aar onge@@ ve@@ er de groot@@ te had van het va@@ stel@@ and van de V@@ S@@ , met 4@@ 0@@ % gek@@ ro@@ mp@@ en was@@ .
2026-05-24 06:42:10,570 - INFO - joeynmt.training - 	Hypothesis: I@@ k heb ik de@@ ze twee keer dat de@@ ze twee keer dat de be@@ ste be@@ handel@@ ing die de mee@@ ste van de laat@@ ste drie miljo@@ en j@@ aar gele@@ den van de jar@@ en de vij@@ f j@@ aar gele@@ den van de lan@@ ger van de jar@@ en hebb@@ en 4@@ 0 pro@@ cen@@ t@@ <unk>
2026-05-24 06:42:10,570 - INFO - joeynmt.training - Example #1
2026-05-24 06:42:10,571 - DEBUG - joeynmt.training - 	Tokenized source:     ['Bu@@', 't', 'th@@', 'is', 'under@@', 'stat@@', 'es', 'the', 'ser@@', 'i@@', 'ou@@', 'sn@@', 'ess', 'of', 'th@@', 'is', 'particul@@', 'ar', 'proble@@', 'm', 'beca@@', 'us@@', 'e', 'it', 'does@@', 'n@@', "'@@", 't', 'sho@@', 'w', 'the', 'th@@', 'ic@@', 'kn@@', 'ess', 'of', 'the', 'ic@@', 'e@@', '.']
2026-05-24 06:42:10,571 - DEBUG - joeynmt.training - 	Tokenized reference:  ['M@@', 'aar', 'dit', 'onder@@', 'sch@@', 'at', 'eigen@@', 'lijk', 'de', 'ern@@', 'st', 'van', 'dit', 'specif@@', 'ie@@', 'ke', 'proble@@', 'em', 'om@@', 'dat', 'het', 'nie@@', 't', 'de', 'di@@', 'k@@', 'te', 'van', 'het', 'ij@@', 's', 'laat', 'zi@@', 'en@@', '.']
2026-05-24 06:42:10,571 - DEBUG - joeynmt.training - 	Tokenized hypothesis: ['M@@', 'aar', 'dit', 'soor@@', 't', 'de', 'ser@@', 'ie@@', 'us', 'van', 'dit', 'soor@@', 't', 'van', 'dit', 'proble@@', 'em', 'om@@', 'dat', 'het', 'he@@', 'm', 'van', 'de', 'om@@', 'dat', 'het', 'ge@@', 'en', 'kan@@', 't', 'de', 'om@@', 'dat', 'het', 'ge@@', 'en', 'kan@@', 't', 'van', 'de', 'ic@@', 'a@@', '<unk>', '</s>']
2026-05-24 06:42:10,571 - INFO - joeynmt.training - 	Source:     Bu@@ t th@@ is under@@ stat@@ es the ser@@ i@@ ou@@ sn@@ ess of th@@ is particul@@ ar proble@@ m beca@@ us@@ e it does@@ n@@ '@@ t sho@@ w the th@@ ic@@ kn@@ ess of the ic@@ e@@ .
2026-05-24 06:42:10,571 - INFO - joeynmt.training - 	Reference:  M@@ aar dit onder@@ sch@@ at eigen@@ lijk de ern@@ st van dit specif@@ ie@@ ke proble@@ em om@@ dat het nie@@ t de di@@ k@@ te van het ij@@ s laat zi@@ en@@ .
2026-05-24 06:42:10,571 - INFO - joeynmt.training - 	Hypothesis: M@@ aar dit soor@@ t de ser@@ ie@@ us van dit soor@@ t van dit proble@@ em om@@ dat het he@@ m van de om@@ dat het ge@@ en kan@@ t de om@@ dat het ge@@ en kan@@ t van de ic@@ a@@ <unk>
2026-05-24 06:42:10,572 - INFO - joeynmt.training - Example #2
2026-05-24 06:42:10,572 - DEBUG - joeynmt.training - 	Tokenized source:     ['The', 'ar@@', 'c@@', 'tic', 'ic@@', 'e', 'cap', 'is@@', ',', 'in', 'a', 'sen@@', 'se@@', ',', 'the', 'be@@', 'at@@', 'ing', 'hear@@', 't', 'of', 'the', 'glob@@', 'al', 'cli@@', 'mat@@', 'e', 'system@@', '.']
2026-05-24 06:42:10,572 - DEBUG - joeynmt.training - 	Tokenized reference:  ['De', 'ij@@', 'sk@@', 'ap', 'op', 'de', 'Noor@@', 'd@@', 'p@@', 'ool', 'is', 'in', 'ze@@', 'ker@@', 'e', 'zin', 'het', 'kl@@', 'op@@', 'pen@@', 'd', 'har@@', 't', 'van', 'ons', 'glob@@', 'aal', 'kli@@', 'maat@@', 'syste@@', 'em@@', '.']
2026-05-24 06:42:10,572 - DEBUG - joeynmt.training - 	Tokenized hypothesis: ['De', 'ar@@', 'm@@', 'isch@@', 'e', 'om@@', 'dat', 'in', 'een', 'ze@@', 'er', 'ge@@', 'est@@', ',', 'de', 'de', 'wereldwij@@', 'de', 'van', 'de', 'de', 'de', 'de', 'de', 'de', 'de', 'de', 'soci@@', 'al@@', 'e', 'syste@@', 'em@@', '<unk>', '</s>']
2026-05-24 06:42:10,573 - INFO - joeynmt.training - 	Source:     The ar@@ c@@ tic ic@@ e cap is@@ , in a sen@@ se@@ , the be@@ at@@ ing hear@@ t of the glob@@ al cli@@ mat@@ e system@@ .
2026-05-24 06:42:10,575 - INFO - joeynmt.training - 	Reference:  De ij@@ sk@@ ap op de Noor@@ d@@ p@@ ool is in ze@@ ker@@ e zin het kl@@ op@@ pen@@ d har@@ t van ons glob@@ aal kli@@ maat@@ syste@@ em@@ .
2026-05-24 06:42:10,575 - INFO - joeynmt.training - 	Hypothesis: De ar@@ m@@ isch@@ e om@@ dat in een ze@@ er ge@@ est@@ , de de wereldwij@@ de van de de de de de de de de soci@@ al@@ e syste@@ em@@ <unk>
2026-05-24 06:42:10,576 - INFO - joeynmt.training - Example #3
2026-05-24 06:42:10,576 - DEBUG - joeynmt.training - 	Tokenized source:     ['I@@', 't', 'ex@@', 'p@@', 'and@@', 's', 'in', 'w@@', 'inter', 'and', 'con@@', 'trac@@', 'ts', 'in', 'su@@', 'm@@', 'mer@@', '.']
2026-05-24 06:42:10,576 - DEBUG - joeynmt.training - 	Tokenized reference:  ['H@@', 'et', 'zet', 'uit', 'in', 'de', 'w@@', 'inter', 'en', 'k@@', 'ri@@', 'mp@@', 't', 'in', 'de', 'zom@@', 'er@@', '.']
2026-05-24 06:42:10,576 - DEBUG - joeynmt.training - 	Tokenized hypothesis: ['H@@', 'et', 'g@@', 'aat', 'in', 'de', 'w@@', 'w@@', 'ie', 'en', 'con@@', 'tex@@', 't', 'in', 'de', 'ze@@', 'er', 'ge@@', 'est@@', '<unk>', '</s>']
2026-05-24 06:42:10,577 - INFO - joeynmt.training - 	Source:     I@@ t ex@@ p@@ and@@ s in w@@ inter and con@@ trac@@ ts in su@@ m@@ mer@@ .
2026-05-24 06:42:10,580 - INFO - joeynmt.training - 	Reference:  H@@ et zet uit in de w@@ inter en k@@ ri@@ mp@@ t in de zom@@ er@@ .
2026-05-24 06:42:10,580 - INFO - joeynmt.training - 	Hypothesis: H@@ et g@@ aat in de w@@ w@@ ie en con@@ tex@@ t in de ze@@ er ge@@ est@@ <unk>
2026-05-24 06:42:10,581 - INFO - joeynmt.training - Example #4
2026-05-24 06:42:10,581 - DEBUG - joeynmt.training - 	Tokenized source:     ['The', 'ne@@', 'x@@', 't', 'sli@@', 'de', 'I', 'sho@@', 'w', 'you', 'will', 'be', 'a', 'ra@@', 'p@@', 'id', 'fa@@', 'st-@@', 'for@@', 'war@@', 'd', 'of', 'what@@', "'@@", 's', 'happen@@', 'ed', 'over', 'the', 'la@@', 'st', '2@@', '5', 'year@@', 's@@', '.']
2026-05-24 06:42:10,581 - DEBUG - joeynmt.training - 	Tokenized reference:  ['De', 'volgen@@', 'de', 'dia', 'die', 'ik', 'laat', 'zi@@', 'en', 'is', 'een', 'ver@@', 'snel@@', 'de', 'vers@@', 'ie', 'van', 'wat', 'er', 'de', 'af@@', 'gel@@', 'open', '2@@', '5', 'j@@', 'aar', 'is', 'gebeur@@', 'd@@', '.']
2026-05-24 06:42:10,581 - DEBUG - joeynmt.training - 	Tokenized hypothesis: ['De', 'volgen@@', 'de', 'ik', 'heb', 'je', 'een', 'he@@', 'm', 'z@@', 'al', 'je', 'een', 'aan@@', 'tal', 'be@@', 'ste', 'van', 'wat', 'er', 'gebeur@@', 't', 'van', 'wat', 'er', 'gebeur@@', 'd', 'van', 'wat', 'er', 'gebeur@@', 'd', '2@@', '5', 'j@@', 'aar', 'gele@@', 'den@@', '<unk>', '</s>']
2026-05-24 06:42:10,582 - INFO - joeynmt.training - 	Source:     The ne@@ x@@ t sli@@ de I sho@@ w you will be a ra@@ p@@ id fa@@ st-@@ for@@ war@@ d of what@@ '@@ s happen@@ ed over the la@@ st 2@@ 5 year@@ s@@ .
2026-05-24 06:42:10,582 - INFO - joeynmt.training - 	Reference:  De volgen@@ de dia die ik laat zi@@ en is een ver@@ snel@@ de vers@@ ie van wat er de af@@ gel@@ open 2@@ 5 j@@ aar is gebeur@@ d@@ .
2026-05-24 06:42:10,583 - INFO - joeynmt.training - 	Hypothesis: De volgen@@ de ik heb je een he@@ m z@@ al je een aan@@ tal be@@ ste van wat er gebeur@@ t van wat er gebeur@@ d van wat er gebeur@@ d 2@@ 5 j@@ aar gele@@ den@@ <unk>
2026-05-24 06:43:09,036 - INFO - joeynmt.training - Epoch   1, Step:     3600, Batch Loss:     2.222731, Batch Acc: 0.422106, Tokens per Sec:     1253, Lr: 0.000300
2026-05-24 06:44:06,039 - INFO - joeynmt.training - Epoch   1, Step:     3700, Batch Loss:     2.266250, Batch Acc: 0.424889, Tokens per Sec:     1288, Lr: 0.000300
2026-05-24 06:45:02,359 - INFO - joeynmt.training - Epoch   1, Step:     3800, Batch Loss:     2.015234, Batch Acc: 0.430837, Tokens per Sec:     1277, Lr: 0.000300
2026-05-24 06:45:54,604 - INFO - joeynmt.training - Epoch   1, Step:     3900, Batch Loss:     2.073275, Batch Acc: 0.436492, Tokens per Sec:     1426, Lr: 0.000300
2026-05-24 06:46:48,819 - INFO - joeynmt.training - Epoch   1, Step:     4000, Batch Loss:     1.899131, Batch Acc: 0.439245, Tokens per Sec:     1355, Lr: 0.000300
2026-05-24 06:46:48,819 - INFO - joeynmt.prediction - Predicting 1003 example(s)... (Greedy decoding with min_output_length=1, max_output_length=100, return_prob='none', generate_unk=True, repetition_penalty=-1, no_repeat_ngram_size=-1)
2026-05-24 06:49:49,058 - INFO - joeynmt.metrics - nrefs:1|case:mixed|eff:no|tok:13a|smooth:exp|version:2.6.0
2026-05-24 06:49:49,058 - INFO - joeynmt.prediction - Evaluation result (greedy) bleu:  24.13, loss:   2.23, ppl:   9.33, acc:   0.40, generation: 179.6755[sec], evaluation: 0.5473[sec]
2026-05-24 06:49:49,060 - INFO - joeynmt.training - Hooray! New best validation result [ppl]!
2026-05-24 06:49:49,138 - INFO - joeynmt.helpers - delete output_bpe5000/1500.ckpt
2026-05-24 06:49:49,158 - INFO - joeynmt.training - Example #0
2026-05-24 06:49:49,159 - DEBUG - joeynmt.training - 	Tokenized source:     ['\ufeffLa@@', 'st', 'year', 'I', 'sho@@', 'we@@', 'd', 'thes@@', 'e', 'tw@@', 'o', 'sli@@', 'de@@', 's', 'so', 'that', 'de@@', 'mon@@', 'strate', 'that', 'the', 'ar@@', 'c@@', 'tic', 'ic@@', 'e', 'cap@@', ',', 'wh@@', 'ich', 'for', 'mo@@', 'st', 'of', 'the', 'la@@', 'st', 'th@@', 'ree', 'milli@@', 'on', 'year@@', 's', 'ha@@', 's', 'be@@', 'en', 'the', 'si@@', 'ze', 'of', 'the', 'lo@@', 'wer', '4@@', '8', 'stat@@', 'es@@', ',', 'ha@@', 's', 'sh@@', 'run@@', 'k', 'b@@', 'y', '4@@', '0', 'percen@@', 't@@', '.']
2026-05-24 06:49:49,159 - DEBUG - joeynmt.training - 	Tokenized reference:  ['\ufeffV@@', 'orig', 'j@@', 'aar', 'lie@@', 't', 'ik', 'de@@', 'ze', 'twee', 'dia@@', "'@@", 's', 'zi@@', 'en', 'om', 'aan', 'te', 'ton@@', 'en', 'dat', 'de', 'p@@', 'ool@@', 'ij@@', 'sk@@', 'ap@@', ',', 'die', 'de', 'af@@', 'gel@@', 'open', 'drie', 'miljo@@', 'en', 'j@@', 'aar', 'onge@@', 've@@', 'er', 'de', 'groot@@', 'te', 'had', 'van', 'het', 'va@@', 'stel@@', 'and', 'van', 'de', 'V@@', 'S@@', ',', 'met', '4@@', '0@@', '%', 'gek@@', 'ro@@', 'mp@@', 'en', 'was@@', '.']
2026-05-24 06:49:49,159 - DEBUG - joeynmt.training - 	Tokenized hypothesis: ['I@@', 'k', 'j@@', 'aar', 'lat@@', 'en', 'zi@@', 'en', 'dat', 'de@@', 'ze', 'twee', 'j@@', 'aar', 'zo@@', 'dat', 'de', 'ar@@', 'm@@', 'isch@@', 'e', 'ver@@', 'dien@@', 't', 'van', 'de', 'laat@@', 'ste', 'drie', 'j@@', 'aar', 'hebb@@', 'en', 'de', 'laat@@', 'ste', 'drie', 'j@@', 'aar', 'hebb@@', 'en', 'de', 'groot@@', 'ste', '4@@', '0', 'j@@', 'aar', 'hebb@@', 'en', 'de', 'groot@@', 'ste', '4@@', '0', 'pro@@', 'cen@@', 't', 'van', 'de', '4@@', '0', 'pro@@', 'cen@@', 't', 'van', 'de', '4@@', '0', 'pro@@', 'cen@@', 't@@', '<unk>', '</s>']
2026-05-24 06:49:49,160 - INFO - joeynmt.training - 	Source:     ﻿La@@ st year I sho@@ we@@ d thes@@ e tw@@ o sli@@ de@@ s so that de@@ mon@@ strate that the ar@@ c@@ tic ic@@ e cap@@ , wh@@ ich for mo@@ st of the la@@ st th@@ ree milli@@ on year@@ s ha@@ s be@@ en the si@@ ze of the lo@@ wer 4@@ 8 stat@@ es@@ , ha@@ s sh@@ run@@ k b@@ y 4@@ 0 percen@@ t@@ .
2026-05-24 06:49:49,160 - INFO - joeynmt.training - 	Reference:  ﻿V@@ orig j@@ aar lie@@ t ik de@@ ze twee dia@@ '@@ s zi@@ en om aan te ton@@ en dat de p@@ ool@@ ij@@ sk@@ ap@@ , die de af@@ gel@@ open drie miljo@@ en j@@ aar onge@@ ve@@ er de groot@@ te had van het va@@ stel@@ and van de V@@ S@@ , met 4@@ 0@@ % gek@@ ro@@ mp@@ en was@@ .
2026-05-24 06:49:49,161 - INFO - joeynmt.training - 	Hypothesis: I@@ k j@@ aar lat@@ en zi@@ en dat de@@ ze twee j@@ aar zo@@ dat de ar@@ m@@ isch@@ e ver@@ dien@@ t van de laat@@ ste drie j@@ aar hebb@@ en de laat@@ ste drie j@@ aar hebb@@ en de groot@@ ste 4@@ 0 j@@ aar hebb@@ en de groot@@ ste 4@@ 0 pro@@ cen@@ t van de 4@@ 0 pro@@ cen@@ t van de 4@@ 0 pro@@ cen@@ t@@ <unk>
2026-05-24 06:49:49,161 - INFO - joeynmt.training - Example #1
2026-05-24 06:49:49,162 - DEBUG - joeynmt.training - 	Tokenized source:     ['Bu@@', 't', 'th@@', 'is', 'under@@', 'stat@@', 'es', 'the', 'ser@@', 'i@@', 'ou@@', 'sn@@', 'ess', 'of', 'th@@', 'is', 'particul@@', 'ar', 'proble@@', 'm', 'beca@@', 'us@@', 'e', 'it', 'does@@', 'n@@', "'@@", 't', 'sho@@', 'w', 'the', 'th@@', 'ic@@', 'kn@@', 'ess', 'of', 'the', 'ic@@', 'e@@', '.']
2026-05-24 06:49:49,162 - DEBUG - joeynmt.training - 	Tokenized reference:  ['M@@', 'aar', 'dit', 'onder@@', 'sch@@', 'at', 'eigen@@', 'lijk', 'de', 'ern@@', 'st', 'van', 'dit', 'specif@@', 'ie@@', 'ke', 'proble@@', 'em', 'om@@', 'dat', 'het', 'nie@@', 't', 'de', 'di@@', 'k@@', 'te', 'van', 'het', 'ij@@', 's', 'laat', 'zi@@', 'en@@', '.']
2026-05-24 06:49:49,162 - DEBUG - joeynmt.training - 	Tokenized hypothesis: ['M@@', 'aar', 'dit', 'is', 'de', 'ser@@', 'ie@@', 'us', 'de', 'ser@@', 'ie@@', 'us', 'nie@@', 't', 'dat', 'het', 'nie@@', 't', 'zi@@', 'en', 'dat', 'het', 'nie@@', 't', 'zi@@', 'en', 'dat', 'het', 'nie@@', 't', 'zi@@', 'en', 'dat', 'het', 'nie@@', 't', 'zi@@', 'en@@', '<unk>', '</s>']
2026-05-24 06:49:49,165 - INFO - joeynmt.training - 	Source:     Bu@@ t th@@ is under@@ stat@@ es the ser@@ i@@ ou@@ sn@@ ess of th@@ is particul@@ ar proble@@ m beca@@ us@@ e it does@@ n@@ '@@ t sho@@ w the th@@ ic@@ kn@@ ess of the ic@@ e@@ .
2026-05-24 06:49:49,165 - INFO - joeynmt.training - 	Reference:  M@@ aar dit onder@@ sch@@ at eigen@@ lijk de ern@@ st van dit specif@@ ie@@ ke proble@@ em om@@ dat het nie@@ t de di@@ k@@ te van het ij@@ s laat zi@@ en@@ .
2026-05-24 06:49:49,166 - INFO - joeynmt.training - 	Hypothesis: M@@ aar dit is de ser@@ ie@@ us de ser@@ ie@@ us nie@@ t dat het nie@@ t zi@@ en dat het nie@@ t zi@@ en dat het nie@@ t zi@@ en dat het nie@@ t zi@@ en@@ <unk>
2026-05-24 06:49:49,166 - INFO - joeynmt.training - Example #2
2026-05-24 06:49:49,168 - DEBUG - joeynmt.training - 	Tokenized source:     ['The', 'ar@@', 'c@@', 'tic', 'ic@@', 'e', 'cap', 'is@@', ',', 'in', 'a', 'sen@@', 'se@@', ',', 'the', 'be@@', 'at@@', 'ing', 'hear@@', 't', 'of', 'the', 'glob@@', 'al', 'cli@@', 'mat@@', 'e', 'system@@', '.']
2026-05-24 06:49:49,168 - DEBUG - joeynmt.training - 	Tokenized reference:  ['De', 'ij@@', 'sk@@', 'ap', 'op', 'de', 'Noor@@', 'd@@', 'p@@', 'ool', 'is', 'in', 'ze@@', 'ker@@', 'e', 'zin', 'het', 'kl@@', 'op@@', 'pen@@', 'd', 'har@@', 't', 'van', 'ons', 'glob@@', 'aal', 'kli@@', 'maat@@', 'syste@@', 'em@@', '.']
2026-05-24 06:49:49,168 - DEBUG - joeynmt.training - 	Tokenized hypothesis: ['De', 'ar@@', 'm@@', 'isch@@', 'e', 'k@@', 'open@@', ',', 'in', 'een', 'sen@@', ',', 'de', 'ver@@', 'der', 'van', 'de', 'wereldwij@@', 'de', 'syste@@', 'men@@', '<unk>', '</s>']
2026-05-24 06:49:49,168 - INFO - joeynmt.training - 	Source:     The ar@@ c@@ tic ic@@ e cap is@@ , in a sen@@ se@@ , the be@@ at@@ ing hear@@ t of the glob@@ al cli@@ mat@@ e system@@ .
2026-05-24 06:49:49,168 - INFO - joeynmt.training - 	Reference:  De ij@@ sk@@ ap op de Noor@@ d@@ p@@ ool is in ze@@ ker@@ e zin het kl@@ op@@ pen@@ d har@@ t van ons glob@@ aal kli@@ maat@@ syste@@ em@@ .
2026-05-24 06:49:49,169 - INFO - joeynmt.training - 	Hypothesis: De ar@@ m@@ isch@@ e k@@ open@@ , in een sen@@ , de ver@@ der van de wereldwij@@ de syste@@ men@@ <unk>
2026-05-24 06:49:49,170 - INFO - joeynmt.training - Example #3
2026-05-24 06:49:49,170 - DEBUG - joeynmt.training - 	Tokenized source:     ['I@@', 't', 'ex@@', 'p@@', 'and@@', 's', 'in', 'w@@', 'inter', 'and', 'con@@', 'trac@@', 'ts', 'in', 'su@@', 'm@@', 'mer@@', '.']
2026-05-24 06:49:49,170 - DEBUG - joeynmt.training - 	Tokenized reference:  ['H@@', 'et', 'zet', 'uit', 'in', 'de', 'w@@', 'inter', 'en', 'k@@', 'ri@@', 'mp@@', 't', 'in', 'de', 'zom@@', 'er@@', '.']
2026-05-24 06:49:49,171 - DEBUG - joeynmt.training - 	Tokenized hypothesis: ['H@@', 'et', 'g@@', 'aat', 'in', 'de', 'ver@@', 'wij@@', 'der@@', 'en', 'in', 'de', 'ver@@', 'ver@@', 'dien@@', 'en@@', '<unk>', '</s>']
2026-05-24 06:49:49,171 - INFO - joeynmt.training - 	Source:     I@@ t ex@@ p@@ and@@ s in w@@ inter and con@@ trac@@ ts in su@@ m@@ mer@@ .
2026-05-24 06:49:49,171 - INFO - joeynmt.training - 	Reference:  H@@ et zet uit in de w@@ inter en k@@ ri@@ mp@@ t in de zom@@ er@@ .
2026-05-24 06:49:49,172 - INFO - joeynmt.training - 	Hypothesis: H@@ et g@@ aat in de ver@@ wij@@ der@@ en in de ver@@ ver@@ dien@@ en@@ <unk>
2026-05-24 06:49:49,172 - INFO - joeynmt.training - Example #4
2026-05-24 06:49:49,172 - DEBUG - joeynmt.training - 	Tokenized source:     ['The', 'ne@@', 'x@@', 't', 'sli@@', 'de', 'I', 'sho@@', 'w', 'you', 'will', 'be', 'a', 'ra@@', 'p@@', 'id', 'fa@@', 'st-@@', 'for@@', 'war@@', 'd', 'of', 'what@@', "'@@", 's', 'happen@@', 'ed', 'over', 'the', 'la@@', 'st', '2@@', '5', 'year@@', 's@@', '.']
2026-05-24 06:49:49,174 - DEBUG - joeynmt.training - 	Tokenized reference:  ['De', 'volgen@@', 'de', 'dia', 'die', 'ik', 'laat', 'zi@@', 'en', 'is', 'een', 'ver@@', 'snel@@', 'de', 'vers@@', 'ie', 'van', 'wat', 'er', 'de', 'af@@', 'gel@@', 'open', '2@@', '5', 'j@@', 'aar', 'is', 'gebeur@@', 'd@@', '.']
2026-05-24 06:49:49,174 - DEBUG - joeynmt.training - 	Tokenized hypothesis: ['De', 'volgen@@', 'de', 'ik', 'j@@', 'aar', 'z@@', 'al', 'j@@', 'ul@@', 'lie', 'een', 'ra@@', 'pp@@', 'ig', 'j@@', 'aar', 'z@@', 'al', 'j@@', 'aar', 'gebeur@@', 't', 'van', 'wat', 'er', 'gebeur@@', 't', 'er', 'gebeur@@', 't', 'in', 'de', 'laat@@', 'ste', '2@@', '5', 'j@@', 'aar@@', '<unk>', '</s>']
2026-05-24 06:49:49,174 - INFO - joeynmt.training - 	Source:     The ne@@ x@@ t sli@@ de I sho@@ w you will be a ra@@ p@@ id fa@@ st-@@ for@@ war@@ d of what@@ '@@ s happen@@ ed over the la@@ st 2@@ 5 year@@ s@@ .
2026-05-24 06:49:49,174 - INFO - joeynmt.training - 	Reference:  De volgen@@ de dia die ik laat zi@@ en is een ver@@ snel@@ de vers@@ ie van wat er de af@@ gel@@ open 2@@ 5 j@@ aar is gebeur@@ d@@ .
2026-05-24 06:49:49,174 - INFO - joeynmt.training - 	Hypothesis: De volgen@@ de ik j@@ aar z@@ al j@@ ul@@ lie een ra@@ pp@@ ig j@@ aar z@@ al j@@ aar gebeur@@ t van wat er gebeur@@ t er gebeur@@ t in de laat@@ ste 2@@ 5 j@@ aar@@ <unk>
2026-05-24 06:50:42,693 - INFO - joeynmt.training - Epoch   1, Step:     4100, Batch Loss:     2.118388, Batch Acc: 0.447853, Tokens per Sec:     1330, Lr: 0.000300
2026-05-24 06:50:46,997 - INFO - joeynmt.training - Epoch   1: total training loss 10955.30
2026-05-24 06:50:46,997 - INFO - joeynmt.training - EPOCH 2
2026-05-24 06:51:35,701 - INFO - joeynmt.training - Epoch   2, Step:     4200, Batch Loss:     1.888001, Batch Acc: 0.458407, Tokens per Sec:     1426, Lr: 0.000300
2026-05-24 06:52:35,545 - INFO - joeynmt.training - Epoch   2, Step:     4300, Batch Loss:     1.909473, Batch Acc: 0.467576, Tokens per Sec:     1226, Lr: 0.000300
2026-05-24 06:54:45,894 - INFO - joeynmt.training - Epoch   2, Step:     4400, Batch Loss:     1.988432, Batch Acc: 0.467106, Tokens per Sec:      566, Lr: 0.000300
2026-05-24 06:55:49,056 - INFO - joeynmt.training - Epoch   2, Step:     4500, Batch Loss:     1.749961, Batch Acc: 0.467955, Tokens per Sec:     1174, Lr: 0.000300
2026-05-24 06:55:49,056 - INFO - joeynmt.prediction - Predicting 1003 example(s)... (Greedy decoding with min_output_length=1, max_output_length=100, return_prob='none', generate_unk=True, repetition_penalty=-1, no_repeat_ngram_size=-1)
2026-05-24 06:59:00,261 - INFO - joeynmt.metrics - nrefs:1|case:mixed|eff:no|tok:13a|smooth:exp|version:2.6.0
2026-05-24 06:59:00,262 - INFO - joeynmt.prediction - Evaluation result (greedy) bleu:  27.06, loss:   2.17, ppl:   8.75, acc:   0.42, generation: 190.7339[sec], evaluation: 0.4560[sec]
2026-05-24 06:59:00,263 - INFO - joeynmt.training - Hooray! New best validation result [ppl]!
2026-05-24 06:59:00,349 - INFO - joeynmt.helpers - delete output_bpe5000/2000.ckpt
2026-05-24 06:59:00,363 - INFO - joeynmt.training - Example #0
2026-05-24 06:59:00,364 - DEBUG - joeynmt.training - 	Tokenized source:     ['\ufeffLa@@', 'st', 'year', 'I', 'sho@@', 'we@@', 'd', 'thes@@', 'e', 'tw@@', 'o', 'sli@@', 'de@@', 's', 'so', 'that', 'de@@', 'mon@@', 'strate', 'that', 'the', 'ar@@', 'c@@', 'tic', 'ic@@', 'e', 'cap@@', ',', 'wh@@', 'ich', 'for', 'mo@@', 'st', 'of', 'the', 'la@@', 'st', 'th@@', 'ree', 'milli@@', 'on', 'year@@', 's', 'ha@@', 's', 'be@@', 'en', 'the', 'si@@', 'ze', 'of', 'the', 'lo@@', 'wer', '4@@', '8', 'stat@@', 'es@@', ',', 'ha@@', 's', 'sh@@', 'run@@', 'k', 'b@@', 'y', '4@@', '0', 'percen@@', 't@@', '.']
2026-05-24 06:59:00,364 - DEBUG - joeynmt.training - 	Tokenized reference:  ['\ufeffV@@', 'orig', 'j@@', 'aar', 'lie@@', 't', 'ik', 'de@@', 'ze', 'twee', 'dia@@', "'@@", 's', 'zi@@', 'en', 'om', 'aan', 'te', 'ton@@', 'en', 'dat', 'de', 'p@@', 'ool@@', 'ij@@', 'sk@@', 'ap@@', ',', 'die', 'de', 'af@@', 'gel@@', 'open', 'drie', 'miljo@@', 'en', 'j@@', 'aar', 'onge@@', 've@@', 'er', 'de', 'groot@@', 'te', 'had', 'van', 'het', 'va@@', 'stel@@', 'and', 'van', 'de', 'V@@', 'S@@', ',', 'met', '4@@', '0@@', '%', 'gek@@', 'ro@@', 'mp@@', 'en', 'was@@', '.']
2026-05-24 06:59:00,364 - DEBUG - joeynmt.training - 	Tokenized hypothesis: ['H@@', 'et', 'j@@', 'aar', 'lat@@', 'en', 'zi@@', 'en', 'dat', 'de@@', 'ze', 'twee', 'j@@', 'aar', 'gele@@', 'den', 'die', 'de', 'ar@@', 'c@@', 't@@', 'isch@@', 'e', 'C@@', 'ic@@', 'e', 'C@@', 'ri@@', 'ri@@', 'ri@@', 'f@@', 't@@', 'isch@@', 'e', 'C@@', 'ri@@', 'ri@@', 'f@@', 't@@', 'isch@@', 'e', 'stat@@', 'en', 'heef@@', 't', 'de', 'groot@@', 'te', 'van', 'de', 'groot@@', 'te', 'stat@@', 'en@@', ',', 'heef@@', 't', 'heef@@', 't', '4@@', '0', 'pro@@', 'cen@@', 't@@', '<unk>', '</s>']
2026-05-24 06:59:00,367 - INFO - joeynmt.training - 	Source:     ﻿La@@ st year I sho@@ we@@ d thes@@ e tw@@ o sli@@ de@@ s so that de@@ mon@@ strate that the ar@@ c@@ tic ic@@ e cap@@ , wh@@ ich for mo@@ st of the la@@ st th@@ ree milli@@ on year@@ s ha@@ s be@@ en the si@@ ze of the lo@@ wer 4@@ 8 stat@@ es@@ , ha@@ s sh@@ run@@ k b@@ y 4@@ 0 percen@@ t@@ .
2026-05-24 06:59:00,367 - INFO - joeynmt.training - 	Reference:  ﻿V@@ orig j@@ aar lie@@ t ik de@@ ze twee dia@@ '@@ s zi@@ en om aan te ton@@ en dat de p@@ ool@@ ij@@ sk@@ ap@@ , die de af@@ gel@@ open drie miljo@@ en j@@ aar onge@@ ve@@ er de groot@@ te had van het va@@ stel@@ and van de V@@ S@@ , met 4@@ 0@@ % gek@@ ro@@ mp@@ en was@@ .
2026-05-24 06:59:00,368 - INFO - joeynmt.training - 	Hypothesis: H@@ et j@@ aar lat@@ en zi@@ en dat de@@ ze twee j@@ aar gele@@ den die de ar@@ c@@ t@@ isch@@ e C@@ ic@@ e C@@ ri@@ ri@@ ri@@ f@@ t@@ isch@@ e C@@ ri@@ ri@@ f@@ t@@ isch@@ e stat@@ en heef@@ t de groot@@ te van de groot@@ te stat@@ en@@ , heef@@ t heef@@ t 4@@ 0 pro@@ cen@@ t@@ <unk>
2026-05-24 06:59:00,368 - INFO - joeynmt.training - Example #1
2026-05-24 06:59:00,368 - DEBUG - joeynmt.training - 	Tokenized source:     ['Bu@@', 't', 'th@@', 'is', 'under@@', 'stat@@', 'es', 'the', 'ser@@', 'i@@', 'ou@@', 'sn@@', 'ess', 'of', 'th@@', 'is', 'particul@@', 'ar', 'proble@@', 'm', 'beca@@', 'us@@', 'e', 'it', 'does@@', 'n@@', "'@@", 't', 'sho@@', 'w', 'the', 'th@@', 'ic@@', 'kn@@', 'ess', 'of', 'the', 'ic@@', 'e@@', '.']
2026-05-24 06:59:00,368 - DEBUG - joeynmt.training - 	Tokenized reference:  ['M@@', 'aar', 'dit', 'onder@@', 'sch@@', 'at', 'eigen@@', 'lijk', 'de', 'ern@@', 'st', 'van', 'dit', 'specif@@', 'ie@@', 'ke', 'proble@@', 'em', 'om@@', 'dat', 'het', 'nie@@', 't', 'de', 'di@@', 'k@@', 'te', 'van', 'het', 'ij@@', 's', 'laat', 'zi@@', 'en@@', '.']
2026-05-24 06:59:00,369 - DEBUG - joeynmt.training - 	Tokenized hypothesis: ['M@@', 'aar', 'dit', 'is', 'de', 'ser@@', 'ie@@', 'us', 'de', 'ser@@', 'ie@@', 'us', 'van', 'de@@', 'ze', 'proble@@', 'em', 'om@@', 'dat', 'het', 'nie@@', 't', 'zi@@', 'en', 'dat', 'het', 'nie@@', 't', 'zi@@', 'en@@', '<unk>', '</s>']
2026-05-24 06:59:00,370 - INFO - joeynmt.training - 	Source:     Bu@@ t th@@ is under@@ stat@@ es the ser@@ i@@ ou@@ sn@@ ess of th@@ is particul@@ ar proble@@ m beca@@ us@@ e it does@@ n@@ '@@ t sho@@ w the th@@ ic@@ kn@@ ess of the ic@@ e@@ .
2026-05-24 06:59:00,370 - INFO - joeynmt.training - 	Reference:  M@@ aar dit onder@@ sch@@ at eigen@@ lijk de ern@@ st van dit specif@@ ie@@ ke proble@@ em om@@ dat het nie@@ t de di@@ k@@ te van het ij@@ s laat zi@@ en@@ .
2026-05-24 06:59:00,371 - INFO - joeynmt.training - 	Hypothesis: M@@ aar dit is de ser@@ ie@@ us de ser@@ ie@@ us van de@@ ze proble@@ em om@@ dat het nie@@ t zi@@ en dat het nie@@ t zi@@ en@@ <unk>
2026-05-24 06:59:00,371 - INFO - joeynmt.training - Example #2
2026-05-24 06:59:00,371 - DEBUG - joeynmt.training - 	Tokenized source:     ['The', 'ar@@', 'c@@', 'tic', 'ic@@', 'e', 'cap', 'is@@', ',', 'in', 'a', 'sen@@', 'se@@', ',', 'the', 'be@@', 'at@@', 'ing', 'hear@@', 't', 'of', 'the', 'glob@@', 'al', 'cli@@', 'mat@@', 'e', 'system@@', '.']
2026-05-24 06:59:00,371 - DEBUG - joeynmt.training - 	Tokenized reference:  ['De', 'ij@@', 'sk@@', 'ap', 'op', 'de', 'Noor@@', 'd@@', 'p@@', 'ool', 'is', 'in', 'ze@@', 'ker@@', 'e', 'zin', 'het', 'kl@@', 'op@@', 'pen@@', 'd', 'har@@', 't', 'van', 'ons', 'glob@@', 'aal', 'kli@@', 'maat@@', 'syste@@', 'em@@', '.']
2026-05-24 06:59:00,371 - DEBUG - joeynmt.training - 	Tokenized hypothesis: ['De', 'ar@@', 'ter@@', 't@@', 'isch@@', 'e', 'k@@', 'oe@@', 'fen@@', 'ing', 'is', 'de', 'wereldwij@@', 'de', 'syste@@', 'em', 'van', 'de', 'glob@@', 'al@@', 'e', 'kli@@', 'maat@@', 'syste@@', 'em@@', '<unk>', '</s>']
2026-05-24 06:59:00,371 - INFO - joeynmt.training - 	Source:     The ar@@ c@@ tic ic@@ e cap is@@ , in a sen@@ se@@ , the be@@ at@@ ing hear@@ t of the glob@@ al cli@@ mat@@ e system@@ .
2026-05-24 06:59:00,371 - INFO - joeynmt.training - 	Reference:  De ij@@ sk@@ ap op de Noor@@ d@@ p@@ ool is in ze@@ ker@@ e zin het kl@@ op@@ pen@@ d har@@ t van ons glob@@ aal kli@@ maat@@ syste@@ em@@ .
2026-05-24 06:59:00,371 - INFO - joeynmt.training - 	Hypothesis: De ar@@ ter@@ t@@ isch@@ e k@@ oe@@ fen@@ ing is de wereldwij@@ de syste@@ em van de glob@@ al@@ e kli@@ maat@@ syste@@ em@@ <unk>
2026-05-24 06:59:00,372 - INFO - joeynmt.training - Example #3
2026-05-24 06:59:00,372 - DEBUG - joeynmt.training - 	Tokenized source:     ['I@@', 't', 'ex@@', 'p@@', 'and@@', 's', 'in', 'w@@', 'inter', 'and', 'con@@', 'trac@@', 'ts', 'in', 'su@@', 'm@@', 'mer@@', '.']
2026-05-24 06:59:00,372 - DEBUG - joeynmt.training - 	Tokenized reference:  ['H@@', 'et', 'zet', 'uit', 'in', 'de', 'w@@', 'inter', 'en', 'k@@', 'ri@@', 'mp@@', 't', 'in', 'de', 'zom@@', 'er@@', '.']
2026-05-24 06:59:00,372 - DEBUG - joeynmt.training - 	Tokenized hypothesis: ['H@@', 'et', 'ex@@', 'p@@', 'p@@', 'and@@', 's', 'in', 'de', 'w@@', 'w@@', 'w@@', 'ie', 'en', 'ver@@', 'wij@@', 'der@@', 'en@@', '<unk>', '</s>']
2026-05-24 06:59:00,372 - INFO - joeynmt.training - 	Source:     I@@ t ex@@ p@@ and@@ s in w@@ inter and con@@ trac@@ ts in su@@ m@@ mer@@ .
2026-05-24 06:59:00,372 - INFO - joeynmt.training - 	Reference:  H@@ et zet uit in de w@@ inter en k@@ ri@@ mp@@ t in de zom@@ er@@ .
2026-05-24 06:59:00,373 - INFO - joeynmt.training - 	Hypothesis: H@@ et ex@@ p@@ p@@ and@@ s in de w@@ w@@ w@@ ie en ver@@ wij@@ der@@ en@@ <unk>
2026-05-24 06:59:00,373 - INFO - joeynmt.training - Example #4
2026-05-24 06:59:00,373 - DEBUG - joeynmt.training - 	Tokenized source:     ['The', 'ne@@', 'x@@', 't', 'sli@@', 'de', 'I', 'sho@@', 'w', 'you', 'will', 'be', 'a', 'ra@@', 'p@@', 'id', 'fa@@', 'st-@@', 'for@@', 'war@@', 'd', 'of', 'what@@', "'@@", 's', 'happen@@', 'ed', 'over', 'the', 'la@@', 'st', '2@@', '5', 'year@@', 's@@', '.']
2026-05-24 06:59:00,373 - DEBUG - joeynmt.training - 	Tokenized reference:  ['De', 'volgen@@', 'de', 'dia', 'die', 'ik', 'laat', 'zi@@', 'en', 'is', 'een', 'ver@@', 'snel@@', 'de', 'vers@@', 'ie', 'van', 'wat', 'er', 'de', 'af@@', 'gel@@', 'open', '2@@', '5', 'j@@', 'aar', 'is', 'gebeur@@', 'd@@', '.']
2026-05-24 06:59:00,374 - DEBUG - joeynmt.training - 	Tokenized hypothesis: ['De', 'volgen@@', 'de', 'ik', 'j@@', 'aar', 'z@@', 'al', 'je', 'een', 'ra@@', 'p@@', 'p@@', 'id', 'z@@', 'al', 'een', 'ra@@', 'p@@', 'p@@', 'aar', 'z@@', 'al', 'zi@@', 'en', 'gebeur@@', 'en', 'gebeur@@', 'de', 'de', 'laat@@', 'ste', '2@@', '5', 'j@@', 'aar@@', '<unk>', '</s>']
2026-05-24 06:59:00,374 - INFO - joeynmt.training - 	Source:     The ne@@ x@@ t sli@@ de I sho@@ w you will be a ra@@ p@@ id fa@@ st-@@ for@@ war@@ d of what@@ '@@ s happen@@ ed over the la@@ st 2@@ 5 year@@ s@@ .
2026-05-24 06:59:00,374 - INFO - joeynmt.training - 	Reference:  De volgen@@ de dia die ik laat zi@@ en is een ver@@ snel@@ de vers@@ ie van wat er de af@@ gel@@ open 2@@ 5 j@@ aar is gebeur@@ d@@ .
2026-05-24 06:59:00,375 - INFO - joeynmt.training - 	Hypothesis: De volgen@@ de ik j@@ aar z@@ al je een ra@@ p@@ p@@ id z@@ al een ra@@ p@@ p@@ aar z@@ al zi@@ en gebeur@@ en gebeur@@ de de laat@@ ste 2@@ 5 j@@ aar@@ <unk>
2026-05-24 07:00:01,255 - INFO - joeynmt.training - Epoch   2, Step:     4600, Batch Loss:     2.266859, Batch Acc: 0.470936, Tokens per Sec:     1207, Lr: 0.000300
2026-05-24 07:01:00,647 - INFO - joeynmt.training - Epoch   2, Step:     4700, Batch Loss:     1.904117, Batch Acc: 0.470247, Tokens per Sec:     1232, Lr: 0.000300
2026-05-24 07:01:59,853 - INFO - joeynmt.training - Epoch   2, Step:     4800, Batch Loss:     1.835936, Batch Acc: 0.480023, Tokens per Sec:     1227, Lr: 0.000300
2026-05-24 07:03:04,085 - INFO - joeynmt.training - Epoch   2, Step:     4900, Batch Loss:     1.747983, Batch Acc: 0.482770, Tokens per Sec:     1175, Lr: 0.000300
2026-05-24 07:04:07,555 - INFO - joeynmt.training - Epoch   2, Step:     5000, Batch Loss:     1.806813, Batch Acc: 0.480281, Tokens per Sec:     1163, Lr: 0.000300
2026-05-24 07:04:07,556 - INFO - joeynmt.prediction - Predicting 1003 example(s)... (Greedy decoding with min_output_length=1, max_output_length=100, return_prob='none', generate_unk=True, repetition_penalty=-1, no_repeat_ngram_size=-1)
2026-05-24 07:07:37,351 - INFO - joeynmt.metrics - nrefs:1|case:mixed|eff:no|tok:13a|smooth:exp|version:2.6.0
2026-05-24 07:07:37,351 - INFO - joeynmt.prediction - Evaluation result (greedy) bleu:  27.13, loss:   2.10, ppl:   8.19, acc:   0.43, generation: 209.3206[sec], evaluation: 0.4593[sec]
2026-05-24 07:07:37,352 - INFO - joeynmt.training - Hooray! New best validation result [ppl]!
2026-05-24 07:07:37,420 - INFO - joeynmt.helpers - delete output_bpe5000/2500.ckpt
2026-05-24 07:07:37,429 - INFO - joeynmt.training - Example #0
2026-05-24 07:07:37,429 - DEBUG - joeynmt.training - 	Tokenized source:     ['\ufeffLa@@', 'st', 'year', 'I', 'sho@@', 'we@@', 'd', 'thes@@', 'e', 'tw@@', 'o', 'sli@@', 'de@@', 's', 'so', 'that', 'de@@', 'mon@@', 'strate', 'that', 'the', 'ar@@', 'c@@', 'tic', 'ic@@', 'e', 'cap@@', ',', 'wh@@', 'ich', 'for', 'mo@@', 'st', 'of', 'the', 'la@@', 'st', 'th@@', 'ree', 'milli@@', 'on', 'year@@', 's', 'ha@@', 's', 'be@@', 'en', 'the', 'si@@', 'ze', 'of', 'the', 'lo@@', 'wer', '4@@', '8', 'stat@@', 'es@@', ',', 'ha@@', 's', 'sh@@', 'run@@', 'k', 'b@@', 'y', '4@@', '0', 'percen@@', 't@@', '.']
2026-05-24 07:07:37,429 - DEBUG - joeynmt.training - 	Tokenized reference:  ['\ufeffV@@', 'orig', 'j@@', 'aar', 'lie@@', 't', 'ik', 'de@@', 'ze', 'twee', 'dia@@', "'@@", 's', 'zi@@', 'en', 'om', 'aan', 'te', 'ton@@', 'en', 'dat', 'de', 'p@@', 'ool@@', 'ij@@', 'sk@@', 'ap@@', ',', 'die', 'de', 'af@@', 'gel@@', 'open', 'drie', 'miljo@@', 'en', 'j@@', 'aar', 'onge@@', 've@@', 'er', 'de', 'groot@@', 'te', 'had', 'van', 'het', 'va@@', 'stel@@', 'and', 'van', 'de', 'V@@', 'S@@', ',', 'met', '4@@', '0@@', '%', 'gek@@', 'ro@@', 'mp@@', 'en', 'was@@', '.']
2026-05-24 07:07:37,430 - DEBUG - joeynmt.training - 	Tokenized hypothesis: ['H@@', 'et', 'j@@', 'aar', 'lat@@', 'en', 'zi@@', 'en', 'dat', 'de@@', 'ze', 'twee', 'foto@@', "'@@", 's', 'zo@@', 'dat', 'de', 'ar@@', 'm@@', 'isch@@', 'e', 'kap@@', 'pen@@', ',', 'die', 'voor', 'de', 'laat@@', 'ste', 'drie', 'miljo@@', 'en', 'j@@', 'aar', 'heef@@', 't', 'de', 'laat@@', 'ste', '4@@', '0', 'j@@', 'aar', 'heef@@', 't', 'de', 'groot@@', 'ste', '4@@', '0', 'pro@@', 'cen@@', 't', 'van', 'de', 'laat@@', 'ste', '4@@', '0', 'pro@@', 'cen@@', 't', 'door', '4@@', '0', 'pro@@', 'cen@@', 't', 'ge@@', 'wor@@', 'den@@', '<unk>', '</s>']
2026-05-24 07:07:37,430 - INFO - joeynmt.training - 	Source:     ﻿La@@ st year I sho@@ we@@ d thes@@ e tw@@ o sli@@ de@@ s so that de@@ mon@@ strate that the ar@@ c@@ tic ic@@ e cap@@ , wh@@ ich for mo@@ st of the la@@ st th@@ ree milli@@ on year@@ s ha@@ s be@@ en the si@@ ze of the lo@@ wer 4@@ 8 stat@@ es@@ , ha@@ s sh@@ run@@ k b@@ y 4@@ 0 percen@@ t@@ .
2026-05-24 07:07:37,430 - INFO - joeynmt.training - 	Reference:  ﻿V@@ orig j@@ aar lie@@ t ik de@@ ze twee dia@@ '@@ s zi@@ en om aan te ton@@ en dat de p@@ ool@@ ij@@ sk@@ ap@@ , die de af@@ gel@@ open drie miljo@@ en j@@ aar onge@@ ve@@ er de groot@@ te had van het va@@ stel@@ and van de V@@ S@@ , met 4@@ 0@@ % gek@@ ro@@ mp@@ en was@@ .
2026-05-24 07:07:37,430 - INFO - joeynmt.training - 	Hypothesis: H@@ et j@@ aar lat@@ en zi@@ en dat de@@ ze twee foto@@ '@@ s zo@@ dat de ar@@ m@@ isch@@ e kap@@ pen@@ , die voor de laat@@ ste drie miljo@@ en j@@ aar heef@@ t de laat@@ ste 4@@ 0 j@@ aar heef@@ t de groot@@ ste 4@@ 0 pro@@ cen@@ t van de laat@@ ste 4@@ 0 pro@@ cen@@ t door 4@@ 0 pro@@ cen@@ t ge@@ wor@@ den@@ <unk>
2026-05-24 07:07:37,431 - INFO - joeynmt.training - Example #1
2026-05-24 07:07:37,431 - DEBUG - joeynmt.training - 	Tokenized source:     ['Bu@@', 't', 'th@@', 'is', 'under@@', 'stat@@', 'es', 'the', 'ser@@', 'i@@', 'ou@@', 'sn@@', 'ess', 'of', 'th@@', 'is', 'particul@@', 'ar', 'proble@@', 'm', 'beca@@', 'us@@', 'e', 'it', 'does@@', 'n@@', "'@@", 't', 'sho@@', 'w', 'the', 'th@@', 'ic@@', 'kn@@', 'ess', 'of', 'the', 'ic@@', 'e@@', '.']
2026-05-24 07:07:37,431 - DEBUG - joeynmt.training - 	Tokenized reference:  ['M@@', 'aar', 'dit', 'onder@@', 'sch@@', 'at', 'eigen@@', 'lijk', 'de', 'ern@@', 'st', 'van', 'dit', 'specif@@', 'ie@@', 'ke', 'proble@@', 'em', 'om@@', 'dat', 'het', 'nie@@', 't', 'de', 'di@@', 'k@@', 'te', 'van', 'het', 'ij@@', 's', 'laat', 'zi@@', 'en@@', '.']
2026-05-24 07:07:37,431 - DEBUG - joeynmt.training - 	Tokenized hypothesis: ['M@@', 'aar', 'dit', 'is', 'de', 'ser@@', 'ie@@', 'us', 'van', 'de@@', 'ze', 'stat@@', 'en', 'van', 'de@@', 'ze', 'ding@@', 'en', 'om@@', 'dat', 'het', 'nie@@', 't', 'zi@@', 'en', 'dat', 'het', 'dan', 'de', 'kan@@', 't', 'van', 'de', 'ic@@', 'e@@', '<unk>', '</s>']
2026-05-24 07:07:37,431 - INFO - joeynmt.training - 	Source:     Bu@@ t th@@ is under@@ stat@@ es the ser@@ i@@ ou@@ sn@@ ess of th@@ is particul@@ ar proble@@ m beca@@ us@@ e it does@@ n@@ '@@ t sho@@ w the th@@ ic@@ kn@@ ess of the ic@@ e@@ .
2026-05-24 07:07:37,431 - INFO - joeynmt.training - 	Reference:  M@@ aar dit onder@@ sch@@ at eigen@@ lijk de ern@@ st van dit specif@@ ie@@ ke proble@@ em om@@ dat het nie@@ t de di@@ k@@ te van het ij@@ s laat zi@@ en@@ .
2026-05-24 07:07:37,431 - INFO - joeynmt.training - 	Hypothesis: M@@ aar dit is de ser@@ ie@@ us van de@@ ze stat@@ en van de@@ ze ding@@ en om@@ dat het nie@@ t zi@@ en dat het dan de kan@@ t van de ic@@ e@@ <unk>
2026-05-24 07:07:37,431 - INFO - joeynmt.training - Example #2
2026-05-24 07:07:37,432 - DEBUG - joeynmt.training - 	Tokenized source:     ['The', 'ar@@', 'c@@', 'tic', 'ic@@', 'e', 'cap', 'is@@', ',', 'in', 'a', 'sen@@', 'se@@', ',', 'the', 'be@@', 'at@@', 'ing', 'hear@@', 't', 'of', 'the', 'glob@@', 'al', 'cli@@', 'mat@@', 'e', 'system@@', '.']
2026-05-24 07:07:37,432 - DEBUG - joeynmt.training - 	Tokenized reference:  ['De', 'ij@@', 'sk@@', 'ap', 'op', 'de', 'Noor@@', 'd@@', 'p@@', 'ool', 'is', 'in', 'ze@@', 'ker@@', 'e', 'zin', 'het', 'kl@@', 'op@@', 'pen@@', 'd', 'har@@', 't', 'van', 'ons', 'glob@@', 'aal', 'kli@@', 'maat@@', 'syste@@', 'em@@', '.']
2026-05-24 07:07:37,432 - DEBUG - joeynmt.training - 	Tokenized hypothesis: ['De', 'ar@@', 'm', 'is', 'd@@', 'aal@@', 'de', 'in', 'een', 'gevoel', 'van', 'de', 'wereldwij@@', 'd@@', 'syste@@', 'em', 'van', 'de', 'wereldwij@@', 'de', 'kli@@', 'maat@@', 'syste@@', 'em@@', '<unk>', '</s>']
2026-05-24 07:07:37,432 - INFO - joeynmt.training - 	Source:     The ar@@ c@@ tic ic@@ e cap is@@ , in a sen@@ se@@ , the be@@ at@@ ing hear@@ t of the glob@@ al cli@@ mat@@ e system@@ .
2026-05-24 07:07:37,433 - INFO - joeynmt.training - 	Reference:  De ij@@ sk@@ ap op de Noor@@ d@@ p@@ ool is in ze@@ ker@@ e zin het kl@@ op@@ pen@@ d har@@ t van ons glob@@ aal kli@@ maat@@ syste@@ em@@ .
2026-05-24 07:07:37,433 - INFO - joeynmt.training - 	Hypothesis: De ar@@ m is d@@ aal@@ de in een gevoel van de wereldwij@@ d@@ syste@@ em van de wereldwij@@ de kli@@ maat@@ syste@@ em@@ <unk>
2026-05-24 07:07:37,433 - INFO - joeynmt.training - Example #3
2026-05-24 07:07:37,433 - DEBUG - joeynmt.training - 	Tokenized source:     ['I@@', 't', 'ex@@', 'p@@', 'and@@', 's', 'in', 'w@@', 'inter', 'and', 'con@@', 'trac@@', 'ts', 'in', 'su@@', 'm@@', 'mer@@', '.']
2026-05-24 07:07:37,434 - DEBUG - joeynmt.training - 	Tokenized reference:  ['H@@', 'et', 'zet', 'uit', 'in', 'de', 'w@@', 'inter', 'en', 'k@@', 'ri@@', 'mp@@', 't', 'in', 'de', 'zom@@', 'er@@', '.']
2026-05-24 07:07:37,434 - DEBUG - joeynmt.training - 	Tokenized hypothesis: ['H@@', 'et', 'ex@@', 'p@@', 's@@', 'and@@', 's', 'in', 'de', 'w@@', 'inter', 'en', 'con@@', 'trac@@', 'ten', 'in', 'de', 'ver@@', 'sla@@', 'g@@', '<unk>', '</s>']
2026-05-24 07:07:37,434 - INFO - joeynmt.training - 	Source:     I@@ t ex@@ p@@ and@@ s in w@@ inter and con@@ trac@@ ts in su@@ m@@ mer@@ .
2026-05-24 07:07:37,434 - INFO - joeynmt.training - 	Reference:  H@@ et zet uit in de w@@ inter en k@@ ri@@ mp@@ t in de zom@@ er@@ .
2026-05-24 07:07:37,434 - INFO - joeynmt.training - 	Hypothesis: H@@ et ex@@ p@@ s@@ and@@ s in de w@@ inter en con@@ trac@@ ten in de ver@@ sla@@ g@@ <unk>
2026-05-24 07:07:37,434 - INFO - joeynmt.training - Example #4
2026-05-24 07:07:37,434 - DEBUG - joeynmt.training - 	Tokenized source:     ['The', 'ne@@', 'x@@', 't', 'sli@@', 'de', 'I', 'sho@@', 'w', 'you', 'will', 'be', 'a', 'ra@@', 'p@@', 'id', 'fa@@', 'st-@@', 'for@@', 'war@@', 'd', 'of', 'what@@', "'@@", 's', 'happen@@', 'ed', 'over', 'the', 'la@@', 'st', '2@@', '5', 'year@@', 's@@', '.']
2026-05-24 07:07:37,434 - DEBUG - joeynmt.training - 	Tokenized reference:  ['De', 'volgen@@', 'de', 'dia', 'die', 'ik', 'laat', 'zi@@', 'en', 'is', 'een', 'ver@@', 'snel@@', 'de', 'vers@@', 'ie', 'van', 'wat', 'er', 'de', 'af@@', 'gel@@', 'open', '2@@', '5', 'j@@', 'aar', 'is', 'gebeur@@', 'd@@', '.']
2026-05-24 07:07:37,434 - DEBUG - joeynmt.training - 	Tokenized hypothesis: ['De', 'volgen@@', 'de', 'ik', 'z@@', 'al', 'een', 'ra@@', 'p@@', 'p@@', 'p@@', 'it@@', 'en@@', 'i@@', 'ge', 'ver@@', 'f@@', 't', 'gebeur@@', 'd', 'van', 'wat', 'er', 'gebeur@@', 'de', 'er', 'gebeur@@', 'de', 'er', 'gebeur@@', 'de', 'in', 'de', 'laat@@', 'ste', '2@@', '5', 'j@@', 'aar', 'z@@', 'al', 'zijn@@', '<unk>', '</s>']
2026-05-24 07:07:37,435 - INFO - joeynmt.training - 	Source:     The ne@@ x@@ t sli@@ de I sho@@ w you will be a ra@@ p@@ id fa@@ st-@@ for@@ war@@ d of what@@ '@@ s happen@@ ed over the la@@ st 2@@ 5 year@@ s@@ .
2026-05-24 07:07:37,435 - INFO - joeynmt.training - 	Reference:  De volgen@@ de dia die ik laat zi@@ en is een ver@@ snel@@ de vers@@ ie van wat er de af@@ gel@@ open 2@@ 5 j@@ aar is gebeur@@ d@@ .
2026-05-24 07:07:37,435 - INFO - joeynmt.training - 	Hypothesis: De volgen@@ de ik z@@ al een ra@@ p@@ p@@ p@@ it@@ en@@ i@@ ge ver@@ f@@ t gebeur@@ d van wat er gebeur@@ de er gebeur@@ de er gebeur@@ de in de laat@@ ste 2@@ 5 j@@ aar z@@ al zijn@@ <unk>
2026-05-24 07:08:39,115 - INFO - joeynmt.training - Epoch   2, Step:     5100, Batch Loss:     1.723786, Batch Acc: 0.487631, Tokens per Sec:     1177, Lr: 0.000300
2026-05-24 07:09:36,678 - INFO - joeynmt.training - Epoch   2, Step:     5200, Batch Loss:     1.828756, Batch Acc: 0.485811, Tokens per Sec:     1306, Lr: 0.000300
2026-05-24 07:10:32,902 - INFO - joeynmt.training - Epoch   2, Step:     5300, Batch Loss:     1.878271, Batch Acc: 0.491291, Tokens per Sec:     1301, Lr: 0.000300
2026-05-24 07:11:29,032 - INFO - joeynmt.training - Epoch   2, Step:     5400, Batch Loss:     1.801030, Batch Acc: 0.496666, Tokens per Sec:     1358, Lr: 0.000300
2026-05-24 07:12:28,832 - INFO - joeynmt.training - Epoch   2, Step:     5500, Batch Loss:     1.659686, Batch Acc: 0.491668, Tokens per Sec:     1228, Lr: 0.000300
2026-05-24 07:12:28,833 - INFO - joeynmt.prediction - Predicting 1003 example(s)... (Greedy decoding with min_output_length=1, max_output_length=100, return_prob='none', generate_unk=True, repetition_penalty=-1, no_repeat_ngram_size=-1)
2026-05-24 07:15:57,882 - INFO - joeynmt.metrics - nrefs:1|case:mixed|eff:no|tok:13a|smooth:exp|version:2.6.0
2026-05-24 07:15:57,882 - INFO - joeynmt.prediction - Evaluation result (greedy) bleu:  26.26, loss:   2.06, ppl:   7.85, acc:   0.44, generation: 208.5456[sec], evaluation: 0.4802[sec]
2026-05-24 07:15:57,883 - INFO - joeynmt.training - Hooray! New best validation result [ppl]!
2026-05-24 07:15:57,953 - INFO - joeynmt.helpers - delete output_bpe5000/3000.ckpt
2026-05-24 07:15:57,962 - INFO - joeynmt.training - Example #0
2026-05-24 07:15:57,962 - DEBUG - joeynmt.training - 	Tokenized source:     ['\ufeffLa@@', 'st', 'year', 'I', 'sho@@', 'we@@', 'd', 'thes@@', 'e', 'tw@@', 'o', 'sli@@', 'de@@', 's', 'so', 'that', 'de@@', 'mon@@', 'strate', 'that', 'the', 'ar@@', 'c@@', 'tic', 'ic@@', 'e', 'cap@@', ',', 'wh@@', 'ich', 'for', 'mo@@', 'st', 'of', 'the', 'la@@', 'st', 'th@@', 'ree', 'milli@@', 'on', 'year@@', 's', 'ha@@', 's', 'be@@', 'en', 'the', 'si@@', 'ze', 'of', 'the', 'lo@@', 'wer', '4@@', '8', 'stat@@', 'es@@', ',', 'ha@@', 's', 'sh@@', 'run@@', 'k', 'b@@', 'y', '4@@', '0', 'percen@@', 't@@', '.']
2026-05-24 07:15:57,962 - DEBUG - joeynmt.training - 	Tokenized reference:  ['\ufeffV@@', 'orig', 'j@@', 'aar', 'lie@@', 't', 'ik', 'de@@', 'ze', 'twee', 'dia@@', "'@@", 's', 'zi@@', 'en', 'om', 'aan', 'te', 'ton@@', 'en', 'dat', 'de', 'p@@', 'ool@@', 'ij@@', 'sk@@', 'ap@@', ',', 'die', 'de', 'af@@', 'gel@@', 'open', 'drie', 'miljo@@', 'en', 'j@@', 'aar', 'onge@@', 've@@', 'er', 'de', 'groot@@', 'te', 'had', 'van', 'het', 'va@@', 'stel@@', 'and', 'van', 'de', 'V@@', 'S@@', ',', 'met', '4@@', '0@@', '%', 'gek@@', 'ro@@', 'mp@@', 'en', 'was@@', '.']
2026-05-24 07:15:57,962 - DEBUG - joeynmt.training - 	Tokenized hypothesis: ['I@@', 'k', 'laat', 'de@@', 'ze', 'twee', 'we@@', 'ge', 'dat', 'de@@', 'ze', 'twee', 'dia', 'zo@@', 'dat', 'dat', 'de', 'ar@@', 'c@@', 't@@', 'isch@@', 'e', 'kap@@', 'pen@@', ',', 'die', 'voor', 'de', 'laat@@', 'ste', 'van', 'de', 'laat@@', 'ste', 'drie', 'miljo@@', 'en', 'j@@', 'aar', 'heef@@', 't', 'de', 'groot@@', 'ste', '4@@', '8', 'pro@@', 'cen@@', 't@@', '<unk>', '</s>']
2026-05-24 07:15:57,963 - INFO - joeynmt.training - 	Source:     ﻿La@@ st year I sho@@ we@@ d thes@@ e tw@@ o sli@@ de@@ s so that de@@ mon@@ strate that the ar@@ c@@ tic ic@@ e cap@@ , wh@@ ich for mo@@ st of the la@@ st th@@ ree milli@@ on year@@ s ha@@ s be@@ en the si@@ ze of the lo@@ wer 4@@ 8 stat@@ es@@ , ha@@ s sh@@ run@@ k b@@ y 4@@ 0 percen@@ t@@ .
2026-05-24 07:15:57,964 - INFO - joeynmt.training - 	Reference:  ﻿V@@ orig j@@ aar lie@@ t ik de@@ ze twee dia@@ '@@ s zi@@ en om aan te ton@@ en dat de p@@ ool@@ ij@@ sk@@ ap@@ , die de af@@ gel@@ open drie miljo@@ en j@@ aar onge@@ ve@@ er de groot@@ te had van het va@@ stel@@ and van de V@@ S@@ , met 4@@ 0@@ % gek@@ ro@@ mp@@ en was@@ .
2026-05-24 07:15:57,964 - INFO - joeynmt.training - 	Hypothesis: I@@ k laat de@@ ze twee we@@ ge dat de@@ ze twee dia zo@@ dat dat de ar@@ c@@ t@@ isch@@ e kap@@ pen@@ , die voor de laat@@ ste van de laat@@ ste drie miljo@@ en j@@ aar heef@@ t de groot@@ ste 4@@ 8 pro@@ cen@@ t@@ <unk>
2026-05-24 07:15:57,965 - INFO - joeynmt.training - Example #1
2026-05-24 07:15:57,965 - DEBUG - joeynmt.training - 	Tokenized source:     ['Bu@@', 't', 'th@@', 'is', 'under@@', 'stat@@', 'es', 'the', 'ser@@', 'i@@', 'ou@@', 'sn@@', 'ess', 'of', 'th@@', 'is', 'particul@@', 'ar', 'proble@@', 'm', 'beca@@', 'us@@', 'e', 'it', 'does@@', 'n@@', "'@@", 't', 'sho@@', 'w', 'the', 'th@@', 'ic@@', 'kn@@', 'ess', 'of', 'the', 'ic@@', 'e@@', '.']
2026-05-24 07:15:57,965 - DEBUG - joeynmt.training - 	Tokenized reference:  ['M@@', 'aar', 'dit', 'onder@@', 'sch@@', 'at', 'eigen@@', 'lijk', 'de', 'ern@@', 'st', 'van', 'dit', 'specif@@', 'ie@@', 'ke', 'proble@@', 'em', 'om@@', 'dat', 'het', 'nie@@', 't', 'de', 'di@@', 'k@@', 'te', 'van', 'het', 'ij@@', 's', 'laat', 'zi@@', 'en@@', '.']
2026-05-24 07:15:57,965 - DEBUG - joeynmt.training - 	Tokenized hypothesis: ['M@@', 'aar', 'dit', 'is', 'de', 'ser@@', 'ie@@', 'us', 'de', 'ser@@', 'ie@@', 'us', 'van', 'de@@', 'ze', 'mani@@', 'er', 'waaro@@', 'p', 'het', 'nie@@', 't', 'dat', 'het', 'nie@@', 't', 'dat', 'het', 'nie@@', 't', 'op', 'de', 'ic@@', 'e@@', '<unk>', '</s>']
2026-05-24 07:15:57,965 - INFO - joeynmt.training - 	Source:     Bu@@ t th@@ is under@@ stat@@ es the ser@@ i@@ ou@@ sn@@ ess of th@@ is particul@@ ar proble@@ m beca@@ us@@ e it does@@ n@@ '@@ t sho@@ w the th@@ ic@@ kn@@ ess of the ic@@ e@@ .
2026-05-24 07:15:57,965 - INFO - joeynmt.training - 	Reference:  M@@ aar dit onder@@ sch@@ at eigen@@ lijk de ern@@ st van dit specif@@ ie@@ ke proble@@ em om@@ dat het nie@@ t de di@@ k@@ te van het ij@@ s laat zi@@ en@@ .
2026-05-24 07:15:57,965 - INFO - joeynmt.training - 	Hypothesis: M@@ aar dit is de ser@@ ie@@ us de ser@@ ie@@ us van de@@ ze mani@@ er waaro@@ p het nie@@ t dat het nie@@ t dat het nie@@ t op de ic@@ e@@ <unk>
2026-05-24 07:15:57,966 - INFO - joeynmt.training - Example #2
2026-05-24 07:15:57,966 - DEBUG - joeynmt.training - 	Tokenized source:     ['The', 'ar@@', 'c@@', 'tic', 'ic@@', 'e', 'cap', 'is@@', ',', 'in', 'a', 'sen@@', 'se@@', ',', 'the', 'be@@', 'at@@', 'ing', 'hear@@', 't', 'of', 'the', 'glob@@', 'al', 'cli@@', 'mat@@', 'e', 'system@@', '.']
2026-05-24 07:15:57,966 - DEBUG - joeynmt.training - 	Tokenized reference:  ['De', 'ij@@', 'sk@@', 'ap', 'op', 'de', 'Noor@@', 'd@@', 'p@@', 'ool', 'is', 'in', 'ze@@', 'ker@@', 'e', 'zin', 'het', 'kl@@', 'op@@', 'pen@@', 'd', 'har@@', 't', 'van', 'ons', 'glob@@', 'aal', 'kli@@', 'maat@@', 'syste@@', 'em@@', '.']
2026-05-24 07:15:57,966 - DEBUG - joeynmt.training - 	Tokenized hypothesis: ['De', 'ar@@', 'c@@', 't@@', 'isch@@', 'e', 'k@@', 'al@@', 'e', 'in@@', 'st@@', 'aat@@', ',', 'de', 'be@@', 'handel@@', 'ing', 'van', 'de', 'wereldwij@@', 'de', 'kli@@', 'maat@@', 'syste@@', 'em@@', '<unk>', '</s>']
2026-05-24 07:15:57,966 - INFO - joeynmt.training - 	Source:     The ar@@ c@@ tic ic@@ e cap is@@ , in a sen@@ se@@ , the be@@ at@@ ing hear@@ t of the glob@@ al cli@@ mat@@ e system@@ .
2026-05-24 07:15:57,966 - INFO - joeynmt.training - 	Reference:  De ij@@ sk@@ ap op de Noor@@ d@@ p@@ ool is in ze@@ ker@@ e zin het kl@@ op@@ pen@@ d har@@ t van ons glob@@ aal kli@@ maat@@ syste@@ em@@ .
2026-05-24 07:15:57,966 - INFO - joeynmt.training - 	Hypothesis: De ar@@ c@@ t@@ isch@@ e k@@ al@@ e in@@ st@@ aat@@ , de be@@ handel@@ ing van de wereldwij@@ de kli@@ maat@@ syste@@ em@@ <unk>
2026-05-24 07:15:57,966 - INFO - joeynmt.training - Example #3
2026-05-24 07:15:57,967 - DEBUG - joeynmt.training - 	Tokenized source:     ['I@@', 't', 'ex@@', 'p@@', 'and@@', 's', 'in', 'w@@', 'inter', 'and', 'con@@', 'trac@@', 'ts', 'in', 'su@@', 'm@@', 'mer@@', '.']
2026-05-24 07:15:57,967 - DEBUG - joeynmt.training - 	Tokenized reference:  ['H@@', 'et', 'zet', 'uit', 'in', 'de', 'w@@', 'inter', 'en', 'k@@', 'ri@@', 'mp@@', 't', 'in', 'de', 'zom@@', 'er@@', '.']
2026-05-24 07:15:57,967 - DEBUG - joeynmt.training - 	Tokenized hypothesis: ['H@@', 'et', 'ex@@', 'p@@', 'and@@', 's', 'in', 'de', 'w@@', 'inter', 'en', 'con@@', 'trac@@', 'ten', 'in', 'ze@@', 'ker@@', 'e', 'ver@@', 'hou@@', 'ding', 'in', 'ze@@', 'ker@@', '<unk>', '</s>']
2026-05-24 07:15:57,967 - INFO - joeynmt.training - 	Source:     I@@ t ex@@ p@@ and@@ s in w@@ inter and con@@ trac@@ ts in su@@ m@@ mer@@ .
2026-05-24 07:15:57,967 - INFO - joeynmt.training - 	Reference:  H@@ et zet uit in de w@@ inter en k@@ ri@@ mp@@ t in de zom@@ er@@ .
2026-05-24 07:15:57,967 - INFO - joeynmt.training - 	Hypothesis: H@@ et ex@@ p@@ and@@ s in de w@@ inter en con@@ trac@@ ten in ze@@ ker@@ e ver@@ hou@@ ding in ze@@ ker@@ <unk>
2026-05-24 07:15:57,967 - INFO - joeynmt.training - Example #4
2026-05-24 07:15:57,968 - DEBUG - joeynmt.training - 	Tokenized source:     ['The', 'ne@@', 'x@@', 't', 'sli@@', 'de', 'I', 'sho@@', 'w', 'you', 'will', 'be', 'a', 'ra@@', 'p@@', 'id', 'fa@@', 'st-@@', 'for@@', 'war@@', 'd', 'of', 'what@@', "'@@", 's', 'happen@@', 'ed', 'over', 'the', 'la@@', 'st', '2@@', '5', 'year@@', 's@@', '.']
2026-05-24 07:15:57,968 - DEBUG - joeynmt.training - 	Tokenized reference:  ['De', 'volgen@@', 'de', 'dia', 'die', 'ik', 'laat', 'zi@@', 'en', 'is', 'een', 'ver@@', 'snel@@', 'de', 'vers@@', 'ie', 'van', 'wat', 'er', 'de', 'af@@', 'gel@@', 'open', '2@@', '5', 'j@@', 'aar', 'is', 'gebeur@@', 'd@@', '.']
2026-05-24 07:15:57,968 - DEBUG - joeynmt.training - 	Tokenized hypothesis: ['De', 'volgen@@', 'de', 'ik', 'j@@', 'aar', 'z@@', 'al', 'ik', 'j@@', 'ul@@', 'lie', 'een', 'ra@@', 'p@@', 'p@@', 'p@@', 'ad', 'is', 'wat', 'er', 'gebeur@@', 't', 'over', 'de', 'laat@@', 'ste', '2@@', '5', 'j@@', 'aar', '2@@', '5', 'j@@', 'aar', '2@@', '5', 'j@@', 'aar', '2@@', '5', 'j@@', 'aar', 'z@@', 'al', 'een', 'ra@@', 'p@@', 'p@@', 'p@@', 'id@@', 'de', 'de', 'de', 'laat@@', 'ste', '2@@', '5', 'j@@', 'aar', 'z@@', 'al', 'een', 'ra@@', 'p@@', 'p@@', 'p@@', 'il@@', 'il@@', 'ing', 'z@@', 'al', 'zijn@@', '<unk>', '</s>']
2026-05-24 07:15:57,968 - INFO - joeynmt.training - 	Source:     The ne@@ x@@ t sli@@ de I sho@@ w you will be a ra@@ p@@ id fa@@ st-@@ for@@ war@@ d of what@@ '@@ s happen@@ ed over the la@@ st 2@@ 5 year@@ s@@ .
2026-05-24 07:15:57,968 - INFO - joeynmt.training - 	Reference:  De volgen@@ de dia die ik laat zi@@ en is een ver@@ snel@@ de vers@@ ie van wat er de af@@ gel@@ open 2@@ 5 j@@ aar is gebeur@@ d@@ .
2026-05-24 07:15:57,968 - INFO - joeynmt.training - 	Hypothesis: De volgen@@ de ik j@@ aar z@@ al ik j@@ ul@@ lie een ra@@ p@@ p@@ p@@ ad is wat er gebeur@@ t over de laat@@ ste 2@@ 5 j@@ aar 2@@ 5 j@@ aar 2@@ 5 j@@ aar 2@@ 5 j@@ aar z@@ al een ra@@ p@@ p@@ p@@ id@@ de de de laat@@ ste 2@@ 5 j@@ aar z@@ al een ra@@ p@@ p@@ p@@ il@@ il@@ ing z@@ al zijn@@ <unk>
2026-05-24 07:16:58,754 - INFO - joeynmt.training - Epoch   2, Step:     5600, Batch Loss:     1.900845, Batch Acc: 0.497924, Tokens per Sec:     1195, Lr: 0.000300
2026-05-24 07:17:59,704 - INFO - joeynmt.training - Epoch   2, Step:     5700, Batch Loss:     1.875860, Batch Acc: 0.500656, Tokens per Sec:     1226, Lr: 0.000300
2026-05-24 07:18:59,632 - INFO - joeynmt.training - Epoch   2, Step:     5800, Batch Loss:     1.682455, Batch Acc: 0.508034, Tokens per Sec:     1195, Lr: 0.000300
2026-05-24 07:19:59,540 - INFO - joeynmt.training - Epoch   2, Step:     5900, Batch Loss:     2.060676, Batch Acc: 0.500752, Tokens per Sec:     1233, Lr: 0.000300
2026-05-24 07:21:00,804 - INFO - joeynmt.training - Epoch   2, Step:     6000, Batch Loss:     1.722744, Batch Acc: 0.506448, Tokens per Sec:     1189, Lr: 0.000300
2026-05-24 07:21:00,806 - INFO - joeynmt.prediction - Predicting 1003 example(s)... (Greedy decoding with min_output_length=1, max_output_length=100, return_prob='none', generate_unk=True, repetition_penalty=-1, no_repeat_ngram_size=-1)
2026-05-24 07:24:07,885 - INFO - joeynmt.metrics - nrefs:1|case:mixed|eff:no|tok:13a|smooth:exp|version:2.6.0
2026-05-24 07:24:07,886 - INFO - joeynmt.prediction - Evaluation result (greedy) bleu:  30.13, loss:   2.02, ppl:   7.52, acc:   0.45, generation: 186.5140[sec], evaluation: 0.5518[sec]
2026-05-24 07:24:07,888 - INFO - joeynmt.training - Hooray! New best validation result [ppl]!
2026-05-24 07:24:07,990 - INFO - joeynmt.helpers - delete output_bpe5000/3500.ckpt
2026-05-24 07:24:07,999 - INFO - joeynmt.training - Example #0
2026-05-24 07:24:08,001 - DEBUG - joeynmt.training - 	Tokenized source:     ['\ufeffLa@@', 'st', 'year', 'I', 'sho@@', 'we@@', 'd', 'thes@@', 'e', 'tw@@', 'o', 'sli@@', 'de@@', 's', 'so', 'that', 'de@@', 'mon@@', 'strate', 'that', 'the', 'ar@@', 'c@@', 'tic', 'ic@@', 'e', 'cap@@', ',', 'wh@@', 'ich', 'for', 'mo@@', 'st', 'of', 'the', 'la@@', 'st', 'th@@', 'ree', 'milli@@', 'on', 'year@@', 's', 'ha@@', 's', 'be@@', 'en', 'the', 'si@@', 'ze', 'of', 'the', 'lo@@', 'wer', '4@@', '8', 'stat@@', 'es@@', ',', 'ha@@', 's', 'sh@@', 'run@@', 'k', 'b@@', 'y', '4@@', '0', 'percen@@', 't@@', '.']
2026-05-24 07:24:08,001 - DEBUG - joeynmt.training - 	Tokenized reference:  ['\ufeffV@@', 'orig', 'j@@', 'aar', 'lie@@', 't', 'ik', 'de@@', 'ze', 'twee', 'dia@@', "'@@", 's', 'zi@@', 'en', 'om', 'aan', 'te', 'ton@@', 'en', 'dat', 'de', 'p@@', 'ool@@', 'ij@@', 'sk@@', 'ap@@', ',', 'die', 'de', 'af@@', 'gel@@', 'open', 'drie', 'miljo@@', 'en', 'j@@', 'aar', 'onge@@', 've@@', 'er', 'de', 'groot@@', 'te', 'had', 'van', 'het', 'va@@', 'stel@@', 'and', 'van', 'de', 'V@@', 'S@@', ',', 'met', '4@@', '0@@', '%', 'gek@@', 'ro@@', 'mp@@', 'en', 'was@@', '.']
2026-05-24 07:24:08,001 - DEBUG - joeynmt.training - 	Tokenized hypothesis: ['I@@', 'k', 'heb', 'de@@', 'ze', 'twee', 'dia', 'zi@@', 'en', 'dat', 'de', 'ar@@', 'c@@', 't@@', 'isch@@', 'e', 'kap@@', 'it@@', '-@@', 'kap@@', 'it@@', '-@@', 'kap@@', 'it@@', '-@@', '-', 'die', 'voor', 'de', 'meest', 'drie', 'miljo@@', 'en', 'j@@', 'aar', 'zijn', 'drie', 'miljo@@', 'en', 'j@@', 'aar', 'zijn', 'de', 'groot@@', 'te', 'van', 'de', 'groot@@', 'ste', 'van', 'de', 'la@@', 'ding@@', 'en@@', ',', 'heef@@', 't', 'de', 'groot@@', 'ste', 'van', '4@@', '0', 'pro@@', 'cen@@', 't@@', '<unk>', '</s>']
2026-05-24 07:24:08,002 - INFO - joeynmt.training - 	Source:     ﻿La@@ st year I sho@@ we@@ d thes@@ e tw@@ o sli@@ de@@ s so that de@@ mon@@ strate that the ar@@ c@@ tic ic@@ e cap@@ , wh@@ ich for mo@@ st of the la@@ st th@@ ree milli@@ on year@@ s ha@@ s be@@ en the si@@ ze of the lo@@ wer 4@@ 8 stat@@ es@@ , ha@@ s sh@@ run@@ k b@@ y 4@@ 0 percen@@ t@@ .
2026-05-24 07:24:08,002 - INFO - joeynmt.training - 	Reference:  ﻿V@@ orig j@@ aar lie@@ t ik de@@ ze twee dia@@ '@@ s zi@@ en om aan te ton@@ en dat de p@@ ool@@ ij@@ sk@@ ap@@ , die de af@@ gel@@ open drie miljo@@ en j@@ aar onge@@ ve@@ er de groot@@ te had van het va@@ stel@@ and van de V@@ S@@ , met 4@@ 0@@ % gek@@ ro@@ mp@@ en was@@ .
2026-05-24 07:24:08,002 - INFO - joeynmt.training - 	Hypothesis: I@@ k heb de@@ ze twee dia zi@@ en dat de ar@@ c@@ t@@ isch@@ e kap@@ it@@ -@@ kap@@ it@@ -@@ kap@@ it@@ -@@ - die voor de meest drie miljo@@ en j@@ aar zijn drie miljo@@ en j@@ aar zijn de groot@@ te van de groot@@ ste van de la@@ ding@@ en@@ , heef@@ t de groot@@ ste van 4@@ 0 pro@@ cen@@ t@@ <unk>
2026-05-24 07:24:08,002 - INFO - joeynmt.training - Example #1
2026-05-24 07:24:08,002 - DEBUG - joeynmt.training - 	Tokenized source:     ['Bu@@', 't', 'th@@', 'is', 'under@@', 'stat@@', 'es', 'the', 'ser@@', 'i@@', 'ou@@', 'sn@@', 'ess', 'of', 'th@@', 'is', 'particul@@', 'ar', 'proble@@', 'm', 'beca@@', 'us@@', 'e', 'it', 'does@@', 'n@@', "'@@", 't', 'sho@@', 'w', 'the', 'th@@', 'ic@@', 'kn@@', 'ess', 'of', 'the', 'ic@@', 'e@@', '.']
2026-05-24 07:24:08,002 - DEBUG - joeynmt.training - 	Tokenized reference:  ['M@@', 'aar', 'dit', 'onder@@', 'sch@@', 'at', 'eigen@@', 'lijk', 'de', 'ern@@', 'st', 'van', 'dit', 'specif@@', 'ie@@', 'ke', 'proble@@', 'em', 'om@@', 'dat', 'het', 'nie@@', 't', 'de', 'di@@', 'k@@', 'te', 'van', 'het', 'ij@@', 's', 'laat', 'zi@@', 'en@@', '.']
2026-05-24 07:24:08,002 - DEBUG - joeynmt.training - 	Tokenized hypothesis: ['M@@', 'aar', 'dit', 'begrij@@', 'p', 'de', 'ser@@', 'ie@@', 'us', 'van', 'dit', 'specif@@', 'ie@@', 'k', 'proble@@', 'em', 'om@@', 'dat', 'het', 'nie@@', 't', 'zi@@', 'en', 'dat', 'het', 'dan', 'nie@@', 't', 'de', 'dan', 'nie@@', 't', 'de', 'dan', 'de', 'ic@@', 'e@@', '<unk>', '</s>']
2026-05-24 07:24:08,003 - INFO - joeynmt.training - 	Source:     Bu@@ t th@@ is under@@ stat@@ es the ser@@ i@@ ou@@ sn@@ ess of th@@ is particul@@ ar proble@@ m beca@@ us@@ e it does@@ n@@ '@@ t sho@@ w the th@@ ic@@ kn@@ ess of the ic@@ e@@ .
2026-05-24 07:24:08,003 - INFO - joeynmt.training - 	Reference:  M@@ aar dit onder@@ sch@@ at eigen@@ lijk de ern@@ st van dit specif@@ ie@@ ke proble@@ em om@@ dat het nie@@ t de di@@ k@@ te van het ij@@ s laat zi@@ en@@ .
2026-05-24 07:24:08,003 - INFO - joeynmt.training - 	Hypothesis: M@@ aar dit begrij@@ p de ser@@ ie@@ us van dit specif@@ ie@@ k proble@@ em om@@ dat het nie@@ t zi@@ en dat het dan nie@@ t de dan nie@@ t de dan de ic@@ e@@ <unk>
2026-05-24 07:24:08,003 - INFO - joeynmt.training - Example #2
2026-05-24 07:24:08,003 - DEBUG - joeynmt.training - 	Tokenized source:     ['The', 'ar@@', 'c@@', 'tic', 'ic@@', 'e', 'cap', 'is@@', ',', 'in', 'a', 'sen@@', 'se@@', ',', 'the', 'be@@', 'at@@', 'ing', 'hear@@', 't', 'of', 'the', 'glob@@', 'al', 'cli@@', 'mat@@', 'e', 'system@@', '.']
2026-05-24 07:24:08,003 - DEBUG - joeynmt.training - 	Tokenized reference:  ['De', 'ij@@', 'sk@@', 'ap', 'op', 'de', 'Noor@@', 'd@@', 'p@@', 'ool', 'is', 'in', 'ze@@', 'ker@@', 'e', 'zin', 'het', 'kl@@', 'op@@', 'pen@@', 'd', 'har@@', 't', 'van', 'ons', 'glob@@', 'aal', 'kli@@', 'maat@@', 'syste@@', 'em@@', '.']
2026-05-24 07:24:08,003 - DEBUG - joeynmt.training - 	Tokenized hypothesis: ['De', 'ar@@', 'c@@', 't@@', 'isch@@', 'e', 'ij@@', 'fer@@', 's', 'is', 'het', 'het', 'be@@', 'ste', 'kli@@', 'maat@@', 'syste@@', 'em@@', '<unk>', '</s>']
2026-05-24 07:24:08,004 - INFO - joeynmt.training - 	Source:     The ar@@ c@@ tic ic@@ e cap is@@ , in a sen@@ se@@ , the be@@ at@@ ing hear@@ t of the glob@@ al cli@@ mat@@ e system@@ .
2026-05-24 07:24:08,004 - INFO - joeynmt.training - 	Reference:  De ij@@ sk@@ ap op de Noor@@ d@@ p@@ ool is in ze@@ ker@@ e zin het kl@@ op@@ pen@@ d har@@ t van ons glob@@ aal kli@@ maat@@ syste@@ em@@ .
2026-05-24 07:24:08,004 - INFO - joeynmt.training - 	Hypothesis: De ar@@ c@@ t@@ isch@@ e ij@@ fer@@ s is het het be@@ ste kli@@ maat@@ syste@@ em@@ <unk>
2026-05-24 07:24:08,004 - INFO - joeynmt.training - Example #3
2026-05-24 07:24:08,004 - DEBUG - joeynmt.training - 	Tokenized source:     ['I@@', 't', 'ex@@', 'p@@', 'and@@', 's', 'in', 'w@@', 'inter', 'and', 'con@@', 'trac@@', 'ts', 'in', 'su@@', 'm@@', 'mer@@', '.']
2026-05-24 07:24:08,004 - DEBUG - joeynmt.training - 	Tokenized reference:  ['H@@', 'et', 'zet', 'uit', 'in', 'de', 'w@@', 'inter', 'en', 'k@@', 'ri@@', 'mp@@', 't', 'in', 'de', 'zom@@', 'er@@', '.']
2026-05-24 07:24:08,004 - DEBUG - joeynmt.training - 	Tokenized hypothesis: ['H@@', 'et', 'ex@@', 'p@@', 'and@@', 's', 'in', 'w@@', 'inter', 'en', 'con@@', 'trac@@', 'ten', 'in', 'de', 'w@@', 'inter', 'en', 'con@@', 'trac@@', 'ten', 'in', 'de', 'w@@', 'inter', 'en', 'con@@', 'trac@@', 'ten', 'in', 'de', 'w@@', 'inter', 'en', 'con@@', 'trac@@', 'ten', 'in', 'de', 'w@@', 'inter', 'en', 'con@@', 'trac@@', 'ten', 'in', 'de', 'w@@', 'inter', 'en', 'con@@', 'trac@@', 'ten', 'in', 'de', 'w@@', 'inter', 'en', 'con@@', 'trac@@', 'ten', 'in', 'de', 'w@@', 'inter', 'en', 'con@@', 'trac@@', 'ten', 'in', 'de', 'w@@', 'inter', 'en', 'con@@', 'trac@@', 'ten', 'in', 'de', 'w@@', 'inter', 'en', 'con@@', 'trac@@', 'ten', 'in', 'de', 'w@@', 'inter', 'en', 'con@@', 'trac@@', 'ten', 'in', 'de', 'w@@', 'inter', 'en', 'con@@', 'trac@@']
2026-05-24 07:24:08,004 - INFO - joeynmt.training - 	Source:     I@@ t ex@@ p@@ and@@ s in w@@ inter and con@@ trac@@ ts in su@@ m@@ mer@@ .
2026-05-24 07:24:08,005 - INFO - joeynmt.training - 	Reference:  H@@ et zet uit in de w@@ inter en k@@ ri@@ mp@@ t in de zom@@ er@@ .
2026-05-24 07:24:08,005 - INFO - joeynmt.training - 	Hypothesis: H@@ et ex@@ p@@ and@@ s in w@@ inter en con@@ trac@@ ten in de w@@ inter en con@@ trac@@ ten in de w@@ inter en con@@ trac@@ ten in de w@@ inter en con@@ trac@@ ten in de w@@ inter en con@@ trac@@ ten in de w@@ inter en con@@ trac@@ ten in de w@@ inter en con@@ trac@@ ten in de w@@ inter en con@@ trac@@ ten in de w@@ inter en con@@ trac@@ ten in de w@@ inter en con@@ trac@@ ten in de w@@ inter en con@@ trac@@ ten in de w@@ inter en con@@ trac@@
2026-05-24 07:24:08,005 - INFO - joeynmt.training - Example #4
2026-05-24 07:24:08,005 - DEBUG - joeynmt.training - 	Tokenized source:     ['The', 'ne@@', 'x@@', 't', 'sli@@', 'de', 'I', 'sho@@', 'w', 'you', 'will', 'be', 'a', 'ra@@', 'p@@', 'id', 'fa@@', 'st-@@', 'for@@', 'war@@', 'd', 'of', 'what@@', "'@@", 's', 'happen@@', 'ed', 'over', 'the', 'la@@', 'st', '2@@', '5', 'year@@', 's@@', '.']
2026-05-24 07:24:08,005 - DEBUG - joeynmt.training - 	Tokenized reference:  ['De', 'volgen@@', 'de', 'dia', 'die', 'ik', 'laat', 'zi@@', 'en', 'is', 'een', 'ver@@', 'snel@@', 'de', 'vers@@', 'ie', 'van', 'wat', 'er', 'de', 'af@@', 'gel@@', 'open', '2@@', '5', 'j@@', 'aar', 'is', 'gebeur@@', 'd@@', '.']
2026-05-24 07:24:08,005 - DEBUG - joeynmt.training - 	Tokenized hypothesis: ['De', 'volgen@@', 'de', 'dia', 'dia', 'ik', 'j@@', 'ul@@', 'lie', 'een', 'ra@@', 'pp@@', 'or@@', 't', 'z@@', 'al', 'een', 'ra@@', 'pp@@', 'or@@', 't', 'van', 'wat', 'er', 'gebeur@@', 'de', 'over', 'de', 'laat@@', 'ste', '2@@', '5', 'j@@', 'aar', '2@@', '5', 'j@@', 'aar', '2@@', '5', 'j@@', 'aar', 'z@@', 'al', 'een', 'ra@@', 'pp@@', 'en@@', '<unk>', '</s>']
2026-05-24 07:24:08,006 - INFO - joeynmt.training - 	Source:     The ne@@ x@@ t sli@@ de I sho@@ w you will be a ra@@ p@@ id fa@@ st-@@ for@@ war@@ d of what@@ '@@ s happen@@ ed over the la@@ st 2@@ 5 year@@ s@@ .
2026-05-24 07:24:08,008 - INFO - joeynmt.training - 	Reference:  De volgen@@ de dia die ik laat zi@@ en is een ver@@ snel@@ de vers@@ ie van wat er de af@@ gel@@ open 2@@ 5 j@@ aar is gebeur@@ d@@ .
2026-05-24 07:24:08,008 - INFO - joeynmt.training - 	Hypothesis: De volgen@@ de dia dia ik j@@ ul@@ lie een ra@@ pp@@ or@@ t z@@ al een ra@@ pp@@ or@@ t van wat er gebeur@@ de over de laat@@ ste 2@@ 5 j@@ aar 2@@ 5 j@@ aar 2@@ 5 j@@ aar z@@ al een ra@@ pp@@ en@@ <unk>
2026-05-24 07:25:08,864 - INFO - joeynmt.training - Epoch   2, Step:     6100, Batch Loss:     1.711073, Batch Acc: 0.509209, Tokens per Sec:     1228, Lr: 0.000300
2026-05-24 07:26:12,594 - INFO - joeynmt.training - Epoch   2, Step:     6200, Batch Loss:     1.751438, Batch Acc: 0.508957, Tokens per Sec:     1174, Lr: 0.000300
2026-05-24 07:27:15,007 - INFO - joeynmt.training - Epoch   2, Step:     6300, Batch Loss:     1.665978, Batch Acc: 0.506766, Tokens per Sec:     1140, Lr: 0.000300
2026-05-24 07:28:15,136 - INFO - joeynmt.training - Epoch   2, Step:     6400, Batch Loss:     1.709944, Batch Acc: 0.513664, Tokens per Sec:     1269, Lr: 0.000300
2026-05-24 07:29:15,615 - INFO - joeynmt.training - Epoch   2, Step:     6500, Batch Loss:     1.696848, Batch Acc: 0.511366, Tokens per Sec:     1236, Lr: 0.000300
2026-05-24 07:29:15,616 - INFO - joeynmt.prediction - Predicting 1003 example(s)... (Greedy decoding with min_output_length=1, max_output_length=100, return_prob='none', generate_unk=True, repetition_penalty=-1, no_repeat_ngram_size=-1)
2026-05-24 07:32:15,271 - INFO - joeynmt.metrics - nrefs:1|case:mixed|eff:no|tok:13a|smooth:exp|version:2.6.0
2026-05-24 07:32:15,272 - INFO - joeynmt.prediction - Evaluation result (greedy) bleu:  31.05, loss:   1.98, ppl:   7.27, acc:   0.46, generation: 179.1564[sec], evaluation: 0.4852[sec]
2026-05-24 07:32:15,273 - INFO - joeynmt.training - Hooray! New best validation result [ppl]!
2026-05-24 07:32:15,345 - INFO - joeynmt.helpers - delete output_bpe5000/4000.ckpt
2026-05-24 07:32:15,356 - INFO - joeynmt.training - Example #0
2026-05-24 07:32:15,357 - DEBUG - joeynmt.training - 	Tokenized source:     ['\ufeffLa@@', 'st', 'year', 'I', 'sho@@', 'we@@', 'd', 'thes@@', 'e', 'tw@@', 'o', 'sli@@', 'de@@', 's', 'so', 'that', 'de@@', 'mon@@', 'strate', 'that', 'the', 'ar@@', 'c@@', 'tic', 'ic@@', 'e', 'cap@@', ',', 'wh@@', 'ich', 'for', 'mo@@', 'st', 'of', 'the', 'la@@', 'st', 'th@@', 'ree', 'milli@@', 'on', 'year@@', 's', 'ha@@', 's', 'be@@', 'en', 'the', 'si@@', 'ze', 'of', 'the', 'lo@@', 'wer', '4@@', '8', 'stat@@', 'es@@', ',', 'ha@@', 's', 'sh@@', 'run@@', 'k', 'b@@', 'y', '4@@', '0', 'percen@@', 't@@', '.']
2026-05-24 07:32:15,357 - DEBUG - joeynmt.training - 	Tokenized reference:  ['\ufeffV@@', 'orig', 'j@@', 'aar', 'lie@@', 't', 'ik', 'de@@', 'ze', 'twee', 'dia@@', "'@@", 's', 'zi@@', 'en', 'om', 'aan', 'te', 'ton@@', 'en', 'dat', 'de', 'p@@', 'ool@@', 'ij@@', 'sk@@', 'ap@@', ',', 'die', 'de', 'af@@', 'gel@@', 'open', 'drie', 'miljo@@', 'en', 'j@@', 'aar', 'onge@@', 've@@', 'er', 'de', 'groot@@', 'te', 'had', 'van', 'het', 'va@@', 'stel@@', 'and', 'van', 'de', 'V@@', 'S@@', ',', 'met', '4@@', '0@@', '%', 'gek@@', 'ro@@', 'mp@@', 'en', 'was@@', '.']
2026-05-24 07:32:15,357 - DEBUG - joeynmt.training - 	Tokenized hypothesis: ['H@@', 'et', 'eer@@', 'ste', 'j@@', 'aar', 'ik', 'de@@', 'ze', 'twee', 'dia', 'zo@@', 'dat', 'de', 'ar@@', 'c@@', 't@@', 'isch@@', 'e', 'kap@@', 'pen@@', ',', 'die', 'voor', 'de', 'laat@@', 'ste', 'drie', 'miljo@@', 'en', 'j@@', 'aar', 'hebb@@', 'en', 'de', 'groot@@', 'ste', 'drie', 'miljo@@', 'en', 'j@@', 'aar', 'heef@@', 't', 'de', 'groot@@', 'ste', '4@@', '8', 'stat@@', 'en@@', ',', 'heef@@', 't', 'de', 'groot@@', 'ste', '4@@', '0', 'pro@@', 'cen@@', 't@@', '<unk>', '</s>']
2026-05-24 07:32:15,357 - INFO - joeynmt.training - 	Source:     ﻿La@@ st year I sho@@ we@@ d thes@@ e tw@@ o sli@@ de@@ s so that de@@ mon@@ strate that the ar@@ c@@ tic ic@@ e cap@@ , wh@@ ich for mo@@ st of the la@@ st th@@ ree milli@@ on year@@ s ha@@ s be@@ en the si@@ ze of the lo@@ wer 4@@ 8 stat@@ es@@ , ha@@ s sh@@ run@@ k b@@ y 4@@ 0 percen@@ t@@ .
2026-05-24 07:32:15,357 - INFO - joeynmt.training - 	Reference:  ﻿V@@ orig j@@ aar lie@@ t ik de@@ ze twee dia@@ '@@ s zi@@ en om aan te ton@@ en dat de p@@ ool@@ ij@@ sk@@ ap@@ , die de af@@ gel@@ open drie miljo@@ en j@@ aar onge@@ ve@@ er de groot@@ te had van het va@@ stel@@ and van de V@@ S@@ , met 4@@ 0@@ % gek@@ ro@@ mp@@ en was@@ .
2026-05-24 07:32:15,357 - INFO - joeynmt.training - 	Hypothesis: H@@ et eer@@ ste j@@ aar ik de@@ ze twee dia zo@@ dat de ar@@ c@@ t@@ isch@@ e kap@@ pen@@ , die voor de laat@@ ste drie miljo@@ en j@@ aar hebb@@ en de groot@@ ste drie miljo@@ en j@@ aar heef@@ t de groot@@ ste 4@@ 8 stat@@ en@@ , heef@@ t de groot@@ ste 4@@ 0 pro@@ cen@@ t@@ <unk>
2026-05-24 07:32:15,357 - INFO - joeynmt.training - Example #1
2026-05-24 07:32:15,358 - DEBUG - joeynmt.training - 	Tokenized source:     ['Bu@@', 't', 'th@@', 'is', 'under@@', 'stat@@', 'es', 'the', 'ser@@', 'i@@', 'ou@@', 'sn@@', 'ess', 'of', 'th@@', 'is', 'particul@@', 'ar', 'proble@@', 'm', 'beca@@', 'us@@', 'e', 'it', 'does@@', 'n@@', "'@@", 't', 'sho@@', 'w', 'the', 'th@@', 'ic@@', 'kn@@', 'ess', 'of', 'the', 'ic@@', 'e@@', '.']
2026-05-24 07:32:15,358 - DEBUG - joeynmt.training - 	Tokenized reference:  ['M@@', 'aar', 'dit', 'onder@@', 'sch@@', 'at', 'eigen@@', 'lijk', 'de', 'ern@@', 'st', 'van', 'dit', 'specif@@', 'ie@@', 'ke', 'proble@@', 'em', 'om@@', 'dat', 'het', 'nie@@', 't', 'de', 'di@@', 'k@@', 'te', 'van', 'het', 'ij@@', 's', 'laat', 'zi@@', 'en@@', '.']
2026-05-24 07:32:15,358 - DEBUG - joeynmt.training - 	Tokenized hypothesis: ['M@@', 'aar', 'dit', 'beg@@', 're@@', 'p', 'van', 'dit', 'soor@@', 't', 'van', 'dit', 'specif@@', 'ie@@', 'ke', 'proble@@', 'em', 'om@@', 'dat', 'het', 'nie@@', 't', 'zi@@', 'en', 'dat', 'het', 'dan', 'nie@@', 't', 'de', 'dan', 'de', 'ij@@', 's@@', '<unk>', '</s>']
2026-05-24 07:32:15,358 - INFO - joeynmt.training - 	Source:     Bu@@ t th@@ is under@@ stat@@ es the ser@@ i@@ ou@@ sn@@ ess of th@@ is particul@@ ar proble@@ m beca@@ us@@ e it does@@ n@@ '@@ t sho@@ w the th@@ ic@@ kn@@ ess of the ic@@ e@@ .
2026-05-24 07:32:15,358 - INFO - joeynmt.training - 	Reference:  M@@ aar dit onder@@ sch@@ at eigen@@ lijk de ern@@ st van dit specif@@ ie@@ ke proble@@ em om@@ dat het nie@@ t de di@@ k@@ te van het ij@@ s laat zi@@ en@@ .
2026-05-24 07:32:15,359 - INFO - joeynmt.training - 	Hypothesis: M@@ aar dit beg@@ re@@ p van dit soor@@ t van dit specif@@ ie@@ ke proble@@ em om@@ dat het nie@@ t zi@@ en dat het dan nie@@ t de dan de ij@@ s@@ <unk>
2026-05-24 07:32:15,359 - INFO - joeynmt.training - Example #2
2026-05-24 07:32:15,359 - DEBUG - joeynmt.training - 	Tokenized source:     ['The', 'ar@@', 'c@@', 'tic', 'ic@@', 'e', 'cap', 'is@@', ',', 'in', 'a', 'sen@@', 'se@@', ',', 'the', 'be@@', 'at@@', 'ing', 'hear@@', 't', 'of', 'the', 'glob@@', 'al', 'cli@@', 'mat@@', 'e', 'system@@', '.']
2026-05-24 07:32:15,359 - DEBUG - joeynmt.training - 	Tokenized reference:  ['De', 'ij@@', 'sk@@', 'ap', 'op', 'de', 'Noor@@', 'd@@', 'p@@', 'ool', 'is', 'in', 'ze@@', 'ker@@', 'e', 'zin', 'het', 'kl@@', 'op@@', 'pen@@', 'd', 'har@@', 't', 'van', 'ons', 'glob@@', 'aal', 'kli@@', 'maat@@', 'syste@@', 'em@@', '.']
2026-05-24 07:32:15,359 - DEBUG - joeynmt.training - 	Tokenized hypothesis: ['De', 'ar@@', 'c@@', 't@@', 'isch@@', 'e', 'ij@@', 'e', 'en', 'in', 'een', 'sen@@', ',', 'de', 'be@@', 'ste@@', 'ed@@', 's', 'van', 'de', 'glob@@', 'al@@', 'e', 'kli@@', 'maat@@', 'syste@@', 'em@@', '<unk>', '</s>']
2026-05-24 07:32:15,359 - INFO - joeynmt.training - 	Source:     The ar@@ c@@ tic ic@@ e cap is@@ , in a sen@@ se@@ , the be@@ at@@ ing hear@@ t of the glob@@ al cli@@ mat@@ e system@@ .
2026-05-24 07:32:15,359 - INFO - joeynmt.training - 	Reference:  De ij@@ sk@@ ap op de Noor@@ d@@ p@@ ool is in ze@@ ker@@ e zin het kl@@ op@@ pen@@ d har@@ t van ons glob@@ aal kli@@ maat@@ syste@@ em@@ .
2026-05-24 07:32:15,359 - INFO - joeynmt.training - 	Hypothesis: De ar@@ c@@ t@@ isch@@ e ij@@ e en in een sen@@ , de be@@ ste@@ ed@@ s van de glob@@ al@@ e kli@@ maat@@ syste@@ em@@ <unk>
2026-05-24 07:32:15,360 - INFO - joeynmt.training - Example #3
2026-05-24 07:32:15,360 - DEBUG - joeynmt.training - 	Tokenized source:     ['I@@', 't', 'ex@@', 'p@@', 'and@@', 's', 'in', 'w@@', 'inter', 'and', 'con@@', 'trac@@', 'ts', 'in', 'su@@', 'm@@', 'mer@@', '.']
2026-05-24 07:32:15,360 - DEBUG - joeynmt.training - 	Tokenized reference:  ['H@@', 'et', 'zet', 'uit', 'in', 'de', 'w@@', 'inter', 'en', 'k@@', 'ri@@', 'mp@@', 't', 'in', 'de', 'zom@@', 'er@@', '.']
2026-05-24 07:32:15,360 - DEBUG - joeynmt.training - 	Tokenized hypothesis: ['H@@', 'et', 'uit@@', 'ster@@', 'f@@', 't', 'in', 'de', 'w@@', 'inter', 'en', 'con@@', 'trac@@', 'ten', 'in', 'ze@@', 'ker@@', 'e', 'k@@', '<unk>', '</s>']
2026-05-24 07:32:15,360 - INFO - joeynmt.training - 	Source:     I@@ t ex@@ p@@ and@@ s in w@@ inter and con@@ trac@@ ts in su@@ m@@ mer@@ .
2026-05-24 07:32:15,360 - INFO - joeynmt.training - 	Reference:  H@@ et zet uit in de w@@ inter en k@@ ri@@ mp@@ t in de zom@@ er@@ .
2026-05-24 07:32:15,360 - INFO - joeynmt.training - 	Hypothesis: H@@ et uit@@ ster@@ f@@ t in de w@@ inter en con@@ trac@@ ten in ze@@ ker@@ e k@@ <unk>
2026-05-24 07:32:15,361 - INFO - joeynmt.training - Example #4
2026-05-24 07:32:15,361 - DEBUG - joeynmt.training - 	Tokenized source:     ['The', 'ne@@', 'x@@', 't', 'sli@@', 'de', 'I', 'sho@@', 'w', 'you', 'will', 'be', 'a', 'ra@@', 'p@@', 'id', 'fa@@', 'st-@@', 'for@@', 'war@@', 'd', 'of', 'what@@', "'@@", 's', 'happen@@', 'ed', 'over', 'the', 'la@@', 'st', '2@@', '5', 'year@@', 's@@', '.']
2026-05-24 07:32:15,361 - DEBUG - joeynmt.training - 	Tokenized reference:  ['De', 'volgen@@', 'de', 'dia', 'die', 'ik', 'laat', 'zi@@', 'en', 'is', 'een', 'ver@@', 'snel@@', 'de', 'vers@@', 'ie', 'van', 'wat', 'er', 'de', 'af@@', 'gel@@', 'open', '2@@', '5', 'j@@', 'aar', 'is', 'gebeur@@', 'd@@', '.']
2026-05-24 07:32:15,361 - DEBUG - joeynmt.training - 	Tokenized hypothesis: ['De', 'volgen@@', 'de', 'ik', 'j@@', 'aar', 'z@@', 'al', 'je', 'een', 'ra@@', 'p@@', 'ide@@', 'm@@', 'aar', 'z@@', 'al', 'een', 'ra@@', 'p@@', 'ide@@', 'm@@', 'ing', 'van', 'wat', 'er', 'gebeur@@', 'de', 'laat@@', 'ste', '2@@', '5', 'j@@', 'aar@@', '<unk>', '</s>']
2026-05-24 07:32:15,362 - INFO - joeynmt.training - 	Source:     The ne@@ x@@ t sli@@ de I sho@@ w you will be a ra@@ p@@ id fa@@ st-@@ for@@ war@@ d of what@@ '@@ s happen@@ ed over the la@@ st 2@@ 5 year@@ s@@ .
2026-05-24 07:32:15,362 - INFO - joeynmt.training - 	Reference:  De volgen@@ de dia die ik laat zi@@ en is een ver@@ snel@@ de vers@@ ie van wat er de af@@ gel@@ open 2@@ 5 j@@ aar is gebeur@@ d@@ .
2026-05-24 07:32:15,362 - INFO - joeynmt.training - 	Hypothesis: De volgen@@ de ik j@@ aar z@@ al je een ra@@ p@@ ide@@ m@@ aar z@@ al een ra@@ p@@ ide@@ m@@ ing van wat er gebeur@@ de laat@@ ste 2@@ 5 j@@ aar@@ <unk>
2026-05-24 07:33:13,602 - INFO - joeynmt.training - Epoch   2, Step:     6600, Batch Loss:     1.781059, Batch Acc: 0.516413, Tokens per Sec:     1301, Lr: 0.000300
2026-05-24 07:34:11,833 - INFO - joeynmt.training - Epoch   2, Step:     6700, Batch Loss:     1.773188, Batch Acc: 0.516769, Tokens per Sec:     1287, Lr: 0.000300
2026-05-24 07:35:08,242 - INFO - joeynmt.training - Epoch   2, Step:     6800, Batch Loss:     1.868808, Batch Acc: 0.520009, Tokens per Sec:     1344, Lr: 0.000300
2026-05-24 07:36:06,826 - INFO - joeynmt.training - Epoch   2, Step:     6900, Batch Loss:     1.726405, Batch Acc: 0.517276, Tokens per Sec:     1286, Lr: 0.000300
2026-05-24 07:37:05,227 - INFO - joeynmt.training - Epoch   2, Step:     7000, Batch Loss:     1.744838, Batch Acc: 0.516178, Tokens per Sec:     1240, Lr: 0.000300
2026-05-24 07:37:05,227 - INFO - joeynmt.prediction - Predicting 1003 example(s)... (Greedy decoding with min_output_length=1, max_output_length=100, return_prob='none', generate_unk=True, repetition_penalty=-1, no_repeat_ngram_size=-1)
2026-05-24 07:39:56,685 - INFO - joeynmt.metrics - nrefs:1|case:mixed|eff:no|tok:13a|smooth:exp|version:2.6.0
2026-05-24 07:39:56,686 - INFO - joeynmt.prediction - Evaluation result (greedy) bleu:  31.31, loss:   1.96, ppl:   7.12, acc:   0.46, generation: 170.7607[sec], evaluation: 0.6843[sec]
2026-05-24 07:39:56,687 - INFO - joeynmt.training - Hooray! New best validation result [ppl]!
2026-05-24 07:39:56,755 - INFO - joeynmt.helpers - delete output_bpe5000/4500.ckpt
2026-05-24 07:39:56,764 - INFO - joeynmt.training - Example #0
2026-05-24 07:39:56,765 - DEBUG - joeynmt.training - 	Tokenized source:     ['\ufeffLa@@', 'st', 'year', 'I', 'sho@@', 'we@@', 'd', 'thes@@', 'e', 'tw@@', 'o', 'sli@@', 'de@@', 's', 'so', 'that', 'de@@', 'mon@@', 'strate', 'that', 'the', 'ar@@', 'c@@', 'tic', 'ic@@', 'e', 'cap@@', ',', 'wh@@', 'ich', 'for', 'mo@@', 'st', 'of', 'the', 'la@@', 'st', 'th@@', 'ree', 'milli@@', 'on', 'year@@', 's', 'ha@@', 's', 'be@@', 'en', 'the', 'si@@', 'ze', 'of', 'the', 'lo@@', 'wer', '4@@', '8', 'stat@@', 'es@@', ',', 'ha@@', 's', 'sh@@', 'run@@', 'k', 'b@@', 'y', '4@@', '0', 'percen@@', 't@@', '.']
2026-05-24 07:39:56,765 - DEBUG - joeynmt.training - 	Tokenized reference:  ['\ufeffV@@', 'orig', 'j@@', 'aar', 'lie@@', 't', 'ik', 'de@@', 'ze', 'twee', 'dia@@', "'@@", 's', 'zi@@', 'en', 'om', 'aan', 'te', 'ton@@', 'en', 'dat', 'de', 'p@@', 'ool@@', 'ij@@', 'sk@@', 'ap@@', ',', 'die', 'de', 'af@@', 'gel@@', 'open', 'drie', 'miljo@@', 'en', 'j@@', 'aar', 'onge@@', 've@@', 'er', 'de', 'groot@@', 'te', 'had', 'van', 'het', 'va@@', 'stel@@', 'and', 'van', 'de', 'V@@', 'S@@', ',', 'met', '4@@', '0@@', '%', 'gek@@', 'ro@@', 'mp@@', 'en', 'was@@', '.']
2026-05-24 07:39:56,765 - DEBUG - joeynmt.training - 	Tokenized hypothesis: ['De', 'mee@@', 'ste', 'j@@', 'aar', 'ik', 'de@@', 'ze', 'twee', 'dia@@', "'@@", 's', 'zo@@', 'dat', 'de@@', 'mon@@', 'str@@', 'str@@', 'al@@', 'en', 'die', 'de', 'meest', 'van', 'de', 'laat@@', 'ste', 'drie', 'miljo@@', 'en', 'j@@', 'aar', 'voor', 'de', 'mee@@', 'ste', 'drie', 'miljo@@', 'en', 'j@@', 'aar', 'is', 'de', 'groot@@', 'te', 'van', 'de', 'la@@', 'gere', '4@@', '0', 'pro@@', 'cen@@', 't@@', '<unk>', '</s>']
2026-05-24 07:39:56,765 - INFO - joeynmt.training - 	Source:     ﻿La@@ st year I sho@@ we@@ d thes@@ e tw@@ o sli@@ de@@ s so that de@@ mon@@ strate that the ar@@ c@@ tic ic@@ e cap@@ , wh@@ ich for mo@@ st of the la@@ st th@@ ree milli@@ on year@@ s ha@@ s be@@ en the si@@ ze of the lo@@ wer 4@@ 8 stat@@ es@@ , ha@@ s sh@@ run@@ k b@@ y 4@@ 0 percen@@ t@@ .
2026-05-24 07:39:56,765 - INFO - joeynmt.training - 	Reference:  ﻿V@@ orig j@@ aar lie@@ t ik de@@ ze twee dia@@ '@@ s zi@@ en om aan te ton@@ en dat de p@@ ool@@ ij@@ sk@@ ap@@ , die de af@@ gel@@ open drie miljo@@ en j@@ aar onge@@ ve@@ er de groot@@ te had van het va@@ stel@@ and van de V@@ S@@ , met 4@@ 0@@ % gek@@ ro@@ mp@@ en was@@ .
2026-05-24 07:39:56,766 - INFO - joeynmt.training - 	Hypothesis: De mee@@ ste j@@ aar ik de@@ ze twee dia@@ '@@ s zo@@ dat de@@ mon@@ str@@ str@@ al@@ en die de meest van de laat@@ ste drie miljo@@ en j@@ aar voor de mee@@ ste drie miljo@@ en j@@ aar is de groot@@ te van de la@@ gere 4@@ 0 pro@@ cen@@ t@@ <unk>
2026-05-24 07:39:56,766 - INFO - joeynmt.training - Example #1
2026-05-24 07:39:56,766 - DEBUG - joeynmt.training - 	Tokenized source:     ['Bu@@', 't', 'th@@', 'is', 'under@@', 'stat@@', 'es', 'the', 'ser@@', 'i@@', 'ou@@', 'sn@@', 'ess', 'of', 'th@@', 'is', 'particul@@', 'ar', 'proble@@', 'm', 'beca@@', 'us@@', 'e', 'it', 'does@@', 'n@@', "'@@", 't', 'sho@@', 'w', 'the', 'th@@', 'ic@@', 'kn@@', 'ess', 'of', 'the', 'ic@@', 'e@@', '.']
2026-05-24 07:39:56,766 - DEBUG - joeynmt.training - 	Tokenized reference:  ['M@@', 'aar', 'dit', 'onder@@', 'sch@@', 'at', 'eigen@@', 'lijk', 'de', 'ern@@', 'st', 'van', 'dit', 'specif@@', 'ie@@', 'ke', 'proble@@', 'em', 'om@@', 'dat', 'het', 'nie@@', 't', 'de', 'di@@', 'k@@', 'te', 'van', 'het', 'ij@@', 's', 'laat', 'zi@@', 'en@@', '.']
2026-05-24 07:39:56,767 - DEBUG - joeynmt.training - 	Tokenized hypothesis: ['M@@', 'aar', 'dit', 'begrij@@', 'p', 'de', 'ser@@', 'ie@@', 'us', 'van', 'dit', 'specif@@', 'ie@@', 'ke', 'proble@@', 'em', 'om@@', 'dat', 'het', 'dan', 'nie@@', 't', 'to@@', 'ch', 'het', 'dan', 'nie@@', 't', 'de', 'dan', 'oo@@', 'k', 'nie@@', 't', 'to@@', 'ch', 'nie@@', 't', 'to@@', 'ch', 'de', 'dan', 'nie@@', 't', 'to@@', 'ch', 'is', 'om@@', 'dat', 'het', 'dan', 'nie@@', 't', 'to@@', 'ch', 'to@@', 'ch', 'nie@@', 't', 'to@@', 'ch', 'to@@', 'ch', 'nie@@', 't', 'to@@', 'ch', 'het', 'is', 'om@@', 'dat', 'het', 'dan', 'nie@@', 't', 'to@@', 'ch', 'nie@@', 't', 'zi@@', 'en@@', '<unk>', '</s>']
2026-05-24 07:39:56,767 - INFO - joeynmt.training - 	Source:     Bu@@ t th@@ is under@@ stat@@ es the ser@@ i@@ ou@@ sn@@ ess of th@@ is particul@@ ar proble@@ m beca@@ us@@ e it does@@ n@@ '@@ t sho@@ w the th@@ ic@@ kn@@ ess of the ic@@ e@@ .
2026-05-24 07:39:56,767 - INFO - joeynmt.training - 	Reference:  M@@ aar dit onder@@ sch@@ at eigen@@ lijk de ern@@ st van dit specif@@ ie@@ ke proble@@ em om@@ dat het nie@@ t de di@@ k@@ te van het ij@@ s laat zi@@ en@@ .
2026-05-24 07:39:56,767 - INFO - joeynmt.training - 	Hypothesis: M@@ aar dit begrij@@ p de ser@@ ie@@ us van dit specif@@ ie@@ ke proble@@ em om@@ dat het dan nie@@ t to@@ ch het dan nie@@ t de dan oo@@ k nie@@ t to@@ ch nie@@ t to@@ ch de dan nie@@ t to@@ ch is om@@ dat het dan nie@@ t to@@ ch to@@ ch nie@@ t to@@ ch to@@ ch nie@@ t to@@ ch het is om@@ dat het dan nie@@ t to@@ ch nie@@ t zi@@ en@@ <unk>
2026-05-24 07:39:56,768 - INFO - joeynmt.training - Example #2
2026-05-24 07:39:56,768 - DEBUG - joeynmt.training - 	Tokenized source:     ['The', 'ar@@', 'c@@', 'tic', 'ic@@', 'e', 'cap', 'is@@', ',', 'in', 'a', 'sen@@', 'se@@', ',', 'the', 'be@@', 'at@@', 'ing', 'hear@@', 't', 'of', 'the', 'glob@@', 'al', 'cli@@', 'mat@@', 'e', 'system@@', '.']
2026-05-24 07:39:56,768 - DEBUG - joeynmt.training - 	Tokenized reference:  ['De', 'ij@@', 'sk@@', 'ap', 'op', 'de', 'Noor@@', 'd@@', 'p@@', 'ool', 'is', 'in', 'ze@@', 'ker@@', 'e', 'zin', 'het', 'kl@@', 'op@@', 'pen@@', 'd', 'har@@', 't', 'van', 'ons', 'glob@@', 'aal', 'kli@@', 'maat@@', 'syste@@', 'em@@', '.']
2026-05-24 07:39:56,768 - DEBUG - joeynmt.training - 	Tokenized hypothesis: ['De', 'ar@@', 'c@@', 't@@', 'isch@@', 'e', 'ij@@', 'fer@@', 's', 'in', 'een', 'zin@@', 'e', 'zin@@', 'e', 'van', 'de', 'glob@@', 'al@@', 'e', 'kli@@', 'maat@@', 'syste@@', 'em@@', '<unk>', '</s>']
2026-05-24 07:39:56,768 - INFO - joeynmt.training - 	Source:     The ar@@ c@@ tic ic@@ e cap is@@ , in a sen@@ se@@ , the be@@ at@@ ing hear@@ t of the glob@@ al cli@@ mat@@ e system@@ .
2026-05-24 07:39:56,768 - INFO - joeynmt.training - 	Reference:  De ij@@ sk@@ ap op de Noor@@ d@@ p@@ ool is in ze@@ ker@@ e zin het kl@@ op@@ pen@@ d har@@ t van ons glob@@ aal kli@@ maat@@ syste@@ em@@ .
2026-05-24 07:39:56,768 - INFO - joeynmt.training - 	Hypothesis: De ar@@ c@@ t@@ isch@@ e ij@@ fer@@ s in een zin@@ e zin@@ e van de glob@@ al@@ e kli@@ maat@@ syste@@ em@@ <unk>
2026-05-24 07:39:56,770 - INFO - joeynmt.training - Example #3
2026-05-24 07:39:56,770 - DEBUG - joeynmt.training - 	Tokenized source:     ['I@@', 't', 'ex@@', 'p@@', 'and@@', 's', 'in', 'w@@', 'inter', 'and', 'con@@', 'trac@@', 'ts', 'in', 'su@@', 'm@@', 'mer@@', '.']
2026-05-24 07:39:56,770 - DEBUG - joeynmt.training - 	Tokenized reference:  ['H@@', 'et', 'zet', 'uit', 'in', 'de', 'w@@', 'inter', 'en', 'k@@', 'ri@@', 'mp@@', 't', 'in', 'de', 'zom@@', 'er@@', '.']
2026-05-24 07:39:56,770 - DEBUG - joeynmt.training - 	Tokenized hypothesis: ['H@@', 'et', 'uit@@', 'voer@@', 'en', 'in', 'w@@', 'inter', 'en', 'con@@', 'trac@@', 'ten', 'in', 'ze@@', 'ker@@', 'e', 'k@@', '<unk>', '</s>']
2026-05-24 07:39:56,770 - INFO - joeynmt.training - 	Source:     I@@ t ex@@ p@@ and@@ s in w@@ inter and con@@ trac@@ ts in su@@ m@@ mer@@ .
2026-05-24 07:39:56,771 - INFO - joeynmt.training - 	Reference:  H@@ et zet uit in de w@@ inter en k@@ ri@@ mp@@ t in de zom@@ er@@ .
2026-05-24 07:39:56,771 - INFO - joeynmt.training - 	Hypothesis: H@@ et uit@@ voer@@ en in w@@ inter en con@@ trac@@ ten in ze@@ ker@@ e k@@ <unk>
2026-05-24 07:39:56,771 - INFO - joeynmt.training - Example #4
2026-05-24 07:39:56,771 - DEBUG - joeynmt.training - 	Tokenized source:     ['The', 'ne@@', 'x@@', 't', 'sli@@', 'de', 'I', 'sho@@', 'w', 'you', 'will', 'be', 'a', 'ra@@', 'p@@', 'id', 'fa@@', 'st-@@', 'for@@', 'war@@', 'd', 'of', 'what@@', "'@@", 's', 'happen@@', 'ed', 'over', 'the', 'la@@', 'st', '2@@', '5', 'year@@', 's@@', '.']
2026-05-24 07:39:56,771 - DEBUG - joeynmt.training - 	Tokenized reference:  ['De', 'volgen@@', 'de', 'dia', 'die', 'ik', 'laat', 'zi@@', 'en', 'is', 'een', 'ver@@', 'snel@@', 'de', 'vers@@', 'ie', 'van', 'wat', 'er', 'de', 'af@@', 'gel@@', 'open', '2@@', '5', 'j@@', 'aar', 'is', 'gebeur@@', 'd@@', '.']
2026-05-24 07:39:56,771 - DEBUG - joeynmt.training - 	Tokenized hypothesis: ['De', 'volgen@@', 'de', 'dia@@', 'gra@@', 'm', 'laat', 'ik', 'j@@', 'ul@@', 'lie', 'een', 'ra@@', 'p@@', 'id@@', 'elijk', 'voor@@', 'kom@@', 'en', 'van', 'wat', 'er', 'gebeur@@', 'de', 'over', 'de', 'laat@@', 'ste', '2@@', '5', 'j@@', 'aar@@', '<unk>', '</s>']
2026-05-24 07:39:56,771 - INFO - joeynmt.training - 	Source:     The ne@@ x@@ t sli@@ de I sho@@ w you will be a ra@@ p@@ id fa@@ st-@@ for@@ war@@ d of what@@ '@@ s happen@@ ed over the la@@ st 2@@ 5 year@@ s@@ .
2026-05-24 07:39:56,771 - INFO - joeynmt.training - 	Reference:  De volgen@@ de dia die ik laat zi@@ en is een ver@@ snel@@ de vers@@ ie van wat er de af@@ gel@@ open 2@@ 5 j@@ aar is gebeur@@ d@@ .
2026-05-24 07:39:56,772 - INFO - joeynmt.training - 	Hypothesis: De volgen@@ de dia@@ gra@@ m laat ik j@@ ul@@ lie een ra@@ p@@ id@@ elijk voor@@ kom@@ en van wat er gebeur@@ de over de laat@@ ste 2@@ 5 j@@ aar@@ <unk>
2026-05-24 07:40:54,618 - INFO - joeynmt.training - Epoch   2, Step:     7100, Batch Loss:     1.700251, Batch Acc: 0.517304, Tokens per Sec:     1259, Lr: 0.000300
2026-05-24 07:41:53,648 - INFO - joeynmt.training - Epoch   2, Step:     7200, Batch Loss:     1.702685, Batch Acc: 0.518094, Tokens per Sec:     1268, Lr: 0.000300
2026-05-24 07:42:52,170 - INFO - joeynmt.training - Epoch   2, Step:     7300, Batch Loss:     1.671445, Batch Acc: 0.522035, Tokens per Sec:     1242, Lr: 0.000300
2026-05-24 07:43:52,090 - INFO - joeynmt.training - Epoch   2, Step:     7400, Batch Loss:     1.648327, Batch Acc: 0.529298, Tokens per Sec:     1229, Lr: 0.000300
2026-05-24 07:44:51,576 - INFO - joeynmt.training - Epoch   2, Step:     7500, Batch Loss:     1.549608, Batch Acc: 0.523156, Tokens per Sec:     1215, Lr: 0.000300
2026-05-24 07:44:51,577 - INFO - joeynmt.prediction - Predicting 1003 example(s)... (Greedy decoding with min_output_length=1, max_output_length=100, return_prob='none', generate_unk=True, repetition_penalty=-1, no_repeat_ngram_size=-1)
2026-05-24 07:48:04,908 - INFO - joeynmt.metrics - nrefs:1|case:mixed|eff:no|tok:13a|smooth:exp|version:2.6.0
2026-05-24 07:48:04,908 - INFO - joeynmt.prediction - Evaluation result (greedy) bleu:  30.89, loss:   1.94, ppl:   6.95, acc:   0.47, generation: 192.7987[sec], evaluation: 0.5106[sec]
2026-05-24 07:48:04,909 - INFO - joeynmt.training - Hooray! New best validation result [ppl]!
2026-05-24 07:48:05,009 - INFO - joeynmt.helpers - delete output_bpe5000/5000.ckpt
2026-05-24 07:48:05,023 - INFO - joeynmt.training - Example #0
2026-05-24 07:48:05,023 - DEBUG - joeynmt.training - 	Tokenized source:     ['\ufeffLa@@', 'st', 'year', 'I', 'sho@@', 'we@@', 'd', 'thes@@', 'e', 'tw@@', 'o', 'sli@@', 'de@@', 's', 'so', 'that', 'de@@', 'mon@@', 'strate', 'that', 'the', 'ar@@', 'c@@', 'tic', 'ic@@', 'e', 'cap@@', ',', 'wh@@', 'ich', 'for', 'mo@@', 'st', 'of', 'the', 'la@@', 'st', 'th@@', 'ree', 'milli@@', 'on', 'year@@', 's', 'ha@@', 's', 'be@@', 'en', 'the', 'si@@', 'ze', 'of', 'the', 'lo@@', 'wer', '4@@', '8', 'stat@@', 'es@@', ',', 'ha@@', 's', 'sh@@', 'run@@', 'k', 'b@@', 'y', '4@@', '0', 'percen@@', 't@@', '.']
2026-05-24 07:48:05,023 - DEBUG - joeynmt.training - 	Tokenized reference:  ['\ufeffV@@', 'orig', 'j@@', 'aar', 'lie@@', 't', 'ik', 'de@@', 'ze', 'twee', 'dia@@', "'@@", 's', 'zi@@', 'en', 'om', 'aan', 'te', 'ton@@', 'en', 'dat', 'de', 'p@@', 'ool@@', 'ij@@', 'sk@@', 'ap@@', ',', 'die', 'de', 'af@@', 'gel@@', 'open', 'drie', 'miljo@@', 'en', 'j@@', 'aar', 'onge@@', 've@@', 'er', 'de', 'groot@@', 'te', 'had', 'van', 'het', 'va@@', 'stel@@', 'and', 'van', 'de', 'V@@', 'S@@', ',', 'met', '4@@', '0@@', '%', 'gek@@', 'ro@@', 'mp@@', 'en', 'was@@', '.']
2026-05-24 07:48:05,024 - DEBUG - joeynmt.training - 	Tokenized hypothesis: ['H@@', 'et', 'laat@@', 'ste', 'j@@', 'aar', 'lat@@', 'en', 'zi@@', 'en', 'dat', 'de@@', 'mon@@', 'di@@', 'ge', 'en', 'dat', 'de', 'ar@@', 'c@@', 't@@', 'isch@@', 'e', 'kap@@', 't@@', ',', 'die', 'voor', 'de', 'laat@@', 'ste', 'drie', 'miljo@@', 'en', 'j@@', 'aar', 'hebb@@', 'en', 'de', 'groot@@', 'te', 'van', 'de', 'laat@@', 'ste', '4@@', '0', 'pro@@', 'cen@@', 't@@', '<unk>', '</s>']
2026-05-24 07:48:05,024 - INFO - joeynmt.training - 	Source:     ﻿La@@ st year I sho@@ we@@ d thes@@ e tw@@ o sli@@ de@@ s so that de@@ mon@@ strate that the ar@@ c@@ tic ic@@ e cap@@ , wh@@ ich for mo@@ st of the la@@ st th@@ ree milli@@ on year@@ s ha@@ s be@@ en the si@@ ze of the lo@@ wer 4@@ 8 stat@@ es@@ , ha@@ s sh@@ run@@ k b@@ y 4@@ 0 percen@@ t@@ .
2026-05-24 07:48:05,024 - INFO - joeynmt.training - 	Reference:  ﻿V@@ orig j@@ aar lie@@ t ik de@@ ze twee dia@@ '@@ s zi@@ en om aan te ton@@ en dat de p@@ ool@@ ij@@ sk@@ ap@@ , die de af@@ gel@@ open drie miljo@@ en j@@ aar onge@@ ve@@ er de groot@@ te had van het va@@ stel@@ and van de V@@ S@@ , met 4@@ 0@@ % gek@@ ro@@ mp@@ en was@@ .
2026-05-24 07:48:05,025 - INFO - joeynmt.training - 	Hypothesis: H@@ et laat@@ ste j@@ aar lat@@ en zi@@ en dat de@@ mon@@ di@@ ge en dat de ar@@ c@@ t@@ isch@@ e kap@@ t@@ , die voor de laat@@ ste drie miljo@@ en j@@ aar hebb@@ en de groot@@ te van de laat@@ ste 4@@ 0 pro@@ cen@@ t@@ <unk>
2026-05-24 07:48:05,025 - INFO - joeynmt.training - Example #1
2026-05-24 07:48:05,026 - DEBUG - joeynmt.training - 	Tokenized source:     ['Bu@@', 't', 'th@@', 'is', 'under@@', 'stat@@', 'es', 'the', 'ser@@', 'i@@', 'ou@@', 'sn@@', 'ess', 'of', 'th@@', 'is', 'particul@@', 'ar', 'proble@@', 'm', 'beca@@', 'us@@', 'e', 'it', 'does@@', 'n@@', "'@@", 't', 'sho@@', 'w', 'the', 'th@@', 'ic@@', 'kn@@', 'ess', 'of', 'the', 'ic@@', 'e@@', '.']
2026-05-24 07:48:05,026 - DEBUG - joeynmt.training - 	Tokenized reference:  ['M@@', 'aar', 'dit', 'onder@@', 'sch@@', 'at', 'eigen@@', 'lijk', 'de', 'ern@@', 'st', 'van', 'dit', 'specif@@', 'ie@@', 'ke', 'proble@@', 'em', 'om@@', 'dat', 'het', 'nie@@', 't', 'de', 'di@@', 'k@@', 'te', 'van', 'het', 'ij@@', 's', 'laat', 'zi@@', 'en@@', '.']
2026-05-24 07:48:05,026 - DEBUG - joeynmt.training - 	Tokenized hypothesis: ['M@@', 'aar', 'dit', 'beg@@', 're@@', 'p', 'van', 'dit', 'bep@@', 'aal@@', 'de', 'proble@@', 'em', 'om@@', 'dat', 'het', 'nie@@', 't', 'to@@', 'ch', 'nie@@', 't', 'to@@', 'ch', 'de', 'dan', 'nie@@', 't', 'to@@', 'ch', 'nie@@', 't', 'to@@', 'ch', 'de', 'ij@@', 's@@', '<unk>', '</s>']
2026-05-24 07:48:05,026 - INFO - joeynmt.training - 	Source:     Bu@@ t th@@ is under@@ stat@@ es the ser@@ i@@ ou@@ sn@@ ess of th@@ is particul@@ ar proble@@ m beca@@ us@@ e it does@@ n@@ '@@ t sho@@ w the th@@ ic@@ kn@@ ess of the ic@@ e@@ .
2026-05-24 07:48:05,026 - INFO - joeynmt.training - 	Reference:  M@@ aar dit onder@@ sch@@ at eigen@@ lijk de ern@@ st van dit specif@@ ie@@ ke proble@@ em om@@ dat het nie@@ t de di@@ k@@ te van het ij@@ s laat zi@@ en@@ .
2026-05-24 07:48:05,026 - INFO - joeynmt.training - 	Hypothesis: M@@ aar dit beg@@ re@@ p van dit bep@@ aal@@ de proble@@ em om@@ dat het nie@@ t to@@ ch nie@@ t to@@ ch de dan nie@@ t to@@ ch nie@@ t to@@ ch de ij@@ s@@ <unk>
2026-05-24 07:48:05,026 - INFO - joeynmt.training - Example #2
2026-05-24 07:48:05,026 - DEBUG - joeynmt.training - 	Tokenized source:     ['The', 'ar@@', 'c@@', 'tic', 'ic@@', 'e', 'cap', 'is@@', ',', 'in', 'a', 'sen@@', 'se@@', ',', 'the', 'be@@', 'at@@', 'ing', 'hear@@', 't', 'of', 'the', 'glob@@', 'al', 'cli@@', 'mat@@', 'e', 'system@@', '.']
2026-05-24 07:48:05,027 - DEBUG - joeynmt.training - 	Tokenized reference:  ['De', 'ij@@', 'sk@@', 'ap', 'op', 'de', 'Noor@@', 'd@@', 'p@@', 'ool', 'is', 'in', 'ze@@', 'ker@@', 'e', 'zin', 'het', 'kl@@', 'op@@', 'pen@@', 'd', 'har@@', 't', 'van', 'ons', 'glob@@', 'aal', 'kli@@', 'maat@@', 'syste@@', 'em@@', '.']
2026-05-24 07:48:05,027 - DEBUG - joeynmt.training - 	Tokenized hypothesis: ['De', 'ar@@', 'c@@', 't@@', 'isch@@', 'e', 'ij@@', 'fer@@', 's@@', ',', 'de', 'be@@', 'handel@@', 'ing', 'van', 'de', 'wereldwij@@', 'de', 'syste@@', 'em@@', '<unk>', '</s>']
2026-05-24 07:48:05,027 - INFO - joeynmt.training - 	Source:     The ar@@ c@@ tic ic@@ e cap is@@ , in a sen@@ se@@ , the be@@ at@@ ing hear@@ t of the glob@@ al cli@@ mat@@ e system@@ .
2026-05-24 07:48:05,027 - INFO - joeynmt.training - 	Reference:  De ij@@ sk@@ ap op de Noor@@ d@@ p@@ ool is in ze@@ ker@@ e zin het kl@@ op@@ pen@@ d har@@ t van ons glob@@ aal kli@@ maat@@ syste@@ em@@ .
2026-05-24 07:48:05,027 - INFO - joeynmt.training - 	Hypothesis: De ar@@ c@@ t@@ isch@@ e ij@@ fer@@ s@@ , de be@@ handel@@ ing van de wereldwij@@ de syste@@ em@@ <unk>
2026-05-24 07:48:05,027 - INFO - joeynmt.training - Example #3
2026-05-24 07:48:05,027 - DEBUG - joeynmt.training - 	Tokenized source:     ['I@@', 't', 'ex@@', 'p@@', 'and@@', 's', 'in', 'w@@', 'inter', 'and', 'con@@', 'trac@@', 'ts', 'in', 'su@@', 'm@@', 'mer@@', '.']
2026-05-24 07:48:05,027 - DEBUG - joeynmt.training - 	Tokenized reference:  ['H@@', 'et', 'zet', 'uit', 'in', 'de', 'w@@', 'inter', 'en', 'k@@', 'ri@@', 'mp@@', 't', 'in', 'de', 'zom@@', 'er@@', '.']
2026-05-24 07:48:05,027 - DEBUG - joeynmt.training - 	Tokenized hypothesis: ['H@@', 'et', 'uit@@', 'uit@@', 'voer@@', 'en', 'in', 'w@@', 'inter@@', 'es@@', 'se', 'en', 'con@@', 'trac@@', 'ten', 'in', 'zo@@', "'@@", 'm@@', 'mer@@', '<unk>', '</s>']
2026-05-24 07:48:05,028 - INFO - joeynmt.training - 	Source:     I@@ t ex@@ p@@ and@@ s in w@@ inter and con@@ trac@@ ts in su@@ m@@ mer@@ .
2026-05-24 07:48:05,029 - INFO - joeynmt.training - 	Reference:  H@@ et zet uit in de w@@ inter en k@@ ri@@ mp@@ t in de zom@@ er@@ .
2026-05-24 07:48:05,030 - INFO - joeynmt.training - 	Hypothesis: H@@ et uit@@ uit@@ voer@@ en in w@@ inter@@ es@@ se en con@@ trac@@ ten in zo@@ '@@ m@@ mer@@ <unk>
2026-05-24 07:48:05,030 - INFO - joeynmt.training - Example #4
2026-05-24 07:48:05,031 - DEBUG - joeynmt.training - 	Tokenized source:     ['The', 'ne@@', 'x@@', 't', 'sli@@', 'de', 'I', 'sho@@', 'w', 'you', 'will', 'be', 'a', 'ra@@', 'p@@', 'id', 'fa@@', 'st-@@', 'for@@', 'war@@', 'd', 'of', 'what@@', "'@@", 's', 'happen@@', 'ed', 'over', 'the', 'la@@', 'st', '2@@', '5', 'year@@', 's@@', '.']
2026-05-24 07:48:05,031 - DEBUG - joeynmt.training - 	Tokenized reference:  ['De', 'volgen@@', 'de', 'dia', 'die', 'ik', 'laat', 'zi@@', 'en', 'is', 'een', 'ver@@', 'snel@@', 'de', 'vers@@', 'ie', 'van', 'wat', 'er', 'de', 'af@@', 'gel@@', 'open', '2@@', '5', 'j@@', 'aar', 'is', 'gebeur@@', 'd@@', '.']
2026-05-24 07:48:05,031 - DEBUG - joeynmt.training - 	Tokenized hypothesis: ['De', 'volgen@@', 'de', 'dia', 'ik', 'j@@', 'ul@@', 'lie', 'een', 'ra@@', 'p@@', 'ig', 'z@@', 'al', 'een', 'ra@@', 'p@@', 'ig', 'voor@@', 'kom@@', 'en', 'van', 'wat', 'er', 'gebeur@@', 'de', 'in', 'de', 'laat@@', 'ste', '2@@', '5', 'j@@', 'aar@@', '<unk>', '</s>']
2026-05-24 07:48:05,032 - INFO - joeynmt.training - 	Source:     The ne@@ x@@ t sli@@ de I sho@@ w you will be a ra@@ p@@ id fa@@ st-@@ for@@ war@@ d of what@@ '@@ s happen@@ ed over the la@@ st 2@@ 5 year@@ s@@ .
2026-05-24 07:48:05,032 - INFO - joeynmt.training - 	Reference:  De volgen@@ de dia die ik laat zi@@ en is een ver@@ snel@@ de vers@@ ie van wat er de af@@ gel@@ open 2@@ 5 j@@ aar is gebeur@@ d@@ .
2026-05-24 07:48:05,032 - INFO - joeynmt.training - 	Hypothesis: De volgen@@ de dia ik j@@ ul@@ lie een ra@@ p@@ ig z@@ al een ra@@ p@@ ig voor@@ kom@@ en van wat er gebeur@@ de in de laat@@ ste 2@@ 5 j@@ aar@@ <unk>
2026-05-24 07:49:02,976 - INFO - joeynmt.training - Epoch   2, Step:     7600, Batch Loss:     1.612149, Batch Acc: 0.523457, Tokens per Sec:     1259, Lr: 0.000300
2026-05-24 07:50:00,814 - INFO - joeynmt.training - Epoch   2, Step:     7700, Batch Loss:     1.738692, Batch Acc: 0.528510, Tokens per Sec:     1265, Lr: 0.000300
2026-05-24 07:51:00,514 - INFO - joeynmt.training - Epoch   2, Step:     7800, Batch Loss:     1.634287, Batch Acc: 0.533288, Tokens per Sec:     1242, Lr: 0.000300
2026-05-24 07:51:59,525 - INFO - joeynmt.training - Epoch   2, Step:     7900, Batch Loss:     1.597976, Batch Acc: 0.528818, Tokens per Sec:     1248, Lr: 0.000300
2026-05-24 07:52:57,292 - INFO - joeynmt.training - Epoch   2, Step:     8000, Batch Loss:     1.594536, Batch Acc: 0.529770, Tokens per Sec:     1280, Lr: 0.000300
2026-05-24 07:52:57,293 - INFO - joeynmt.prediction - Predicting 1003 example(s)... (Greedy decoding with min_output_length=1, max_output_length=100, return_prob='none', generate_unk=True, repetition_penalty=-1, no_repeat_ngram_size=-1)
2026-05-24 07:56:17,591 - INFO - joeynmt.metrics - nrefs:1|case:mixed|eff:no|tok:13a|smooth:exp|version:2.6.0
2026-05-24 07:56:17,591 - INFO - joeynmt.prediction - Evaluation result (greedy) bleu:  30.82, loss:   1.92, ppl:   6.80, acc:   0.47, generation: 199.7775[sec], evaluation: 0.5051[sec]
2026-05-24 07:56:17,593 - INFO - joeynmt.training - Hooray! New best validation result [ppl]!
2026-05-24 07:56:17,665 - INFO - joeynmt.helpers - delete output_bpe5000/5500.ckpt
2026-05-24 07:56:17,673 - INFO - joeynmt.training - Example #0
2026-05-24 07:56:17,674 - DEBUG - joeynmt.training - 	Tokenized source:     ['\ufeffLa@@', 'st', 'year', 'I', 'sho@@', 'we@@', 'd', 'thes@@', 'e', 'tw@@', 'o', 'sli@@', 'de@@', 's', 'so', 'that', 'de@@', 'mon@@', 'strate', 'that', 'the', 'ar@@', 'c@@', 'tic', 'ic@@', 'e', 'cap@@', ',', 'wh@@', 'ich', 'for', 'mo@@', 'st', 'of', 'the', 'la@@', 'st', 'th@@', 'ree', 'milli@@', 'on', 'year@@', 's', 'ha@@', 's', 'be@@', 'en', 'the', 'si@@', 'ze', 'of', 'the', 'lo@@', 'wer', '4@@', '8', 'stat@@', 'es@@', ',', 'ha@@', 's', 'sh@@', 'run@@', 'k', 'b@@', 'y', '4@@', '0', 'percen@@', 't@@', '.']
2026-05-24 07:56:17,674 - DEBUG - joeynmt.training - 	Tokenized reference:  ['\ufeffV@@', 'orig', 'j@@', 'aar', 'lie@@', 't', 'ik', 'de@@', 'ze', 'twee', 'dia@@', "'@@", 's', 'zi@@', 'en', 'om', 'aan', 'te', 'ton@@', 'en', 'dat', 'de', 'p@@', 'ool@@', 'ij@@', 'sk@@', 'ap@@', ',', 'die', 'de', 'af@@', 'gel@@', 'open', 'drie', 'miljo@@', 'en', 'j@@', 'aar', 'onge@@', 've@@', 'er', 'de', 'groot@@', 'te', 'had', 'van', 'het', 'va@@', 'stel@@', 'and', 'van', 'de', 'V@@', 'S@@', ',', 'met', '4@@', '0@@', '%', 'gek@@', 'ro@@', 'mp@@', 'en', 'was@@', '.']
2026-05-24 07:56:17,674 - DEBUG - joeynmt.training - 	Tokenized hypothesis: ['H@@', 'et', 'is', 'dat', 'ik', 'de@@', 'ze', 'twee', 'dia', 'zi@@', 'en', 'dat', 'de', 'ar@@', 'c@@', 't@@', 'isch@@', 'e', 'ij@@', 'fer@@', 's', 'lat@@', 'en', 'zi@@', 'en', 'dat', 'de', 'mee@@', 'ste', 'drie', 'miljo@@', 'en', 'j@@', 'aar', 'is', 'de', 'groot@@', 'te', 'van', 'de', 'la@@', 'st', 'van', 'de', 'la@@', 'st', 'van', 'de', 'la@@', 'st', 'van', 'de', 'la@@', 'st@@', 'st@@', 'aan@@', ',', 'heef@@', 't', 'ge@@', 'zi@@', 'en', 'van', '4@@', '0', 'pro@@', 'cen@@', 't', 'ge@@', 'zi@@', 'en', 'van', '4@@', '0', 'pro@@', 'cen@@', 't', 'ge@@', 'zi@@', 'en', 'van', '4@@', '0', 'pro@@', 'cen@@', 't', 'zi@@', 'en@@', '<unk>', '</s>']
2026-05-24 07:56:17,674 - INFO - joeynmt.training - 	Source:     ﻿La@@ st year I sho@@ we@@ d thes@@ e tw@@ o sli@@ de@@ s so that de@@ mon@@ strate that the ar@@ c@@ tic ic@@ e cap@@ , wh@@ ich for mo@@ st of the la@@ st th@@ ree milli@@ on year@@ s ha@@ s be@@ en the si@@ ze of the lo@@ wer 4@@ 8 stat@@ es@@ , ha@@ s sh@@ run@@ k b@@ y 4@@ 0 percen@@ t@@ .
2026-05-24 07:56:17,674 - INFO - joeynmt.training - 	Reference:  ﻿V@@ orig j@@ aar lie@@ t ik de@@ ze twee dia@@ '@@ s zi@@ en om aan te ton@@ en dat de p@@ ool@@ ij@@ sk@@ ap@@ , die de af@@ gel@@ open drie miljo@@ en j@@ aar onge@@ ve@@ er de groot@@ te had van het va@@ stel@@ and van de V@@ S@@ , met 4@@ 0@@ % gek@@ ro@@ mp@@ en was@@ .
2026-05-24 07:56:17,675 - INFO - joeynmt.training - 	Hypothesis: H@@ et is dat ik de@@ ze twee dia zi@@ en dat de ar@@ c@@ t@@ isch@@ e ij@@ fer@@ s lat@@ en zi@@ en dat de mee@@ ste drie miljo@@ en j@@ aar is de groot@@ te van de la@@ st van de la@@ st van de la@@ st van de la@@ st@@ st@@ aan@@ , heef@@ t ge@@ zi@@ en van 4@@ 0 pro@@ cen@@ t ge@@ zi@@ en van 4@@ 0 pro@@ cen@@ t ge@@ zi@@ en van 4@@ 0 pro@@ cen@@ t zi@@ en@@ <unk>
2026-05-24 07:56:17,675 - INFO - joeynmt.training - Example #1
2026-05-24 07:56:17,675 - DEBUG - joeynmt.training - 	Tokenized source:     ['Bu@@', 't', 'th@@', 'is', 'under@@', 'stat@@', 'es', 'the', 'ser@@', 'i@@', 'ou@@', 'sn@@', 'ess', 'of', 'th@@', 'is', 'particul@@', 'ar', 'proble@@', 'm', 'beca@@', 'us@@', 'e', 'it', 'does@@', 'n@@', "'@@", 't', 'sho@@', 'w', 'the', 'th@@', 'ic@@', 'kn@@', 'ess', 'of', 'the', 'ic@@', 'e@@', '.']
2026-05-24 07:56:17,675 - DEBUG - joeynmt.training - 	Tokenized reference:  ['M@@', 'aar', 'dit', 'onder@@', 'sch@@', 'at', 'eigen@@', 'lijk', 'de', 'ern@@', 'st', 'van', 'dit', 'specif@@', 'ie@@', 'ke', 'proble@@', 'em', 'om@@', 'dat', 'het', 'nie@@', 't', 'de', 'di@@', 'k@@', 'te', 'van', 'het', 'ij@@', 's', 'laat', 'zi@@', 'en@@', '.']
2026-05-24 07:56:17,675 - DEBUG - joeynmt.training - 	Tokenized hypothesis: ['M@@', 'aar', 'dit', 'beg@@', 'ri@@', 'p', 'van', 'dit', 'bep@@', 'aal@@', 'de', 'proble@@', 'em', 'om@@', 'dat', 'het', 'nie@@', 't', 'om@@', 'dat', 'het', 'nie@@', 't', 'zi@@', 'en', 'om@@', 'dat', 'het', 'dan', 'de', 'ij@@', 's', 'de', 'ij@@', 's@@', 'be@@', 'ken@@', 'd', 'van', 'de', 'ij@@', 's@@', '<unk>', '</s>']
2026-05-24 07:56:17,676 - INFO - joeynmt.training - 	Source:     Bu@@ t th@@ is under@@ stat@@ es the ser@@ i@@ ou@@ sn@@ ess of th@@ is particul@@ ar proble@@ m beca@@ us@@ e it does@@ n@@ '@@ t sho@@ w the th@@ ic@@ kn@@ ess of the ic@@ e@@ .
2026-05-24 07:56:17,676 - INFO - joeynmt.training - 	Reference:  M@@ aar dit onder@@ sch@@ at eigen@@ lijk de ern@@ st van dit specif@@ ie@@ ke proble@@ em om@@ dat het nie@@ t de di@@ k@@ te van het ij@@ s laat zi@@ en@@ .
2026-05-24 07:56:17,677 - INFO - joeynmt.training - 	Hypothesis: M@@ aar dit beg@@ ri@@ p van dit bep@@ aal@@ de proble@@ em om@@ dat het nie@@ t om@@ dat het nie@@ t zi@@ en om@@ dat het dan de ij@@ s de ij@@ s@@ be@@ ken@@ d van de ij@@ s@@ <unk>
2026-05-24 07:56:17,677 - INFO - joeynmt.training - Example #2
2026-05-24 07:56:17,677 - DEBUG - joeynmt.training - 	Tokenized source:     ['The', 'ar@@', 'c@@', 'tic', 'ic@@', 'e', 'cap', 'is@@', ',', 'in', 'a', 'sen@@', 'se@@', ',', 'the', 'be@@', 'at@@', 'ing', 'hear@@', 't', 'of', 'the', 'glob@@', 'al', 'cli@@', 'mat@@', 'e', 'system@@', '.']
2026-05-24 07:56:17,677 - DEBUG - joeynmt.training - 	Tokenized reference:  ['De', 'ij@@', 'sk@@', 'ap', 'op', 'de', 'Noor@@', 'd@@', 'p@@', 'ool', 'is', 'in', 'ze@@', 'ker@@', 'e', 'zin', 'het', 'kl@@', 'op@@', 'pen@@', 'd', 'har@@', 't', 'van', 'ons', 'glob@@', 'aal', 'kli@@', 'maat@@', 'syste@@', 'em@@', '.']
2026-05-24 07:56:17,677 - DEBUG - joeynmt.training - 	Tokenized hypothesis: ['De', 'ar@@', 'c@@', 't@@', 'isch@@', 'e', 'ij@@', 'fer@@', 's', 'is', 'in', 'een', 'gevoel', 'van', 'de', 'glob@@', 'al@@', 'e', 'kli@@', 'maat@@', 'syste@@', 'em@@', '<unk>', '</s>']
2026-05-24 07:56:17,677 - INFO - joeynmt.training - 	Source:     The ar@@ c@@ tic ic@@ e cap is@@ , in a sen@@ se@@ , the be@@ at@@ ing hear@@ t of the glob@@ al cli@@ mat@@ e system@@ .
2026-05-24 07:56:17,677 - INFO - joeynmt.training - 	Reference:  De ij@@ sk@@ ap op de Noor@@ d@@ p@@ ool is in ze@@ ker@@ e zin het kl@@ op@@ pen@@ d har@@ t van ons glob@@ aal kli@@ maat@@ syste@@ em@@ .
2026-05-24 07:56:17,677 - INFO - joeynmt.training - 	Hypothesis: De ar@@ c@@ t@@ isch@@ e ij@@ fer@@ s is in een gevoel van de glob@@ al@@ e kli@@ maat@@ syste@@ em@@ <unk>
2026-05-24 07:56:17,677 - INFO - joeynmt.training - Example #3
2026-05-24 07:56:17,677 - DEBUG - joeynmt.training - 	Tokenized source:     ['I@@', 't', 'ex@@', 'p@@', 'and@@', 's', 'in', 'w@@', 'inter', 'and', 'con@@', 'trac@@', 'ts', 'in', 'su@@', 'm@@', 'mer@@', '.']
2026-05-24 07:56:17,677 - DEBUG - joeynmt.training - 	Tokenized reference:  ['H@@', 'et', 'zet', 'uit', 'in', 'de', 'w@@', 'inter', 'en', 'k@@', 'ri@@', 'mp@@', 't', 'in', 'de', 'zom@@', 'er@@', '.']
2026-05-24 07:56:17,677 - DEBUG - joeynmt.training - 	Tokenized hypothesis: ['H@@', 'et', 'ex@@', 'p@@', 'and@@', 's', 'in', 'w@@', 'inter', 'en', 'con@@', 'trac@@', 'ten', 'in', 'zo@@', 'm@@', 'elk@@', 'aar', 'te', 'ver@@', 'trouw@@', 'en@@', '<unk>', '</s>']
2026-05-24 07:56:17,679 - INFO - joeynmt.training - 	Source:     I@@ t ex@@ p@@ and@@ s in w@@ inter and con@@ trac@@ ts in su@@ m@@ mer@@ .
2026-05-24 07:56:17,679 - INFO - joeynmt.training - 	Reference:  H@@ et zet uit in de w@@ inter en k@@ ri@@ mp@@ t in de zom@@ er@@ .
2026-05-24 07:56:17,679 - INFO - joeynmt.training - 	Hypothesis: H@@ et ex@@ p@@ and@@ s in w@@ inter en con@@ trac@@ ten in zo@@ m@@ elk@@ aar te ver@@ trouw@@ en@@ <unk>
2026-05-24 07:56:17,679 - INFO - joeynmt.training - Example #4
2026-05-24 07:56:17,679 - DEBUG - joeynmt.training - 	Tokenized source:     ['The', 'ne@@', 'x@@', 't', 'sli@@', 'de', 'I', 'sho@@', 'w', 'you', 'will', 'be', 'a', 'ra@@', 'p@@', 'id', 'fa@@', 'st-@@', 'for@@', 'war@@', 'd', 'of', 'what@@', "'@@", 's', 'happen@@', 'ed', 'over', 'the', 'la@@', 'st', '2@@', '5', 'year@@', 's@@', '.']
2026-05-24 07:56:17,679 - DEBUG - joeynmt.training - 	Tokenized reference:  ['De', 'volgen@@', 'de', 'dia', 'die', 'ik', 'laat', 'zi@@', 'en', 'is', 'een', 'ver@@', 'snel@@', 'de', 'vers@@', 'ie', 'van', 'wat', 'er', 'de', 'af@@', 'gel@@', 'open', '2@@', '5', 'j@@', 'aar', 'is', 'gebeur@@', 'd@@', '.']
2026-05-24 07:56:17,679 - DEBUG - joeynmt.training - 	Tokenized hypothesis: ['De', 'volgen@@', 'de', 'dia', 'dat', 'ik', 'j@@', 'ul@@', 'lie', 'een', 'ra@@', 'p@@', 'id', 'z@@', 'al', 'een', 'ra@@', 'p@@', 'id', 'van', 'wat', 'er', 'gebeur@@', 'de', 'in', 'de', 'laat@@', 'ste', '2@@', '5', 'j@@', 'aar', 'z@@', 'al', 'zijn@@', '<unk>', '</s>']
2026-05-24 07:56:17,680 - INFO - joeynmt.training - 	Source:     The ne@@ x@@ t sli@@ de I sho@@ w you will be a ra@@ p@@ id fa@@ st-@@ for@@ war@@ d of what@@ '@@ s happen@@ ed over the la@@ st 2@@ 5 year@@ s@@ .
2026-05-24 07:56:17,680 - INFO - joeynmt.training - 	Reference:  De volgen@@ de dia die ik laat zi@@ en is een ver@@ snel@@ de vers@@ ie van wat er de af@@ gel@@ open 2@@ 5 j@@ aar is gebeur@@ d@@ .
2026-05-24 07:56:17,680 - INFO - joeynmt.training - 	Hypothesis: De volgen@@ de dia dat ik j@@ ul@@ lie een ra@@ p@@ id z@@ al een ra@@ p@@ id van wat er gebeur@@ de in de laat@@ ste 2@@ 5 j@@ aar z@@ al zijn@@ <unk>
2026-05-24 07:57:16,615 - INFO - joeynmt.training - Epoch   2, Step:     8100, Batch Loss:     1.741616, Batch Acc: 0.533104, Tokens per Sec:     1242, Lr: 0.000300
2026-05-24 07:58:13,865 - INFO - joeynmt.training - Epoch   2, Step:     8200, Batch Loss:     1.539858, Batch Acc: 0.533536, Tokens per Sec:     1268, Lr: 0.000300
2026-05-24 07:58:26,178 - INFO - joeynmt.training - Epoch   2: total training loss 7367.19
2026-05-24 07:58:26,179 - INFO - joeynmt.training - EPOCH 3
2026-05-24 07:59:11,854 - INFO - joeynmt.training - Epoch   3, Step:     8300, Batch Loss:     1.478092, Batch Acc: 0.549827, Tokens per Sec:     1251, Lr: 0.000300
2026-05-24 08:00:09,768 - INFO - joeynmt.training - Epoch   3, Step:     8400, Batch Loss:     1.530238, Batch Acc: 0.549698, Tokens per Sec:     1262, Lr: 0.000300
2026-05-24 08:01:09,413 - INFO - joeynmt.training - Epoch   3, Step:     8500, Batch Loss:     1.504272, Batch Acc: 0.552171, Tokens per Sec:     1254, Lr: 0.000300
2026-05-24 08:01:09,413 - INFO - joeynmt.prediction - Predicting 1003 example(s)... (Greedy decoding with min_output_length=1, max_output_length=100, return_prob='none', generate_unk=True, repetition_penalty=-1, no_repeat_ngram_size=-1)
2026-05-24 08:04:19,079 - INFO - joeynmt.metrics - nrefs:1|case:mixed|eff:no|tok:13a|smooth:exp|version:2.6.0
2026-05-24 08:04:19,080 - INFO - joeynmt.prediction - Evaluation result (greedy) bleu:  32.22, loss:   1.90, ppl:   6.68, acc:   0.48, generation: 189.1483[sec], evaluation: 0.5015[sec]
2026-05-24 08:04:19,081 - INFO - joeynmt.training - Hooray! New best validation result [ppl]!
2026-05-24 08:04:19,158 - INFO - joeynmt.helpers - delete output_bpe5000/6000.ckpt
2026-05-24 08:04:19,168 - INFO - joeynmt.training - Example #0
2026-05-24 08:04:19,169 - DEBUG - joeynmt.training - 	Tokenized source:     ['\ufeffLa@@', 'st', 'year', 'I', 'sho@@', 'we@@', 'd', 'thes@@', 'e', 'tw@@', 'o', 'sli@@', 'de@@', 's', 'so', 'that', 'de@@', 'mon@@', 'strate', 'that', 'the', 'ar@@', 'c@@', 'tic', 'ic@@', 'e', 'cap@@', ',', 'wh@@', 'ich', 'for', 'mo@@', 'st', 'of', 'the', 'la@@', 'st', 'th@@', 'ree', 'milli@@', 'on', 'year@@', 's', 'ha@@', 's', 'be@@', 'en', 'the', 'si@@', 'ze', 'of', 'the', 'lo@@', 'wer', '4@@', '8', 'stat@@', 'es@@', ',', 'ha@@', 's', 'sh@@', 'run@@', 'k', 'b@@', 'y', '4@@', '0', 'percen@@', 't@@', '.']
2026-05-24 08:04:19,169 - DEBUG - joeynmt.training - 	Tokenized reference:  ['\ufeffV@@', 'orig', 'j@@', 'aar', 'lie@@', 't', 'ik', 'de@@', 'ze', 'twee', 'dia@@', "'@@", 's', 'zi@@', 'en', 'om', 'aan', 'te', 'ton@@', 'en', 'dat', 'de', 'p@@', 'ool@@', 'ij@@', 'sk@@', 'ap@@', ',', 'die', 'de', 'af@@', 'gel@@', 'open', 'drie', 'miljo@@', 'en', 'j@@', 'aar', 'onge@@', 've@@', 'er', 'de', 'groot@@', 'te', 'had', 'van', 'het', 'va@@', 'stel@@', 'and', 'van', 'de', 'V@@', 'S@@', ',', 'met', '4@@', '0@@', '%', 'gek@@', 'ro@@', 'mp@@', 'en', 'was@@', '.']
2026-05-24 08:04:19,169 - DEBUG - joeynmt.training - 	Tokenized hypothesis: ['D@@', 'it', 'j@@', 'aar', 'lat@@', 'en', 'zi@@', 'en', 'dat', 'de@@', 'ze', 'twee', 'dia@@', "'@@", 's', 'zo@@', 'dat', 'de', 'ar@@', 'c@@', 't@@', 'isch@@', 'e', 'ij@@', 'fer@@', 's', 'van', 'de', 'laat@@', 'ste', 'drie', 'miljo@@', 'en', 'j@@', 'aar', 'is', 'de', 'groot@@', 'te', 'van', 'de', 'la@@', 'st', 'van', 'de', 'la@@', 'gere', '4@@', '8', 'stat@@', 'en', 'zijn', 'door', '4@@', '8', 'stat@@', 'en', 'heef@@', 't', 'ge@@', 'zi@@', 'en', 'door', '4@@', '0', 'pro@@', 'cen@@', 't', 'ge@@', 'zi@@', 'en@@', '<unk>', '</s>']
2026-05-24 08:04:19,170 - INFO - joeynmt.training - 	Source:     ﻿La@@ st year I sho@@ we@@ d thes@@ e tw@@ o sli@@ de@@ s so that de@@ mon@@ strate that the ar@@ c@@ tic ic@@ e cap@@ , wh@@ ich for mo@@ st of the la@@ st th@@ ree milli@@ on year@@ s ha@@ s be@@ en the si@@ ze of the lo@@ wer 4@@ 8 stat@@ es@@ , ha@@ s sh@@ run@@ k b@@ y 4@@ 0 percen@@ t@@ .
2026-05-24 08:04:19,170 - INFO - joeynmt.training - 	Reference:  ﻿V@@ orig j@@ aar lie@@ t ik de@@ ze twee dia@@ '@@ s zi@@ en om aan te ton@@ en dat de p@@ ool@@ ij@@ sk@@ ap@@ , die de af@@ gel@@ open drie miljo@@ en j@@ aar onge@@ ve@@ er de groot@@ te had van het va@@ stel@@ and van de V@@ S@@ , met 4@@ 0@@ % gek@@ ro@@ mp@@ en was@@ .
2026-05-24 08:04:19,170 - INFO - joeynmt.training - 	Hypothesis: D@@ it j@@ aar lat@@ en zi@@ en dat de@@ ze twee dia@@ '@@ s zo@@ dat de ar@@ c@@ t@@ isch@@ e ij@@ fer@@ s van de laat@@ ste drie miljo@@ en j@@ aar is de groot@@ te van de la@@ st van de la@@ gere 4@@ 8 stat@@ en zijn door 4@@ 8 stat@@ en heef@@ t ge@@ zi@@ en door 4@@ 0 pro@@ cen@@ t ge@@ zi@@ en@@ <unk>
2026-05-24 08:04:19,170 - INFO - joeynmt.training - Example #1
2026-05-24 08:04:19,170 - DEBUG - joeynmt.training - 	Tokenized source:     ['Bu@@', 't', 'th@@', 'is', 'under@@', 'stat@@', 'es', 'the', 'ser@@', 'i@@', 'ou@@', 'sn@@', 'ess', 'of', 'th@@', 'is', 'particul@@', 'ar', 'proble@@', 'm', 'beca@@', 'us@@', 'e', 'it', 'does@@', 'n@@', "'@@", 't', 'sho@@', 'w', 'the', 'th@@', 'ic@@', 'kn@@', 'ess', 'of', 'the', 'ic@@', 'e@@', '.']
2026-05-24 08:04:19,170 - DEBUG - joeynmt.training - 	Tokenized reference:  ['M@@', 'aar', 'dit', 'onder@@', 'sch@@', 'at', 'eigen@@', 'lijk', 'de', 'ern@@', 'st', 'van', 'dit', 'specif@@', 'ie@@', 'ke', 'proble@@', 'em', 'om@@', 'dat', 'het', 'nie@@', 't', 'de', 'di@@', 'k@@', 'te', 'van', 'het', 'ij@@', 's', 'laat', 'zi@@', 'en@@', '.']
2026-05-24 08:04:19,171 - DEBUG - joeynmt.training - 	Tokenized hypothesis: ['M@@', 'aar', 'dit', 'beg@@', 're@@', 'p', 'van', 'dit', 'beg@@', 'ri@@', 'p', 'van', 'dit', 'specif@@', 'ie@@', 'ke', 'proble@@', 'em', 'om@@', 'dat', 'het', 'nie@@', 't', 'op', 'de', 'ij@@', 's', 'van', 'het', 'ij@@', 's', 'van', 'het', 'ij@@', 's@@', '<unk>', '</s>']
2026-05-24 08:04:19,171 - INFO - joeynmt.training - 	Source:     Bu@@ t th@@ is under@@ stat@@ es the ser@@ i@@ ou@@ sn@@ ess of th@@ is particul@@ ar proble@@ m beca@@ us@@ e it does@@ n@@ '@@ t sho@@ w the th@@ ic@@ kn@@ ess of the ic@@ e@@ .
2026-05-24 08:04:19,171 - INFO - joeynmt.training - 	Reference:  M@@ aar dit onder@@ sch@@ at eigen@@ lijk de ern@@ st van dit specif@@ ie@@ ke proble@@ em om@@ dat het nie@@ t de di@@ k@@ te van het ij@@ s laat zi@@ en@@ .
2026-05-24 08:04:19,171 - INFO - joeynmt.training - 	Hypothesis: M@@ aar dit beg@@ re@@ p van dit beg@@ ri@@ p van dit specif@@ ie@@ ke proble@@ em om@@ dat het nie@@ t op de ij@@ s van het ij@@ s van het ij@@ s@@ <unk>
2026-05-24 08:04:19,171 - INFO - joeynmt.training - Example #2
2026-05-24 08:04:19,171 - DEBUG - joeynmt.training - 	Tokenized source:     ['The', 'ar@@', 'c@@', 'tic', 'ic@@', 'e', 'cap', 'is@@', ',', 'in', 'a', 'sen@@', 'se@@', ',', 'the', 'be@@', 'at@@', 'ing', 'hear@@', 't', 'of', 'the', 'glob@@', 'al', 'cli@@', 'mat@@', 'e', 'system@@', '.']
2026-05-24 08:04:19,171 - DEBUG - joeynmt.training - 	Tokenized reference:  ['De', 'ij@@', 'sk@@', 'ap', 'op', 'de', 'Noor@@', 'd@@', 'p@@', 'ool', 'is', 'in', 'ze@@', 'ker@@', 'e', 'zin', 'het', 'kl@@', 'op@@', 'pen@@', 'd', 'har@@', 't', 'van', 'ons', 'glob@@', 'aal', 'kli@@', 'maat@@', 'syste@@', 'em@@', '.']
2026-05-24 08:04:19,171 - DEBUG - joeynmt.training - 	Tokenized hypothesis: ['De', 'ar@@', 'c@@', 't@@', 'isch@@', 'e', 'ij@@', 'fer@@', 's@@', ',', 'in', 'een', 'gevoel', 'van', 'de', 'glob@@', 'al@@', 'e', 'kli@@', 'maat@@', 'syste@@', 'em@@', '<unk>', '</s>']
2026-05-24 08:04:19,172 - INFO - joeynmt.training - 	Source:     The ar@@ c@@ tic ic@@ e cap is@@ , in a sen@@ se@@ , the be@@ at@@ ing hear@@ t of the glob@@ al cli@@ mat@@ e system@@ .
2026-05-24 08:04:19,172 - INFO - joeynmt.training - 	Reference:  De ij@@ sk@@ ap op de Noor@@ d@@ p@@ ool is in ze@@ ker@@ e zin het kl@@ op@@ pen@@ d har@@ t van ons glob@@ aal kli@@ maat@@ syste@@ em@@ .
2026-05-24 08:04:19,172 - INFO - joeynmt.training - 	Hypothesis: De ar@@ c@@ t@@ isch@@ e ij@@ fer@@ s@@ , in een gevoel van de glob@@ al@@ e kli@@ maat@@ syste@@ em@@ <unk>
2026-05-24 08:04:19,172 - INFO - joeynmt.training - Example #3
2026-05-24 08:04:19,172 - DEBUG - joeynmt.training - 	Tokenized source:     ['I@@', 't', 'ex@@', 'p@@', 'and@@', 's', 'in', 'w@@', 'inter', 'and', 'con@@', 'trac@@', 'ts', 'in', 'su@@', 'm@@', 'mer@@', '.']
2026-05-24 08:04:19,172 - DEBUG - joeynmt.training - 	Tokenized reference:  ['H@@', 'et', 'zet', 'uit', 'in', 'de', 'w@@', 'inter', 'en', 'k@@', 'ri@@', 'mp@@', 't', 'in', 'de', 'zom@@', 'er@@', '.']
2026-05-24 08:04:19,172 - DEBUG - joeynmt.training - 	Tokenized hypothesis: ['H@@', 'et', 'uit@@', 'uit@@', 'ster@@', 'ven', 'in', 'w@@', 'inter', 'en', 'con@@', 'trac@@', 'ten', 'in', 'zo@@', 'm@@', 'aar', 'van', 'zo@@', 'm@@', 'mer@@', '<unk>', '</s>']
2026-05-24 08:04:19,173 - INFO - joeynmt.training - 	Source:     I@@ t ex@@ p@@ and@@ s in w@@ inter and con@@ trac@@ ts in su@@ m@@ mer@@ .
2026-05-24 08:04:19,173 - INFO - joeynmt.training - 	Reference:  H@@ et zet uit in de w@@ inter en k@@ ri@@ mp@@ t in de zom@@ er@@ .
2026-05-24 08:04:19,173 - INFO - joeynmt.training - 	Hypothesis: H@@ et uit@@ uit@@ ster@@ ven in w@@ inter en con@@ trac@@ ten in zo@@ m@@ aar van zo@@ m@@ mer@@ <unk>
2026-05-24 08:04:19,173 - INFO - joeynmt.training - Example #4
2026-05-24 08:04:19,173 - DEBUG - joeynmt.training - 	Tokenized source:     ['The', 'ne@@', 'x@@', 't', 'sli@@', 'de', 'I', 'sho@@', 'w', 'you', 'will', 'be', 'a', 'ra@@', 'p@@', 'id', 'fa@@', 'st-@@', 'for@@', 'war@@', 'd', 'of', 'what@@', "'@@", 's', 'happen@@', 'ed', 'over', 'the', 'la@@', 'st', '2@@', '5', 'year@@', 's@@', '.']
2026-05-24 08:04:19,173 - DEBUG - joeynmt.training - 	Tokenized reference:  ['De', 'volgen@@', 'de', 'dia', 'die', 'ik', 'laat', 'zi@@', 'en', 'is', 'een', 'ver@@', 'snel@@', 'de', 'vers@@', 'ie', 'van', 'wat', 'er', 'de', 'af@@', 'gel@@', 'open', '2@@', '5', 'j@@', 'aar', 'is', 'gebeur@@', 'd@@', '.']
2026-05-24 08:04:19,173 - DEBUG - joeynmt.training - 	Tokenized hypothesis: ['De', 'volgen@@', 'de', 'dia@@', ',', 'z@@', 'al', 'ik', 'j@@', 'ul@@', 'lie', 'een', 'ra@@', 'p@@', 'isch', 'voor@@', 'kom@@', 'st', 'van', 'wat', 'er', 'gebeur@@', 'de', 'de', 'laat@@', 'ste', '2@@', '5', 'j@@', 'aar', 'z@@', 'ou', 'zijn@@', '<unk>', '</s>']
2026-05-24 08:04:19,174 - INFO - joeynmt.training - 	Source:     The ne@@ x@@ t sli@@ de I sho@@ w you will be a ra@@ p@@ id fa@@ st-@@ for@@ war@@ d of what@@ '@@ s happen@@ ed over the la@@ st 2@@ 5 year@@ s@@ .
2026-05-24 08:04:19,174 - INFO - joeynmt.training - 	Reference:  De volgen@@ de dia die ik laat zi@@ en is een ver@@ snel@@ de vers@@ ie van wat er de af@@ gel@@ open 2@@ 5 j@@ aar is gebeur@@ d@@ .
2026-05-24 08:04:19,174 - INFO - joeynmt.training - 	Hypothesis: De volgen@@ de dia@@ , z@@ al ik j@@ ul@@ lie een ra@@ p@@ isch voor@@ kom@@ st van wat er gebeur@@ de de laat@@ ste 2@@ 5 j@@ aar z@@ ou zijn@@ <unk>
2026-05-24 08:05:16,278 - INFO - joeynmt.training - Epoch   3, Step:     8600, Batch Loss:     1.584803, Batch Acc: 0.550707, Tokens per Sec:     1286, Lr: 0.000300
2026-05-24 08:06:15,679 - INFO - joeynmt.training - Epoch   3, Step:     8700, Batch Loss:     1.661150, Batch Acc: 0.549748, Tokens per Sec:     1251, Lr: 0.000300
2026-05-24 08:07:15,332 - INFO - joeynmt.training - Epoch   3, Step:     8800, Batch Loss:     1.643263, Batch Acc: 0.547605, Tokens per Sec:     1239, Lr: 0.000300
2026-05-24 08:08:11,856 - INFO - joeynmt.training - Epoch   3, Step:     8900, Batch Loss:     1.534644, Batch Acc: 0.553731, Tokens per Sec:     1282, Lr: 0.000300
2026-05-24 08:09:09,743 - INFO - joeynmt.training - Epoch   3, Step:     9000, Batch Loss:     1.497706, Batch Acc: 0.550920, Tokens per Sec:     1251, Lr: 0.000300
2026-05-24 08:09:09,743 - INFO - joeynmt.prediction - Predicting 1003 example(s)... (Greedy decoding with min_output_length=1, max_output_length=100, return_prob='none', generate_unk=True, repetition_penalty=-1, no_repeat_ngram_size=-1)
2026-05-24 08:12:02,609 - INFO - joeynmt.metrics - nrefs:1|case:mixed|eff:no|tok:13a|smooth:exp|version:2.6.0
2026-05-24 08:12:02,609 - INFO - joeynmt.prediction - Evaluation result (greedy) bleu:  33.00, loss:   1.89, ppl:   6.59, acc:   0.48, generation: 172.3736[sec], evaluation: 0.4769[sec]
2026-05-24 08:12:02,613 - INFO - joeynmt.training - Hooray! New best validation result [ppl]!
2026-05-24 08:12:02,750 - INFO - joeynmt.helpers - delete output_bpe5000/6500.ckpt
2026-05-24 08:12:02,766 - INFO - joeynmt.training - Example #0
2026-05-24 08:12:02,767 - DEBUG - joeynmt.training - 	Tokenized source:     ['\ufeffLa@@', 'st', 'year', 'I', 'sho@@', 'we@@', 'd', 'thes@@', 'e', 'tw@@', 'o', 'sli@@', 'de@@', 's', 'so', 'that', 'de@@', 'mon@@', 'strate', 'that', 'the', 'ar@@', 'c@@', 'tic', 'ic@@', 'e', 'cap@@', ',', 'wh@@', 'ich', 'for', 'mo@@', 'st', 'of', 'the', 'la@@', 'st', 'th@@', 'ree', 'milli@@', 'on', 'year@@', 's', 'ha@@', 's', 'be@@', 'en', 'the', 'si@@', 'ze', 'of', 'the', 'lo@@', 'wer', '4@@', '8', 'stat@@', 'es@@', ',', 'ha@@', 's', 'sh@@', 'run@@', 'k', 'b@@', 'y', '4@@', '0', 'percen@@', 't@@', '.']
2026-05-24 08:12:02,767 - DEBUG - joeynmt.training - 	Tokenized reference:  ['\ufeffV@@', 'orig', 'j@@', 'aar', 'lie@@', 't', 'ik', 'de@@', 'ze', 'twee', 'dia@@', "'@@", 's', 'zi@@', 'en', 'om', 'aan', 'te', 'ton@@', 'en', 'dat', 'de', 'p@@', 'ool@@', 'ij@@', 'sk@@', 'ap@@', ',', 'die', 'de', 'af@@', 'gel@@', 'open', 'drie', 'miljo@@', 'en', 'j@@', 'aar', 'onge@@', 've@@', 'er', 'de', 'groot@@', 'te', 'had', 'van', 'het', 'va@@', 'stel@@', 'and', 'van', 'de', 'V@@', 'S@@', ',', 'met', '4@@', '0@@', '%', 'gek@@', 'ro@@', 'mp@@', 'en', 'was@@', '.']
2026-05-24 08:12:02,767 - DEBUG - joeynmt.training - 	Tokenized hypothesis: ['H@@', 'et', 'is', 'j@@', 'aar', 'lat@@', 'en', 'zi@@', 'en', 'dat', 'de@@', 'mon@@', 'c@@', 't@@', 'isch@@', 'e', 'kap@@', 'it@@', ',', 'die', 'de', 'ar@@', 'c@@', 't@@', 'isch@@', 'e', 'kap@@', ',', 'die', 'voor', 'de', 'laat@@', 'ste', 'drie', 'miljo@@', 'en', 'j@@', 'aar', 'is', 'de', 'groot@@', 'te', 'van', 'de', 'la@@', 'ger', 'van', 'de', 'la@@', 'ger', 'van', 'de', 'la@@', 'ger', 'van', 'de', 'la@@', 'ger', 'van', '4@@', '0', 'pro@@', 'cen@@', 't@@', '<unk>', '</s>']
2026-05-24 08:12:02,768 - INFO - joeynmt.training - 	Source:     ﻿La@@ st year I sho@@ we@@ d thes@@ e tw@@ o sli@@ de@@ s so that de@@ mon@@ strate that the ar@@ c@@ tic ic@@ e cap@@ , wh@@ ich for mo@@ st of the la@@ st th@@ ree milli@@ on year@@ s ha@@ s be@@ en the si@@ ze of the lo@@ wer 4@@ 8 stat@@ es@@ , ha@@ s sh@@ run@@ k b@@ y 4@@ 0 percen@@ t@@ .
2026-05-24 08:12:02,768 - INFO - joeynmt.training - 	Reference:  ﻿V@@ orig j@@ aar lie@@ t ik de@@ ze twee dia@@ '@@ s zi@@ en om aan te ton@@ en dat de p@@ ool@@ ij@@ sk@@ ap@@ , die de af@@ gel@@ open drie miljo@@ en j@@ aar onge@@ ve@@ er de groot@@ te had van het va@@ stel@@ and van de V@@ S@@ , met 4@@ 0@@ % gek@@ ro@@ mp@@ en was@@ .
2026-05-24 08:12:02,768 - INFO - joeynmt.training - 	Hypothesis: H@@ et is j@@ aar lat@@ en zi@@ en dat de@@ mon@@ c@@ t@@ isch@@ e kap@@ it@@ , die de ar@@ c@@ t@@ isch@@ e kap@@ , die voor de laat@@ ste drie miljo@@ en j@@ aar is de groot@@ te van de la@@ ger van de la@@ ger van de la@@ ger van de la@@ ger van 4@@ 0 pro@@ cen@@ t@@ <unk>
2026-05-24 08:12:02,769 - INFO - joeynmt.training - Example #1
2026-05-24 08:12:02,769 - DEBUG - joeynmt.training - 	Tokenized source:     ['Bu@@', 't', 'th@@', 'is', 'under@@', 'stat@@', 'es', 'the', 'ser@@', 'i@@', 'ou@@', 'sn@@', 'ess', 'of', 'th@@', 'is', 'particul@@', 'ar', 'proble@@', 'm', 'beca@@', 'us@@', 'e', 'it', 'does@@', 'n@@', "'@@", 't', 'sho@@', 'w', 'the', 'th@@', 'ic@@', 'kn@@', 'ess', 'of', 'the', 'ic@@', 'e@@', '.']
2026-05-24 08:12:02,769 - DEBUG - joeynmt.training - 	Tokenized reference:  ['M@@', 'aar', 'dit', 'onder@@', 'sch@@', 'at', 'eigen@@', 'lijk', 'de', 'ern@@', 'st', 'van', 'dit', 'specif@@', 'ie@@', 'ke', 'proble@@', 'em', 'om@@', 'dat', 'het', 'nie@@', 't', 'de', 'di@@', 'k@@', 'te', 'van', 'het', 'ij@@', 's', 'laat', 'zi@@', 'en@@', '.']
2026-05-24 08:12:02,769 - DEBUG - joeynmt.training - 	Tokenized hypothesis: ['M@@', 'aar', 'dit', 'begrij@@', 'p', 'van', 'dit', 'beg@@', 're@@', 'p', 'van', 'dit', 'bep@@', 'aal@@', 'de', 'proble@@', 'em', 'om@@', 'dat', 'het', 'nie@@', 't', 'zi@@', 'en', 'om@@', 'dat', 'het', 'nie@@', 't', 'ton@@', 'en@@', '<unk>', '</s>']
2026-05-24 08:12:02,771 - INFO - joeynmt.training - 	Source:     Bu@@ t th@@ is under@@ stat@@ es the ser@@ i@@ ou@@ sn@@ ess of th@@ is particul@@ ar proble@@ m beca@@ us@@ e it does@@ n@@ '@@ t sho@@ w the th@@ ic@@ kn@@ ess of the ic@@ e@@ .
2026-05-24 08:12:02,771 - INFO - joeynmt.training - 	Reference:  M@@ aar dit onder@@ sch@@ at eigen@@ lijk de ern@@ st van dit specif@@ ie@@ ke proble@@ em om@@ dat het nie@@ t de di@@ k@@ te van het ij@@ s laat zi@@ en@@ .
2026-05-24 08:12:02,771 - INFO - joeynmt.training - 	Hypothesis: M@@ aar dit begrij@@ p van dit beg@@ re@@ p van dit bep@@ aal@@ de proble@@ em om@@ dat het nie@@ t zi@@ en om@@ dat het nie@@ t ton@@ en@@ <unk>
2026-05-24 08:12:02,772 - INFO - joeynmt.training - Example #2
2026-05-24 08:12:02,772 - DEBUG - joeynmt.training - 	Tokenized source:     ['The', 'ar@@', 'c@@', 'tic', 'ic@@', 'e', 'cap', 'is@@', ',', 'in', 'a', 'sen@@', 'se@@', ',', 'the', 'be@@', 'at@@', 'ing', 'hear@@', 't', 'of', 'the', 'glob@@', 'al', 'cli@@', 'mat@@', 'e', 'system@@', '.']
2026-05-24 08:12:02,772 - DEBUG - joeynmt.training - 	Tokenized reference:  ['De', 'ij@@', 'sk@@', 'ap', 'op', 'de', 'Noor@@', 'd@@', 'p@@', 'ool', 'is', 'in', 'ze@@', 'ker@@', 'e', 'zin', 'het', 'kl@@', 'op@@', 'pen@@', 'd', 'har@@', 't', 'van', 'ons', 'glob@@', 'aal', 'kli@@', 'maat@@', 'syste@@', 'em@@', '.']
2026-05-24 08:12:02,772 - DEBUG - joeynmt.training - 	Tokenized hypothesis: ['De', 'ar@@', 'c@@', 't@@', 'isch@@', 'e', 'ic@@', 'a', 'is', 'in', 'een', 'zin', 'van', 'het', 'wereldwij@@', 'de', 'kli@@', 'maat@@', 'syste@@', 'em@@', '<unk>', '</s>']
2026-05-24 08:12:02,773 - INFO - joeynmt.training - 	Source:     The ar@@ c@@ tic ic@@ e cap is@@ , in a sen@@ se@@ , the be@@ at@@ ing hear@@ t of the glob@@ al cli@@ mat@@ e system@@ .
2026-05-24 08:12:02,774 - INFO - joeynmt.training - 	Reference:  De ij@@ sk@@ ap op de Noor@@ d@@ p@@ ool is in ze@@ ker@@ e zin het kl@@ op@@ pen@@ d har@@ t van ons glob@@ aal kli@@ maat@@ syste@@ em@@ .
2026-05-24 08:12:02,774 - INFO - joeynmt.training - 	Hypothesis: De ar@@ c@@ t@@ isch@@ e ic@@ a is in een zin van het wereldwij@@ de kli@@ maat@@ syste@@ em@@ <unk>
2026-05-24 08:12:02,775 - INFO - joeynmt.training - Example #3
2026-05-24 08:12:02,775 - DEBUG - joeynmt.training - 	Tokenized source:     ['I@@', 't', 'ex@@', 'p@@', 'and@@', 's', 'in', 'w@@', 'inter', 'and', 'con@@', 'trac@@', 'ts', 'in', 'su@@', 'm@@', 'mer@@', '.']
2026-05-24 08:12:02,775 - DEBUG - joeynmt.training - 	Tokenized reference:  ['H@@', 'et', 'zet', 'uit', 'in', 'de', 'w@@', 'inter', 'en', 'k@@', 'ri@@', 'mp@@', 't', 'in', 'de', 'zom@@', 'er@@', '.']
2026-05-24 08:12:02,775 - DEBUG - joeynmt.training - 	Tokenized hypothesis: ['H@@', 'et', 'uit@@', 'sl@@', 'and@@', 's', 'in', 'w@@', 'inter', 'en', 'con@@', 'trac@@', 'ten', 'in', 'de', 'mu@@', 'g@@', '<unk>', '</s>']
2026-05-24 08:12:02,777 - INFO - joeynmt.training - 	Source:     I@@ t ex@@ p@@ and@@ s in w@@ inter and con@@ trac@@ ts in su@@ m@@ mer@@ .
2026-05-24 08:12:02,778 - INFO - joeynmt.training - 	Reference:  H@@ et zet uit in de w@@ inter en k@@ ri@@ mp@@ t in de zom@@ er@@ .
2026-05-24 08:12:02,778 - INFO - joeynmt.training - 	Hypothesis: H@@ et uit@@ sl@@ and@@ s in w@@ inter en con@@ trac@@ ten in de mu@@ g@@ <unk>
2026-05-24 08:12:02,778 - INFO - joeynmt.training - Example #4
2026-05-24 08:12:02,778 - DEBUG - joeynmt.training - 	Tokenized source:     ['The', 'ne@@', 'x@@', 't', 'sli@@', 'de', 'I', 'sho@@', 'w', 'you', 'will', 'be', 'a', 'ra@@', 'p@@', 'id', 'fa@@', 'st-@@', 'for@@', 'war@@', 'd', 'of', 'what@@', "'@@", 's', 'happen@@', 'ed', 'over', 'the', 'la@@', 'st', '2@@', '5', 'year@@', 's@@', '.']
2026-05-24 08:12:02,779 - DEBUG - joeynmt.training - 	Tokenized reference:  ['De', 'volgen@@', 'de', 'dia', 'die', 'ik', 'laat', 'zi@@', 'en', 'is', 'een', 'ver@@', 'snel@@', 'de', 'vers@@', 'ie', 'van', 'wat', 'er', 'de', 'af@@', 'gel@@', 'open', '2@@', '5', 'j@@', 'aar', 'is', 'gebeur@@', 'd@@', '.']
2026-05-24 08:12:02,779 - DEBUG - joeynmt.training - 	Tokenized hypothesis: ['De', 'volgen@@', 'de', 'dia@@', ',', 'laat', 'ik', 'j@@', 'ul@@', 'lie', 'een', 'ra@@', 'p@@', 'id', 'snell@@', 'er', 'zijn', 'van', 'wat', 'er', 'gebeur@@', 'd', 'is', 'over', 'de', 'laat@@', 'ste', '2@@', '5', 'j@@', 'aar', 'is@@', '<unk>', '</s>']
2026-05-24 08:12:02,779 - INFO - joeynmt.training - 	Source:     The ne@@ x@@ t sli@@ de I sho@@ w you will be a ra@@ p@@ id fa@@ st-@@ for@@ war@@ d of what@@ '@@ s happen@@ ed over the la@@ st 2@@ 5 year@@ s@@ .
2026-05-24 08:12:02,780 - INFO - joeynmt.training - 	Reference:  De volgen@@ de dia die ik laat zi@@ en is een ver@@ snel@@ de vers@@ ie van wat er de af@@ gel@@ open 2@@ 5 j@@ aar is gebeur@@ d@@ .
2026-05-24 08:12:02,780 - INFO - joeynmt.training - 	Hypothesis: De volgen@@ de dia@@ , laat ik j@@ ul@@ lie een ra@@ p@@ id snell@@ er zijn van wat er gebeur@@ d is over de laat@@ ste 2@@ 5 j@@ aar is@@ <unk>
2026-05-24 08:12:59,760 - INFO - joeynmt.training - Epoch   3, Step:     9100, Batch Loss:     1.502080, Batch Acc: 0.553427, Tokens per Sec:     1295, Lr: 0.000300
2026-05-24 08:13:57,801 - INFO - joeynmt.training - Epoch   3, Step:     9200, Batch Loss:     1.698821, Batch Acc: 0.548519, Tokens per Sec:     1300, Lr: 0.000300
2026-05-24 08:14:56,957 - INFO - joeynmt.training - Epoch   3, Step:     9300, Batch Loss:     1.281345, Batch Acc: 0.554376, Tokens per Sec:     1253, Lr: 0.000300
2026-05-24 08:15:55,627 - INFO - joeynmt.training - Epoch   3, Step:     9400, Batch Loss:     1.692213, Batch Acc: 0.548342, Tokens per Sec:     1301, Lr: 0.000300
2026-05-24 08:16:54,902 - INFO - joeynmt.training - Epoch   3, Step:     9500, Batch Loss:     1.592363, Batch Acc: 0.558486, Tokens per Sec:     1246, Lr: 0.000300
2026-05-24 08:16:54,904 - INFO - joeynmt.prediction - Predicting 1003 example(s)... (Greedy decoding with min_output_length=1, max_output_length=100, return_prob='none', generate_unk=True, repetition_penalty=-1, no_repeat_ngram_size=-1)
2026-05-24 08:20:05,505 - INFO - joeynmt.metrics - nrefs:1|case:mixed|eff:no|tok:13a|smooth:exp|version:2.6.0
2026-05-24 08:20:05,507 - INFO - joeynmt.prediction - Evaluation result (greedy) bleu:  32.66, loss:   1.87, ppl:   6.49, acc:   0.49, generation: 190.0890[sec], evaluation: 0.4980[sec]
2026-05-24 08:20:05,508 - INFO - joeynmt.training - Hooray! New best validation result [ppl]!
2026-05-24 08:20:05,590 - INFO - joeynmt.helpers - delete output_bpe5000/7000.ckpt
2026-05-24 08:20:05,600 - INFO - joeynmt.training - Example #0
2026-05-24 08:20:05,601 - DEBUG - joeynmt.training - 	Tokenized source:     ['\ufeffLa@@', 'st', 'year', 'I', 'sho@@', 'we@@', 'd', 'thes@@', 'e', 'tw@@', 'o', 'sli@@', 'de@@', 's', 'so', 'that', 'de@@', 'mon@@', 'strate', 'that', 'the', 'ar@@', 'c@@', 'tic', 'ic@@', 'e', 'cap@@', ',', 'wh@@', 'ich', 'for', 'mo@@', 'st', 'of', 'the', 'la@@', 'st', 'th@@', 'ree', 'milli@@', 'on', 'year@@', 's', 'ha@@', 's', 'be@@', 'en', 'the', 'si@@', 'ze', 'of', 'the', 'lo@@', 'wer', '4@@', '8', 'stat@@', 'es@@', ',', 'ha@@', 's', 'sh@@', 'run@@', 'k', 'b@@', 'y', '4@@', '0', 'percen@@', 't@@', '.']
2026-05-24 08:20:05,601 - DEBUG - joeynmt.training - 	Tokenized reference:  ['\ufeffV@@', 'orig', 'j@@', 'aar', 'lie@@', 't', 'ik', 'de@@', 'ze', 'twee', 'dia@@', "'@@", 's', 'zi@@', 'en', 'om', 'aan', 'te', 'ton@@', 'en', 'dat', 'de', 'p@@', 'ool@@', 'ij@@', 'sk@@', 'ap@@', ',', 'die', 'de', 'af@@', 'gel@@', 'open', 'drie', 'miljo@@', 'en', 'j@@', 'aar', 'onge@@', 've@@', 'er', 'de', 'groot@@', 'te', 'had', 'van', 'het', 'va@@', 'stel@@', 'and', 'van', 'de', 'V@@', 'S@@', ',', 'met', '4@@', '0@@', '%', 'gek@@', 'ro@@', 'mp@@', 'en', 'was@@', '.']
2026-05-24 08:20:05,601 - DEBUG - joeynmt.training - 	Tokenized hypothesis: ['I@@', 'k', 'laat', 'de@@', 'ze', 'twee', 'dia@@', "'@@", 's', 'zo@@', 'dat', 'de@@', 'mon@@', 'str@@', 'str@@', 'str@@', 'oom', 'dat', 'de', 'ar@@', 'c@@', 't@@', 'isch@@', 'e', 'ij@@', 'fer@@', 's', 'die', 'voor', 'de', 'mee@@', 'ste', 'drie', 'miljo@@', 'en', 'j@@', 'aar', 'heef@@', 't', 'de', 'groot@@', 'te', 'van', 'de', 'la@@', 'gere', '4@@', '0', 'pro@@', 'cen@@', 't', 'van', '4@@', '0', 'pro@@', 'cen@@', 't', 'van', '4@@', '0', 'pro@@', 'cen@@', 't', 'ge@@', 'zi@@', 'en@@', '<unk>', '</s>']
2026-05-24 08:20:05,601 - INFO - joeynmt.training - 	Source:     ﻿La@@ st year I sho@@ we@@ d thes@@ e tw@@ o sli@@ de@@ s so that de@@ mon@@ strate that the ar@@ c@@ tic ic@@ e cap@@ , wh@@ ich for mo@@ st of the la@@ st th@@ ree milli@@ on year@@ s ha@@ s be@@ en the si@@ ze of the lo@@ wer 4@@ 8 stat@@ es@@ , ha@@ s sh@@ run@@ k b@@ y 4@@ 0 percen@@ t@@ .
2026-05-24 08:20:05,601 - INFO - joeynmt.training - 	Reference:  ﻿V@@ orig j@@ aar lie@@ t ik de@@ ze twee dia@@ '@@ s zi@@ en om aan te ton@@ en dat de p@@ ool@@ ij@@ sk@@ ap@@ , die de af@@ gel@@ open drie miljo@@ en j@@ aar onge@@ ve@@ er de groot@@ te had van het va@@ stel@@ and van de V@@ S@@ , met 4@@ 0@@ % gek@@ ro@@ mp@@ en was@@ .
2026-05-24 08:20:05,601 - INFO - joeynmt.training - 	Hypothesis: I@@ k laat de@@ ze twee dia@@ '@@ s zo@@ dat de@@ mon@@ str@@ str@@ str@@ oom dat de ar@@ c@@ t@@ isch@@ e ij@@ fer@@ s die voor de mee@@ ste drie miljo@@ en j@@ aar heef@@ t de groot@@ te van de la@@ gere 4@@ 0 pro@@ cen@@ t van 4@@ 0 pro@@ cen@@ t van 4@@ 0 pro@@ cen@@ t ge@@ zi@@ en@@ <unk>
2026-05-24 08:20:05,601 - INFO - joeynmt.training - Example #1
2026-05-24 08:20:05,602 - DEBUG - joeynmt.training - 	Tokenized source:     ['Bu@@', 't', 'th@@', 'is', 'under@@', 'stat@@', 'es', 'the', 'ser@@', 'i@@', 'ou@@', 'sn@@', 'ess', 'of', 'th@@', 'is', 'particul@@', 'ar', 'proble@@', 'm', 'beca@@', 'us@@', 'e', 'it', 'does@@', 'n@@', "'@@", 't', 'sho@@', 'w', 'the', 'th@@', 'ic@@', 'kn@@', 'ess', 'of', 'the', 'ic@@', 'e@@', '.']
2026-05-24 08:20:05,602 - DEBUG - joeynmt.training - 	Tokenized reference:  ['M@@', 'aar', 'dit', 'onder@@', 'sch@@', 'at', 'eigen@@', 'lijk', 'de', 'ern@@', 'st', 'van', 'dit', 'specif@@', 'ie@@', 'ke', 'proble@@', 'em', 'om@@', 'dat', 'het', 'nie@@', 't', 'de', 'di@@', 'k@@', 'te', 'van', 'het', 'ij@@', 's', 'laat', 'zi@@', 'en@@', '.']
2026-05-24 08:20:05,602 - DEBUG - joeynmt.training - 	Tokenized hypothesis: ['M@@', 'aar', 'dit', 'beg@@', 'ri@@', 'p', 'van', 'dit', 'specif@@', 'ie@@', 'k', 'van', 'dit', 'specif@@', 'ie@@', 'k', 'van', 'dit', 'specif@@', 'ie@@', 'k', 'om@@', 'dat', 'het', 'nie@@', 't', 'lat@@', 'en', 'zi@@', 'en@@', '<unk>', '</s>']
2026-05-24 08:20:05,602 - INFO - joeynmt.training - 	Source:     Bu@@ t th@@ is under@@ stat@@ es the ser@@ i@@ ou@@ sn@@ ess of th@@ is particul@@ ar proble@@ m beca@@ us@@ e it does@@ n@@ '@@ t sho@@ w the th@@ ic@@ kn@@ ess of the ic@@ e@@ .
2026-05-24 08:20:05,602 - INFO - joeynmt.training - 	Reference:  M@@ aar dit onder@@ sch@@ at eigen@@ lijk de ern@@ st van dit specif@@ ie@@ ke proble@@ em om@@ dat het nie@@ t de di@@ k@@ te van het ij@@ s laat zi@@ en@@ .
2026-05-24 08:20:05,602 - INFO - joeynmt.training - 	Hypothesis: M@@ aar dit beg@@ ri@@ p van dit specif@@ ie@@ k van dit specif@@ ie@@ k van dit specif@@ ie@@ k om@@ dat het nie@@ t lat@@ en zi@@ en@@ <unk>
2026-05-24 08:20:05,602 - INFO - joeynmt.training - Example #2
2026-05-24 08:20:05,603 - DEBUG - joeynmt.training - 	Tokenized source:     ['The', 'ar@@', 'c@@', 'tic', 'ic@@', 'e', 'cap', 'is@@', ',', 'in', 'a', 'sen@@', 'se@@', ',', 'the', 'be@@', 'at@@', 'ing', 'hear@@', 't', 'of', 'the', 'glob@@', 'al', 'cli@@', 'mat@@', 'e', 'system@@', '.']
2026-05-24 08:20:05,603 - DEBUG - joeynmt.training - 	Tokenized reference:  ['De', 'ij@@', 'sk@@', 'ap', 'op', 'de', 'Noor@@', 'd@@', 'p@@', 'ool', 'is', 'in', 'ze@@', 'ker@@', 'e', 'zin', 'het', 'kl@@', 'op@@', 'pen@@', 'd', 'har@@', 't', 'van', 'ons', 'glob@@', 'aal', 'kli@@', 'maat@@', 'syste@@', 'em@@', '.']
2026-05-24 08:20:05,603 - DEBUG - joeynmt.training - 	Tokenized hypothesis: ['De', 'ar@@', 'c@@', 't@@', 'isch@@', 'e', 'ic@@', 'e', 'ij@@', 's@@', ',', 'in', 'een', 'zin@@', ',', 'de', 'be@@', 'handel@@', 'ing', 'van', 'de', 'glob@@', 'al@@', 'e', 'kli@@', 'maat@@', 'syste@@', 'em@@', '<unk>', '</s>']
2026-05-24 08:20:05,603 - INFO - joeynmt.training - 	Source:     The ar@@ c@@ tic ic@@ e cap is@@ , in a sen@@ se@@ , the be@@ at@@ ing hear@@ t of the glob@@ al cli@@ mat@@ e system@@ .
2026-05-24 08:20:05,603 - INFO - joeynmt.training - 	Reference:  De ij@@ sk@@ ap op de Noor@@ d@@ p@@ ool is in ze@@ ker@@ e zin het kl@@ op@@ pen@@ d har@@ t van ons glob@@ aal kli@@ maat@@ syste@@ em@@ .
2026-05-24 08:20:05,603 - INFO - joeynmt.training - 	Hypothesis: De ar@@ c@@ t@@ isch@@ e ic@@ e ij@@ s@@ , in een zin@@ , de be@@ handel@@ ing van de glob@@ al@@ e kli@@ maat@@ syste@@ em@@ <unk>
2026-05-24 08:20:05,604 - INFO - joeynmt.training - Example #3
2026-05-24 08:20:05,605 - DEBUG - joeynmt.training - 	Tokenized source:     ['I@@', 't', 'ex@@', 'p@@', 'and@@', 's', 'in', 'w@@', 'inter', 'and', 'con@@', 'trac@@', 'ts', 'in', 'su@@', 'm@@', 'mer@@', '.']
2026-05-24 08:20:05,605 - DEBUG - joeynmt.training - 	Tokenized reference:  ['H@@', 'et', 'zet', 'uit', 'in', 'de', 'w@@', 'inter', 'en', 'k@@', 'ri@@', 'mp@@', 't', 'in', 'de', 'zom@@', 'er@@', '.']
2026-05-24 08:20:05,605 - DEBUG - joeynmt.training - 	Tokenized hypothesis: ['H@@', 'et', 'ex@@', 'p@@', 'and@@', 's', 'in', 'de', 'zom@@', 'er@@', '<unk>', '</s>']
2026-05-24 08:20:05,606 - INFO - joeynmt.training - 	Source:     I@@ t ex@@ p@@ and@@ s in w@@ inter and con@@ trac@@ ts in su@@ m@@ mer@@ .
2026-05-24 08:20:05,606 - INFO - joeynmt.training - 	Reference:  H@@ et zet uit in de w@@ inter en k@@ ri@@ mp@@ t in de zom@@ er@@ .
2026-05-24 08:20:05,606 - INFO - joeynmt.training - 	Hypothesis: H@@ et ex@@ p@@ and@@ s in de zom@@ er@@ <unk>
2026-05-24 08:20:05,607 - INFO - joeynmt.training - Example #4
2026-05-24 08:20:05,607 - DEBUG - joeynmt.training - 	Tokenized source:     ['The', 'ne@@', 'x@@', 't', 'sli@@', 'de', 'I', 'sho@@', 'w', 'you', 'will', 'be', 'a', 'ra@@', 'p@@', 'id', 'fa@@', 'st-@@', 'for@@', 'war@@', 'd', 'of', 'what@@', "'@@", 's', 'happen@@', 'ed', 'over', 'the', 'la@@', 'st', '2@@', '5', 'year@@', 's@@', '.']
2026-05-24 08:20:05,607 - DEBUG - joeynmt.training - 	Tokenized reference:  ['De', 'volgen@@', 'de', 'dia', 'die', 'ik', 'laat', 'zi@@', 'en', 'is', 'een', 'ver@@', 'snel@@', 'de', 'vers@@', 'ie', 'van', 'wat', 'er', 'de', 'af@@', 'gel@@', 'open', '2@@', '5', 'j@@', 'aar', 'is', 'gebeur@@', 'd@@', '.']
2026-05-24 08:20:05,607 - DEBUG - joeynmt.training - 	Tokenized hypothesis: ['De', 'volgen@@', 'de', 'dia', 'ik', 'je', 'een', 'ra@@', 'p@@', 'id', 'snel', 'snel', 'z@@', 'al', 'een', 'ra@@', 'p@@', 'isch', 'voor@@', 'nam@@', 'elijk', 'van', 'wat', 'er', 'gebeur@@', 'de', 'over', 'de', 'laat@@', 'ste', '2@@', '5', 'j@@', 'aar@@', '<unk>', '</s>']
2026-05-24 08:20:05,607 - INFO - joeynmt.training - 	Source:     The ne@@ x@@ t sli@@ de I sho@@ w you will be a ra@@ p@@ id fa@@ st-@@ for@@ war@@ d of what@@ '@@ s happen@@ ed over the la@@ st 2@@ 5 year@@ s@@ .
2026-05-24 08:20:05,607 - INFO - joeynmt.training - 	Reference:  De volgen@@ de dia die ik laat zi@@ en is een ver@@ snel@@ de vers@@ ie van wat er de af@@ gel@@ open 2@@ 5 j@@ aar is gebeur@@ d@@ .
2026-05-24 08:20:05,607 - INFO - joeynmt.training - 	Hypothesis: De volgen@@ de dia ik je een ra@@ p@@ id snel snel z@@ al een ra@@ p@@ isch voor@@ nam@@ elijk van wat er gebeur@@ de over de laat@@ ste 2@@ 5 j@@ aar@@ <unk>
2026-05-24 08:21:07,411 - INFO - joeynmt.training - Epoch   3, Step:     9600, Batch Loss:     1.543837, Batch Acc: 0.556581, Tokens per Sec:     1203, Lr: 0.000300
2026-05-24 08:22:06,867 - INFO - joeynmt.training - Epoch   3, Step:     9700, Batch Loss:     1.448532, Batch Acc: 0.555064, Tokens per Sec:     1273, Lr: 0.000300
2026-05-24 08:23:06,992 - INFO - joeynmt.training - Epoch   3, Step:     9800, Batch Loss:     1.902634, Batch Acc: 0.551785, Tokens per Sec:     1212, Lr: 0.000300
2026-05-24 08:24:07,833 - INFO - joeynmt.training - Epoch   3, Step:     9900, Batch Loss:     1.607629, Batch Acc: 0.551888, Tokens per Sec:     1211, Lr: 0.000300
2026-05-24 08:25:09,164 - INFO - joeynmt.training - Epoch   3, Step:    10000, Batch Loss:     1.669706, Batch Acc: 0.560509, Tokens per Sec:     1246, Lr: 0.000300
2026-05-24 08:25:09,166 - INFO - joeynmt.prediction - Predicting 1003 example(s)... (Greedy decoding with min_output_length=1, max_output_length=100, return_prob='none', generate_unk=True, repetition_penalty=-1, no_repeat_ngram_size=-1)
2026-05-24 08:28:13,563 - INFO - joeynmt.metrics - nrefs:1|case:mixed|eff:no|tok:13a|smooth:exp|version:2.6.0
2026-05-24 08:28:13,563 - INFO - joeynmt.prediction - Evaluation result (greedy) bleu:  33.38, loss:   1.86, ppl:   6.40, acc:   0.49, generation: 183.8796[sec], evaluation: 0.5047[sec]
2026-05-24 08:28:13,564 - INFO - joeynmt.training - Hooray! New best validation result [ppl]!
2026-05-24 08:28:13,636 - INFO - joeynmt.helpers - delete output_bpe5000/7500.ckpt
2026-05-24 08:28:13,646 - INFO - joeynmt.training - Example #0
2026-05-24 08:28:13,646 - DEBUG - joeynmt.training - 	Tokenized source:     ['\ufeffLa@@', 'st', 'year', 'I', 'sho@@', 'we@@', 'd', 'thes@@', 'e', 'tw@@', 'o', 'sli@@', 'de@@', 's', 'so', 'that', 'de@@', 'mon@@', 'strate', 'that', 'the', 'ar@@', 'c@@', 'tic', 'ic@@', 'e', 'cap@@', ',', 'wh@@', 'ich', 'for', 'mo@@', 'st', 'of', 'the', 'la@@', 'st', 'th@@', 'ree', 'milli@@', 'on', 'year@@', 's', 'ha@@', 's', 'be@@', 'en', 'the', 'si@@', 'ze', 'of', 'the', 'lo@@', 'wer', '4@@', '8', 'stat@@', 'es@@', ',', 'ha@@', 's', 'sh@@', 'run@@', 'k', 'b@@', 'y', '4@@', '0', 'percen@@', 't@@', '.']
2026-05-24 08:28:13,646 - DEBUG - joeynmt.training - 	Tokenized reference:  ['\ufeffV@@', 'orig', 'j@@', 'aar', 'lie@@', 't', 'ik', 'de@@', 'ze', 'twee', 'dia@@', "'@@", 's', 'zi@@', 'en', 'om', 'aan', 'te', 'ton@@', 'en', 'dat', 'de', 'p@@', 'ool@@', 'ij@@', 'sk@@', 'ap@@', ',', 'die', 'de', 'af@@', 'gel@@', 'open', 'drie', 'miljo@@', 'en', 'j@@', 'aar', 'onge@@', 've@@', 'er', 'de', 'groot@@', 'te', 'had', 'van', 'het', 'va@@', 'stel@@', 'and', 'van', 'de', 'V@@', 'S@@', ',', 'met', '4@@', '0@@', '%', 'gek@@', 'ro@@', 'mp@@', 'en', 'was@@', '.']
2026-05-24 08:28:13,646 - DEBUG - joeynmt.training - 	Tokenized hypothesis: ['D@@', 'it', 'j@@', 'aar', 'lat@@', 'en', 'zi@@', 'en', 'dat', 'ik', 'de@@', 'ze', 'twee', 'dia', 'zo@@', 'dat', 'de', 'ar@@', 'c@@', 't@@', 'isch@@', 'e', 'kap@@', ',', 'die', 'de', 'groot@@', 'te', 'van', 'de', 'laat@@', 'ste', 'drie', 'miljo@@', 'en', 'j@@', 'aar', 'is', 'de', 'groot@@', 'te', 'van', 'de', 'la@@', 'gere', '4@@', '0', 'pro@@', 'cen@@', 't@@', '<unk>', '</s>']
2026-05-24 08:28:13,646 - INFO - joeynmt.training - 	Source:     ﻿La@@ st year I sho@@ we@@ d thes@@ e tw@@ o sli@@ de@@ s so that de@@ mon@@ strate that the ar@@ c@@ tic ic@@ e cap@@ , wh@@ ich for mo@@ st of the la@@ st th@@ ree milli@@ on year@@ s ha@@ s be@@ en the si@@ ze of the lo@@ wer 4@@ 8 stat@@ es@@ , ha@@ s sh@@ run@@ k b@@ y 4@@ 0 percen@@ t@@ .
2026-05-24 08:28:13,646 - INFO - joeynmt.training - 	Reference:  ﻿V@@ orig j@@ aar lie@@ t ik de@@ ze twee dia@@ '@@ s zi@@ en om aan te ton@@ en dat de p@@ ool@@ ij@@ sk@@ ap@@ , die de af@@ gel@@ open drie miljo@@ en j@@ aar onge@@ ve@@ er de groot@@ te had van het va@@ stel@@ and van de V@@ S@@ , met 4@@ 0@@ % gek@@ ro@@ mp@@ en was@@ .
2026-05-24 08:28:13,647 - INFO - joeynmt.training - 	Hypothesis: D@@ it j@@ aar lat@@ en zi@@ en dat ik de@@ ze twee dia zo@@ dat de ar@@ c@@ t@@ isch@@ e kap@@ , die de groot@@ te van de laat@@ ste drie miljo@@ en j@@ aar is de groot@@ te van de la@@ gere 4@@ 0 pro@@ cen@@ t@@ <unk>
2026-05-24 08:28:13,647 - INFO - joeynmt.training - Example #1
2026-05-24 08:28:13,647 - DEBUG - joeynmt.training - 	Tokenized source:     ['Bu@@', 't', 'th@@', 'is', 'under@@', 'stat@@', 'es', 'the', 'ser@@', 'i@@', 'ou@@', 'sn@@', 'ess', 'of', 'th@@', 'is', 'particul@@', 'ar', 'proble@@', 'm', 'beca@@', 'us@@', 'e', 'it', 'does@@', 'n@@', "'@@", 't', 'sho@@', 'w', 'the', 'th@@', 'ic@@', 'kn@@', 'ess', 'of', 'the', 'ic@@', 'e@@', '.']
2026-05-24 08:28:13,647 - DEBUG - joeynmt.training - 	Tokenized reference:  ['M@@', 'aar', 'dit', 'onder@@', 'sch@@', 'at', 'eigen@@', 'lijk', 'de', 'ern@@', 'st', 'van', 'dit', 'specif@@', 'ie@@', 'ke', 'proble@@', 'em', 'om@@', 'dat', 'het', 'nie@@', 't', 'de', 'di@@', 'k@@', 'te', 'van', 'het', 'ij@@', 's', 'laat', 'zi@@', 'en@@', '.']
2026-05-24 08:28:13,647 - DEBUG - joeynmt.training - 	Tokenized hypothesis: ['M@@', 'aar', 'dit', 'beg@@', 're@@', 'p', 'van', 'dit', 'specif@@', 'ie@@', 'k', 'van', 'dit', 'specif@@', 'ie@@', 'k', 'van', 'het', 'ij@@', 's', 'nie@@', 't', 'to@@', 'en', 'de', 'de@@', 'ze', 'kan@@', 't', 'nie@@', 't', 'zi@@', 'en@@', '<unk>', '</s>']
2026-05-24 08:28:13,647 - INFO - joeynmt.training - 	Source:     Bu@@ t th@@ is under@@ stat@@ es the ser@@ i@@ ou@@ sn@@ ess of th@@ is particul@@ ar proble@@ m beca@@ us@@ e it does@@ n@@ '@@ t sho@@ w the th@@ ic@@ kn@@ ess of the ic@@ e@@ .
2026-05-24 08:28:13,647 - INFO - joeynmt.training - 	Reference:  M@@ aar dit onder@@ sch@@ at eigen@@ lijk de ern@@ st van dit specif@@ ie@@ ke proble@@ em om@@ dat het nie@@ t de di@@ k@@ te van het ij@@ s laat zi@@ en@@ .
2026-05-24 08:28:13,647 - INFO - joeynmt.training - 	Hypothesis: M@@ aar dit beg@@ re@@ p van dit specif@@ ie@@ k van dit specif@@ ie@@ k van het ij@@ s nie@@ t to@@ en de de@@ ze kan@@ t nie@@ t zi@@ en@@ <unk>
2026-05-24 08:28:13,648 - INFO - joeynmt.training - Example #2
2026-05-24 08:28:13,648 - DEBUG - joeynmt.training - 	Tokenized source:     ['The', 'ar@@', 'c@@', 'tic', 'ic@@', 'e', 'cap', 'is@@', ',', 'in', 'a', 'sen@@', 'se@@', ',', 'the', 'be@@', 'at@@', 'ing', 'hear@@', 't', 'of', 'the', 'glob@@', 'al', 'cli@@', 'mat@@', 'e', 'system@@', '.']
2026-05-24 08:28:13,648 - DEBUG - joeynmt.training - 	Tokenized reference:  ['De', 'ij@@', 'sk@@', 'ap', 'op', 'de', 'Noor@@', 'd@@', 'p@@', 'ool', 'is', 'in', 'ze@@', 'ker@@', 'e', 'zin', 'het', 'kl@@', 'op@@', 'pen@@', 'd', 'har@@', 't', 'van', 'ons', 'glob@@', 'aal', 'kli@@', 'maat@@', 'syste@@', 'em@@', '.']
2026-05-24 08:28:13,648 - DEBUG - joeynmt.training - 	Tokenized hypothesis: ['De', 'ar@@', 'c@@', 't@@', 'isch@@', 'e', 'ij@@', 'l@@', 'ing', 'in', 'een', 'zin@@', ',', 'de', 'hel@@', 'e', 'kli@@', 'maat@@', 'syste@@', 'em@@', '<unk>', '</s>']
2026-05-24 08:28:13,648 - INFO - joeynmt.training - 	Source:     The ar@@ c@@ tic ic@@ e cap is@@ , in a sen@@ se@@ , the be@@ at@@ ing hear@@ t of the glob@@ al cli@@ mat@@ e system@@ .
2026-05-24 08:28:13,648 - INFO - joeynmt.training - 	Reference:  De ij@@ sk@@ ap op de Noor@@ d@@ p@@ ool is in ze@@ ker@@ e zin het kl@@ op@@ pen@@ d har@@ t van ons glob@@ aal kli@@ maat@@ syste@@ em@@ .
2026-05-24 08:28:13,648 - INFO - joeynmt.training - 	Hypothesis: De ar@@ c@@ t@@ isch@@ e ij@@ l@@ ing in een zin@@ , de hel@@ e kli@@ maat@@ syste@@ em@@ <unk>
2026-05-24 08:28:13,649 - INFO - joeynmt.training - Example #3
2026-05-24 08:28:13,649 - DEBUG - joeynmt.training - 	Tokenized source:     ['I@@', 't', 'ex@@', 'p@@', 'and@@', 's', 'in', 'w@@', 'inter', 'and', 'con@@', 'trac@@', 'ts', 'in', 'su@@', 'm@@', 'mer@@', '.']
2026-05-24 08:28:13,649 - DEBUG - joeynmt.training - 	Tokenized reference:  ['H@@', 'et', 'zet', 'uit', 'in', 'de', 'w@@', 'inter', 'en', 'k@@', 'ri@@', 'mp@@', 't', 'in', 'de', 'zom@@', 'er@@', '.']
2026-05-24 08:28:13,649 - DEBUG - joeynmt.training - 	Tokenized hypothesis: ['H@@', 'et', 'uit@@', 'een@@', 'kom@@', 'st', 'en', 'in', 'de', 'zom@@', 'er', 'en', 'ver@@', 'trouw@@', 'en', 'in', 'ze@@', 'ker@@', 'e', 'z@@', 'at@@', '<unk>', '</s>']
2026-05-24 08:28:13,649 - INFO - joeynmt.training - 	Source:     I@@ t ex@@ p@@ and@@ s in w@@ inter and con@@ trac@@ ts in su@@ m@@ mer@@ .
2026-05-24 08:28:13,649 - INFO - joeynmt.training - 	Reference:  H@@ et zet uit in de w@@ inter en k@@ ri@@ mp@@ t in de zom@@ er@@ .
2026-05-24 08:28:13,649 - INFO - joeynmt.training - 	Hypothesis: H@@ et uit@@ een@@ kom@@ st en in de zom@@ er en ver@@ trouw@@ en in ze@@ ker@@ e z@@ at@@ <unk>
2026-05-24 08:28:13,649 - INFO - joeynmt.training - Example #4
2026-05-24 08:28:13,649 - DEBUG - joeynmt.training - 	Tokenized source:     ['The', 'ne@@', 'x@@', 't', 'sli@@', 'de', 'I', 'sho@@', 'w', 'you', 'will', 'be', 'a', 'ra@@', 'p@@', 'id', 'fa@@', 'st-@@', 'for@@', 'war@@', 'd', 'of', 'what@@', "'@@", 's', 'happen@@', 'ed', 'over', 'the', 'la@@', 'st', '2@@', '5', 'year@@', 's@@', '.']
2026-05-24 08:28:13,649 - DEBUG - joeynmt.training - 	Tokenized reference:  ['De', 'volgen@@', 'de', 'dia', 'die', 'ik', 'laat', 'zi@@', 'en', 'is', 'een', 'ver@@', 'snel@@', 'de', 'vers@@', 'ie', 'van', 'wat', 'er', 'de', 'af@@', 'gel@@', 'open', '2@@', '5', 'j@@', 'aar', 'is', 'gebeur@@', 'd@@', '.']
2026-05-24 08:28:13,650 - DEBUG - joeynmt.training - 	Tokenized hypothesis: ['De', 'volgen@@', 'de', 'dia', 'dat', 'ik', 'j@@', 'ul@@', 'lie', 'een', 'ra@@', 'pp@@', 'ing', 'van', 'wat', 'er', 'gebeur@@', 't', 'er', 'in', 'de', 'laat@@', 'ste', '2@@', '5', 'j@@', 'aar', 'gebeur@@', 't', 'er', 'over', 'de', 'laat@@', 'ste', '2@@', '5', 'j@@', 'aar@@', '<unk>', '</s>']
2026-05-24 08:28:13,650 - INFO - joeynmt.training - 	Source:     The ne@@ x@@ t sli@@ de I sho@@ w you will be a ra@@ p@@ id fa@@ st-@@ for@@ war@@ d of what@@ '@@ s happen@@ ed over the la@@ st 2@@ 5 year@@ s@@ .
2026-05-24 08:28:13,650 - INFO - joeynmt.training - 	Reference:  De volgen@@ de dia die ik laat zi@@ en is een ver@@ snel@@ de vers@@ ie van wat er de af@@ gel@@ open 2@@ 5 j@@ aar is gebeur@@ d@@ .
2026-05-24 08:28:13,650 - INFO - joeynmt.training - 	Hypothesis: De volgen@@ de dia dat ik j@@ ul@@ lie een ra@@ pp@@ ing van wat er gebeur@@ t er in de laat@@ ste 2@@ 5 j@@ aar gebeur@@ t er over de laat@@ ste 2@@ 5 j@@ aar@@ <unk>
2026-05-24 08:29:15,578 - INFO - joeynmt.training - Epoch   3, Step:    10100, Batch Loss:     1.453049, Batch Acc: 0.554234, Tokens per Sec:     1172, Lr: 0.000300
2026-05-24 08:30:17,702 - INFO - joeynmt.training - Epoch   3, Step:    10200, Batch Loss:     1.553490, Batch Acc: 0.551112, Tokens per Sec:     1186, Lr: 0.000300
2026-05-24 08:31:19,521 - INFO - joeynmt.training - Epoch   3, Step:    10300, Batch Loss:     1.499040, Batch Acc: 0.559664, Tokens per Sec:     1189, Lr: 0.000300
2026-05-24 08:32:23,053 - INFO - joeynmt.training - Epoch   3, Step:    10400, Batch Loss:     1.555504, Batch Acc: 0.554628, Tokens per Sec:     1148, Lr: 0.000300
2026-05-24 08:33:25,332 - INFO - joeynmt.training - Epoch   3, Step:    10500, Batch Loss:     1.575816, Batch Acc: 0.561781, Tokens per Sec:     1210, Lr: 0.000300
2026-05-24 08:33:25,333 - INFO - joeynmt.prediction - Predicting 1003 example(s)... (Greedy decoding with min_output_length=1, max_output_length=100, return_prob='none', generate_unk=True, repetition_penalty=-1, no_repeat_ngram_size=-1)
2026-05-24 08:36:22,789 - INFO - joeynmt.metrics - nrefs:1|case:mixed|eff:no|tok:13a|smooth:exp|version:2.6.0
2026-05-24 08:36:22,790 - INFO - joeynmt.prediction - Evaluation result (greedy) bleu:  33.87, loss:   1.85, ppl:   6.36, acc:   0.49, generation: 177.0120[sec], evaluation: 0.4338[sec]
2026-05-24 08:36:22,792 - INFO - joeynmt.training - Hooray! New best validation result [ppl]!
2026-05-24 08:36:22,831 - INFO - joeynmt.helpers - delete output_bpe5000/8000.ckpt
2026-05-24 08:36:22,835 - INFO - joeynmt.training - Example #0
2026-05-24 08:36:22,835 - DEBUG - joeynmt.training - 	Tokenized source:     ['\ufeffLa@@', 'st', 'year', 'I', 'sho@@', 'we@@', 'd', 'thes@@', 'e', 'tw@@', 'o', 'sli@@', 'de@@', 's', 'so', 'that', 'de@@', 'mon@@', 'strate', 'that', 'the', 'ar@@', 'c@@', 'tic', 'ic@@', 'e', 'cap@@', ',', 'wh@@', 'ich', 'for', 'mo@@', 'st', 'of', 'the', 'la@@', 'st', 'th@@', 'ree', 'milli@@', 'on', 'year@@', 's', 'ha@@', 's', 'be@@', 'en', 'the', 'si@@', 'ze', 'of', 'the', 'lo@@', 'wer', '4@@', '8', 'stat@@', 'es@@', ',', 'ha@@', 's', 'sh@@', 'run@@', 'k', 'b@@', 'y', '4@@', '0', 'percen@@', 't@@', '.']
2026-05-24 08:36:22,835 - DEBUG - joeynmt.training - 	Tokenized reference:  ['\ufeffV@@', 'orig', 'j@@', 'aar', 'lie@@', 't', 'ik', 'de@@', 'ze', 'twee', 'dia@@', "'@@", 's', 'zi@@', 'en', 'om', 'aan', 'te', 'ton@@', 'en', 'dat', 'de', 'p@@', 'ool@@', 'ij@@', 'sk@@', 'ap@@', ',', 'die', 'de', 'af@@', 'gel@@', 'open', 'drie', 'miljo@@', 'en', 'j@@', 'aar', 'onge@@', 've@@', 'er', 'de', 'groot@@', 'te', 'had', 'van', 'het', 'va@@', 'stel@@', 'and', 'van', 'de', 'V@@', 'S@@', ',', 'met', '4@@', '0@@', '%', 'gek@@', 'ro@@', 'mp@@', 'en', 'was@@', '.']
2026-05-24 08:36:22,835 - DEBUG - joeynmt.training - 	Tokenized hypothesis: ['I@@', 'k', 'heb', 'de@@', 'ze', 'twee', 'dia', 'die', 'twee', 'dia@@', "'@@", 's', 'zo@@', 'dat', 'de@@', 'mon@@', 'str@@', 'str@@', 'oom', 'die', 'die', 'de', 'ar@@', 'c@@', 't@@', 'isch@@', 'e', 'kap@@', ',', 'die', 'voor', 'de', 'mee@@', 'ste', 'drie', 'miljo@@', 'en', 'j@@', 'aar', 'is', 'de', 'groot@@', 'te', 'van', 'de', 'la@@', 'gere', '4@@', '0', 'pro@@', 'cen@@', 't@@', '<unk>', '</s>']
2026-05-24 08:36:22,837 - INFO - joeynmt.training - 	Source:     ﻿La@@ st year I sho@@ we@@ d thes@@ e tw@@ o sli@@ de@@ s so that de@@ mon@@ strate that the ar@@ c@@ tic ic@@ e cap@@ , wh@@ ich for mo@@ st of the la@@ st th@@ ree milli@@ on year@@ s ha@@ s be@@ en the si@@ ze of the lo@@ wer 4@@ 8 stat@@ es@@ , ha@@ s sh@@ run@@ k b@@ y 4@@ 0 percen@@ t@@ .
2026-05-24 08:36:22,837 - INFO - joeynmt.training - 	Reference:  ﻿V@@ orig j@@ aar lie@@ t ik de@@ ze twee dia@@ '@@ s zi@@ en om aan te ton@@ en dat de p@@ ool@@ ij@@ sk@@ ap@@ , die de af@@ gel@@ open drie miljo@@ en j@@ aar onge@@ ve@@ er de groot@@ te had van het va@@ stel@@ and van de V@@ S@@ , met 4@@ 0@@ % gek@@ ro@@ mp@@ en was@@ .
2026-05-24 08:36:22,837 - INFO - joeynmt.training - 	Hypothesis: I@@ k heb de@@ ze twee dia die twee dia@@ '@@ s zo@@ dat de@@ mon@@ str@@ str@@ oom die die de ar@@ c@@ t@@ isch@@ e kap@@ , die voor de mee@@ ste drie miljo@@ en j@@ aar is de groot@@ te van de la@@ gere 4@@ 0 pro@@ cen@@ t@@ <unk>
2026-05-24 08:36:22,837 - INFO - joeynmt.training - Example #1
2026-05-24 08:36:22,837 - DEBUG - joeynmt.training - 	Tokenized source:     ['Bu@@', 't', 'th@@', 'is', 'under@@', 'stat@@', 'es', 'the', 'ser@@', 'i@@', 'ou@@', 'sn@@', 'ess', 'of', 'th@@', 'is', 'particul@@', 'ar', 'proble@@', 'm', 'beca@@', 'us@@', 'e', 'it', 'does@@', 'n@@', "'@@", 't', 'sho@@', 'w', 'the', 'th@@', 'ic@@', 'kn@@', 'ess', 'of', 'the', 'ic@@', 'e@@', '.']
2026-05-24 08:36:22,837 - DEBUG - joeynmt.training - 	Tokenized reference:  ['M@@', 'aar', 'dit', 'onder@@', 'sch@@', 'at', 'eigen@@', 'lijk', 'de', 'ern@@', 'st', 'van', 'dit', 'specif@@', 'ie@@', 'ke', 'proble@@', 'em', 'om@@', 'dat', 'het', 'nie@@', 't', 'de', 'di@@', 'k@@', 'te', 'van', 'het', 'ij@@', 's', 'laat', 'zi@@', 'en@@', '.']
2026-05-24 08:36:22,837 - DEBUG - joeynmt.training - 	Tokenized hypothesis: ['M@@', 'aar', 'dit', 'beg@@', 're@@', 'p', 'van', 'dit', 'beg@@', 'ri@@', 'p', 'van', 'dit', 'specif@@', 'ie@@', 'k', 'van', 'dit', 'proble@@', 'em', 'om@@', 'dat', 'het', 'nie@@', 't', 'to@@', 'ch', 'de', 'de@@', 'ze', 'ij@@', 's', 'de', 'dan@@', 'k@@', 'te', 'van', 'het', 'ij@@', 's@@', '<unk>', '</s>']
2026-05-24 08:36:22,837 - INFO - joeynmt.training - 	Source:     Bu@@ t th@@ is under@@ stat@@ es the ser@@ i@@ ou@@ sn@@ ess of th@@ is particul@@ ar proble@@ m beca@@ us@@ e it does@@ n@@ '@@ t sho@@ w the th@@ ic@@ kn@@ ess of the ic@@ e@@ .
2026-05-24 08:36:22,837 - INFO - joeynmt.training - 	Reference:  M@@ aar dit onder@@ sch@@ at eigen@@ lijk de ern@@ st van dit specif@@ ie@@ ke proble@@ em om@@ dat het nie@@ t de di@@ k@@ te van het ij@@ s laat zi@@ en@@ .
2026-05-24 08:36:22,837 - INFO - joeynmt.training - 	Hypothesis: M@@ aar dit beg@@ re@@ p van dit beg@@ ri@@ p van dit specif@@ ie@@ k van dit proble@@ em om@@ dat het nie@@ t to@@ ch de de@@ ze ij@@ s de dan@@ k@@ te van het ij@@ s@@ <unk>
2026-05-24 08:36:22,837 - INFO - joeynmt.training - Example #2
2026-05-24 08:36:22,837 - DEBUG - joeynmt.training - 	Tokenized source:     ['The', 'ar@@', 'c@@', 'tic', 'ic@@', 'e', 'cap', 'is@@', ',', 'in', 'a', 'sen@@', 'se@@', ',', 'the', 'be@@', 'at@@', 'ing', 'hear@@', 't', 'of', 'the', 'glob@@', 'al', 'cli@@', 'mat@@', 'e', 'system@@', '.']
2026-05-24 08:36:22,837 - DEBUG - joeynmt.training - 	Tokenized reference:  ['De', 'ij@@', 'sk@@', 'ap', 'op', 'de', 'Noor@@', 'd@@', 'p@@', 'ool', 'is', 'in', 'ze@@', 'ker@@', 'e', 'zin', 'het', 'kl@@', 'op@@', 'pen@@', 'd', 'har@@', 't', 'van', 'ons', 'glob@@', 'aal', 'kli@@', 'maat@@', 'syste@@', 'em@@', '.']
2026-05-24 08:36:22,837 - DEBUG - joeynmt.training - 	Tokenized hypothesis: ['De', 'ar@@', 'c@@', 't@@', 'isch@@', 'e', 'ij@@', 'fer@@', 's', 'in', 'een', 'zin', 'van', 'de', 'glob@@', 'al@@', 'e', 'kli@@', 'maat@@', 'syste@@', 'em@@', '<unk>', '</s>']
2026-05-24 08:36:22,837 - INFO - joeynmt.training - 	Source:     The ar@@ c@@ tic ic@@ e cap is@@ , in a sen@@ se@@ , the be@@ at@@ ing hear@@ t of the glob@@ al cli@@ mat@@ e system@@ .
2026-05-24 08:36:22,837 - INFO - joeynmt.training - 	Reference:  De ij@@ sk@@ ap op de Noor@@ d@@ p@@ ool is in ze@@ ker@@ e zin het kl@@ op@@ pen@@ d har@@ t van ons glob@@ aal kli@@ maat@@ syste@@ em@@ .
2026-05-24 08:36:22,837 - INFO - joeynmt.training - 	Hypothesis: De ar@@ c@@ t@@ isch@@ e ij@@ fer@@ s in een zin van de glob@@ al@@ e kli@@ maat@@ syste@@ em@@ <unk>
2026-05-24 08:36:22,837 - INFO - joeynmt.training - Example #3
2026-05-24 08:36:22,837 - DEBUG - joeynmt.training - 	Tokenized source:     ['I@@', 't', 'ex@@', 'p@@', 'and@@', 's', 'in', 'w@@', 'inter', 'and', 'con@@', 'trac@@', 'ts', 'in', 'su@@', 'm@@', 'mer@@', '.']
2026-05-24 08:36:22,839 - DEBUG - joeynmt.training - 	Tokenized reference:  ['H@@', 'et', 'zet', 'uit', 'in', 'de', 'w@@', 'inter', 'en', 'k@@', 'ri@@', 'mp@@', 't', 'in', 'de', 'zom@@', 'er@@', '.']
2026-05-24 08:36:22,839 - DEBUG - joeynmt.training - 	Tokenized hypothesis: ['H@@', 'et', 'ex@@', 'p@@', 'and@@', 's', 'in', 'w@@', 'inter', 'en', 'con@@', 'trac@@', 'ten', 'in', 'de', 'zom@@', 'er@@', '<unk>', '</s>']
2026-05-24 08:36:22,839 - INFO - joeynmt.training - 	Source:     I@@ t ex@@ p@@ and@@ s in w@@ inter and con@@ trac@@ ts in su@@ m@@ mer@@ .
2026-05-24 08:36:22,839 - INFO - joeynmt.training - 	Reference:  H@@ et zet uit in de w@@ inter en k@@ ri@@ mp@@ t in de zom@@ er@@ .
2026-05-24 08:36:22,839 - INFO - joeynmt.training - 	Hypothesis: H@@ et ex@@ p@@ and@@ s in w@@ inter en con@@ trac@@ ten in de zom@@ er@@ <unk>
2026-05-24 08:36:22,839 - INFO - joeynmt.training - Example #4
2026-05-24 08:36:22,839 - DEBUG - joeynmt.training - 	Tokenized source:     ['The', 'ne@@', 'x@@', 't', 'sli@@', 'de', 'I', 'sho@@', 'w', 'you', 'will', 'be', 'a', 'ra@@', 'p@@', 'id', 'fa@@', 'st-@@', 'for@@', 'war@@', 'd', 'of', 'what@@', "'@@", 's', 'happen@@', 'ed', 'over', 'the', 'la@@', 'st', '2@@', '5', 'year@@', 's@@', '.']
2026-05-24 08:36:22,839 - DEBUG - joeynmt.training - 	Tokenized reference:  ['De', 'volgen@@', 'de', 'dia', 'die', 'ik', 'laat', 'zi@@', 'en', 'is', 'een', 'ver@@', 'snel@@', 'de', 'vers@@', 'ie', 'van', 'wat', 'er', 'de', 'af@@', 'gel@@', 'open', '2@@', '5', 'j@@', 'aar', 'is', 'gebeur@@', 'd@@', '.']
2026-05-24 08:36:22,839 - DEBUG - joeynmt.training - 	Tokenized hypothesis: ['De', 'volgen@@', 'de', 'dia', 'die', 'ik', 'j@@', 'ul@@', 'lie', 'laat', 'zi@@', 'en', 'dat', 'ik', 'j@@', 'ul@@', 'lie', 'een', 'ra@@', 'p@@', 'isch', 'van', 'wat', 'er', 'gebeur@@', 'de', 'over', 'de', 'laat@@', 'ste', '2@@', '5', 'j@@', 'aar@@', '<unk>', '</s>']
2026-05-24 08:36:22,839 - INFO - joeynmt.training - 	Source:     The ne@@ x@@ t sli@@ de I sho@@ w you will be a ra@@ p@@ id fa@@ st-@@ for@@ war@@ d of what@@ '@@ s happen@@ ed over the la@@ st 2@@ 5 year@@ s@@ .
2026-05-24 08:36:22,839 - INFO - joeynmt.training - 	Reference:  De volgen@@ de dia die ik laat zi@@ en is een ver@@ snel@@ de vers@@ ie van wat er de af@@ gel@@ open 2@@ 5 j@@ aar is gebeur@@ d@@ .
2026-05-24 08:36:22,840 - INFO - joeynmt.training - 	Hypothesis: De volgen@@ de dia die ik j@@ ul@@ lie laat zi@@ en dat ik j@@ ul@@ lie een ra@@ p@@ isch van wat er gebeur@@ de over de laat@@ ste 2@@ 5 j@@ aar@@ <unk>
2026-05-24 08:36:56,656 - INFO - joeynmt.training - Epoch   3, Step:    10600, Batch Loss:     1.759001, Batch Acc: 0.554314, Tokens per Sec:     2152, Lr: 0.000300
2026-05-24 08:37:30,737 - INFO - joeynmt.training - Epoch   3, Step:    10700, Batch Loss:     1.414649, Batch Acc: 0.561889, Tokens per Sec:     2153, Lr: 0.000300
2026-05-24 08:38:04,888 - INFO - joeynmt.training - Epoch   3, Step:    10800, Batch Loss:     1.803587, Batch Acc: 0.558515, Tokens per Sec:     2144, Lr: 0.000300
2026-05-24 08:38:51,925 - INFO - joeynmt.training - Epoch   3, Step:    10900, Batch Loss:     1.637837, Batch Acc: 0.552963, Tokens per Sec:     1545, Lr: 0.000300
2026-05-24 08:39:53,950 - INFO - joeynmt.training - Epoch   3, Step:    11000, Batch Loss:     1.657330, Batch Acc: 0.557871, Tokens per Sec:     1179, Lr: 0.000300
2026-05-24 08:39:53,951 - INFO - joeynmt.prediction - Predicting 1003 example(s)... (Greedy decoding with min_output_length=1, max_output_length=100, return_prob='none', generate_unk=True, repetition_penalty=-1, no_repeat_ngram_size=-1)
2026-05-24 08:43:08,811 - INFO - joeynmt.metrics - nrefs:1|case:mixed|eff:no|tok:13a|smooth:exp|version:2.6.0
2026-05-24 08:43:08,811 - INFO - joeynmt.prediction - Evaluation result (greedy) bleu:  33.88, loss:   1.83, ppl:   6.23, acc:   0.49, generation: 194.2901[sec], evaluation: 0.5560[sec]
2026-05-24 08:43:08,815 - INFO - joeynmt.training - Hooray! New best validation result [ppl]!
2026-05-24 08:43:08,885 - INFO - joeynmt.helpers - delete output_bpe5000/8500.ckpt
2026-05-24 08:43:08,894 - INFO - joeynmt.training - Example #0
2026-05-24 08:43:08,895 - DEBUG - joeynmt.training - 	Tokenized source:     ['\ufeffLa@@', 'st', 'year', 'I', 'sho@@', 'we@@', 'd', 'thes@@', 'e', 'tw@@', 'o', 'sli@@', 'de@@', 's', 'so', 'that', 'de@@', 'mon@@', 'strate', 'that', 'the', 'ar@@', 'c@@', 'tic', 'ic@@', 'e', 'cap@@', ',', 'wh@@', 'ich', 'for', 'mo@@', 'st', 'of', 'the', 'la@@', 'st', 'th@@', 'ree', 'milli@@', 'on', 'year@@', 's', 'ha@@', 's', 'be@@', 'en', 'the', 'si@@', 'ze', 'of', 'the', 'lo@@', 'wer', '4@@', '8', 'stat@@', 'es@@', ',', 'ha@@', 's', 'sh@@', 'run@@', 'k', 'b@@', 'y', '4@@', '0', 'percen@@', 't@@', '.']
2026-05-24 08:43:08,895 - DEBUG - joeynmt.training - 	Tokenized reference:  ['\ufeffV@@', 'orig', 'j@@', 'aar', 'lie@@', 't', 'ik', 'de@@', 'ze', 'twee', 'dia@@', "'@@", 's', 'zi@@', 'en', 'om', 'aan', 'te', 'ton@@', 'en', 'dat', 'de', 'p@@', 'ool@@', 'ij@@', 'sk@@', 'ap@@', ',', 'die', 'de', 'af@@', 'gel@@', 'open', 'drie', 'miljo@@', 'en', 'j@@', 'aar', 'onge@@', 've@@', 'er', 'de', 'groot@@', 'te', 'had', 'van', 'het', 'va@@', 'stel@@', 'and', 'van', 'de', 'V@@', 'S@@', ',', 'met', '4@@', '0@@', '%', 'gek@@', 'ro@@', 'mp@@', 'en', 'was@@', '.']
2026-05-24 08:43:08,895 - DEBUG - joeynmt.training - 	Tokenized hypothesis: ['I@@', 'k', 'j@@', 'aar', 'dat', 'de@@', 'mon@@', 'str@@', 'str@@', 'oom', 'die', 'zo', 'dat', 'de', 'ar@@', 'c@@', 't@@', 'isch@@', 'e', 'ij@@', 's', 'die', 'de', 'ar@@', 'c@@', 't@@', 'isch@@', 'e', 'kap@@', 'o@@', 't@@', ',', 'die', 'voor', 'de', 'groot@@', 'ste', 'drie', 'miljo@@', 'en', 'j@@', 'aar', 'is', 'de', 'groot@@', 'te', 'van', 'de', 'la@@', 'ger', 'van', 'de', 'la@@', 'st@@', 'st@@', 'isch@@', 'e', 'kan@@', 't', 'heef@@', 't', 'ge@@', 'to@@', 'cht', 'door', '4@@', '0', 'pro@@', 'cen@@', 't@@', '<unk>', '</s>']
2026-05-24 08:43:08,896 - INFO - joeynmt.training - 	Source:     ﻿La@@ st year I sho@@ we@@ d thes@@ e tw@@ o sli@@ de@@ s so that de@@ mon@@ strate that the ar@@ c@@ tic ic@@ e cap@@ , wh@@ ich for mo@@ st of the la@@ st th@@ ree milli@@ on year@@ s ha@@ s be@@ en the si@@ ze of the lo@@ wer 4@@ 8 stat@@ es@@ , ha@@ s sh@@ run@@ k b@@ y 4@@ 0 percen@@ t@@ .
2026-05-24 08:43:08,896 - INFO - joeynmt.training - 	Reference:  ﻿V@@ orig j@@ aar lie@@ t ik de@@ ze twee dia@@ '@@ s zi@@ en om aan te ton@@ en dat de p@@ ool@@ ij@@ sk@@ ap@@ , die de af@@ gel@@ open drie miljo@@ en j@@ aar onge@@ ve@@ er de groot@@ te had van het va@@ stel@@ and van de V@@ S@@ , met 4@@ 0@@ % gek@@ ro@@ mp@@ en was@@ .
2026-05-24 08:43:08,896 - INFO - joeynmt.training - 	Hypothesis: I@@ k j@@ aar dat de@@ mon@@ str@@ str@@ oom die zo dat de ar@@ c@@ t@@ isch@@ e ij@@ s die de ar@@ c@@ t@@ isch@@ e kap@@ o@@ t@@ , die voor de groot@@ ste drie miljo@@ en j@@ aar is de groot@@ te van de la@@ ger van de la@@ st@@ st@@ isch@@ e kan@@ t heef@@ t ge@@ to@@ cht door 4@@ 0 pro@@ cen@@ t@@ <unk>
2026-05-24 08:43:08,896 - INFO - joeynmt.training - Example #1
2026-05-24 08:43:08,896 - DEBUG - joeynmt.training - 	Tokenized source:     ['Bu@@', 't', 'th@@', 'is', 'under@@', 'stat@@', 'es', 'the', 'ser@@', 'i@@', 'ou@@', 'sn@@', 'ess', 'of', 'th@@', 'is', 'particul@@', 'ar', 'proble@@', 'm', 'beca@@', 'us@@', 'e', 'it', 'does@@', 'n@@', "'@@", 't', 'sho@@', 'w', 'the', 'th@@', 'ic@@', 'kn@@', 'ess', 'of', 'the', 'ic@@', 'e@@', '.']
2026-05-24 08:43:08,896 - DEBUG - joeynmt.training - 	Tokenized reference:  ['M@@', 'aar', 'dit', 'onder@@', 'sch@@', 'at', 'eigen@@', 'lijk', 'de', 'ern@@', 'st', 'van', 'dit', 'specif@@', 'ie@@', 'ke', 'proble@@', 'em', 'om@@', 'dat', 'het', 'nie@@', 't', 'de', 'di@@', 'k@@', 'te', 'van', 'het', 'ij@@', 's', 'laat', 'zi@@', 'en@@', '.']
2026-05-24 08:43:08,896 - DEBUG - joeynmt.training - 	Tokenized hypothesis: ['M@@', 'aar', 'dit', 'beg@@', 're@@', 'p', 'van', 'dit', 'specif@@', 'ie@@', 'k', 'van', 'dit', 'specif@@', 'ie@@', 'k', 'van', 'dit', 'proble@@', 'em', 'om@@', 'dat', 'het', 'nie@@', 't', 'zi@@', 'en', 'van', 'de', 'ij@@', 's', 'nie@@', 't', 'zi@@', 'en@@', '<unk>', '</s>']
2026-05-24 08:43:08,897 - INFO - joeynmt.training - 	Source:     Bu@@ t th@@ is under@@ stat@@ es the ser@@ i@@ ou@@ sn@@ ess of th@@ is particul@@ ar proble@@ m beca@@ us@@ e it does@@ n@@ '@@ t sho@@ w the th@@ ic@@ kn@@ ess of the ic@@ e@@ .
2026-05-24 08:43:08,897 - INFO - joeynmt.training - 	Reference:  M@@ aar dit onder@@ sch@@ at eigen@@ lijk de ern@@ st van dit specif@@ ie@@ ke proble@@ em om@@ dat het nie@@ t de di@@ k@@ te van het ij@@ s laat zi@@ en@@ .
2026-05-24 08:43:08,897 - INFO - joeynmt.training - 	Hypothesis: M@@ aar dit beg@@ re@@ p van dit specif@@ ie@@ k van dit specif@@ ie@@ k van dit proble@@ em om@@ dat het nie@@ t zi@@ en van de ij@@ s nie@@ t zi@@ en@@ <unk>
2026-05-24 08:43:08,898 - INFO - joeynmt.training - Example #2
2026-05-24 08:43:08,898 - DEBUG - joeynmt.training - 	Tokenized source:     ['The', 'ar@@', 'c@@', 'tic', 'ic@@', 'e', 'cap', 'is@@', ',', 'in', 'a', 'sen@@', 'se@@', ',', 'the', 'be@@', 'at@@', 'ing', 'hear@@', 't', 'of', 'the', 'glob@@', 'al', 'cli@@', 'mat@@', 'e', 'system@@', '.']
2026-05-24 08:43:08,898 - DEBUG - joeynmt.training - 	Tokenized reference:  ['De', 'ij@@', 'sk@@', 'ap', 'op', 'de', 'Noor@@', 'd@@', 'p@@', 'ool', 'is', 'in', 'ze@@', 'ker@@', 'e', 'zin', 'het', 'kl@@', 'op@@', 'pen@@', 'd', 'har@@', 't', 'van', 'ons', 'glob@@', 'aal', 'kli@@', 'maat@@', 'syste@@', 'em@@', '.']
2026-05-24 08:43:08,898 - DEBUG - joeynmt.training - 	Tokenized hypothesis: ['De', 'ar@@', 'c@@', 't@@', 'isch@@', 'e', 'ij@@', 'fer@@', 's', 'in', 'een', 'zin', 'van', 'het', 'glob@@', 'al@@', 'e', 'kli@@', 'maat@@', 'syste@@', 'em@@', '<unk>', '</s>']
2026-05-24 08:43:08,898 - INFO - joeynmt.training - 	Source:     The ar@@ c@@ tic ic@@ e cap is@@ , in a sen@@ se@@ , the be@@ at@@ ing hear@@ t of the glob@@ al cli@@ mat@@ e system@@ .
2026-05-24 08:43:08,898 - INFO - joeynmt.training - 	Reference:  De ij@@ sk@@ ap op de Noor@@ d@@ p@@ ool is in ze@@ ker@@ e zin het kl@@ op@@ pen@@ d har@@ t van ons glob@@ aal kli@@ maat@@ syste@@ em@@ .
2026-05-24 08:43:08,899 - INFO - joeynmt.training - 	Hypothesis: De ar@@ c@@ t@@ isch@@ e ij@@ fer@@ s in een zin van het glob@@ al@@ e kli@@ maat@@ syste@@ em@@ <unk>
2026-05-24 08:43:08,899 - INFO - joeynmt.training - Example #3
2026-05-24 08:43:08,899 - DEBUG - joeynmt.training - 	Tokenized source:     ['I@@', 't', 'ex@@', 'p@@', 'and@@', 's', 'in', 'w@@', 'inter', 'and', 'con@@', 'trac@@', 'ts', 'in', 'su@@', 'm@@', 'mer@@', '.']
2026-05-24 08:43:08,899 - DEBUG - joeynmt.training - 	Tokenized reference:  ['H@@', 'et', 'zet', 'uit', 'in', 'de', 'w@@', 'inter', 'en', 'k@@', 'ri@@', 'mp@@', 't', 'in', 'de', 'zom@@', 'er@@', '.']
2026-05-24 08:43:08,899 - DEBUG - joeynmt.training - 	Tokenized hypothesis: ['H@@', 'et', 'ex@@', 'p@@', 'and@@', 's', 'in', 'w@@', 'inter', 'en', 'con@@', 'trac@@', 'ten', 'in', 'de', 'zom@@', 'er@@', '<unk>', '</s>']
2026-05-24 08:43:08,899 - INFO - joeynmt.training - 	Source:     I@@ t ex@@ p@@ and@@ s in w@@ inter and con@@ trac@@ ts in su@@ m@@ mer@@ .
2026-05-24 08:43:08,900 - INFO - joeynmt.training - 	Reference:  H@@ et zet uit in de w@@ inter en k@@ ri@@ mp@@ t in de zom@@ er@@ .
2026-05-24 08:43:08,900 - INFO - joeynmt.training - 	Hypothesis: H@@ et ex@@ p@@ and@@ s in w@@ inter en con@@ trac@@ ten in de zom@@ er@@ <unk>
2026-05-24 08:43:08,900 - INFO - joeynmt.training - Example #4
2026-05-24 08:43:08,900 - DEBUG - joeynmt.training - 	Tokenized source:     ['The', 'ne@@', 'x@@', 't', 'sli@@', 'de', 'I', 'sho@@', 'w', 'you', 'will', 'be', 'a', 'ra@@', 'p@@', 'id', 'fa@@', 'st-@@', 'for@@', 'war@@', 'd', 'of', 'what@@', "'@@", 's', 'happen@@', 'ed', 'over', 'the', 'la@@', 'st', '2@@', '5', 'year@@', 's@@', '.']
2026-05-24 08:43:08,900 - DEBUG - joeynmt.training - 	Tokenized reference:  ['De', 'volgen@@', 'de', 'dia', 'die', 'ik', 'laat', 'zi@@', 'en', 'is', 'een', 'ver@@', 'snel@@', 'de', 'vers@@', 'ie', 'van', 'wat', 'er', 'de', 'af@@', 'gel@@', 'open', '2@@', '5', 'j@@', 'aar', 'is', 'gebeur@@', 'd@@', '.']
2026-05-24 08:43:08,900 - DEBUG - joeynmt.training - 	Tokenized hypothesis: ['De', 'volgen@@', 'de', 'dia', 'dia', 'die', 'ik', 'laat', 'zi@@', 'en', 'wat', 'er', 'gebeur@@', 't', 'van', 'wat', 'er', 'gebeur@@', 't', 'is', 'gebeur@@', 'd@@', ',', 'gebeur@@', 'de', 'over', 'de', 'laat@@', 'ste', '2@@', '5', 'j@@', 'aar', 'gebeur@@', 't@@', '<unk>', '</s>']
2026-05-24 08:43:08,900 - INFO - joeynmt.training - 	Source:     The ne@@ x@@ t sli@@ de I sho@@ w you will be a ra@@ p@@ id fa@@ st-@@ for@@ war@@ d of what@@ '@@ s happen@@ ed over the la@@ st 2@@ 5 year@@ s@@ .
2026-05-24 08:43:08,901 - INFO - joeynmt.training - 	Reference:  De volgen@@ de dia die ik laat zi@@ en is een ver@@ snel@@ de vers@@ ie van wat er de af@@ gel@@ open 2@@ 5 j@@ aar is gebeur@@ d@@ .
2026-05-24 08:43:08,901 - INFO - joeynmt.training - 	Hypothesis: De volgen@@ de dia dia die ik laat zi@@ en wat er gebeur@@ t van wat er gebeur@@ t is gebeur@@ d@@ , gebeur@@ de over de laat@@ ste 2@@ 5 j@@ aar gebeur@@ t@@ <unk>
2026-05-24 08:44:07,556 - INFO - joeynmt.training - Epoch   3, Step:    11100, Batch Loss:     1.714909, Batch Acc: 0.562514, Tokens per Sec:     1255, Lr: 0.000300
2026-05-24 08:45:06,767 - INFO - joeynmt.training - Epoch   3, Step:    11200, Batch Loss:     1.512990, Batch Acc: 0.558899, Tokens per Sec:     1237, Lr: 0.000300
2026-05-24 08:46:04,837 - INFO - joeynmt.training - Epoch   3, Step:    11300, Batch Loss:     1.852573, Batch Acc: 0.556034, Tokens per Sec:     1255, Lr: 0.000300
2026-05-24 08:47:04,003 - INFO - joeynmt.training - Epoch   3, Step:    11400, Batch Loss:     1.483602, Batch Acc: 0.556299, Tokens per Sec:     1240, Lr: 0.000300
2026-05-24 08:48:03,896 - INFO - joeynmt.training - Epoch   3, Step:    11500, Batch Loss:     1.262356, Batch Acc: 0.558165, Tokens per Sec:     1229, Lr: 0.000300
2026-05-24 08:48:03,897 - INFO - joeynmt.prediction - Predicting 1003 example(s)... (Greedy decoding with min_output_length=1, max_output_length=100, return_prob='none', generate_unk=True, repetition_penalty=-1, no_repeat_ngram_size=-1)
2026-05-24 08:51:10,860 - INFO - joeynmt.metrics - nrefs:1|case:mixed|eff:no|tok:13a|smooth:exp|version:2.6.0
2026-05-24 08:51:10,861 - INFO - joeynmt.prediction - Evaluation result (greedy) bleu:  34.10, loss:   1.82, ppl:   6.19, acc:   0.49, generation: 186.5059[sec], evaluation: 0.4420[sec]
2026-05-24 08:51:10,865 - INFO - joeynmt.training - Hooray! New best validation result [ppl]!
2026-05-24 08:51:10,933 - INFO - joeynmt.helpers - delete output_bpe5000/9000.ckpt
2026-05-24 08:51:10,941 - INFO - joeynmt.training - Example #0
2026-05-24 08:51:10,941 - DEBUG - joeynmt.training - 	Tokenized source:     ['\ufeffLa@@', 'st', 'year', 'I', 'sho@@', 'we@@', 'd', 'thes@@', 'e', 'tw@@', 'o', 'sli@@', 'de@@', 's', 'so', 'that', 'de@@', 'mon@@', 'strate', 'that', 'the', 'ar@@', 'c@@', 'tic', 'ic@@', 'e', 'cap@@', ',', 'wh@@', 'ich', 'for', 'mo@@', 'st', 'of', 'the', 'la@@', 'st', 'th@@', 'ree', 'milli@@', 'on', 'year@@', 's', 'ha@@', 's', 'be@@', 'en', 'the', 'si@@', 'ze', 'of', 'the', 'lo@@', 'wer', '4@@', '8', 'stat@@', 'es@@', ',', 'ha@@', 's', 'sh@@', 'run@@', 'k', 'b@@', 'y', '4@@', '0', 'percen@@', 't@@', '.']
2026-05-24 08:51:10,942 - DEBUG - joeynmt.training - 	Tokenized reference:  ['\ufeffV@@', 'orig', 'j@@', 'aar', 'lie@@', 't', 'ik', 'de@@', 'ze', 'twee', 'dia@@', "'@@", 's', 'zi@@', 'en', 'om', 'aan', 'te', 'ton@@', 'en', 'dat', 'de', 'p@@', 'ool@@', 'ij@@', 'sk@@', 'ap@@', ',', 'die', 'de', 'af@@', 'gel@@', 'open', 'drie', 'miljo@@', 'en', 'j@@', 'aar', 'onge@@', 've@@', 'er', 'de', 'groot@@', 'te', 'had', 'van', 'het', 'va@@', 'stel@@', 'and', 'van', 'de', 'V@@', 'S@@', ',', 'met', '4@@', '0@@', '%', 'gek@@', 'ro@@', 'mp@@', 'en', 'was@@', '.']
2026-05-24 08:51:10,942 - DEBUG - joeynmt.training - 	Tokenized hypothesis: ['I@@', 'k', 'heb', 'de@@', 'ze', 'twee', 'dia', 'die', 'de@@', 'mon@@', 'str@@', 'str@@', 'oom', 'zo@@', 'dat', 'de@@', 'mon@@', 'str@@', 'str@@', 'oom', 'die', 'die', 'de', 'ar@@', 'c@@', 't@@', 'isch@@', 'e', 'kap@@', ',', 'die', 'voor', 'de', 'laat@@', 'ste', 'drie', 'miljo@@', 'en', 'j@@', 'aar', 'is', 'de', 'groot@@', 'ste', 'van', 'de', 'af@@', 'gel@@', 'open', '4@@', '0', 'pro@@', 'cen@@', 't@@', '<unk>', '</s>']
2026-05-24 08:51:10,942 - INFO - joeynmt.training - 	Source:     ﻿La@@ st year I sho@@ we@@ d thes@@ e tw@@ o sli@@ de@@ s so that de@@ mon@@ strate that the ar@@ c@@ tic ic@@ e cap@@ , wh@@ ich for mo@@ st of the la@@ st th@@ ree milli@@ on year@@ s ha@@ s be@@ en the si@@ ze of the lo@@ wer 4@@ 8 stat@@ es@@ , ha@@ s sh@@ run@@ k b@@ y 4@@ 0 percen@@ t@@ .
2026-05-24 08:51:10,942 - INFO - joeynmt.training - 	Reference:  ﻿V@@ orig j@@ aar lie@@ t ik de@@ ze twee dia@@ '@@ s zi@@ en om aan te ton@@ en dat de p@@ ool@@ ij@@ sk@@ ap@@ , die de af@@ gel@@ open drie miljo@@ en j@@ aar onge@@ ve@@ er de groot@@ te had van het va@@ stel@@ and van de V@@ S@@ , met 4@@ 0@@ % gek@@ ro@@ mp@@ en was@@ .
2026-05-24 08:51:10,943 - INFO - joeynmt.training - 	Hypothesis: I@@ k heb de@@ ze twee dia die de@@ mon@@ str@@ str@@ oom zo@@ dat de@@ mon@@ str@@ str@@ oom die die de ar@@ c@@ t@@ isch@@ e kap@@ , die voor de laat@@ ste drie miljo@@ en j@@ aar is de groot@@ ste van de af@@ gel@@ open 4@@ 0 pro@@ cen@@ t@@ <unk>
2026-05-24 08:51:10,943 - INFO - joeynmt.training - Example #1
2026-05-24 08:51:10,943 - DEBUG - joeynmt.training - 	Tokenized source:     ['Bu@@', 't', 'th@@', 'is', 'under@@', 'stat@@', 'es', 'the', 'ser@@', 'i@@', 'ou@@', 'sn@@', 'ess', 'of', 'th@@', 'is', 'particul@@', 'ar', 'proble@@', 'm', 'beca@@', 'us@@', 'e', 'it', 'does@@', 'n@@', "'@@", 't', 'sho@@', 'w', 'the', 'th@@', 'ic@@', 'kn@@', 'ess', 'of', 'the', 'ic@@', 'e@@', '.']
2026-05-24 08:51:10,944 - DEBUG - joeynmt.training - 	Tokenized reference:  ['M@@', 'aar', 'dit', 'onder@@', 'sch@@', 'at', 'eigen@@', 'lijk', 'de', 'ern@@', 'st', 'van', 'dit', 'specif@@', 'ie@@', 'ke', 'proble@@', 'em', 'om@@', 'dat', 'het', 'nie@@', 't', 'de', 'di@@', 'k@@', 'te', 'van', 'het', 'ij@@', 's', 'laat', 'zi@@', 'en@@', '.']
2026-05-24 08:51:10,944 - DEBUG - joeynmt.training - 	Tokenized hypothesis: ['M@@', 'aar', 'dit', 'onder@@', 'stat@@', 'en', 'de', 'ser@@', 'ie@@', 'us', 'van', 'dit', 'specif@@', 'ie@@', 'ke', 'proble@@', 'em', 'om@@', 'dat', 'het', 'nie@@', 't', 'zi@@', 'en', 'om@@', 'dat', 'het', 'nie@@', 't', 'de', 'de@@', 'ze', 'moo@@', 'ie', 'van', 'de', 'ij@@', 's@@', '<unk>', '</s>']
2026-05-24 08:51:10,944 - INFO - joeynmt.training - 	Source:     Bu@@ t th@@ is under@@ stat@@ es the ser@@ i@@ ou@@ sn@@ ess of th@@ is particul@@ ar proble@@ m beca@@ us@@ e it does@@ n@@ '@@ t sho@@ w the th@@ ic@@ kn@@ ess of the ic@@ e@@ .
2026-05-24 08:51:10,944 - INFO - joeynmt.training - 	Reference:  M@@ aar dit onder@@ sch@@ at eigen@@ lijk de ern@@ st van dit specif@@ ie@@ ke proble@@ em om@@ dat het nie@@ t de di@@ k@@ te van het ij@@ s laat zi@@ en@@ .
2026-05-24 08:51:10,944 - INFO - joeynmt.training - 	Hypothesis: M@@ aar dit onder@@ stat@@ en de ser@@ ie@@ us van dit specif@@ ie@@ ke proble@@ em om@@ dat het nie@@ t zi@@ en om@@ dat het nie@@ t de de@@ ze moo@@ ie van de ij@@ s@@ <unk>
2026-05-24 08:51:10,944 - INFO - joeynmt.training - Example #2
2026-05-24 08:51:10,944 - DEBUG - joeynmt.training - 	Tokenized source:     ['The', 'ar@@', 'c@@', 'tic', 'ic@@', 'e', 'cap', 'is@@', ',', 'in', 'a', 'sen@@', 'se@@', ',', 'the', 'be@@', 'at@@', 'ing', 'hear@@', 't', 'of', 'the', 'glob@@', 'al', 'cli@@', 'mat@@', 'e', 'system@@', '.']
2026-05-24 08:51:10,944 - DEBUG - joeynmt.training - 	Tokenized reference:  ['De', 'ij@@', 'sk@@', 'ap', 'op', 'de', 'Noor@@', 'd@@', 'p@@', 'ool', 'is', 'in', 'ze@@', 'ker@@', 'e', 'zin', 'het', 'kl@@', 'op@@', 'pen@@', 'd', 'har@@', 't', 'van', 'ons', 'glob@@', 'aal', 'kli@@', 'maat@@', 'syste@@', 'em@@', '.']
2026-05-24 08:51:10,944 - DEBUG - joeynmt.training - 	Tokenized hypothesis: ['De', 'ar@@', 'c@@', 't@@', 'isch@@', 'e', 'ij@@', 's@@', ',', 'in', 'een', 'zin', 'van', 'het', 'wereldwij@@', 'de', 'k@@', 'lim@@', 'mer@@', 'e', 'kli@@', 'mat@@', 'e', 'syste@@', 'em@@', '<unk>', '</s>']
2026-05-24 08:51:10,944 - INFO - joeynmt.training - 	Source:     The ar@@ c@@ tic ic@@ e cap is@@ , in a sen@@ se@@ , the be@@ at@@ ing hear@@ t of the glob@@ al cli@@ mat@@ e system@@ .
2026-05-24 08:51:10,944 - INFO - joeynmt.training - 	Reference:  De ij@@ sk@@ ap op de Noor@@ d@@ p@@ ool is in ze@@ ker@@ e zin het kl@@ op@@ pen@@ d har@@ t van ons glob@@ aal kli@@ maat@@ syste@@ em@@ .
2026-05-24 08:51:10,945 - INFO - joeynmt.training - 	Hypothesis: De ar@@ c@@ t@@ isch@@ e ij@@ s@@ , in een zin van het wereldwij@@ de k@@ lim@@ mer@@ e kli@@ mat@@ e syste@@ em@@ <unk>
2026-05-24 08:51:10,945 - INFO - joeynmt.training - Example #3
2026-05-24 08:51:10,945 - DEBUG - joeynmt.training - 	Tokenized source:     ['I@@', 't', 'ex@@', 'p@@', 'and@@', 's', 'in', 'w@@', 'inter', 'and', 'con@@', 'trac@@', 'ts', 'in', 'su@@', 'm@@', 'mer@@', '.']
2026-05-24 08:51:10,945 - DEBUG - joeynmt.training - 	Tokenized reference:  ['H@@', 'et', 'zet', 'uit', 'in', 'de', 'w@@', 'inter', 'en', 'k@@', 'ri@@', 'mp@@', 't', 'in', 'de', 'zom@@', 'er@@', '.']
2026-05-24 08:51:10,945 - DEBUG - joeynmt.training - 	Tokenized hypothesis: ['H@@', 'et', 'ex@@', 'p@@', 'and@@', 's', 'in', 'w@@', 'inter', 'en', 'con@@', 'trac@@', 'ten', 'in', 'su@@', 'm@@', 'mer@@', '<unk>', '</s>']
2026-05-24 08:51:10,945 - INFO - joeynmt.training - 	Source:     I@@ t ex@@ p@@ and@@ s in w@@ inter and con@@ trac@@ ts in su@@ m@@ mer@@ .
2026-05-24 08:51:10,946 - INFO - joeynmt.training - 	Reference:  H@@ et zet uit in de w@@ inter en k@@ ri@@ mp@@ t in de zom@@ er@@ .
2026-05-24 08:51:10,946 - INFO - joeynmt.training - 	Hypothesis: H@@ et ex@@ p@@ and@@ s in w@@ inter en con@@ trac@@ ten in su@@ m@@ mer@@ <unk>
2026-05-24 08:51:10,946 - INFO - joeynmt.training - Example #4
2026-05-24 08:51:10,946 - DEBUG - joeynmt.training - 	Tokenized source:     ['The', 'ne@@', 'x@@', 't', 'sli@@', 'de', 'I', 'sho@@', 'w', 'you', 'will', 'be', 'a', 'ra@@', 'p@@', 'id', 'fa@@', 'st-@@', 'for@@', 'war@@', 'd', 'of', 'what@@', "'@@", 's', 'happen@@', 'ed', 'over', 'the', 'la@@', 'st', '2@@', '5', 'year@@', 's@@', '.']
2026-05-24 08:51:10,946 - DEBUG - joeynmt.training - 	Tokenized reference:  ['De', 'volgen@@', 'de', 'dia', 'die', 'ik', 'laat', 'zi@@', 'en', 'is', 'een', 'ver@@', 'snel@@', 'de', 'vers@@', 'ie', 'van', 'wat', 'er', 'de', 'af@@', 'gel@@', 'open', '2@@', '5', 'j@@', 'aar', 'is', 'gebeur@@', 'd@@', '.']
2026-05-24 08:51:10,946 - DEBUG - joeynmt.training - 	Tokenized hypothesis: ['De', 'volgen@@', 'de', 'dia', 'die', 'ik', 'laat', 'zi@@', 'en', 'dat', 'ik', 'een', 'ra@@', 'pp@@', 'i@@', 'ge', 'snel@@', 'heid', 'van', 'wat', 'er', 'gebeur@@', 't', 'is', 'van', 'wat', 'er', 'gebeur@@', 'd@@', '<unk>', '</s>']
2026-05-24 08:51:10,947 - INFO - joeynmt.training - 	Source:     The ne@@ x@@ t sli@@ de I sho@@ w you will be a ra@@ p@@ id fa@@ st-@@ for@@ war@@ d of what@@ '@@ s happen@@ ed over the la@@ st 2@@ 5 year@@ s@@ .
2026-05-24 08:51:10,947 - INFO - joeynmt.training - 	Reference:  De volgen@@ de dia die ik laat zi@@ en is een ver@@ snel@@ de vers@@ ie van wat er de af@@ gel@@ open 2@@ 5 j@@ aar is gebeur@@ d@@ .
2026-05-24 08:51:10,947 - INFO - joeynmt.training - 	Hypothesis: De volgen@@ de dia die ik laat zi@@ en dat ik een ra@@ pp@@ i@@ ge snel@@ heid van wat er gebeur@@ t is van wat er gebeur@@ d@@ <unk>
2026-05-24 08:52:09,536 - INFO - joeynmt.training - Epoch   3, Step:    11600, Batch Loss:     1.495381, Batch Acc: 0.561570, Tokens per Sec:     1260, Lr: 0.000300
2026-05-24 08:53:07,586 - INFO - joeynmt.training - Epoch   3, Step:    11700, Batch Loss:     1.567217, Batch Acc: 0.558839, Tokens per Sec:     1275, Lr: 0.000300
2026-05-24 08:54:07,750 - INFO - joeynmt.training - Epoch   3, Step:    11800, Batch Loss:     1.418608, Batch Acc: 0.561860, Tokens per Sec:     1255, Lr: 0.000300
2026-05-24 08:55:06,844 - INFO - joeynmt.training - Epoch   3, Step:    11900, Batch Loss:     1.582698, Batch Acc: 0.568892, Tokens per Sec:     1266, Lr: 0.000300
2026-05-24 08:55:45,706 - INFO - joeynmt.training - Epoch   3, Step:    12000, Batch Loss:     1.648241, Batch Acc: 0.568313, Tokens per Sec:     1891, Lr: 0.000300
2026-05-24 08:55:45,706 - INFO - joeynmt.prediction - Predicting 1003 example(s)... (Greedy decoding with min_output_length=1, max_output_length=100, return_prob='none', generate_unk=True, repetition_penalty=-1, no_repeat_ngram_size=-1)
2026-05-24 08:57:17,933 - INFO - joeynmt.metrics - nrefs:1|case:mixed|eff:no|tok:13a|smooth:exp|version:2.6.0
2026-05-24 08:57:17,933 - INFO - joeynmt.prediction - Evaluation result (greedy) bleu:  34.06, loss:   1.80, ppl:   6.07, acc:   0.50, generation: 91.9098[sec], evaluation: 0.3055[sec]
2026-05-24 08:57:17,934 - INFO - joeynmt.training - Hooray! New best validation result [ppl]!
2026-05-24 08:57:17,980 - INFO - joeynmt.helpers - delete output_bpe5000/9500.ckpt
2026-05-24 08:57:17,985 - INFO - joeynmt.training - Example #0
2026-05-24 08:57:17,985 - DEBUG - joeynmt.training - 	Tokenized source:     ['\ufeffLa@@', 'st', 'year', 'I', 'sho@@', 'we@@', 'd', 'thes@@', 'e', 'tw@@', 'o', 'sli@@', 'de@@', 's', 'so', 'that', 'de@@', 'mon@@', 'strate', 'that', 'the', 'ar@@', 'c@@', 'tic', 'ic@@', 'e', 'cap@@', ',', 'wh@@', 'ich', 'for', 'mo@@', 'st', 'of', 'the', 'la@@', 'st', 'th@@', 'ree', 'milli@@', 'on', 'year@@', 's', 'ha@@', 's', 'be@@', 'en', 'the', 'si@@', 'ze', 'of', 'the', 'lo@@', 'wer', '4@@', '8', 'stat@@', 'es@@', ',', 'ha@@', 's', 'sh@@', 'run@@', 'k', 'b@@', 'y', '4@@', '0', 'percen@@', 't@@', '.']
2026-05-24 08:57:17,985 - DEBUG - joeynmt.training - 	Tokenized reference:  ['\ufeffV@@', 'orig', 'j@@', 'aar', 'lie@@', 't', 'ik', 'de@@', 'ze', 'twee', 'dia@@', "'@@", 's', 'zi@@', 'en', 'om', 'aan', 'te', 'ton@@', 'en', 'dat', 'de', 'p@@', 'ool@@', 'ij@@', 'sk@@', 'ap@@', ',', 'die', 'de', 'af@@', 'gel@@', 'open', 'drie', 'miljo@@', 'en', 'j@@', 'aar', 'onge@@', 've@@', 'er', 'de', 'groot@@', 'te', 'had', 'van', 'het', 'va@@', 'stel@@', 'and', 'van', 'de', 'V@@', 'S@@', ',', 'met', '4@@', '0@@', '%', 'gek@@', 'ro@@', 'mp@@', 'en', 'was@@', '.']
2026-05-24 08:57:17,985 - DEBUG - joeynmt.training - 	Tokenized hypothesis: ['H@@', 'et', 'is', 'het', 'j@@', 'aar', 'lat@@', 'en', 'zi@@', 'en', 'dat', 'de', 'ar@@', 'c@@', 't@@', 'isch@@', 'e', 'ij@@', 's', 'zo@@', 'dat', 'de', 'ar@@', 'c@@', 't@@', 'isch@@', 'e', 'ij@@', 'fer@@', 's', 'van', 'de', 'laat@@', 'ste', 'drie', 'miljo@@', 'en', 'j@@', 'aar', 'is', 'de', 'groot@@', 'te', 'van', 'de', 'la@@', 'gere', '4@@', '0', 'pro@@', 'cen@@', 't@@', '<unk>', '</s>']
2026-05-24 08:57:17,986 - INFO - joeynmt.training - 	Source:     ﻿La@@ st year I sho@@ we@@ d thes@@ e tw@@ o sli@@ de@@ s so that de@@ mon@@ strate that the ar@@ c@@ tic ic@@ e cap@@ , wh@@ ich for mo@@ st of the la@@ st th@@ ree milli@@ on year@@ s ha@@ s be@@ en the si@@ ze of the lo@@ wer 4@@ 8 stat@@ es@@ , ha@@ s sh@@ run@@ k b@@ y 4@@ 0 percen@@ t@@ .
2026-05-24 08:57:17,986 - INFO - joeynmt.training - 	Reference:  ﻿V@@ orig j@@ aar lie@@ t ik de@@ ze twee dia@@ '@@ s zi@@ en om aan te ton@@ en dat de p@@ ool@@ ij@@ sk@@ ap@@ , die de af@@ gel@@ open drie miljo@@ en j@@ aar onge@@ ve@@ er de groot@@ te had van het va@@ stel@@ and van de V@@ S@@ , met 4@@ 0@@ % gek@@ ro@@ mp@@ en was@@ .
2026-05-24 08:57:17,986 - INFO - joeynmt.training - 	Hypothesis: H@@ et is het j@@ aar lat@@ en zi@@ en dat de ar@@ c@@ t@@ isch@@ e ij@@ s zo@@ dat de ar@@ c@@ t@@ isch@@ e ij@@ fer@@ s van de laat@@ ste drie miljo@@ en j@@ aar is de groot@@ te van de la@@ gere 4@@ 0 pro@@ cen@@ t@@ <unk>
2026-05-24 08:57:17,986 - INFO - joeynmt.training - Example #1
2026-05-24 08:57:17,986 - DEBUG - joeynmt.training - 	Tokenized source:     ['Bu@@', 't', 'th@@', 'is', 'under@@', 'stat@@', 'es', 'the', 'ser@@', 'i@@', 'ou@@', 'sn@@', 'ess', 'of', 'th@@', 'is', 'particul@@', 'ar', 'proble@@', 'm', 'beca@@', 'us@@', 'e', 'it', 'does@@', 'n@@', "'@@", 't', 'sho@@', 'w', 'the', 'th@@', 'ic@@', 'kn@@', 'ess', 'of', 'the', 'ic@@', 'e@@', '.']
2026-05-24 08:57:17,986 - DEBUG - joeynmt.training - 	Tokenized reference:  ['M@@', 'aar', 'dit', 'onder@@', 'sch@@', 'at', 'eigen@@', 'lijk', 'de', 'ern@@', 'st', 'van', 'dit', 'specif@@', 'ie@@', 'ke', 'proble@@', 'em', 'om@@', 'dat', 'het', 'nie@@', 't', 'de', 'di@@', 'k@@', 'te', 'van', 'het', 'ij@@', 's', 'laat', 'zi@@', 'en@@', '.']
2026-05-24 08:57:17,986 - DEBUG - joeynmt.training - 	Tokenized hypothesis: ['M@@', 'aar', 'dit', 'beg@@', 're@@', 'ep', 'van', 'dit', 'soor@@', 't', 'van', 'dit', 'specif@@', 'ie@@', 'k', 'van', 'dit', 'proble@@', 'em', 'om@@', 'dat', 'het', 'nie@@', 't', 'de', 'de@@', 'ze', 'van', 'de', 'ij@@', 's', 'van', 'de', 'ij@@', 's@@', '<unk>', '</s>']
2026-05-24 08:57:17,986 - INFO - joeynmt.training - 	Source:     Bu@@ t th@@ is under@@ stat@@ es the ser@@ i@@ ou@@ sn@@ ess of th@@ is particul@@ ar proble@@ m beca@@ us@@ e it does@@ n@@ '@@ t sho@@ w the th@@ ic@@ kn@@ ess of the ic@@ e@@ .
2026-05-24 08:57:17,986 - INFO - joeynmt.training - 	Reference:  M@@ aar dit onder@@ sch@@ at eigen@@ lijk de ern@@ st van dit specif@@ ie@@ ke proble@@ em om@@ dat het nie@@ t de di@@ k@@ te van het ij@@ s laat zi@@ en@@ .
2026-05-24 08:57:17,986 - INFO - joeynmt.training - 	Hypothesis: M@@ aar dit beg@@ re@@ ep van dit soor@@ t van dit specif@@ ie@@ k van dit proble@@ em om@@ dat het nie@@ t de de@@ ze van de ij@@ s van de ij@@ s@@ <unk>
2026-05-24 08:57:17,986 - INFO - joeynmt.training - Example #2
2026-05-24 08:57:17,986 - DEBUG - joeynmt.training - 	Tokenized source:     ['The', 'ar@@', 'c@@', 'tic', 'ic@@', 'e', 'cap', 'is@@', ',', 'in', 'a', 'sen@@', 'se@@', ',', 'the', 'be@@', 'at@@', 'ing', 'hear@@', 't', 'of', 'the', 'glob@@', 'al', 'cli@@', 'mat@@', 'e', 'system@@', '.']
2026-05-24 08:57:17,986 - DEBUG - joeynmt.training - 	Tokenized reference:  ['De', 'ij@@', 'sk@@', 'ap', 'op', 'de', 'Noor@@', 'd@@', 'p@@', 'ool', 'is', 'in', 'ze@@', 'ker@@', 'e', 'zin', 'het', 'kl@@', 'op@@', 'pen@@', 'd', 'har@@', 't', 'van', 'ons', 'glob@@', 'aal', 'kli@@', 'maat@@', 'syste@@', 'em@@', '.']
2026-05-24 08:57:17,986 - DEBUG - joeynmt.training - 	Tokenized hypothesis: ['De', 'ar@@', 'c@@', 't@@', 'isch@@', 'e', 'ij@@', 'fer@@', 's', 'in', 'een', 'zin', 'van', 'de', 'glob@@', 'al@@', 'e', 'kli@@', 'maat', 'van', 'de', 'glob@@', 'al@@', 'e', 'kli@@', 'maat', 'is@@', '<unk>', '</s>']
2026-05-24 08:57:17,987 - INFO - joeynmt.training - 	Source:     The ar@@ c@@ tic ic@@ e cap is@@ , in a sen@@ se@@ , the be@@ at@@ ing hear@@ t of the glob@@ al cli@@ mat@@ e system@@ .
2026-05-24 08:57:17,987 - INFO - joeynmt.training - 	Reference:  De ij@@ sk@@ ap op de Noor@@ d@@ p@@ ool is in ze@@ ker@@ e zin het kl@@ op@@ pen@@ d har@@ t van ons glob@@ aal kli@@ maat@@ syste@@ em@@ .
2026-05-24 08:57:17,987 - INFO - joeynmt.training - 	Hypothesis: De ar@@ c@@ t@@ isch@@ e ij@@ fer@@ s in een zin van de glob@@ al@@ e kli@@ maat van de glob@@ al@@ e kli@@ maat is@@ <unk>
2026-05-24 08:57:17,987 - INFO - joeynmt.training - Example #3
2026-05-24 08:57:17,987 - DEBUG - joeynmt.training - 	Tokenized source:     ['I@@', 't', 'ex@@', 'p@@', 'and@@', 's', 'in', 'w@@', 'inter', 'and', 'con@@', 'trac@@', 'ts', 'in', 'su@@', 'm@@', 'mer@@', '.']
2026-05-24 08:57:17,987 - DEBUG - joeynmt.training - 	Tokenized reference:  ['H@@', 'et', 'zet', 'uit', 'in', 'de', 'w@@', 'inter', 'en', 'k@@', 'ri@@', 'mp@@', 't', 'in', 'de', 'zom@@', 'er@@', '.']
2026-05-24 08:57:17,987 - DEBUG - joeynmt.training - 	Tokenized hypothesis: ['H@@', 'et', 'ex@@', 'p@@', 'and@@', 's', 'in', 'w@@', 'inter', 'en', 'con@@', 'trac@@', 'ten', 'in', 'de', 'zom@@', 'er@@', '<unk>', '</s>']
2026-05-24 08:57:17,988 - INFO - joeynmt.training - 	Source:     I@@ t ex@@ p@@ and@@ s in w@@ inter and con@@ trac@@ ts in su@@ m@@ mer@@ .
2026-05-24 08:57:17,988 - INFO - joeynmt.training - 	Reference:  H@@ et zet uit in de w@@ inter en k@@ ri@@ mp@@ t in de zom@@ er@@ .
2026-05-24 08:57:17,988 - INFO - joeynmt.training - 	Hypothesis: H@@ et ex@@ p@@ and@@ s in w@@ inter en con@@ trac@@ ten in de zom@@ er@@ <unk>
2026-05-24 08:57:17,988 - INFO - joeynmt.training - Example #4
2026-05-24 08:57:17,988 - DEBUG - joeynmt.training - 	Tokenized source:     ['The', 'ne@@', 'x@@', 't', 'sli@@', 'de', 'I', 'sho@@', 'w', 'you', 'will', 'be', 'a', 'ra@@', 'p@@', 'id', 'fa@@', 'st-@@', 'for@@', 'war@@', 'd', 'of', 'what@@', "'@@", 's', 'happen@@', 'ed', 'over', 'the', 'la@@', 'st', '2@@', '5', 'year@@', 's@@', '.']
2026-05-24 08:57:17,988 - DEBUG - joeynmt.training - 	Tokenized reference:  ['De', 'volgen@@', 'de', 'dia', 'die', 'ik', 'laat', 'zi@@', 'en', 'is', 'een', 'ver@@', 'snel@@', 'de', 'vers@@', 'ie', 'van', 'wat', 'er', 'de', 'af@@', 'gel@@', 'open', '2@@', '5', 'j@@', 'aar', 'is', 'gebeur@@', 'd@@', '.']
2026-05-24 08:57:17,988 - DEBUG - joeynmt.training - 	Tokenized hypothesis: ['De', 'volgen@@', 'de', 'dia', 'z@@', 'al', 'ik', 'je', 'een', 'ra@@', 'p@@', 'id@@', 'ing', 'z@@', 'al', 'een', 'ra@@', 'p@@', 'ide', 'snel@@', 'heid', 'van', 'wat', 'er', 'gebeur@@', 't', 'in', 'de', 'laat@@', 'ste', '2@@', '5', 'j@@', 'aar', 'gebeur@@', 'de@@', '<unk>', '</s>']
2026-05-24 08:57:17,988 - INFO - joeynmt.training - 	Source:     The ne@@ x@@ t sli@@ de I sho@@ w you will be a ra@@ p@@ id fa@@ st-@@ for@@ war@@ d of what@@ '@@ s happen@@ ed over the la@@ st 2@@ 5 year@@ s@@ .
2026-05-24 08:57:17,988 - INFO - joeynmt.training - 	Reference:  De volgen@@ de dia die ik laat zi@@ en is een ver@@ snel@@ de vers@@ ie van wat er de af@@ gel@@ open 2@@ 5 j@@ aar is gebeur@@ d@@ .
2026-05-24 08:57:17,988 - INFO - joeynmt.training - 	Hypothesis: De volgen@@ de dia z@@ al ik je een ra@@ p@@ id@@ ing z@@ al een ra@@ p@@ ide snel@@ heid van wat er gebeur@@ t in de laat@@ ste 2@@ 5 j@@ aar gebeur@@ de@@ <unk>
2026-05-24 08:57:52,827 - INFO - joeynmt.training - Epoch   3, Step:    12100, Batch Loss:     1.603449, Batch Acc: 0.560529, Tokens per Sec:     2123, Lr: 0.000300
2026-05-24 08:58:26,940 - INFO - joeynmt.training - Epoch   3, Step:    12200, Batch Loss:     1.482221, Batch Acc: 0.564228, Tokens per Sec:     2147, Lr: 0.000300
2026-05-24 08:59:02,482 - INFO - joeynmt.training - Epoch   3, Step:    12300, Batch Loss:     1.619766, Batch Acc: 0.566163, Tokens per Sec:     2089, Lr: 0.000300
2026-05-24 08:59:14,857 - INFO - joeynmt.training - Epoch   3: total training loss 6450.49
2026-05-24 08:59:14,857 - INFO - joeynmt.training - EPOCH 4
2026-05-24 08:59:37,244 - INFO - joeynmt.training - Epoch   4, Step:    12400, Batch Loss:     1.328560, Batch Acc: 0.586328, Tokens per Sec:     2093, Lr: 0.000300
2026-05-24 09:00:13,548 - INFO - joeynmt.training - Epoch   4, Step:    12500, Batch Loss:     1.367595, Batch Acc: 0.584191, Tokens per Sec:     2042, Lr: 0.000300
2026-05-24 09:00:13,548 - INFO - joeynmt.prediction - Predicting 1003 example(s)... (Greedy decoding with min_output_length=1, max_output_length=100, return_prob='none', generate_unk=True, repetition_penalty=-1, no_repeat_ngram_size=-1)
2026-05-24 09:01:53,693 - INFO - joeynmt.metrics - nrefs:1|case:mixed|eff:no|tok:13a|smooth:exp|version:2.6.0
2026-05-24 09:01:53,693 - INFO - joeynmt.prediction - Evaluation result (greedy) bleu:  33.83, loss:   1.81, ppl:   6.09, acc:   0.50, generation: 99.8380[sec], evaluation: 0.2953[sec]
2026-05-24 09:01:53,737 - INFO - joeynmt.helpers - delete output_bpe5000/10000.ckpt
2026-05-24 09:01:53,743 - INFO - joeynmt.training - Example #0
2026-05-24 09:01:53,743 - DEBUG - joeynmt.training - 	Tokenized source:     ['\ufeffLa@@', 'st', 'year', 'I', 'sho@@', 'we@@', 'd', 'thes@@', 'e', 'tw@@', 'o', 'sli@@', 'de@@', 's', 'so', 'that', 'de@@', 'mon@@', 'strate', 'that', 'the', 'ar@@', 'c@@', 'tic', 'ic@@', 'e', 'cap@@', ',', 'wh@@', 'ich', 'for', 'mo@@', 'st', 'of', 'the', 'la@@', 'st', 'th@@', 'ree', 'milli@@', 'on', 'year@@', 's', 'ha@@', 's', 'be@@', 'en', 'the', 'si@@', 'ze', 'of', 'the', 'lo@@', 'wer', '4@@', '8', 'stat@@', 'es@@', ',', 'ha@@', 's', 'sh@@', 'run@@', 'k', 'b@@', 'y', '4@@', '0', 'percen@@', 't@@', '.']
2026-05-24 09:01:53,743 - DEBUG - joeynmt.training - 	Tokenized reference:  ['\ufeffV@@', 'orig', 'j@@', 'aar', 'lie@@', 't', 'ik', 'de@@', 'ze', 'twee', 'dia@@', "'@@", 's', 'zi@@', 'en', 'om', 'aan', 'te', 'ton@@', 'en', 'dat', 'de', 'p@@', 'ool@@', 'ij@@', 'sk@@', 'ap@@', ',', 'die', 'de', 'af@@', 'gel@@', 'open', 'drie', 'miljo@@', 'en', 'j@@', 'aar', 'onge@@', 've@@', 'er', 'de', 'groot@@', 'te', 'had', 'van', 'het', 'va@@', 'stel@@', 'and', 'van', 'de', 'V@@', 'S@@', ',', 'met', '4@@', '0@@', '%', 'gek@@', 'ro@@', 'mp@@', 'en', 'was@@', '.']
2026-05-24 09:01:53,743 - DEBUG - joeynmt.training - 	Tokenized hypothesis: ['H@@', 'et', 'laat@@', 'ste', 'j@@', 'aar', 'dat', 'ik', 'de@@', 'ze', 'twee', 'dia@@', "'@@", 's', 'zo@@', 'dat', 'de', 'ar@@', 'c@@', 't@@', 'isch@@', 'e', 'kap@@', 'pen@@', ',', 'die', 'de', 'groot@@', 'ste', 'drie', 'miljo@@', 'en', 'j@@', 'aar', 'de', 'laat@@', 'ste', 'drie', 'miljo@@', 'en', 'j@@', 'aar', 'de', 'groot@@', 'te', 'van', 'de', 'la@@', 'gere', '4@@', '0', 'pro@@', 'cen@@', 't', 'van', 'de', 'la@@', 'ger', '4@@', '0', 'pro@@', 'cen@@', 't', 'ge@@', 'zi@@', 'en@@', '<unk>', '</s>']
2026-05-24 09:01:53,743 - INFO - joeynmt.training - 	Source:     ﻿La@@ st year I sho@@ we@@ d thes@@ e tw@@ o sli@@ de@@ s so that de@@ mon@@ strate that the ar@@ c@@ tic ic@@ e cap@@ , wh@@ ich for mo@@ st of the la@@ st th@@ ree milli@@ on year@@ s ha@@ s be@@ en the si@@ ze of the lo@@ wer 4@@ 8 stat@@ es@@ , ha@@ s sh@@ run@@ k b@@ y 4@@ 0 percen@@ t@@ .
2026-05-24 09:01:53,743 - INFO - joeynmt.training - 	Reference:  ﻿V@@ orig j@@ aar lie@@ t ik de@@ ze twee dia@@ '@@ s zi@@ en om aan te ton@@ en dat de p@@ ool@@ ij@@ sk@@ ap@@ , die de af@@ gel@@ open drie miljo@@ en j@@ aar onge@@ ve@@ er de groot@@ te had van het va@@ stel@@ and van de V@@ S@@ , met 4@@ 0@@ % gek@@ ro@@ mp@@ en was@@ .
2026-05-24 09:01:53,743 - INFO - joeynmt.training - 	Hypothesis: H@@ et laat@@ ste j@@ aar dat ik de@@ ze twee dia@@ '@@ s zo@@ dat de ar@@ c@@ t@@ isch@@ e kap@@ pen@@ , die de groot@@ ste drie miljo@@ en j@@ aar de laat@@ ste drie miljo@@ en j@@ aar de groot@@ te van de la@@ gere 4@@ 0 pro@@ cen@@ t van de la@@ ger 4@@ 0 pro@@ cen@@ t ge@@ zi@@ en@@ <unk>
2026-05-24 09:01:53,743 - INFO - joeynmt.training - Example #1
2026-05-24 09:01:53,744 - DEBUG - joeynmt.training - 	Tokenized source:     ['Bu@@', 't', 'th@@', 'is', 'under@@', 'stat@@', 'es', 'the', 'ser@@', 'i@@', 'ou@@', 'sn@@', 'ess', 'of', 'th@@', 'is', 'particul@@', 'ar', 'proble@@', 'm', 'beca@@', 'us@@', 'e', 'it', 'does@@', 'n@@', "'@@", 't', 'sho@@', 'w', 'the', 'th@@', 'ic@@', 'kn@@', 'ess', 'of', 'the', 'ic@@', 'e@@', '.']
2026-05-24 09:01:53,744 - DEBUG - joeynmt.training - 	Tokenized reference:  ['M@@', 'aar', 'dit', 'onder@@', 'sch@@', 'at', 'eigen@@', 'lijk', 'de', 'ern@@', 'st', 'van', 'dit', 'specif@@', 'ie@@', 'ke', 'proble@@', 'em', 'om@@', 'dat', 'het', 'nie@@', 't', 'de', 'di@@', 'k@@', 'te', 'van', 'het', 'ij@@', 's', 'laat', 'zi@@', 'en@@', '.']
2026-05-24 09:01:53,744 - DEBUG - joeynmt.training - 	Tokenized hypothesis: ['M@@', 'aar', 'dit', 'beg@@', 'ri@@', 'p', 'van', 'dit', 'specif@@', 'ie@@', 'k', 'van', 'dit', 'specif@@', 'ie@@', 'k', 'proble@@', 'em', 'om@@', 'dat', 'het', 'nie@@', 't', 'van', 'de', 'ij@@', 's@@', 'be@@', 'vin@@', 'd@@', '<unk>', '</s>']
2026-05-24 09:01:53,744 - INFO - joeynmt.training - 	Source:     Bu@@ t th@@ is under@@ stat@@ es the ser@@ i@@ ou@@ sn@@ ess of th@@ is particul@@ ar proble@@ m beca@@ us@@ e it does@@ n@@ '@@ t sho@@ w the th@@ ic@@ kn@@ ess of the ic@@ e@@ .
2026-05-24 09:01:53,744 - INFO - joeynmt.training - 	Reference:  M@@ aar dit onder@@ sch@@ at eigen@@ lijk de ern@@ st van dit specif@@ ie@@ ke proble@@ em om@@ dat het nie@@ t de di@@ k@@ te van het ij@@ s laat zi@@ en@@ .
2026-05-24 09:01:53,744 - INFO - joeynmt.training - 	Hypothesis: M@@ aar dit beg@@ ri@@ p van dit specif@@ ie@@ k van dit specif@@ ie@@ k proble@@ em om@@ dat het nie@@ t van de ij@@ s@@ be@@ vin@@ d@@ <unk>
2026-05-24 09:01:53,744 - INFO - joeynmt.training - Example #2
2026-05-24 09:01:53,744 - DEBUG - joeynmt.training - 	Tokenized source:     ['The', 'ar@@', 'c@@', 'tic', 'ic@@', 'e', 'cap', 'is@@', ',', 'in', 'a', 'sen@@', 'se@@', ',', 'the', 'be@@', 'at@@', 'ing', 'hear@@', 't', 'of', 'the', 'glob@@', 'al', 'cli@@', 'mat@@', 'e', 'system@@', '.']
2026-05-24 09:01:53,744 - DEBUG - joeynmt.training - 	Tokenized reference:  ['De', 'ij@@', 'sk@@', 'ap', 'op', 'de', 'Noor@@', 'd@@', 'p@@', 'ool', 'is', 'in', 'ze@@', 'ker@@', 'e', 'zin', 'het', 'kl@@', 'op@@', 'pen@@', 'd', 'har@@', 't', 'van', 'ons', 'glob@@', 'aal', 'kli@@', 'maat@@', 'syste@@', 'em@@', '.']
2026-05-24 09:01:53,744 - DEBUG - joeynmt.training - 	Tokenized hypothesis: ['De', 'ar@@', 'c@@', 't@@', 'isch@@', 'e', 'ij@@', 'ij@@', 's@@', ',', 'in', 'een', 'zin', 'van', 'de', 'glob@@', 'al@@', 'e', 'kli@@', 'maat@@', 'syste@@', 'em@@', '<unk>', '</s>']
2026-05-24 09:01:53,745 - INFO - joeynmt.training - 	Source:     The ar@@ c@@ tic ic@@ e cap is@@ , in a sen@@ se@@ , the be@@ at@@ ing hear@@ t of the glob@@ al cli@@ mat@@ e system@@ .
2026-05-24 09:01:53,745 - INFO - joeynmt.training - 	Reference:  De ij@@ sk@@ ap op de Noor@@ d@@ p@@ ool is in ze@@ ker@@ e zin het kl@@ op@@ pen@@ d har@@ t van ons glob@@ aal kli@@ maat@@ syste@@ em@@ .
2026-05-24 09:01:53,745 - INFO - joeynmt.training - 	Hypothesis: De ar@@ c@@ t@@ isch@@ e ij@@ ij@@ s@@ , in een zin van de glob@@ al@@ e kli@@ maat@@ syste@@ em@@ <unk>
2026-05-24 09:01:53,745 - INFO - joeynmt.training - Example #3
2026-05-24 09:01:53,745 - DEBUG - joeynmt.training - 	Tokenized source:     ['I@@', 't', 'ex@@', 'p@@', 'and@@', 's', 'in', 'w@@', 'inter', 'and', 'con@@', 'trac@@', 'ts', 'in', 'su@@', 'm@@', 'mer@@', '.']
2026-05-24 09:01:53,745 - DEBUG - joeynmt.training - 	Tokenized reference:  ['H@@', 'et', 'zet', 'uit', 'in', 'de', 'w@@', 'inter', 'en', 'k@@', 'ri@@', 'mp@@', 't', 'in', 'de', 'zom@@', 'er@@', '.']
2026-05-24 09:01:53,745 - DEBUG - joeynmt.training - 	Tokenized hypothesis: ['H@@', 'et', 'ex@@', 'p@@', 'and@@', 's', 'in', 'w@@', 'inter', 'en', 'ver@@', 'volgen@@', 's', 'en', 'ver@@', 'tre@@', 'kken', 'en', 'in', 'de', 'w@@', 'inter', 'en', 'ver@@', 'tre@@', 'kken@@', '<unk>', '</s>']
2026-05-24 09:01:53,745 - INFO - joeynmt.training - 	Source:     I@@ t ex@@ p@@ and@@ s in w@@ inter and con@@ trac@@ ts in su@@ m@@ mer@@ .
2026-05-24 09:01:53,745 - INFO - joeynmt.training - 	Reference:  H@@ et zet uit in de w@@ inter en k@@ ri@@ mp@@ t in de zom@@ er@@ .
2026-05-24 09:01:53,745 - INFO - joeynmt.training - 	Hypothesis: H@@ et ex@@ p@@ and@@ s in w@@ inter en ver@@ volgen@@ s en ver@@ tre@@ kken en in de w@@ inter en ver@@ tre@@ kken@@ <unk>
2026-05-24 09:01:53,746 - INFO - joeynmt.training - Example #4
2026-05-24 09:01:53,746 - DEBUG - joeynmt.training - 	Tokenized source:     ['The', 'ne@@', 'x@@', 't', 'sli@@', 'de', 'I', 'sho@@', 'w', 'you', 'will', 'be', 'a', 'ra@@', 'p@@', 'id', 'fa@@', 'st-@@', 'for@@', 'war@@', 'd', 'of', 'what@@', "'@@", 's', 'happen@@', 'ed', 'over', 'the', 'la@@', 'st', '2@@', '5', 'year@@', 's@@', '.']
2026-05-24 09:01:53,746 - DEBUG - joeynmt.training - 	Tokenized reference:  ['De', 'volgen@@', 'de', 'dia', 'die', 'ik', 'laat', 'zi@@', 'en', 'is', 'een', 'ver@@', 'snel@@', 'de', 'vers@@', 'ie', 'van', 'wat', 'er', 'de', 'af@@', 'gel@@', 'open', '2@@', '5', 'j@@', 'aar', 'is', 'gebeur@@', 'd@@', '.']
2026-05-24 09:01:53,746 - DEBUG - joeynmt.training - 	Tokenized hypothesis: ['De', 'volgen@@', 'de', 'dia', 'z@@', 'al', 'ik', 'j@@', 'ul@@', 'lie', 'een', 'ra@@', 'p@@', 'ide', 'z@@', 'al', 'een', 'ra@@', 'p@@', 'ide', 'z@@', 'ou', 'zijn', 'van', 'wat', 'er', 'gebeur@@', 't', 'over', 'de', 'laat@@', 'ste', '2@@', '5', 'j@@', 'aar', 'gebeur@@', 't@@', '<unk>', '</s>']
2026-05-24 09:01:53,746 - INFO - joeynmt.training - 	Source:     The ne@@ x@@ t sli@@ de I sho@@ w you will be a ra@@ p@@ id fa@@ st-@@ for@@ war@@ d of what@@ '@@ s happen@@ ed over the la@@ st 2@@ 5 year@@ s@@ .
2026-05-24 09:01:53,746 - INFO - joeynmt.training - 	Reference:  De volgen@@ de dia die ik laat zi@@ en is een ver@@ snel@@ de vers@@ ie van wat er de af@@ gel@@ open 2@@ 5 j@@ aar is gebeur@@ d@@ .
2026-05-24 09:01:53,746 - INFO - joeynmt.training - 	Hypothesis: De volgen@@ de dia z@@ al ik j@@ ul@@ lie een ra@@ p@@ ide z@@ al een ra@@ p@@ ide z@@ ou zijn van wat er gebeur@@ t over de laat@@ ste 2@@ 5 j@@ aar gebeur@@ t@@ <unk>
2026-05-24 09:02:29,094 - INFO - joeynmt.training - Epoch   4, Step:    12600, Batch Loss:     1.582430, Batch Acc: 0.582279, Tokens per Sec:     2070, Lr: 0.000300
2026-05-24 09:03:05,557 - INFO - joeynmt.training - Epoch   4, Step:    12700, Batch Loss:     1.330045, Batch Acc: 0.582903, Tokens per Sec:     2030, Lr: 0.000300
2026-05-24 09:03:41,535 - INFO - joeynmt.training - Epoch   4, Step:    12800, Batch Loss:     1.569653, Batch Acc: 0.581756, Tokens per Sec:     2030, Lr: 0.000300
2026-05-24 09:04:16,718 - INFO - joeynmt.training - Epoch   4, Step:    12900, Batch Loss:     1.315085, Batch Acc: 0.585580, Tokens per Sec:     2090, Lr: 0.000300
2026-05-24 09:04:52,326 - INFO - joeynmt.training - Epoch   4, Step:    13000, Batch Loss:     1.509741, Batch Acc: 0.575823, Tokens per Sec:     2065, Lr: 0.000300
2026-05-24 09:04:52,327 - INFO - joeynmt.prediction - Predicting 1003 example(s)... (Greedy decoding with min_output_length=1, max_output_length=100, return_prob='none', generate_unk=True, repetition_penalty=-1, no_repeat_ngram_size=-1)
2026-05-24 09:06:34,085 - INFO - joeynmt.metrics - nrefs:1|case:mixed|eff:no|tok:13a|smooth:exp|version:2.6.0
2026-05-24 09:06:34,085 - INFO - joeynmt.prediction - Evaluation result (greedy) bleu:  32.92, loss:   1.80, ppl:   6.04, acc:   0.50, generation: 101.4354[sec], evaluation: 0.3118[sec]
2026-05-24 09:06:34,086 - INFO - joeynmt.training - Hooray! New best validation result [ppl]!
2026-05-24 09:06:34,129 - INFO - joeynmt.helpers - delete output_bpe5000/10500.ckpt
2026-05-24 09:06:34,134 - INFO - joeynmt.training - Example #0
2026-05-24 09:06:34,134 - DEBUG - joeynmt.training - 	Tokenized source:     ['\ufeffLa@@', 'st', 'year', 'I', 'sho@@', 'we@@', 'd', 'thes@@', 'e', 'tw@@', 'o', 'sli@@', 'de@@', 's', 'so', 'that', 'de@@', 'mon@@', 'strate', 'that', 'the', 'ar@@', 'c@@', 'tic', 'ic@@', 'e', 'cap@@', ',', 'wh@@', 'ich', 'for', 'mo@@', 'st', 'of', 'the', 'la@@', 'st', 'th@@', 'ree', 'milli@@', 'on', 'year@@', 's', 'ha@@', 's', 'be@@', 'en', 'the', 'si@@', 'ze', 'of', 'the', 'lo@@', 'wer', '4@@', '8', 'stat@@', 'es@@', ',', 'ha@@', 's', 'sh@@', 'run@@', 'k', 'b@@', 'y', '4@@', '0', 'percen@@', 't@@', '.']
2026-05-24 09:06:34,134 - DEBUG - joeynmt.training - 	Tokenized reference:  ['\ufeffV@@', 'orig', 'j@@', 'aar', 'lie@@', 't', 'ik', 'de@@', 'ze', 'twee', 'dia@@', "'@@", 's', 'zi@@', 'en', 'om', 'aan', 'te', 'ton@@', 'en', 'dat', 'de', 'p@@', 'ool@@', 'ij@@', 'sk@@', 'ap@@', ',', 'die', 'de', 'af@@', 'gel@@', 'open', 'drie', 'miljo@@', 'en', 'j@@', 'aar', 'onge@@', 've@@', 'er', 'de', 'groot@@', 'te', 'had', 'van', 'het', 'va@@', 'stel@@', 'and', 'van', 'de', 'V@@', 'S@@', ',', 'met', '4@@', '0@@', '%', 'gek@@', 'ro@@', 'mp@@', 'en', 'was@@', '.']
2026-05-24 09:06:34,134 - DEBUG - joeynmt.training - 	Tokenized hypothesis: ['H@@', 'et', 'is', 'het', 'laat@@', 'ste', 'j@@', 'aar', 'die', 'de@@', 'mon@@', 'str@@', 'str@@', 'str@@', 'oom@@', 't', 'zo@@', 'dat', 'de', 'ar@@', 'c@@', 't@@', 'isch@@', 'e', 'ij@@', 'e', 'ij@@', 'e', 'ij@@', 'e', 'kap@@', 't@@', ',', 'die', 'voor', 'de', 'groot@@', 'ste', 'van', 'de', 'la@@', 'gere', '4@@', '0', 'pro@@', 'cen@@', 't@@', '<unk>', '</s>']
2026-05-24 09:06:34,134 - INFO - joeynmt.training - 	Source:     ﻿La@@ st year I sho@@ we@@ d thes@@ e tw@@ o sli@@ de@@ s so that de@@ mon@@ strate that the ar@@ c@@ tic ic@@ e cap@@ , wh@@ ich for mo@@ st of the la@@ st th@@ ree milli@@ on year@@ s ha@@ s be@@ en the si@@ ze of the lo@@ wer 4@@ 8 stat@@ es@@ , ha@@ s sh@@ run@@ k b@@ y 4@@ 0 percen@@ t@@ .
2026-05-24 09:06:34,134 - INFO - joeynmt.training - 	Reference:  ﻿V@@ orig j@@ aar lie@@ t ik de@@ ze twee dia@@ '@@ s zi@@ en om aan te ton@@ en dat de p@@ ool@@ ij@@ sk@@ ap@@ , die de af@@ gel@@ open drie miljo@@ en j@@ aar onge@@ ve@@ er de groot@@ te had van het va@@ stel@@ and van de V@@ S@@ , met 4@@ 0@@ % gek@@ ro@@ mp@@ en was@@ .
2026-05-24 09:06:34,135 - INFO - joeynmt.training - 	Hypothesis: H@@ et is het laat@@ ste j@@ aar die de@@ mon@@ str@@ str@@ str@@ oom@@ t zo@@ dat de ar@@ c@@ t@@ isch@@ e ij@@ e ij@@ e ij@@ e kap@@ t@@ , die voor de groot@@ ste van de la@@ gere 4@@ 0 pro@@ cen@@ t@@ <unk>
2026-05-24 09:06:34,135 - INFO - joeynmt.training - Example #1
2026-05-24 09:06:34,135 - DEBUG - joeynmt.training - 	Tokenized source:     ['Bu@@', 't', 'th@@', 'is', 'under@@', 'stat@@', 'es', 'the', 'ser@@', 'i@@', 'ou@@', 'sn@@', 'ess', 'of', 'th@@', 'is', 'particul@@', 'ar', 'proble@@', 'm', 'beca@@', 'us@@', 'e', 'it', 'does@@', 'n@@', "'@@", 't', 'sho@@', 'w', 'the', 'th@@', 'ic@@', 'kn@@', 'ess', 'of', 'the', 'ic@@', 'e@@', '.']
2026-05-24 09:06:34,135 - DEBUG - joeynmt.training - 	Tokenized reference:  ['M@@', 'aar', 'dit', 'onder@@', 'sch@@', 'at', 'eigen@@', 'lijk', 'de', 'ern@@', 'st', 'van', 'dit', 'specif@@', 'ie@@', 'ke', 'proble@@', 'em', 'om@@', 'dat', 'het', 'nie@@', 't', 'de', 'di@@', 'k@@', 'te', 'van', 'het', 'ij@@', 's', 'laat', 'zi@@', 'en@@', '.']
2026-05-24 09:06:34,135 - DEBUG - joeynmt.training - 	Tokenized hypothesis: ['M@@', 'aar', 'dit', 'onder@@', 'stat@@', 'en', 'de', 'ser@@', 'ie@@', 'us', 'van', 'de@@', 'ze', 'bij@@', 'zonder@@', 'e', 'proble@@', 'em', 'om@@', 'dat', 'het', 'nie@@', 't', 'laat', 'zi@@', 'en', 'nie@@', 't', 'de', 'de@@', 'ze', 'kan@@', 't', 'van', 'de', 'ij@@', 's@@', '<unk>', '</s>']
2026-05-24 09:06:34,135 - INFO - joeynmt.training - 	Source:     Bu@@ t th@@ is under@@ stat@@ es the ser@@ i@@ ou@@ sn@@ ess of th@@ is particul@@ ar proble@@ m beca@@ us@@ e it does@@ n@@ '@@ t sho@@ w the th@@ ic@@ kn@@ ess of the ic@@ e@@ .
2026-05-24 09:06:34,135 - INFO - joeynmt.training - 	Reference:  M@@ aar dit onder@@ sch@@ at eigen@@ lijk de ern@@ st van dit specif@@ ie@@ ke proble@@ em om@@ dat het nie@@ t de di@@ k@@ te van het ij@@ s laat zi@@ en@@ .
2026-05-24 09:06:34,135 - INFO - joeynmt.training - 	Hypothesis: M@@ aar dit onder@@ stat@@ en de ser@@ ie@@ us van de@@ ze bij@@ zonder@@ e proble@@ em om@@ dat het nie@@ t laat zi@@ en nie@@ t de de@@ ze kan@@ t van de ij@@ s@@ <unk>
2026-05-24 09:06:34,135 - INFO - joeynmt.training - Example #2
2026-05-24 09:06:34,135 - DEBUG - joeynmt.training - 	Tokenized source:     ['The', 'ar@@', 'c@@', 'tic', 'ic@@', 'e', 'cap', 'is@@', ',', 'in', 'a', 'sen@@', 'se@@', ',', 'the', 'be@@', 'at@@', 'ing', 'hear@@', 't', 'of', 'the', 'glob@@', 'al', 'cli@@', 'mat@@', 'e', 'system@@', '.']
2026-05-24 09:06:34,135 - DEBUG - joeynmt.training - 	Tokenized reference:  ['De', 'ij@@', 'sk@@', 'ap', 'op', 'de', 'Noor@@', 'd@@', 'p@@', 'ool', 'is', 'in', 'ze@@', 'ker@@', 'e', 'zin', 'het', 'kl@@', 'op@@', 'pen@@', 'd', 'har@@', 't', 'van', 'ons', 'glob@@', 'aal', 'kli@@', 'maat@@', 'syste@@', 'em@@', '.']
2026-05-24 09:06:34,135 - DEBUG - joeynmt.training - 	Tokenized hypothesis: ['De', 'ar@@', 'c@@', 't@@', 'isch@@', 'e', 'ij@@', 's@@', ',', 'in', 'een', 'zin', 'van', 'de', 'wereldwij@@', 'de', 'kli@@', 'maat@@', 'syste@@', 'em@@', '<unk>', '</s>']
2026-05-24 09:06:34,136 - INFO - joeynmt.training - 	Source:     The ar@@ c@@ tic ic@@ e cap is@@ , in a sen@@ se@@ , the be@@ at@@ ing hear@@ t of the glob@@ al cli@@ mat@@ e system@@ .
2026-05-24 09:06:34,136 - INFO - joeynmt.training - 	Reference:  De ij@@ sk@@ ap op de Noor@@ d@@ p@@ ool is in ze@@ ker@@ e zin het kl@@ op@@ pen@@ d har@@ t van ons glob@@ aal kli@@ maat@@ syste@@ em@@ .
2026-05-24 09:06:34,136 - INFO - joeynmt.training - 	Hypothesis: De ar@@ c@@ t@@ isch@@ e ij@@ s@@ , in een zin van de wereldwij@@ de kli@@ maat@@ syste@@ em@@ <unk>
2026-05-24 09:06:34,136 - INFO - joeynmt.training - Example #3
2026-05-24 09:06:34,136 - DEBUG - joeynmt.training - 	Tokenized source:     ['I@@', 't', 'ex@@', 'p@@', 'and@@', 's', 'in', 'w@@', 'inter', 'and', 'con@@', 'trac@@', 'ts', 'in', 'su@@', 'm@@', 'mer@@', '.']
2026-05-24 09:06:34,136 - DEBUG - joeynmt.training - 	Tokenized reference:  ['H@@', 'et', 'zet', 'uit', 'in', 'de', 'w@@', 'inter', 'en', 'k@@', 'ri@@', 'mp@@', 't', 'in', 'de', 'zom@@', 'er@@', '.']
2026-05-24 09:06:34,136 - DEBUG - joeynmt.training - 	Tokenized hypothesis: ['H@@', 'et', 'uit@@', 'bre@@', 'iden', 'in', 'w@@', 'inter', 'en', 'con@@', 'trac@@', 'ten', 'in', 'de', 'zom@@', 'er@@', '<unk>', '</s>']
2026-05-24 09:06:34,136 - INFO - joeynmt.training - 	Source:     I@@ t ex@@ p@@ and@@ s in w@@ inter and con@@ trac@@ ts in su@@ m@@ mer@@ .
2026-05-24 09:06:34,136 - INFO - joeynmt.training - 	Reference:  H@@ et zet uit in de w@@ inter en k@@ ri@@ mp@@ t in de zom@@ er@@ .
2026-05-24 09:06:34,136 - INFO - joeynmt.training - 	Hypothesis: H@@ et uit@@ bre@@ iden in w@@ inter en con@@ trac@@ ten in de zom@@ er@@ <unk>
2026-05-24 09:06:34,136 - INFO - joeynmt.training - Example #4
2026-05-24 09:06:34,137 - DEBUG - joeynmt.training - 	Tokenized source:     ['The', 'ne@@', 'x@@', 't', 'sli@@', 'de', 'I', 'sho@@', 'w', 'you', 'will', 'be', 'a', 'ra@@', 'p@@', 'id', 'fa@@', 'st-@@', 'for@@', 'war@@', 'd', 'of', 'what@@', "'@@", 's', 'happen@@', 'ed', 'over', 'the', 'la@@', 'st', '2@@', '5', 'year@@', 's@@', '.']
2026-05-24 09:06:34,137 - DEBUG - joeynmt.training - 	Tokenized reference:  ['De', 'volgen@@', 'de', 'dia', 'die', 'ik', 'laat', 'zi@@', 'en', 'is', 'een', 'ver@@', 'snel@@', 'de', 'vers@@', 'ie', 'van', 'wat', 'er', 'de', 'af@@', 'gel@@', 'open', '2@@', '5', 'j@@', 'aar', 'is', 'gebeur@@', 'd@@', '.']
2026-05-24 09:06:34,137 - DEBUG - joeynmt.training - 	Tokenized hypothesis: ['De', 'volgen@@', 'de', 'dia', 'die', 'ik', 'laat', 'zi@@', 'en', 'dat', 'ik', 'je', 'een', 'ra@@', 'p@@', 'ide', 'mis@@', 'st-@@', 'voor@@', 'zi@@', 'en', 'van', 'wat', 'er', 'gebeur@@', 't', 'over', 'de', 'laat@@', 'ste', '2@@', '5', 'j@@', 'aar', 'gebeur@@', 'd@@', '<unk>', '</s>']
2026-05-24 09:06:34,137 - INFO - joeynmt.training - 	Source:     The ne@@ x@@ t sli@@ de I sho@@ w you will be a ra@@ p@@ id fa@@ st-@@ for@@ war@@ d of what@@ '@@ s happen@@ ed over the la@@ st 2@@ 5 year@@ s@@ .
2026-05-24 09:06:34,137 - INFO - joeynmt.training - 	Reference:  De volgen@@ de dia die ik laat zi@@ en is een ver@@ snel@@ de vers@@ ie van wat er de af@@ gel@@ open 2@@ 5 j@@ aar is gebeur@@ d@@ .
2026-05-24 09:06:34,137 - INFO - joeynmt.training - 	Hypothesis: De volgen@@ de dia die ik laat zi@@ en dat ik je een ra@@ p@@ ide mis@@ st-@@ voor@@ zi@@ en van wat er gebeur@@ t over de laat@@ ste 2@@ 5 j@@ aar gebeur@@ d@@ <unk>
2026-05-24 09:07:10,590 - INFO - joeynmt.training - Epoch   4, Step:    13100, Batch Loss:     1.602826, Batch Acc: 0.582388, Tokens per Sec:     2043, Lr: 0.000300
2026-05-24 09:07:46,358 - INFO - joeynmt.training - Epoch   4, Step:    13200, Batch Loss:     1.571456, Batch Acc: 0.582738, Tokens per Sec:     2077, Lr: 0.000300
2026-05-24 09:08:23,633 - INFO - joeynmt.training - Epoch   4, Step:    13300, Batch Loss:     1.442114, Batch Acc: 0.579638, Tokens per Sec:     1984, Lr: 0.000300
2026-05-24 09:09:00,258 - INFO - joeynmt.training - Epoch   4, Step:    13400, Batch Loss:     1.573066, Batch Acc: 0.581152, Tokens per Sec:     2060, Lr: 0.000300
2026-05-24 09:09:36,863 - INFO - joeynmt.training - Epoch   4, Step:    13500, Batch Loss:     1.276531, Batch Acc: 0.584380, Tokens per Sec:     2032, Lr: 0.000300
2026-05-24 09:09:36,863 - INFO - joeynmt.prediction - Predicting 1003 example(s)... (Greedy decoding with min_output_length=1, max_output_length=100, return_prob='none', generate_unk=True, repetition_penalty=-1, no_repeat_ngram_size=-1)
2026-05-24 09:11:19,614 - INFO - joeynmt.metrics - nrefs:1|case:mixed|eff:no|tok:13a|smooth:exp|version:2.6.0
2026-05-24 09:11:19,614 - INFO - joeynmt.prediction - Evaluation result (greedy) bleu:  33.28, loss:   1.79, ppl:   6.01, acc:   0.50, generation: 102.4368[sec], evaluation: 0.3028[sec]
2026-05-24 09:11:19,617 - INFO - joeynmt.training - Hooray! New best validation result [ppl]!
2026-05-24 09:11:19,658 - INFO - joeynmt.helpers - delete output_bpe5000/11000.ckpt
2026-05-24 09:11:19,663 - INFO - joeynmt.training - Example #0
2026-05-24 09:11:19,664 - DEBUG - joeynmt.training - 	Tokenized source:     ['\ufeffLa@@', 'st', 'year', 'I', 'sho@@', 'we@@', 'd', 'thes@@', 'e', 'tw@@', 'o', 'sli@@', 'de@@', 's', 'so', 'that', 'de@@', 'mon@@', 'strate', 'that', 'the', 'ar@@', 'c@@', 'tic', 'ic@@', 'e', 'cap@@', ',', 'wh@@', 'ich', 'for', 'mo@@', 'st', 'of', 'the', 'la@@', 'st', 'th@@', 'ree', 'milli@@', 'on', 'year@@', 's', 'ha@@', 's', 'be@@', 'en', 'the', 'si@@', 'ze', 'of', 'the', 'lo@@', 'wer', '4@@', '8', 'stat@@', 'es@@', ',', 'ha@@', 's', 'sh@@', 'run@@', 'k', 'b@@', 'y', '4@@', '0', 'percen@@', 't@@', '.']
2026-05-24 09:11:19,664 - DEBUG - joeynmt.training - 	Tokenized reference:  ['\ufeffV@@', 'orig', 'j@@', 'aar', 'lie@@', 't', 'ik', 'de@@', 'ze', 'twee', 'dia@@', "'@@", 's', 'zi@@', 'en', 'om', 'aan', 'te', 'ton@@', 'en', 'dat', 'de', 'p@@', 'ool@@', 'ij@@', 'sk@@', 'ap@@', ',', 'die', 'de', 'af@@', 'gel@@', 'open', 'drie', 'miljo@@', 'en', 'j@@', 'aar', 'onge@@', 've@@', 'er', 'de', 'groot@@', 'te', 'had', 'van', 'het', 'va@@', 'stel@@', 'and', 'van', 'de', 'V@@', 'S@@', ',', 'met', '4@@', '0@@', '%', 'gek@@', 'ro@@', 'mp@@', 'en', 'was@@', '.']
2026-05-24 09:11:19,664 - DEBUG - joeynmt.training - 	Tokenized hypothesis: ['H@@', 'et', 'is', 'het', 'j@@', 'aar', 'dat', 'ik', 'de@@', 'mon@@', 'str@@', 'er@@', 'en', 'zo@@', 'dat', 'de', 'ar@@', 'c@@', 't@@', 'isch@@', 'e', 'ij@@', 'e', 'kap@@', ',', 'die', 'voor', 'de', 'mee@@', 'ste', 'van', 'de', 'af@@', 'gel@@', 'open', 'drie', 'miljo@@', 'en', 'j@@', 'aar', 'zijn', 'de', 'groot@@', 'ste', 'van', 'de', 'onder@@', 'ste', '4@@', '0', 'pro@@', 'cen@@', 't@@', '<unk>', '</s>']
2026-05-24 09:11:19,664 - INFO - joeynmt.training - 	Source:     ﻿La@@ st year I sho@@ we@@ d thes@@ e tw@@ o sli@@ de@@ s so that de@@ mon@@ strate that the ar@@ c@@ tic ic@@ e cap@@ , wh@@ ich for mo@@ st of the la@@ st th@@ ree milli@@ on year@@ s ha@@ s be@@ en the si@@ ze of the lo@@ wer 4@@ 8 stat@@ es@@ , ha@@ s sh@@ run@@ k b@@ y 4@@ 0 percen@@ t@@ .
2026-05-24 09:11:19,665 - INFO - joeynmt.training - 	Reference:  ﻿V@@ orig j@@ aar lie@@ t ik de@@ ze twee dia@@ '@@ s zi@@ en om aan te ton@@ en dat de p@@ ool@@ ij@@ sk@@ ap@@ , die de af@@ gel@@ open drie miljo@@ en j@@ aar onge@@ ve@@ er de groot@@ te had van het va@@ stel@@ and van de V@@ S@@ , met 4@@ 0@@ % gek@@ ro@@ mp@@ en was@@ .
2026-05-24 09:11:19,665 - INFO - joeynmt.training - 	Hypothesis: H@@ et is het j@@ aar dat ik de@@ mon@@ str@@ er@@ en zo@@ dat de ar@@ c@@ t@@ isch@@ e ij@@ e kap@@ , die voor de mee@@ ste van de af@@ gel@@ open drie miljo@@ en j@@ aar zijn de groot@@ ste van de onder@@ ste 4@@ 0 pro@@ cen@@ t@@ <unk>
2026-05-24 09:11:19,665 - INFO - joeynmt.training - Example #1
2026-05-24 09:11:19,665 - DEBUG - joeynmt.training - 	Tokenized source:     ['Bu@@', 't', 'th@@', 'is', 'under@@', 'stat@@', 'es', 'the', 'ser@@', 'i@@', 'ou@@', 'sn@@', 'ess', 'of', 'th@@', 'is', 'particul@@', 'ar', 'proble@@', 'm', 'beca@@', 'us@@', 'e', 'it', 'does@@', 'n@@', "'@@", 't', 'sho@@', 'w', 'the', 'th@@', 'ic@@', 'kn@@', 'ess', 'of', 'the', 'ic@@', 'e@@', '.']
2026-05-24 09:11:19,665 - DEBUG - joeynmt.training - 	Tokenized reference:  ['M@@', 'aar', 'dit', 'onder@@', 'sch@@', 'at', 'eigen@@', 'lijk', 'de', 'ern@@', 'st', 'van', 'dit', 'specif@@', 'ie@@', 'ke', 'proble@@', 'em', 'om@@', 'dat', 'het', 'nie@@', 't', 'de', 'di@@', 'k@@', 'te', 'van', 'het', 'ij@@', 's', 'laat', 'zi@@', 'en@@', '.']
2026-05-24 09:11:19,665 - DEBUG - joeynmt.training - 	Tokenized hypothesis: ['M@@', 'aar', 'dit', 'beg@@', 'ri@@', 'p', 'van', 'de', 'ser@@', 'ie', 'van', 'dit', 'specif@@', 'ie@@', 'ke', 'proble@@', 'em', 'om@@', 'dat', 'het', 'nie@@', 't', 'laat', 'zi@@', 'en', 'dat', 'het', 'de', 'di@@', 'k@@', 'te', 'van', 'de', 'ij@@', 's@@', '<unk>', '</s>']
2026-05-24 09:11:19,666 - INFO - joeynmt.training - 	Source:     Bu@@ t th@@ is under@@ stat@@ es the ser@@ i@@ ou@@ sn@@ ess of th@@ is particul@@ ar proble@@ m beca@@ us@@ e it does@@ n@@ '@@ t sho@@ w the th@@ ic@@ kn@@ ess of the ic@@ e@@ .
2026-05-24 09:11:19,666 - INFO - joeynmt.training - 	Reference:  M@@ aar dit onder@@ sch@@ at eigen@@ lijk de ern@@ st van dit specif@@ ie@@ ke proble@@ em om@@ dat het nie@@ t de di@@ k@@ te van het ij@@ s laat zi@@ en@@ .
2026-05-24 09:11:19,666 - INFO - joeynmt.training - 	Hypothesis: M@@ aar dit beg@@ ri@@ p van de ser@@ ie van dit specif@@ ie@@ ke proble@@ em om@@ dat het nie@@ t laat zi@@ en dat het de di@@ k@@ te van de ij@@ s@@ <unk>
2026-05-24 09:11:19,666 - INFO - joeynmt.training - Example #2
2026-05-24 09:11:19,666 - DEBUG - joeynmt.training - 	Tokenized source:     ['The', 'ar@@', 'c@@', 'tic', 'ic@@', 'e', 'cap', 'is@@', ',', 'in', 'a', 'sen@@', 'se@@', ',', 'the', 'be@@', 'at@@', 'ing', 'hear@@', 't', 'of', 'the', 'glob@@', 'al', 'cli@@', 'mat@@', 'e', 'system@@', '.']
2026-05-24 09:11:19,666 - DEBUG - joeynmt.training - 	Tokenized reference:  ['De', 'ij@@', 'sk@@', 'ap', 'op', 'de', 'Noor@@', 'd@@', 'p@@', 'ool', 'is', 'in', 'ze@@', 'ker@@', 'e', 'zin', 'het', 'kl@@', 'op@@', 'pen@@', 'd', 'har@@', 't', 'van', 'ons', 'glob@@', 'aal', 'kli@@', 'maat@@', 'syste@@', 'em@@', '.']
2026-05-24 09:11:19,666 - DEBUG - joeynmt.training - 	Tokenized hypothesis: ['De', 'ar@@', 'c@@', 't@@', 'isch@@', 'e', 'ij@@', 'e', 'ij@@', 's', 'in', 'een', 'zin', 'van', 'het', 'mon@@', 'di@@', 'al@@', 'e', 'kli@@', 'maat@@', 'syste@@', 'em@@', '<unk>', '</s>']
2026-05-24 09:11:19,666 - INFO - joeynmt.training - 	Source:     The ar@@ c@@ tic ic@@ e cap is@@ , in a sen@@ se@@ , the be@@ at@@ ing hear@@ t of the glob@@ al cli@@ mat@@ e system@@ .
2026-05-24 09:11:19,666 - INFO - joeynmt.training - 	Reference:  De ij@@ sk@@ ap op de Noor@@ d@@ p@@ ool is in ze@@ ker@@ e zin het kl@@ op@@ pen@@ d har@@ t van ons glob@@ aal kli@@ maat@@ syste@@ em@@ .
2026-05-24 09:11:19,666 - INFO - joeynmt.training - 	Hypothesis: De ar@@ c@@ t@@ isch@@ e ij@@ e ij@@ s in een zin van het mon@@ di@@ al@@ e kli@@ maat@@ syste@@ em@@ <unk>
2026-05-24 09:11:19,666 - INFO - joeynmt.training - Example #3
2026-05-24 09:11:19,666 - DEBUG - joeynmt.training - 	Tokenized source:     ['I@@', 't', 'ex@@', 'p@@', 'and@@', 's', 'in', 'w@@', 'inter', 'and', 'con@@', 'trac@@', 'ts', 'in', 'su@@', 'm@@', 'mer@@', '.']
2026-05-24 09:11:19,666 - DEBUG - joeynmt.training - 	Tokenized reference:  ['H@@', 'et', 'zet', 'uit', 'in', 'de', 'w@@', 'inter', 'en', 'k@@', 'ri@@', 'mp@@', 't', 'in', 'de', 'zom@@', 'er@@', '.']
2026-05-24 09:11:19,666 - DEBUG - joeynmt.training - 	Tokenized hypothesis: ['H@@', 'et', 'ex@@', 'p@@', 'and@@', 's', 'in', 'w@@', 'inter', 'en', 'con@@', 'trac@@', 'ten', 'in', 'de', 'zom@@', 'er@@', '<unk>', '</s>']
2026-05-24 09:11:19,667 - INFO - joeynmt.training - 	Source:     I@@ t ex@@ p@@ and@@ s in w@@ inter and con@@ trac@@ ts in su@@ m@@ mer@@ .
2026-05-24 09:11:19,667 - INFO - joeynmt.training - 	Reference:  H@@ et zet uit in de w@@ inter en k@@ ri@@ mp@@ t in de zom@@ er@@ .
2026-05-24 09:11:19,667 - INFO - joeynmt.training - 	Hypothesis: H@@ et ex@@ p@@ and@@ s in w@@ inter en con@@ trac@@ ten in de zom@@ er@@ <unk>
2026-05-24 09:11:19,667 - INFO - joeynmt.training - Example #4
2026-05-24 09:11:19,667 - DEBUG - joeynmt.training - 	Tokenized source:     ['The', 'ne@@', 'x@@', 't', 'sli@@', 'de', 'I', 'sho@@', 'w', 'you', 'will', 'be', 'a', 'ra@@', 'p@@', 'id', 'fa@@', 'st-@@', 'for@@', 'war@@', 'd', 'of', 'what@@', "'@@", 's', 'happen@@', 'ed', 'over', 'the', 'la@@', 'st', '2@@', '5', 'year@@', 's@@', '.']
2026-05-24 09:11:19,667 - DEBUG - joeynmt.training - 	Tokenized reference:  ['De', 'volgen@@', 'de', 'dia', 'die', 'ik', 'laat', 'zi@@', 'en', 'is', 'een', 'ver@@', 'snel@@', 'de', 'vers@@', 'ie', 'van', 'wat', 'er', 'de', 'af@@', 'gel@@', 'open', '2@@', '5', 'j@@', 'aar', 'is', 'gebeur@@', 'd@@', '.']
2026-05-24 09:11:19,667 - DEBUG - joeynmt.training - 	Tokenized hypothesis: ['De', 'volgen@@', 'de', 'dia', 'dia', 'die', 'ik', 'laat', 'zi@@', 'en', 'dat', 'ik', 'j@@', 'ul@@', 'lie', 'een', 'ra@@', 'p@@', 'id', 'z@@', 'al', 'zijn', 'over', 'de', 'af@@', 'gel@@', 'open', '2@@', '5', 'j@@', 'aar', 'gebeur@@', 'd', 'wor@@', 'den@@', '<unk>', '</s>']
2026-05-24 09:11:19,667 - INFO - joeynmt.training - 	Source:     The ne@@ x@@ t sli@@ de I sho@@ w you will be a ra@@ p@@ id fa@@ st-@@ for@@ war@@ d of what@@ '@@ s happen@@ ed over the la@@ st 2@@ 5 year@@ s@@ .
2026-05-24 09:11:19,667 - INFO - joeynmt.training - 	Reference:  De volgen@@ de dia die ik laat zi@@ en is een ver@@ snel@@ de vers@@ ie van wat er de af@@ gel@@ open 2@@ 5 j@@ aar is gebeur@@ d@@ .
2026-05-24 09:11:19,668 - INFO - joeynmt.training - 	Hypothesis: De volgen@@ de dia dia die ik laat zi@@ en dat ik j@@ ul@@ lie een ra@@ p@@ id z@@ al zijn over de af@@ gel@@ open 2@@ 5 j@@ aar gebeur@@ d wor@@ den@@ <unk>
2026-05-24 09:11:55,060 - INFO - joeynmt.training - Epoch   4, Step:    13600, Batch Loss:     1.390583, Batch Acc: 0.579474, Tokens per Sec:     2113, Lr: 0.000300
2026-05-24 09:12:30,800 - INFO - joeynmt.training - Epoch   4, Step:    13700, Batch Loss:     1.494562, Batch Acc: 0.585600, Tokens per Sec:     2013, Lr: 0.000300
2026-05-24 09:13:05,992 - INFO - joeynmt.training - Epoch   4, Step:    13800, Batch Loss:     1.456811, Batch Acc: 0.581138, Tokens per Sec:     2102, Lr: 0.000300
2026-05-24 09:13:41,462 - INFO - joeynmt.training - Epoch   4, Step:    13900, Batch Loss:     1.482929, Batch Acc: 0.582246, Tokens per Sec:     2131, Lr: 0.000300
2026-05-24 09:14:17,346 - INFO - joeynmt.training - Epoch   4, Step:    14000, Batch Loss:     1.389964, Batch Acc: 0.579596, Tokens per Sec:     2077, Lr: 0.000300
2026-05-24 09:14:17,346 - INFO - joeynmt.prediction - Predicting 1003 example(s)... (Greedy decoding with min_output_length=1, max_output_length=100, return_prob='none', generate_unk=True, repetition_penalty=-1, no_repeat_ngram_size=-1)
2026-05-24 09:16:02,551 - INFO - joeynmt.metrics - nrefs:1|case:mixed|eff:no|tok:13a|smooth:exp|version:2.6.0
2026-05-24 09:16:02,551 - INFO - joeynmt.prediction - Evaluation result (greedy) bleu:  33.52, loss:   1.78, ppl:   5.92, acc:   0.51, generation: 104.8932[sec], evaluation: 0.3010[sec]
2026-05-24 09:16:02,553 - INFO - joeynmt.training - Hooray! New best validation result [ppl]!
2026-05-24 09:16:02,595 - INFO - joeynmt.helpers - delete output_bpe5000/11500.ckpt
2026-05-24 09:16:02,600 - INFO - joeynmt.training - Example #0
2026-05-24 09:16:02,600 - DEBUG - joeynmt.training - 	Tokenized source:     ['\ufeffLa@@', 'st', 'year', 'I', 'sho@@', 'we@@', 'd', 'thes@@', 'e', 'tw@@', 'o', 'sli@@', 'de@@', 's', 'so', 'that', 'de@@', 'mon@@', 'strate', 'that', 'the', 'ar@@', 'c@@', 'tic', 'ic@@', 'e', 'cap@@', ',', 'wh@@', 'ich', 'for', 'mo@@', 'st', 'of', 'the', 'la@@', 'st', 'th@@', 'ree', 'milli@@', 'on', 'year@@', 's', 'ha@@', 's', 'be@@', 'en', 'the', 'si@@', 'ze', 'of', 'the', 'lo@@', 'wer', '4@@', '8', 'stat@@', 'es@@', ',', 'ha@@', 's', 'sh@@', 'run@@', 'k', 'b@@', 'y', '4@@', '0', 'percen@@', 't@@', '.']
2026-05-24 09:16:02,600 - DEBUG - joeynmt.training - 	Tokenized reference:  ['\ufeffV@@', 'orig', 'j@@', 'aar', 'lie@@', 't', 'ik', 'de@@', 'ze', 'twee', 'dia@@', "'@@", 's', 'zi@@', 'en', 'om', 'aan', 'te', 'ton@@', 'en', 'dat', 'de', 'p@@', 'ool@@', 'ij@@', 'sk@@', 'ap@@', ',', 'die', 'de', 'af@@', 'gel@@', 'open', 'drie', 'miljo@@', 'en', 'j@@', 'aar', 'onge@@', 've@@', 'er', 'de', 'groot@@', 'te', 'had', 'van', 'het', 'va@@', 'stel@@', 'and', 'van', 'de', 'V@@', 'S@@', ',', 'met', '4@@', '0@@', '%', 'gek@@', 'ro@@', 'mp@@', 'en', 'was@@', '.']
2026-05-24 09:16:02,600 - DEBUG - joeynmt.training - 	Tokenized hypothesis: ['H@@', 'et', 'is', 'het', 'laat@@', 'ste', 'j@@', 'aar', 'lat@@', 'en', 'zi@@', 'en', 'zo@@', 'dat', 'de@@', 'mon@@', 'di@@', 'str@@', 'oom', 'dat', 'de', 'ar@@', 'c@@', 'isch@@', 'e', 'ij@@', 'e', 'kap@@', ',', 'die', 'voor', 'de', 'groot@@', 'te', 'van', 'de', 'laat@@', 'ste', 'drie', 'miljo@@', 'en', 'j@@', 'aar', 'is', 'de', 'groot@@', 'te', 'van', 'de', 'la@@', 'gere', '4@@', '0', 'pro@@', 'cen@@', 't', 'ge@@', 'zi@@', 'en', 'door', '4@@', '0', 'pro@@', 'cen@@', 't', 'ge@@', 'to@@', 'cht', 'is', 'ge@@', 'zi@@', 'en@@', '<unk>', '</s>']
2026-05-24 09:16:02,600 - INFO - joeynmt.training - 	Source:     ﻿La@@ st year I sho@@ we@@ d thes@@ e tw@@ o sli@@ de@@ s so that de@@ mon@@ strate that the ar@@ c@@ tic ic@@ e cap@@ , wh@@ ich for mo@@ st of the la@@ st th@@ ree milli@@ on year@@ s ha@@ s be@@ en the si@@ ze of the lo@@ wer 4@@ 8 stat@@ es@@ , ha@@ s sh@@ run@@ k b@@ y 4@@ 0 percen@@ t@@ .
2026-05-24 09:16:02,600 - INFO - joeynmt.training - 	Reference:  ﻿V@@ orig j@@ aar lie@@ t ik de@@ ze twee dia@@ '@@ s zi@@ en om aan te ton@@ en dat de p@@ ool@@ ij@@ sk@@ ap@@ , die de af@@ gel@@ open drie miljo@@ en j@@ aar onge@@ ve@@ er de groot@@ te had van het va@@ stel@@ and van de V@@ S@@ , met 4@@ 0@@ % gek@@ ro@@ mp@@ en was@@ .
2026-05-24 09:16:02,600 - INFO - joeynmt.training - 	Hypothesis: H@@ et is het laat@@ ste j@@ aar lat@@ en zi@@ en zo@@ dat de@@ mon@@ di@@ str@@ oom dat de ar@@ c@@ isch@@ e ij@@ e kap@@ , die voor de groot@@ te van de laat@@ ste drie miljo@@ en j@@ aar is de groot@@ te van de la@@ gere 4@@ 0 pro@@ cen@@ t ge@@ zi@@ en door 4@@ 0 pro@@ cen@@ t ge@@ to@@ cht is ge@@ zi@@ en@@ <unk>
2026-05-24 09:16:02,600 - INFO - joeynmt.training - Example #1
2026-05-24 09:16:02,600 - DEBUG - joeynmt.training - 	Tokenized source:     ['Bu@@', 't', 'th@@', 'is', 'under@@', 'stat@@', 'es', 'the', 'ser@@', 'i@@', 'ou@@', 'sn@@', 'ess', 'of', 'th@@', 'is', 'particul@@', 'ar', 'proble@@', 'm', 'beca@@', 'us@@', 'e', 'it', 'does@@', 'n@@', "'@@", 't', 'sho@@', 'w', 'the', 'th@@', 'ic@@', 'kn@@', 'ess', 'of', 'the', 'ic@@', 'e@@', '.']
2026-05-24 09:16:02,600 - DEBUG - joeynmt.training - 	Tokenized reference:  ['M@@', 'aar', 'dit', 'onder@@', 'sch@@', 'at', 'eigen@@', 'lijk', 'de', 'ern@@', 'st', 'van', 'dit', 'specif@@', 'ie@@', 'ke', 'proble@@', 'em', 'om@@', 'dat', 'het', 'nie@@', 't', 'de', 'di@@', 'k@@', 'te', 'van', 'het', 'ij@@', 's', 'laat', 'zi@@', 'en@@', '.']
2026-05-24 09:16:02,600 - DEBUG - joeynmt.training - 	Tokenized hypothesis: ['M@@', 'aar', 'dit', 'onder@@', 'stat@@', 'en', 'van', 'dit', 'bep@@', 'aal@@', 'de', 'proble@@', 'em', 'van', 'dit', 'specif@@', 'ie@@', 'ke', 'proble@@', 'em', 'om@@', 'dat', 'het', 'nie@@', 't', 'de', 'de@@', 'ze', 'ij@@', 's@@', 'be@@', 'den@@', '<unk>', '</s>']
2026-05-24 09:16:02,601 - INFO - joeynmt.training - 	Source:     Bu@@ t th@@ is under@@ stat@@ es the ser@@ i@@ ou@@ sn@@ ess of th@@ is particul@@ ar proble@@ m beca@@ us@@ e it does@@ n@@ '@@ t sho@@ w the th@@ ic@@ kn@@ ess of the ic@@ e@@ .
2026-05-24 09:16:02,601 - INFO - joeynmt.training - 	Reference:  M@@ aar dit onder@@ sch@@ at eigen@@ lijk de ern@@ st van dit specif@@ ie@@ ke proble@@ em om@@ dat het nie@@ t de di@@ k@@ te van het ij@@ s laat zi@@ en@@ .
2026-05-24 09:16:02,601 - INFO - joeynmt.training - 	Hypothesis: M@@ aar dit onder@@ stat@@ en van dit bep@@ aal@@ de proble@@ em van dit specif@@ ie@@ ke proble@@ em om@@ dat het nie@@ t de de@@ ze ij@@ s@@ be@@ den@@ <unk>
2026-05-24 09:16:02,601 - INFO - joeynmt.training - Example #2
2026-05-24 09:16:02,601 - DEBUG - joeynmt.training - 	Tokenized source:     ['The', 'ar@@', 'c@@', 'tic', 'ic@@', 'e', 'cap', 'is@@', ',', 'in', 'a', 'sen@@', 'se@@', ',', 'the', 'be@@', 'at@@', 'ing', 'hear@@', 't', 'of', 'the', 'glob@@', 'al', 'cli@@', 'mat@@', 'e', 'system@@', '.']
2026-05-24 09:16:02,601 - DEBUG - joeynmt.training - 	Tokenized reference:  ['De', 'ij@@', 'sk@@', 'ap', 'op', 'de', 'Noor@@', 'd@@', 'p@@', 'ool', 'is', 'in', 'ze@@', 'ker@@', 'e', 'zin', 'het', 'kl@@', 'op@@', 'pen@@', 'd', 'har@@', 't', 'van', 'ons', 'glob@@', 'aal', 'kli@@', 'maat@@', 'syste@@', 'em@@', '.']
2026-05-24 09:16:02,601 - DEBUG - joeynmt.training - 	Tokenized hypothesis: ['De', 'ar@@', 'c@@', 't@@', 'isch@@', 'e', 'ij@@', 's@@', ',', 'in', 'een', 'zin@@', ',', 'de', 'be@@', 'den@@', 'k@@', 'te', 'het', 'van', 'de', 'wereldwij@@', 'de', 'kli@@', 'maat@@', 'syste@@', 'em@@', '<unk>', '</s>']
2026-05-24 09:16:02,601 - INFO - joeynmt.training - 	Source:     The ar@@ c@@ tic ic@@ e cap is@@ , in a sen@@ se@@ , the be@@ at@@ ing hear@@ t of the glob@@ al cli@@ mat@@ e system@@ .
2026-05-24 09:16:02,601 - INFO - joeynmt.training - 	Reference:  De ij@@ sk@@ ap op de Noor@@ d@@ p@@ ool is in ze@@ ker@@ e zin het kl@@ op@@ pen@@ d har@@ t van ons glob@@ aal kli@@ maat@@ syste@@ em@@ .
2026-05-24 09:16:02,602 - INFO - joeynmt.training - 	Hypothesis: De ar@@ c@@ t@@ isch@@ e ij@@ s@@ , in een zin@@ , de be@@ den@@ k@@ te het van de wereldwij@@ de kli@@ maat@@ syste@@ em@@ <unk>
2026-05-24 09:16:02,602 - INFO - joeynmt.training - Example #3
2026-05-24 09:16:02,602 - DEBUG - joeynmt.training - 	Tokenized source:     ['I@@', 't', 'ex@@', 'p@@', 'and@@', 's', 'in', 'w@@', 'inter', 'and', 'con@@', 'trac@@', 'ts', 'in', 'su@@', 'm@@', 'mer@@', '.']
2026-05-24 09:16:02,602 - DEBUG - joeynmt.training - 	Tokenized reference:  ['H@@', 'et', 'zet', 'uit', 'in', 'de', 'w@@', 'inter', 'en', 'k@@', 'ri@@', 'mp@@', 't', 'in', 'de', 'zom@@', 'er@@', '.']
2026-05-24 09:16:02,602 - DEBUG - joeynmt.training - 	Tokenized hypothesis: ['H@@', 'et', 'uit@@', 'bre@@', 'and@@', 'en', 'in', 'w@@', 'inter', 'en', 'con@@', 'trac@@', 'ten', 'in', 'de', 'zom@@', 'er@@', '<unk>', '</s>']
2026-05-24 09:16:02,602 - INFO - joeynmt.training - 	Source:     I@@ t ex@@ p@@ and@@ s in w@@ inter and con@@ trac@@ ts in su@@ m@@ mer@@ .
2026-05-24 09:16:02,602 - INFO - joeynmt.training - 	Reference:  H@@ et zet uit in de w@@ inter en k@@ ri@@ mp@@ t in de zom@@ er@@ .
2026-05-24 09:16:02,602 - INFO - joeynmt.training - 	Hypothesis: H@@ et uit@@ bre@@ and@@ en in w@@ inter en con@@ trac@@ ten in de zom@@ er@@ <unk>
2026-05-24 09:16:02,602 - INFO - joeynmt.training - Example #4
2026-05-24 09:16:02,602 - DEBUG - joeynmt.training - 	Tokenized source:     ['The', 'ne@@', 'x@@', 't', 'sli@@', 'de', 'I', 'sho@@', 'w', 'you', 'will', 'be', 'a', 'ra@@', 'p@@', 'id', 'fa@@', 'st-@@', 'for@@', 'war@@', 'd', 'of', 'what@@', "'@@", 's', 'happen@@', 'ed', 'over', 'the', 'la@@', 'st', '2@@', '5', 'year@@', 's@@', '.']
2026-05-24 09:16:02,602 - DEBUG - joeynmt.training - 	Tokenized reference:  ['De', 'volgen@@', 'de', 'dia', 'die', 'ik', 'laat', 'zi@@', 'en', 'is', 'een', 'ver@@', 'snel@@', 'de', 'vers@@', 'ie', 'van', 'wat', 'er', 'de', 'af@@', 'gel@@', 'open', '2@@', '5', 'j@@', 'aar', 'is', 'gebeur@@', 'd@@', '.']
2026-05-24 09:16:02,602 - DEBUG - joeynmt.training - 	Tokenized hypothesis: ['De', 'volgen@@', 'de', 'dia', 'die', 'ik', 'laat', 'zi@@', 'en', 'dat', 'ik', 'j@@', 'ul@@', 'lie', 'een', 'ra@@', 'p@@', 'id', 'van', 'wat', 'er', 'gebeur@@', 't', 'is', 'over', 'de', 'laat@@', 'ste', '2@@', '5', 'j@@', 'aar', 'gebeur@@', 'd@@', '<unk>', '</s>']
2026-05-24 09:16:02,603 - INFO - joeynmt.training - 	Source:     The ne@@ x@@ t sli@@ de I sho@@ w you will be a ra@@ p@@ id fa@@ st-@@ for@@ war@@ d of what@@ '@@ s happen@@ ed over the la@@ st 2@@ 5 year@@ s@@ .
2026-05-24 09:16:02,603 - INFO - joeynmt.training - 	Reference:  De volgen@@ de dia die ik laat zi@@ en is een ver@@ snel@@ de vers@@ ie van wat er de af@@ gel@@ open 2@@ 5 j@@ aar is gebeur@@ d@@ .
2026-05-24 09:16:02,603 - INFO - joeynmt.training - 	Hypothesis: De volgen@@ de dia die ik laat zi@@ en dat ik j@@ ul@@ lie een ra@@ p@@ id van wat er gebeur@@ t is over de laat@@ ste 2@@ 5 j@@ aar gebeur@@ d@@ <unk>
2026-05-24 09:16:39,163 - INFO - joeynmt.training - Epoch   4, Step:    14100, Batch Loss:     1.344157, Batch Acc: 0.584215, Tokens per Sec:     1987, Lr: 0.000300
2026-05-24 09:17:15,091 - INFO - joeynmt.training - Epoch   4, Step:    14200, Batch Loss:     1.495059, Batch Acc: 0.579384, Tokens per Sec:     2045, Lr: 0.000300
2026-05-24 09:17:50,470 - INFO - joeynmt.training - Epoch   4, Step:    14300, Batch Loss:     1.442345, Batch Acc: 0.583699, Tokens per Sec:     2079, Lr: 0.000300
2026-05-24 09:18:25,954 - INFO - joeynmt.training - Epoch   4, Step:    14400, Batch Loss:     1.439672, Batch Acc: 0.582123, Tokens per Sec:     2063, Lr: 0.000300
2026-05-24 09:19:01,916 - INFO - joeynmt.training - Epoch   4, Step:    14500, Batch Loss:     1.485329, Batch Acc: 0.586565, Tokens per Sec:     2048, Lr: 0.000300
2026-05-24 09:19:01,916 - INFO - joeynmt.prediction - Predicting 1003 example(s)... (Greedy decoding with min_output_length=1, max_output_length=100, return_prob='none', generate_unk=True, repetition_penalty=-1, no_repeat_ngram_size=-1)
2026-05-24 09:20:37,702 - INFO - joeynmt.metrics - nrefs:1|case:mixed|eff:no|tok:13a|smooth:exp|version:2.6.0
2026-05-24 09:20:37,702 - INFO - joeynmt.prediction - Evaluation result (greedy) bleu:  34.70, loss:   1.77, ppl:   5.87, acc:   0.51, generation: 95.3471[sec], evaluation: 0.4263[sec]
2026-05-24 09:20:37,704 - INFO - joeynmt.training - Hooray! New best validation result [ppl]!
2026-05-24 09:20:37,757 - INFO - joeynmt.helpers - delete output_bpe5000/12500.ckpt
2026-05-24 09:20:37,763 - INFO - joeynmt.training - Example #0
2026-05-24 09:20:37,763 - DEBUG - joeynmt.training - 	Tokenized source:     ['\ufeffLa@@', 'st', 'year', 'I', 'sho@@', 'we@@', 'd', 'thes@@', 'e', 'tw@@', 'o', 'sli@@', 'de@@', 's', 'so', 'that', 'de@@', 'mon@@', 'strate', 'that', 'the', 'ar@@', 'c@@', 'tic', 'ic@@', 'e', 'cap@@', ',', 'wh@@', 'ich', 'for', 'mo@@', 'st', 'of', 'the', 'la@@', 'st', 'th@@', 'ree', 'milli@@', 'on', 'year@@', 's', 'ha@@', 's', 'be@@', 'en', 'the', 'si@@', 'ze', 'of', 'the', 'lo@@', 'wer', '4@@', '8', 'stat@@', 'es@@', ',', 'ha@@', 's', 'sh@@', 'run@@', 'k', 'b@@', 'y', '4@@', '0', 'percen@@', 't@@', '.']
2026-05-24 09:20:37,763 - DEBUG - joeynmt.training - 	Tokenized reference:  ['\ufeffV@@', 'orig', 'j@@', 'aar', 'lie@@', 't', 'ik', 'de@@', 'ze', 'twee', 'dia@@', "'@@", 's', 'zi@@', 'en', 'om', 'aan', 'te', 'ton@@', 'en', 'dat', 'de', 'p@@', 'ool@@', 'ij@@', 'sk@@', 'ap@@', ',', 'die', 'de', 'af@@', 'gel@@', 'open', 'drie', 'miljo@@', 'en', 'j@@', 'aar', 'onge@@', 've@@', 'er', 'de', 'groot@@', 'te', 'had', 'van', 'het', 'va@@', 'stel@@', 'and', 'van', 'de', 'V@@', 'S@@', ',', 'met', '4@@', '0@@', '%', 'gek@@', 'ro@@', 'mp@@', 'en', 'was@@', '.']
2026-05-24 09:20:37,763 - DEBUG - joeynmt.training - 	Tokenized hypothesis: ['H@@', 'et', 'is', 'het', 'laat@@', 'ste', 'j@@', 'aar', 'die', 'de@@', 'mon@@', 'di@@', 'es', 'zo@@', 'dat', 'dat', 'de', 'ar@@', 'c@@', 't@@', 'isch@@', 'e', 'ij@@', 's', 'in', 'de', 'af@@', 'gel@@', 'open', 'drie', 'miljo@@', 'en', 'j@@', 'aar', 'is', 'de', 'groot@@', 'te', 'van', 'de', 'min@@', 'ste', '4@@', '0', 'pro@@', 'cen@@', 't', 'is', 'de', 'groot@@', 'te', 'van', '4@@', '0', 'pro@@', 'cen@@', 't', 'ge@@', 'zi@@', 'en@@', ',', 'heef@@', 't', 'de', '4@@', '0', 'pro@@', 'cen@@', 't@@', '<unk>', '</s>']
2026-05-24 09:20:37,763 - INFO - joeynmt.training - 	Source:     ﻿La@@ st year I sho@@ we@@ d thes@@ e tw@@ o sli@@ de@@ s so that de@@ mon@@ strate that the ar@@ c@@ tic ic@@ e cap@@ , wh@@ ich for mo@@ st of the la@@ st th@@ ree milli@@ on year@@ s ha@@ s be@@ en the si@@ ze of the lo@@ wer 4@@ 8 stat@@ es@@ , ha@@ s sh@@ run@@ k b@@ y 4@@ 0 percen@@ t@@ .
2026-05-24 09:20:37,763 - INFO - joeynmt.training - 	Reference:  ﻿V@@ orig j@@ aar lie@@ t ik de@@ ze twee dia@@ '@@ s zi@@ en om aan te ton@@ en dat de p@@ ool@@ ij@@ sk@@ ap@@ , die de af@@ gel@@ open drie miljo@@ en j@@ aar onge@@ ve@@ er de groot@@ te had van het va@@ stel@@ and van de V@@ S@@ , met 4@@ 0@@ % gek@@ ro@@ mp@@ en was@@ .
2026-05-24 09:20:37,763 - INFO - joeynmt.training - 	Hypothesis: H@@ et is het laat@@ ste j@@ aar die de@@ mon@@ di@@ es zo@@ dat dat de ar@@ c@@ t@@ isch@@ e ij@@ s in de af@@ gel@@ open drie miljo@@ en j@@ aar is de groot@@ te van de min@@ ste 4@@ 0 pro@@ cen@@ t is de groot@@ te van 4@@ 0 pro@@ cen@@ t ge@@ zi@@ en@@ , heef@@ t de 4@@ 0 pro@@ cen@@ t@@ <unk>
2026-05-24 09:20:37,763 - INFO - joeynmt.training - Example #1
2026-05-24 09:20:37,763 - DEBUG - joeynmt.training - 	Tokenized source:     ['Bu@@', 't', 'th@@', 'is', 'under@@', 'stat@@', 'es', 'the', 'ser@@', 'i@@', 'ou@@', 'sn@@', 'ess', 'of', 'th@@', 'is', 'particul@@', 'ar', 'proble@@', 'm', 'beca@@', 'us@@', 'e', 'it', 'does@@', 'n@@', "'@@", 't', 'sho@@', 'w', 'the', 'th@@', 'ic@@', 'kn@@', 'ess', 'of', 'the', 'ic@@', 'e@@', '.']
2026-05-24 09:20:37,763 - DEBUG - joeynmt.training - 	Tokenized reference:  ['M@@', 'aar', 'dit', 'onder@@', 'sch@@', 'at', 'eigen@@', 'lijk', 'de', 'ern@@', 'st', 'van', 'dit', 'specif@@', 'ie@@', 'ke', 'proble@@', 'em', 'om@@', 'dat', 'het', 'nie@@', 't', 'de', 'di@@', 'k@@', 'te', 'van', 'het', 'ij@@', 's', 'laat', 'zi@@', 'en@@', '.']
2026-05-24 09:20:37,763 - DEBUG - joeynmt.training - 	Tokenized hypothesis: ['M@@', 'aar', 'dit', 'onder@@', 'stat@@', 'en', 'de', 'ser@@', 'ie@@', 'us', 'van', 'dit', 'specif@@', 'ie@@', 'k', 'proble@@', 'em', 'om@@', 'dat', 'het', 'nie@@', 't', 'to@@', 'ont', 'dat', 'het', 'nie@@', 't', 'to@@', 'ont', 'dat', 'het', 'nie@@', 't', 'van', 'de', 'ij@@', 's@@', '<unk>', '</s>']
2026-05-24 09:20:37,764 - INFO - joeynmt.training - 	Source:     Bu@@ t th@@ is under@@ stat@@ es the ser@@ i@@ ou@@ sn@@ ess of th@@ is particul@@ ar proble@@ m beca@@ us@@ e it does@@ n@@ '@@ t sho@@ w the th@@ ic@@ kn@@ ess of the ic@@ e@@ .
2026-05-24 09:20:37,764 - INFO - joeynmt.training - 	Reference:  M@@ aar dit onder@@ sch@@ at eigen@@ lijk de ern@@ st van dit specif@@ ie@@ ke proble@@ em om@@ dat het nie@@ t de di@@ k@@ te van het ij@@ s laat zi@@ en@@ .
2026-05-24 09:20:37,764 - INFO - joeynmt.training - 	Hypothesis: M@@ aar dit onder@@ stat@@ en de ser@@ ie@@ us van dit specif@@ ie@@ k proble@@ em om@@ dat het nie@@ t to@@ ont dat het nie@@ t to@@ ont dat het nie@@ t van de ij@@ s@@ <unk>
2026-05-24 09:20:37,764 - INFO - joeynmt.training - Example #2
2026-05-24 09:20:37,764 - DEBUG - joeynmt.training - 	Tokenized source:     ['The', 'ar@@', 'c@@', 'tic', 'ic@@', 'e', 'cap', 'is@@', ',', 'in', 'a', 'sen@@', 'se@@', ',', 'the', 'be@@', 'at@@', 'ing', 'hear@@', 't', 'of', 'the', 'glob@@', 'al', 'cli@@', 'mat@@', 'e', 'system@@', '.']
2026-05-24 09:20:37,764 - DEBUG - joeynmt.training - 	Tokenized reference:  ['De', 'ij@@', 'sk@@', 'ap', 'op', 'de', 'Noor@@', 'd@@', 'p@@', 'ool', 'is', 'in', 'ze@@', 'ker@@', 'e', 'zin', 'het', 'kl@@', 'op@@', 'pen@@', 'd', 'har@@', 't', 'van', 'ons', 'glob@@', 'aal', 'kli@@', 'maat@@', 'syste@@', 'em@@', '.']
2026-05-24 09:20:37,764 - DEBUG - joeynmt.training - 	Tokenized hypothesis: ['De', 'ar@@', 'c@@', 'isch@@', 'e', 'ij@@', 'ij@@', 's', 'in', 'een', 'zin@@', 'e', 'zin', 'van', 'het', 'ge@@', 'en', 'van', 'de', 'glob@@', 'al@@', 'e', 'kli@@', 'maat@@', 'syste@@', 'em@@', '<unk>', '</s>']
2026-05-24 09:20:37,764 - INFO - joeynmt.training - 	Source:     The ar@@ c@@ tic ic@@ e cap is@@ , in a sen@@ se@@ , the be@@ at@@ ing hear@@ t of the glob@@ al cli@@ mat@@ e system@@ .
2026-05-24 09:20:37,765 - INFO - joeynmt.training - 	Reference:  De ij@@ sk@@ ap op de Noor@@ d@@ p@@ ool is in ze@@ ker@@ e zin het kl@@ op@@ pen@@ d har@@ t van ons glob@@ aal kli@@ maat@@ syste@@ em@@ .
2026-05-24 09:20:37,765 - INFO - joeynmt.training - 	Hypothesis: De ar@@ c@@ isch@@ e ij@@ ij@@ s in een zin@@ e zin van het ge@@ en van de glob@@ al@@ e kli@@ maat@@ syste@@ em@@ <unk>
2026-05-24 09:20:37,765 - INFO - joeynmt.training - Example #3
2026-05-24 09:20:37,765 - DEBUG - joeynmt.training - 	Tokenized source:     ['I@@', 't', 'ex@@', 'p@@', 'and@@', 's', 'in', 'w@@', 'inter', 'and', 'con@@', 'trac@@', 'ts', 'in', 'su@@', 'm@@', 'mer@@', '.']
2026-05-24 09:20:37,765 - DEBUG - joeynmt.training - 	Tokenized reference:  ['H@@', 'et', 'zet', 'uit', 'in', 'de', 'w@@', 'inter', 'en', 'k@@', 'ri@@', 'mp@@', 't', 'in', 'de', 'zom@@', 'er@@', '.']
2026-05-24 09:20:37,765 - DEBUG - joeynmt.training - 	Tokenized hypothesis: ['H@@', 'et', 'ex@@', 'p@@', 'and@@', 's', 'in', 'w@@', 'inter', 'en', 'ver@@', 'tre@@', 'kken', 'en', 'ver@@', 'tre@@', 'kken@@', '<unk>', '</s>']
2026-05-24 09:20:37,765 - INFO - joeynmt.training - 	Source:     I@@ t ex@@ p@@ and@@ s in w@@ inter and con@@ trac@@ ts in su@@ m@@ mer@@ .
2026-05-24 09:20:37,765 - INFO - joeynmt.training - 	Reference:  H@@ et zet uit in de w@@ inter en k@@ ri@@ mp@@ t in de zom@@ er@@ .
2026-05-24 09:20:37,766 - INFO - joeynmt.training - 	Hypothesis: H@@ et ex@@ p@@ and@@ s in w@@ inter en ver@@ tre@@ kken en ver@@ tre@@ kken@@ <unk>
2026-05-24 09:20:37,766 - INFO - joeynmt.training - Example #4
2026-05-24 09:20:37,766 - DEBUG - joeynmt.training - 	Tokenized source:     ['The', 'ne@@', 'x@@', 't', 'sli@@', 'de', 'I', 'sho@@', 'w', 'you', 'will', 'be', 'a', 'ra@@', 'p@@', 'id', 'fa@@', 'st-@@', 'for@@', 'war@@', 'd', 'of', 'what@@', "'@@", 's', 'happen@@', 'ed', 'over', 'the', 'la@@', 'st', '2@@', '5', 'year@@', 's@@', '.']
2026-05-24 09:20:37,766 - DEBUG - joeynmt.training - 	Tokenized reference:  ['De', 'volgen@@', 'de', 'dia', 'die', 'ik', 'laat', 'zi@@', 'en', 'is', 'een', 'ver@@', 'snel@@', 'de', 'vers@@', 'ie', 'van', 'wat', 'er', 'de', 'af@@', 'gel@@', 'open', '2@@', '5', 'j@@', 'aar', 'is', 'gebeur@@', 'd@@', '.']
2026-05-24 09:20:37,766 - DEBUG - joeynmt.training - 	Tokenized hypothesis: ['De', 'volgen@@', 'de', 'dia', 'die', 'ik', 'laat', 'zi@@', 'en', 'dat', 'ik', 'j@@', 'ul@@', 'lie', 'een', 'ra@@', 'p@@', 'id', 'van', 'wat', 'er', 'gebeur@@', 'de', 'van', 'de', 'laat@@', 'ste', '2@@', '5', 'j@@', 'aar', 'gebeur@@', 'd@@', '<unk>', '</s>']
2026-05-24 09:20:37,766 - INFO - joeynmt.training - 	Source:     The ne@@ x@@ t sli@@ de I sho@@ w you will be a ra@@ p@@ id fa@@ st-@@ for@@ war@@ d of what@@ '@@ s happen@@ ed over the la@@ st 2@@ 5 year@@ s@@ .
2026-05-24 09:20:37,766 - INFO - joeynmt.training - 	Reference:  De volgen@@ de dia die ik laat zi@@ en is een ver@@ snel@@ de vers@@ ie van wat er de af@@ gel@@ open 2@@ 5 j@@ aar is gebeur@@ d@@ .
2026-05-24 09:20:37,766 - INFO - joeynmt.training - 	Hypothesis: De volgen@@ de dia die ik laat zi@@ en dat ik j@@ ul@@ lie een ra@@ p@@ id van wat er gebeur@@ de van de laat@@ ste 2@@ 5 j@@ aar gebeur@@ d@@ <unk>
2026-05-24 09:21:14,134 - INFO - joeynmt.training - Epoch   4, Step:    14600, Batch Loss:     1.308723, Batch Acc: 0.583248, Tokens per Sec:     2081, Lr: 0.000300
2026-05-24 09:21:49,224 - INFO - joeynmt.training - Epoch   4, Step:    14700, Batch Loss:     1.381926, Batch Acc: 0.581189, Tokens per Sec:     2090, Lr: 0.000300
2026-05-24 09:22:24,425 - INFO - joeynmt.training - Epoch   4, Step:    14800, Batch Loss:     1.433801, Batch Acc: 0.580901, Tokens per Sec:     2059, Lr: 0.000300
2026-05-24 09:22:59,396 - INFO - joeynmt.training - Epoch   4, Step:    14900, Batch Loss:     1.232389, Batch Acc: 0.580775, Tokens per Sec:     2125, Lr: 0.000300
2026-05-24 09:23:34,108 - INFO - joeynmt.training - Epoch   4, Step:    15000, Batch Loss:     1.537394, Batch Acc: 0.588296, Tokens per Sec:     2175, Lr: 0.000300
2026-05-24 09:23:34,108 - INFO - joeynmt.prediction - Predicting 1003 example(s)... (Greedy decoding with min_output_length=1, max_output_length=100, return_prob='none', generate_unk=True, repetition_penalty=-1, no_repeat_ngram_size=-1)
2026-05-24 09:25:10,693 - INFO - joeynmt.metrics - nrefs:1|case:mixed|eff:no|tok:13a|smooth:exp|version:2.6.0
2026-05-24 09:25:10,693 - INFO - joeynmt.prediction - Evaluation result (greedy) bleu:  34.89, loss:   1.77, ppl:   5.84, acc:   0.51, generation: 96.2747[sec], evaluation: 0.2997[sec]
2026-05-24 09:25:10,695 - INFO - joeynmt.training - Hooray! New best validation result [ppl]!
2026-05-24 09:25:10,735 - INFO - joeynmt.helpers - delete output_bpe5000/12000.ckpt
2026-05-24 09:25:10,740 - INFO - joeynmt.training - Example #0
2026-05-24 09:25:10,740 - DEBUG - joeynmt.training - 	Tokenized source:     ['\ufeffLa@@', 'st', 'year', 'I', 'sho@@', 'we@@', 'd', 'thes@@', 'e', 'tw@@', 'o', 'sli@@', 'de@@', 's', 'so', 'that', 'de@@', 'mon@@', 'strate', 'that', 'the', 'ar@@', 'c@@', 'tic', 'ic@@', 'e', 'cap@@', ',', 'wh@@', 'ich', 'for', 'mo@@', 'st', 'of', 'the', 'la@@', 'st', 'th@@', 'ree', 'milli@@', 'on', 'year@@', 's', 'ha@@', 's', 'be@@', 'en', 'the', 'si@@', 'ze', 'of', 'the', 'lo@@', 'wer', '4@@', '8', 'stat@@', 'es@@', ',', 'ha@@', 's', 'sh@@', 'run@@', 'k', 'b@@', 'y', '4@@', '0', 'percen@@', 't@@', '.']
2026-05-24 09:25:10,740 - DEBUG - joeynmt.training - 	Tokenized reference:  ['\ufeffV@@', 'orig', 'j@@', 'aar', 'lie@@', 't', 'ik', 'de@@', 'ze', 'twee', 'dia@@', "'@@", 's', 'zi@@', 'en', 'om', 'aan', 'te', 'ton@@', 'en', 'dat', 'de', 'p@@', 'ool@@', 'ij@@', 'sk@@', 'ap@@', ',', 'die', 'de', 'af@@', 'gel@@', 'open', 'drie', 'miljo@@', 'en', 'j@@', 'aar', 'onge@@', 've@@', 'er', 'de', 'groot@@', 'te', 'had', 'van', 'het', 'va@@', 'stel@@', 'and', 'van', 'de', 'V@@', 'S@@', ',', 'met', '4@@', '0@@', '%', 'gek@@', 'ro@@', 'mp@@', 'en', 'was@@', '.']
2026-05-24 09:25:10,740 - DEBUG - joeynmt.training - 	Tokenized hypothesis: ['I@@', 'k', 'lie@@', 't', 'j@@', 'aar', 'lie@@', 't', 'ik', 'de@@', 'ze', 'twee', 'dia', 'zo@@', 'dat', 'de', 'ar@@', 'c@@', 't@@', 'isch@@', 'e', 'ij@@', 'fer', 'van', 'de', 'laat@@', 'ste', 'drie', 'miljo@@', 'en', 'j@@', 'aar', 'is', 'de', 'groot@@', 'te', 'van', 'de', 'laat@@', 'ste', 'drie', 'miljo@@', 'en', 'j@@', 'aar', 'is', 'de', 'groot@@', 'te', 'van', 'de', 'la@@', 'gere', '4@@', '0', 'pro@@', 'cen@@', 't@@', '<unk>', '</s>']
2026-05-24 09:25:10,741 - INFO - joeynmt.training - 	Source:     ﻿La@@ st year I sho@@ we@@ d thes@@ e tw@@ o sli@@ de@@ s so that de@@ mon@@ strate that the ar@@ c@@ tic ic@@ e cap@@ , wh@@ ich for mo@@ st of the la@@ st th@@ ree milli@@ on year@@ s ha@@ s be@@ en the si@@ ze of the lo@@ wer 4@@ 8 stat@@ es@@ , ha@@ s sh@@ run@@ k b@@ y 4@@ 0 percen@@ t@@ .
2026-05-24 09:25:10,741 - INFO - joeynmt.training - 	Reference:  ﻿V@@ orig j@@ aar lie@@ t ik de@@ ze twee dia@@ '@@ s zi@@ en om aan te ton@@ en dat de p@@ ool@@ ij@@ sk@@ ap@@ , die de af@@ gel@@ open drie miljo@@ en j@@ aar onge@@ ve@@ er de groot@@ te had van het va@@ stel@@ and van de V@@ S@@ , met 4@@ 0@@ % gek@@ ro@@ mp@@ en was@@ .
2026-05-24 09:25:10,741 - INFO - joeynmt.training - 	Hypothesis: I@@ k lie@@ t j@@ aar lie@@ t ik de@@ ze twee dia zo@@ dat de ar@@ c@@ t@@ isch@@ e ij@@ fer van de laat@@ ste drie miljo@@ en j@@ aar is de groot@@ te van de laat@@ ste drie miljo@@ en j@@ aar is de groot@@ te van de la@@ gere 4@@ 0 pro@@ cen@@ t@@ <unk>
2026-05-24 09:25:10,741 - INFO - joeynmt.training - Example #1
2026-05-24 09:25:10,741 - DEBUG - joeynmt.training - 	Tokenized source:     ['Bu@@', 't', 'th@@', 'is', 'under@@', 'stat@@', 'es', 'the', 'ser@@', 'i@@', 'ou@@', 'sn@@', 'ess', 'of', 'th@@', 'is', 'particul@@', 'ar', 'proble@@', 'm', 'beca@@', 'us@@', 'e', 'it', 'does@@', 'n@@', "'@@", 't', 'sho@@', 'w', 'the', 'th@@', 'ic@@', 'kn@@', 'ess', 'of', 'the', 'ic@@', 'e@@', '.']
2026-05-24 09:25:10,741 - DEBUG - joeynmt.training - 	Tokenized reference:  ['M@@', 'aar', 'dit', 'onder@@', 'sch@@', 'at', 'eigen@@', 'lijk', 'de', 'ern@@', 'st', 'van', 'dit', 'specif@@', 'ie@@', 'ke', 'proble@@', 'em', 'om@@', 'dat', 'het', 'nie@@', 't', 'de', 'di@@', 'k@@', 'te', 'van', 'het', 'ij@@', 's', 'laat', 'zi@@', 'en@@', '.']
2026-05-24 09:25:10,741 - DEBUG - joeynmt.training - 	Tokenized hypothesis: ['M@@', 'aar', 'dit', 'onder@@', 'handel@@', 'en', 'de', 'ser@@', 'ie@@', 'us', 'van', 'dit', 'bij@@', 'zonder@@', 'e', 'proble@@', 'em', 'om@@', 'dat', 'het', 'nie@@', 't', 'de', 'di@@', 'k@@', 'te', 'van', 'het', 'ij@@', 'ne', 'van', 'het', 'ij@@', 's@@', '<unk>', '</s>']
2026-05-24 09:25:10,741 - INFO - joeynmt.training - 	Source:     Bu@@ t th@@ is under@@ stat@@ es the ser@@ i@@ ou@@ sn@@ ess of th@@ is particul@@ ar proble@@ m beca@@ us@@ e it does@@ n@@ '@@ t sho@@ w the th@@ ic@@ kn@@ ess of the ic@@ e@@ .
2026-05-24 09:25:10,742 - INFO - joeynmt.training - 	Reference:  M@@ aar dit onder@@ sch@@ at eigen@@ lijk de ern@@ st van dit specif@@ ie@@ ke proble@@ em om@@ dat het nie@@ t de di@@ k@@ te van het ij@@ s laat zi@@ en@@ .
2026-05-24 09:25:10,742 - INFO - joeynmt.training - 	Hypothesis: M@@ aar dit onder@@ handel@@ en de ser@@ ie@@ us van dit bij@@ zonder@@ e proble@@ em om@@ dat het nie@@ t de di@@ k@@ te van het ij@@ ne van het ij@@ s@@ <unk>
2026-05-24 09:25:10,742 - INFO - joeynmt.training - Example #2
2026-05-24 09:25:10,742 - DEBUG - joeynmt.training - 	Tokenized source:     ['The', 'ar@@', 'c@@', 'tic', 'ic@@', 'e', 'cap', 'is@@', ',', 'in', 'a', 'sen@@', 'se@@', ',', 'the', 'be@@', 'at@@', 'ing', 'hear@@', 't', 'of', 'the', 'glob@@', 'al', 'cli@@', 'mat@@', 'e', 'system@@', '.']
2026-05-24 09:25:10,742 - DEBUG - joeynmt.training - 	Tokenized reference:  ['De', 'ij@@', 'sk@@', 'ap', 'op', 'de', 'Noor@@', 'd@@', 'p@@', 'ool', 'is', 'in', 'ze@@', 'ker@@', 'e', 'zin', 'het', 'kl@@', 'op@@', 'pen@@', 'd', 'har@@', 't', 'van', 'ons', 'glob@@', 'aal', 'kli@@', 'maat@@', 'syste@@', 'em@@', '.']
2026-05-24 09:25:10,742 - DEBUG - joeynmt.training - 	Tokenized hypothesis: ['De', 'ar@@', 'c@@', 'eer@@', 'de', 'ij@@', 'e', 'ij@@', 'l@@', ',', 'in', 'een', 'zin', 'van', 'het', 'wereldwij@@', 'de', 'gehoor@@', 'd', 'van', 'de', 'glob@@', 'al@@', 'e', 'kli@@', 'maat@@', 'syste@@', 'em@@', '<unk>', '</s>']
2026-05-24 09:25:10,742 - INFO - joeynmt.training - 	Source:     The ar@@ c@@ tic ic@@ e cap is@@ , in a sen@@ se@@ , the be@@ at@@ ing hear@@ t of the glob@@ al cli@@ mat@@ e system@@ .
2026-05-24 09:25:10,742 - INFO - joeynmt.training - 	Reference:  De ij@@ sk@@ ap op de Noor@@ d@@ p@@ ool is in ze@@ ker@@ e zin het kl@@ op@@ pen@@ d har@@ t van ons glob@@ aal kli@@ maat@@ syste@@ em@@ .
2026-05-24 09:25:10,743 - INFO - joeynmt.training - 	Hypothesis: De ar@@ c@@ eer@@ de ij@@ e ij@@ l@@ , in een zin van het wereldwij@@ de gehoor@@ d van de glob@@ al@@ e kli@@ maat@@ syste@@ em@@ <unk>
2026-05-24 09:25:10,743 - INFO - joeynmt.training - Example #3
2026-05-24 09:25:10,743 - DEBUG - joeynmt.training - 	Tokenized source:     ['I@@', 't', 'ex@@', 'p@@', 'and@@', 's', 'in', 'w@@', 'inter', 'and', 'con@@', 'trac@@', 'ts', 'in', 'su@@', 'm@@', 'mer@@', '.']
2026-05-24 09:25:10,743 - DEBUG - joeynmt.training - 	Tokenized reference:  ['H@@', 'et', 'zet', 'uit', 'in', 'de', 'w@@', 'inter', 'en', 'k@@', 'ri@@', 'mp@@', 't', 'in', 'de', 'zom@@', 'er@@', '.']
2026-05-24 09:25:10,743 - DEBUG - joeynmt.training - 	Tokenized hypothesis: ['H@@', 'et', 'ex@@', 'p@@', 'and@@', 's', 'in', 'w@@', 'inter', 'en', 'con@@', 'trac@@', 'ten', 'in', 'de', 'zom@@', 'er@@', '<unk>', '</s>']
2026-05-24 09:25:10,743 - INFO - joeynmt.training - 	Source:     I@@ t ex@@ p@@ and@@ s in w@@ inter and con@@ trac@@ ts in su@@ m@@ mer@@ .
2026-05-24 09:25:10,743 - INFO - joeynmt.training - 	Reference:  H@@ et zet uit in de w@@ inter en k@@ ri@@ mp@@ t in de zom@@ er@@ .
2026-05-24 09:25:10,743 - INFO - joeynmt.training - 	Hypothesis: H@@ et ex@@ p@@ and@@ s in w@@ inter en con@@ trac@@ ten in de zom@@ er@@ <unk>
2026-05-24 09:25:10,743 - INFO - joeynmt.training - Example #4
2026-05-24 09:25:10,743 - DEBUG - joeynmt.training - 	Tokenized source:     ['The', 'ne@@', 'x@@', 't', 'sli@@', 'de', 'I', 'sho@@', 'w', 'you', 'will', 'be', 'a', 'ra@@', 'p@@', 'id', 'fa@@', 'st-@@', 'for@@', 'war@@', 'd', 'of', 'what@@', "'@@", 's', 'happen@@', 'ed', 'over', 'the', 'la@@', 'st', '2@@', '5', 'year@@', 's@@', '.']
2026-05-24 09:25:10,743 - DEBUG - joeynmt.training - 	Tokenized reference:  ['De', 'volgen@@', 'de', 'dia', 'die', 'ik', 'laat', 'zi@@', 'en', 'is', 'een', 'ver@@', 'snel@@', 'de', 'vers@@', 'ie', 'van', 'wat', 'er', 'de', 'af@@', 'gel@@', 'open', '2@@', '5', 'j@@', 'aar', 'is', 'gebeur@@', 'd@@', '.']
2026-05-24 09:25:10,743 - DEBUG - joeynmt.training - 	Tokenized hypothesis: ['De', 'volgen@@', 'de', 'dia', 'z@@', 'al', 'ik', 'j@@', 'ul@@', 'lie', 'z@@', 'al', 'een', 'ra@@', 'pp@@', 'i@@', 'ge', 'fa@@', 'st@@', 'aan@@', '<unk>', '</s>']
2026-05-24 09:25:10,743 - INFO - joeynmt.training - 	Source:     The ne@@ x@@ t sli@@ de I sho@@ w you will be a ra@@ p@@ id fa@@ st-@@ for@@ war@@ d of what@@ '@@ s happen@@ ed over the la@@ st 2@@ 5 year@@ s@@ .
2026-05-24 09:25:10,743 - INFO - joeynmt.training - 	Reference:  De volgen@@ de dia die ik laat zi@@ en is een ver@@ snel@@ de vers@@ ie van wat er de af@@ gel@@ open 2@@ 5 j@@ aar is gebeur@@ d@@ .
2026-05-24 09:25:10,744 - INFO - joeynmt.training - 	Hypothesis: De volgen@@ de dia z@@ al ik j@@ ul@@ lie z@@ al een ra@@ pp@@ i@@ ge fa@@ st@@ aan@@ <unk>
2026-05-24 09:25:46,222 - INFO - joeynmt.training - Epoch   4, Step:    15100, Batch Loss:     1.644401, Batch Acc: 0.579876, Tokens per Sec:     2060, Lr: 0.000300
2026-05-24 09:26:21,843 - INFO - joeynmt.training - Epoch   4, Step:    15200, Batch Loss:     1.581217, Batch Acc: 0.585119, Tokens per Sec:     2104, Lr: 0.000300
2026-05-24 09:26:57,303 - INFO - joeynmt.training - Epoch   4, Step:    15300, Batch Loss:     1.285835, Batch Acc: 0.585912, Tokens per Sec:     2112, Lr: 0.000300
2026-05-24 09:27:32,577 - INFO - joeynmt.training - Epoch   4, Step:    15400, Batch Loss:     1.488873, Batch Acc: 0.579807, Tokens per Sec:     2123, Lr: 0.000300
2026-05-24 09:28:07,671 - INFO - joeynmt.training - Epoch   4, Step:    15500, Batch Loss:     1.428401, Batch Acc: 0.590107, Tokens per Sec:     2102, Lr: 0.000300
2026-05-24 09:28:07,671 - INFO - joeynmt.prediction - Predicting 1003 example(s)... (Greedy decoding with min_output_length=1, max_output_length=100, return_prob='none', generate_unk=True, repetition_penalty=-1, no_repeat_ngram_size=-1)
2026-05-24 09:31:00,604 - INFO - joeynmt.metrics - nrefs:1|case:mixed|eff:no|tok:13a|smooth:exp|version:2.6.0
2026-05-24 09:31:00,605 - INFO - joeynmt.prediction - Evaluation result (greedy) bleu:  35.93, loss:   1.75, ppl:   5.78, acc:   0.51, generation: 172.5105[sec], evaluation: 0.4076[sec]
2026-05-24 09:31:00,607 - INFO - joeynmt.training - Hooray! New best validation result [ppl]!
2026-05-24 09:31:00,671 - INFO - joeynmt.helpers - delete output_bpe5000/13000.ckpt
2026-05-24 09:31:00,679 - INFO - joeynmt.training - Example #0
2026-05-24 09:31:00,679 - DEBUG - joeynmt.training - 	Tokenized source:     ['\ufeffLa@@', 'st', 'year', 'I', 'sho@@', 'we@@', 'd', 'thes@@', 'e', 'tw@@', 'o', 'sli@@', 'de@@', 's', 'so', 'that', 'de@@', 'mon@@', 'strate', 'that', 'the', 'ar@@', 'c@@', 'tic', 'ic@@', 'e', 'cap@@', ',', 'wh@@', 'ich', 'for', 'mo@@', 'st', 'of', 'the', 'la@@', 'st', 'th@@', 'ree', 'milli@@', 'on', 'year@@', 's', 'ha@@', 's', 'be@@', 'en', 'the', 'si@@', 'ze', 'of', 'the', 'lo@@', 'wer', '4@@', '8', 'stat@@', 'es@@', ',', 'ha@@', 's', 'sh@@', 'run@@', 'k', 'b@@', 'y', '4@@', '0', 'percen@@', 't@@', '.']
2026-05-24 09:31:00,679 - DEBUG - joeynmt.training - 	Tokenized reference:  ['\ufeffV@@', 'orig', 'j@@', 'aar', 'lie@@', 't', 'ik', 'de@@', 'ze', 'twee', 'dia@@', "'@@", 's', 'zi@@', 'en', 'om', 'aan', 'te', 'ton@@', 'en', 'dat', 'de', 'p@@', 'ool@@', 'ij@@', 'sk@@', 'ap@@', ',', 'die', 'de', 'af@@', 'gel@@', 'open', 'drie', 'miljo@@', 'en', 'j@@', 'aar', 'onge@@', 've@@', 'er', 'de', 'groot@@', 'te', 'had', 'van', 'het', 'va@@', 'stel@@', 'and', 'van', 'de', 'V@@', 'S@@', ',', 'met', '4@@', '0@@', '%', 'gek@@', 'ro@@', 'mp@@', 'en', 'was@@', '.']
2026-05-24 09:31:00,679 - DEBUG - joeynmt.training - 	Tokenized hypothesis: ['I@@', 'k', 'lie@@', 't', 'j@@', 'aar', 'lie@@', 't', 'ik', 'de@@', 'ze', 'twee', 'dia@@', "'@@", 's', 'zo@@', 'dat', 'de@@', 'mon@@', 'str@@', 'oom', 'dat', 'de', 'ar@@', 'c@@', 'isch@@', 'e', 'cap@@', 'e@@', ',', 'die', 'voor', 'de', 'mee@@', 'ste', 'drie', 'miljo@@', 'en', 'j@@', 'aar', 'is', 'de', 'groot@@', 'te', 'van', 'de', 'la@@', 'gere', '4@@', '0', 'pro@@', 'cen@@', 't@@', '<unk>', '</s>']
2026-05-24 09:31:00,680 - INFO - joeynmt.training - 	Source:     ﻿La@@ st year I sho@@ we@@ d thes@@ e tw@@ o sli@@ de@@ s so that de@@ mon@@ strate that the ar@@ c@@ tic ic@@ e cap@@ , wh@@ ich for mo@@ st of the la@@ st th@@ ree milli@@ on year@@ s ha@@ s be@@ en the si@@ ze of the lo@@ wer 4@@ 8 stat@@ es@@ , ha@@ s sh@@ run@@ k b@@ y 4@@ 0 percen@@ t@@ .
2026-05-24 09:31:00,680 - INFO - joeynmt.training - 	Reference:  ﻿V@@ orig j@@ aar lie@@ t ik de@@ ze twee dia@@ '@@ s zi@@ en om aan te ton@@ en dat de p@@ ool@@ ij@@ sk@@ ap@@ , die de af@@ gel@@ open drie miljo@@ en j@@ aar onge@@ ve@@ er de groot@@ te had van het va@@ stel@@ and van de V@@ S@@ , met 4@@ 0@@ % gek@@ ro@@ mp@@ en was@@ .
2026-05-24 09:31:00,680 - INFO - joeynmt.training - 	Hypothesis: I@@ k lie@@ t j@@ aar lie@@ t ik de@@ ze twee dia@@ '@@ s zo@@ dat de@@ mon@@ str@@ oom dat de ar@@ c@@ isch@@ e cap@@ e@@ , die voor de mee@@ ste drie miljo@@ en j@@ aar is de groot@@ te van de la@@ gere 4@@ 0 pro@@ cen@@ t@@ <unk>
2026-05-24 09:31:00,680 - INFO - joeynmt.training - Example #1
2026-05-24 09:31:00,680 - DEBUG - joeynmt.training - 	Tokenized source:     ['Bu@@', 't', 'th@@', 'is', 'under@@', 'stat@@', 'es', 'the', 'ser@@', 'i@@', 'ou@@', 'sn@@', 'ess', 'of', 'th@@', 'is', 'particul@@', 'ar', 'proble@@', 'm', 'beca@@', 'us@@', 'e', 'it', 'does@@', 'n@@', "'@@", 't', 'sho@@', 'w', 'the', 'th@@', 'ic@@', 'kn@@', 'ess', 'of', 'the', 'ic@@', 'e@@', '.']
2026-05-24 09:31:00,680 - DEBUG - joeynmt.training - 	Tokenized reference:  ['M@@', 'aar', 'dit', 'onder@@', 'sch@@', 'at', 'eigen@@', 'lijk', 'de', 'ern@@', 'st', 'van', 'dit', 'specif@@', 'ie@@', 'ke', 'proble@@', 'em', 'om@@', 'dat', 'het', 'nie@@', 't', 'de', 'di@@', 'k@@', 'te', 'van', 'het', 'ij@@', 's', 'laat', 'zi@@', 'en@@', '.']
2026-05-24 09:31:00,680 - DEBUG - joeynmt.training - 	Tokenized hypothesis: ['M@@', 'aar', 'dit', 'beg@@', 're@@', 'ep', 'de', 'ser@@', 'ie@@', 'us', 'van', 'dit', 'specif@@', 'ie@@', 'ke', 'proble@@', 'em', 'om@@', 'dat', 'het', 'nie@@', 't', 'zi@@', 'en', 'dat', 'het', 'he@@', 'm', 'nie@@', 't', 'zi@@', 'en@@', '<unk>', '</s>']
2026-05-24 09:31:00,680 - INFO - joeynmt.training - 	Source:     Bu@@ t th@@ is under@@ stat@@ es the ser@@ i@@ ou@@ sn@@ ess of th@@ is particul@@ ar proble@@ m beca@@ us@@ e it does@@ n@@ '@@ t sho@@ w the th@@ ic@@ kn@@ ess of the ic@@ e@@ .
2026-05-24 09:31:00,681 - INFO - joeynmt.training - 	Reference:  M@@ aar dit onder@@ sch@@ at eigen@@ lijk de ern@@ st van dit specif@@ ie@@ ke proble@@ em om@@ dat het nie@@ t de di@@ k@@ te van het ij@@ s laat zi@@ en@@ .
2026-05-24 09:31:00,681 - INFO - joeynmt.training - 	Hypothesis: M@@ aar dit beg@@ re@@ ep de ser@@ ie@@ us van dit specif@@ ie@@ ke proble@@ em om@@ dat het nie@@ t zi@@ en dat het he@@ m nie@@ t zi@@ en@@ <unk>
2026-05-24 09:31:00,681 - INFO - joeynmt.training - Example #2
2026-05-24 09:31:00,681 - DEBUG - joeynmt.training - 	Tokenized source:     ['The', 'ar@@', 'c@@', 'tic', 'ic@@', 'e', 'cap', 'is@@', ',', 'in', 'a', 'sen@@', 'se@@', ',', 'the', 'be@@', 'at@@', 'ing', 'hear@@', 't', 'of', 'the', 'glob@@', 'al', 'cli@@', 'mat@@', 'e', 'system@@', '.']
2026-05-24 09:31:00,681 - DEBUG - joeynmt.training - 	Tokenized reference:  ['De', 'ij@@', 'sk@@', 'ap', 'op', 'de', 'Noor@@', 'd@@', 'p@@', 'ool', 'is', 'in', 'ze@@', 'ker@@', 'e', 'zin', 'het', 'kl@@', 'op@@', 'pen@@', 'd', 'har@@', 't', 'van', 'ons', 'glob@@', 'aal', 'kli@@', 'maat@@', 'syste@@', 'em@@', '.']
2026-05-24 09:31:00,681 - DEBUG - joeynmt.training - 	Tokenized hypothesis: ['De', 'ar@@', 'c@@', 'isch@@', 'e', 'ij@@', 'fer@@', ',', 'in', 'een', 'zin', 'van', 'het', 'ge@@', 'zi@@', 'en', 'van', 'het', 'glob@@', 'al@@', 'e', 'kli@@', 'maat@@', 'syste@@', 'em', 'is@@', '<unk>', '</s>']
2026-05-24 09:31:00,682 - INFO - joeynmt.training - 	Source:     The ar@@ c@@ tic ic@@ e cap is@@ , in a sen@@ se@@ , the be@@ at@@ ing hear@@ t of the glob@@ al cli@@ mat@@ e system@@ .
2026-05-24 09:31:00,682 - INFO - joeynmt.training - 	Reference:  De ij@@ sk@@ ap op de Noor@@ d@@ p@@ ool is in ze@@ ker@@ e zin het kl@@ op@@ pen@@ d har@@ t van ons glob@@ aal kli@@ maat@@ syste@@ em@@ .
2026-05-24 09:31:00,682 - INFO - joeynmt.training - 	Hypothesis: De ar@@ c@@ isch@@ e ij@@ fer@@ , in een zin van het ge@@ zi@@ en van het glob@@ al@@ e kli@@ maat@@ syste@@ em is@@ <unk>
2026-05-24 09:31:00,682 - INFO - joeynmt.training - Example #3
2026-05-24 09:31:00,682 - DEBUG - joeynmt.training - 	Tokenized source:     ['I@@', 't', 'ex@@', 'p@@', 'and@@', 's', 'in', 'w@@', 'inter', 'and', 'con@@', 'trac@@', 'ts', 'in', 'su@@', 'm@@', 'mer@@', '.']
2026-05-24 09:31:00,682 - DEBUG - joeynmt.training - 	Tokenized reference:  ['H@@', 'et', 'zet', 'uit', 'in', 'de', 'w@@', 'inter', 'en', 'k@@', 'ri@@', 'mp@@', 't', 'in', 'de', 'zom@@', 'er@@', '.']
2026-05-24 09:31:00,682 - DEBUG - joeynmt.training - 	Tokenized hypothesis: ['H@@', 'et', 'ex@@', 'p@@', 'and@@', 's', 'in', 'w@@', 'inter', 'en', 'con@@', 'trac@@', 'ten', 'in', 'de', 'zom@@', 'er', 'in', 'de', 'zom@@', 'er', 'in', 'de', 'zom@@', 'er', 'in', 'de', 'w@@', 'inter', 'en', 'ver@@', 'tre@@', 'kken', 'in', 'de', 'w@@', 'inter', 'en', 'con@@', 'trac@@', 'ten', 'in', 'de', 'w@@', 'inter', 'en', 'con@@', 'trac@@', 'ten', 'in', 'de', 'zom@@', 'er@@', '<unk>', '</s>']
2026-05-24 09:31:00,683 - INFO - joeynmt.training - 	Source:     I@@ t ex@@ p@@ and@@ s in w@@ inter and con@@ trac@@ ts in su@@ m@@ mer@@ .
2026-05-24 09:31:00,683 - INFO - joeynmt.training - 	Reference:  H@@ et zet uit in de w@@ inter en k@@ ri@@ mp@@ t in de zom@@ er@@ .
2026-05-24 09:31:00,683 - INFO - joeynmt.training - 	Hypothesis: H@@ et ex@@ p@@ and@@ s in w@@ inter en con@@ trac@@ ten in de zom@@ er in de zom@@ er in de zom@@ er in de w@@ inter en ver@@ tre@@ kken in de w@@ inter en con@@ trac@@ ten in de w@@ inter en con@@ trac@@ ten in de zom@@ er@@ <unk>
2026-05-24 09:31:00,683 - INFO - joeynmt.training - Example #4
2026-05-24 09:31:00,683 - DEBUG - joeynmt.training - 	Tokenized source:     ['The', 'ne@@', 'x@@', 't', 'sli@@', 'de', 'I', 'sho@@', 'w', 'you', 'will', 'be', 'a', 'ra@@', 'p@@', 'id', 'fa@@', 'st-@@', 'for@@', 'war@@', 'd', 'of', 'what@@', "'@@", 's', 'happen@@', 'ed', 'over', 'the', 'la@@', 'st', '2@@', '5', 'year@@', 's@@', '.']
2026-05-24 09:31:00,683 - DEBUG - joeynmt.training - 	Tokenized reference:  ['De', 'volgen@@', 'de', 'dia', 'die', 'ik', 'laat', 'zi@@', 'en', 'is', 'een', 'ver@@', 'snel@@', 'de', 'vers@@', 'ie', 'van', 'wat', 'er', 'de', 'af@@', 'gel@@', 'open', '2@@', '5', 'j@@', 'aar', 'is', 'gebeur@@', 'd@@', '.']
2026-05-24 09:31:00,683 - DEBUG - joeynmt.training - 	Tokenized hypothesis: ['De', 'volgen@@', 'de', 'dia', 'die', 'ik', 'laat', 'zi@@', 'en', 'dat', 'ik', 'j@@', 'ul@@', 'lie', 'een', 'ra@@', 'p@@', 'id', 'mis@@', 'lu@@', 'i@@', 'der@@', 's', 'van', 'wat', 'er', 'gebeur@@', 'de', 'de', 'de', 'laat@@', 'ste', '2@@', '5', 'j@@', 'aar@@', '<unk>', '</s>']
2026-05-24 09:31:00,684 - INFO - joeynmt.training - 	Source:     The ne@@ x@@ t sli@@ de I sho@@ w you will be a ra@@ p@@ id fa@@ st-@@ for@@ war@@ d of what@@ '@@ s happen@@ ed over the la@@ st 2@@ 5 year@@ s@@ .
2026-05-24 09:31:00,684 - INFO - joeynmt.training - 	Reference:  De volgen@@ de dia die ik laat zi@@ en is een ver@@ snel@@ de vers@@ ie van wat er de af@@ gel@@ open 2@@ 5 j@@ aar is gebeur@@ d@@ .
2026-05-24 09:31:00,684 - INFO - joeynmt.training - 	Hypothesis: De volgen@@ de dia die ik laat zi@@ en dat ik j@@ ul@@ lie een ra@@ p@@ id mis@@ lu@@ i@@ der@@ s van wat er gebeur@@ de de de laat@@ ste 2@@ 5 j@@ aar@@ <unk>
2026-05-24 09:31:58,237 - INFO - joeynmt.training - Epoch   4, Step:    15600, Batch Loss:     1.357984, Batch Acc: 0.585409, Tokens per Sec:     1318, Lr: 0.000300
2026-05-24 09:32:56,948 - INFO - joeynmt.training - Epoch   4, Step:    15700, Batch Loss:     1.258816, Batch Acc: 0.584758, Tokens per Sec:     1237, Lr: 0.000300
2026-05-24 09:33:55,399 - INFO - joeynmt.training - Epoch   4, Step:    15800, Batch Loss:     1.569800, Batch Acc: 0.586846, Tokens per Sec:     1234, Lr: 0.000300
2026-05-24 09:34:55,527 - INFO - joeynmt.training - Epoch   4, Step:    15900, Batch Loss:     1.264455, Batch Acc: 0.581858, Tokens per Sec:     1235, Lr: 0.000300
2026-05-24 09:35:57,102 - INFO - joeynmt.training - Epoch   4, Step:    16000, Batch Loss:     1.372184, Batch Acc: 0.587765, Tokens per Sec:     1231, Lr: 0.000300
2026-05-24 09:35:57,103 - INFO - joeynmt.prediction - Predicting 1003 example(s)... (Greedy decoding with min_output_length=1, max_output_length=100, return_prob='none', generate_unk=True, repetition_penalty=-1, no_repeat_ngram_size=-1)
2026-05-24 09:39:21,010 - INFO - joeynmt.metrics - nrefs:1|case:mixed|eff:no|tok:13a|smooth:exp|version:2.6.0
2026-05-24 09:39:21,011 - INFO - joeynmt.prediction - Evaluation result (greedy) bleu:  34.90, loss:   1.75, ppl:   5.73, acc:   0.52, generation: 203.3845[sec], evaluation: 0.5048[sec]
2026-05-24 09:39:21,013 - INFO - joeynmt.training - Hooray! New best validation result [ppl]!
2026-05-24 09:39:21,108 - INFO - joeynmt.helpers - delete output_bpe5000/13500.ckpt
2026-05-24 09:39:21,123 - INFO - joeynmt.training - Example #0
2026-05-24 09:39:21,123 - DEBUG - joeynmt.training - 	Tokenized source:     ['\ufeffLa@@', 'st', 'year', 'I', 'sho@@', 'we@@', 'd', 'thes@@', 'e', 'tw@@', 'o', 'sli@@', 'de@@', 's', 'so', 'that', 'de@@', 'mon@@', 'strate', 'that', 'the', 'ar@@', 'c@@', 'tic', 'ic@@', 'e', 'cap@@', ',', 'wh@@', 'ich', 'for', 'mo@@', 'st', 'of', 'the', 'la@@', 'st', 'th@@', 'ree', 'milli@@', 'on', 'year@@', 's', 'ha@@', 's', 'be@@', 'en', 'the', 'si@@', 'ze', 'of', 'the', 'lo@@', 'wer', '4@@', '8', 'stat@@', 'es@@', ',', 'ha@@', 's', 'sh@@', 'run@@', 'k', 'b@@', 'y', '4@@', '0', 'percen@@', 't@@', '.']
2026-05-24 09:39:21,124 - DEBUG - joeynmt.training - 	Tokenized reference:  ['\ufeffV@@', 'orig', 'j@@', 'aar', 'lie@@', 't', 'ik', 'de@@', 'ze', 'twee', 'dia@@', "'@@", 's', 'zi@@', 'en', 'om', 'aan', 'te', 'ton@@', 'en', 'dat', 'de', 'p@@', 'ool@@', 'ij@@', 'sk@@', 'ap@@', ',', 'die', 'de', 'af@@', 'gel@@', 'open', 'drie', 'miljo@@', 'en', 'j@@', 'aar', 'onge@@', 've@@', 'er', 'de', 'groot@@', 'te', 'had', 'van', 'het', 'va@@', 'stel@@', 'and', 'van', 'de', 'V@@', 'S@@', ',', 'met', '4@@', '0@@', '%', 'gek@@', 'ro@@', 'mp@@', 'en', 'was@@', '.']
2026-05-24 09:39:21,124 - DEBUG - joeynmt.training - 	Tokenized hypothesis: ['I@@', 'k', 'laat', 'de', 'twee', 'dia@@', "'@@", 's', 'zo@@', "'@@", 'n', 'twee', 'dia@@', "'@@", 's', 'zo@@', 'dat', 'de', 'ar@@', 'c@@', 't@@', 'isch@@', 'e', 'ij@@', 's@@', 'cap@@', ',', 'die', 'de', 'mee@@', 'ste', 'drie', 'miljo@@', 'en', 'j@@', 'aar', 'is', 'de', 'groot@@', 'ste', 'drie', 'miljo@@', 'en', 'j@@', 'aar', 'is', 'de', 'groot@@', 'te', 'van', 'de', 'la@@', 'ge', '4@@', '0', 'pro@@', 'cen@@', 't', 'ge@@', 'pa@@', 'st', 'door', '4@@', '0', 'pro@@', 'cen@@', 't', 'ge@@', 'zi@@', 'en@@', '<unk>', '</s>']
2026-05-24 09:39:21,124 - INFO - joeynmt.training - 	Source:     ﻿La@@ st year I sho@@ we@@ d thes@@ e tw@@ o sli@@ de@@ s so that de@@ mon@@ strate that the ar@@ c@@ tic ic@@ e cap@@ , wh@@ ich for mo@@ st of the la@@ st th@@ ree milli@@ on year@@ s ha@@ s be@@ en the si@@ ze of the lo@@ wer 4@@ 8 stat@@ es@@ , ha@@ s sh@@ run@@ k b@@ y 4@@ 0 percen@@ t@@ .
2026-05-24 09:39:21,125 - INFO - joeynmt.training - 	Reference:  ﻿V@@ orig j@@ aar lie@@ t ik de@@ ze twee dia@@ '@@ s zi@@ en om aan te ton@@ en dat de p@@ ool@@ ij@@ sk@@ ap@@ , die de af@@ gel@@ open drie miljo@@ en j@@ aar onge@@ ve@@ er de groot@@ te had van het va@@ stel@@ and van de V@@ S@@ , met 4@@ 0@@ % gek@@ ro@@ mp@@ en was@@ .
2026-05-24 09:39:21,126 - INFO - joeynmt.training - 	Hypothesis: I@@ k laat de twee dia@@ '@@ s zo@@ '@@ n twee dia@@ '@@ s zo@@ dat de ar@@ c@@ t@@ isch@@ e ij@@ s@@ cap@@ , die de mee@@ ste drie miljo@@ en j@@ aar is de groot@@ ste drie miljo@@ en j@@ aar is de groot@@ te van de la@@ ge 4@@ 0 pro@@ cen@@ t ge@@ pa@@ st door 4@@ 0 pro@@ cen@@ t ge@@ zi@@ en@@ <unk>
2026-05-24 09:39:21,126 - INFO - joeynmt.training - Example #1
2026-05-24 09:39:21,127 - DEBUG - joeynmt.training - 	Tokenized source:     ['Bu@@', 't', 'th@@', 'is', 'under@@', 'stat@@', 'es', 'the', 'ser@@', 'i@@', 'ou@@', 'sn@@', 'ess', 'of', 'th@@', 'is', 'particul@@', 'ar', 'proble@@', 'm', 'beca@@', 'us@@', 'e', 'it', 'does@@', 'n@@', "'@@", 't', 'sho@@', 'w', 'the', 'th@@', 'ic@@', 'kn@@', 'ess', 'of', 'the', 'ic@@', 'e@@', '.']
2026-05-24 09:39:21,127 - DEBUG - joeynmt.training - 	Tokenized reference:  ['M@@', 'aar', 'dit', 'onder@@', 'sch@@', 'at', 'eigen@@', 'lijk', 'de', 'ern@@', 'st', 'van', 'dit', 'specif@@', 'ie@@', 'ke', 'proble@@', 'em', 'om@@', 'dat', 'het', 'nie@@', 't', 'de', 'di@@', 'k@@', 'te', 'van', 'het', 'ij@@', 's', 'laat', 'zi@@', 'en@@', '.']
2026-05-24 09:39:21,127 - DEBUG - joeynmt.training - 	Tokenized hypothesis: ['M@@', 'aar', 'dit', 'onder@@', 'stat@@', 'en', 'de', 'ser@@', 'ie@@', 'us', 'van', 'dit', 'specif@@', 'ie@@', 'ke', 'proble@@', 'em', 'om@@', 'dat', 'het', 'nie@@', 't', 'laat', 'zi@@', 'en', 'dat', 'het', 'nie@@', 't', 'laat', 'zi@@', 'en', 'van', 'de', 'ij@@', 's@@', '<unk>', '</s>']
2026-05-24 09:39:21,128 - INFO - joeynmt.training - 	Source:     Bu@@ t th@@ is under@@ stat@@ es the ser@@ i@@ ou@@ sn@@ ess of th@@ is particul@@ ar proble@@ m beca@@ us@@ e it does@@ n@@ '@@ t sho@@ w the th@@ ic@@ kn@@ ess of the ic@@ e@@ .
2026-05-24 09:39:21,128 - INFO - joeynmt.training - 	Reference:  M@@ aar dit onder@@ sch@@ at eigen@@ lijk de ern@@ st van dit specif@@ ie@@ ke proble@@ em om@@ dat het nie@@ t de di@@ k@@ te van het ij@@ s laat zi@@ en@@ .
2026-05-24 09:39:21,129 - INFO - joeynmt.training - 	Hypothesis: M@@ aar dit onder@@ stat@@ en de ser@@ ie@@ us van dit specif@@ ie@@ ke proble@@ em om@@ dat het nie@@ t laat zi@@ en dat het nie@@ t laat zi@@ en van de ij@@ s@@ <unk>
2026-05-24 09:39:21,129 - INFO - joeynmt.training - Example #2
2026-05-24 09:39:21,129 - DEBUG - joeynmt.training - 	Tokenized source:     ['The', 'ar@@', 'c@@', 'tic', 'ic@@', 'e', 'cap', 'is@@', ',', 'in', 'a', 'sen@@', 'se@@', ',', 'the', 'be@@', 'at@@', 'ing', 'hear@@', 't', 'of', 'the', 'glob@@', 'al', 'cli@@', 'mat@@', 'e', 'system@@', '.']
2026-05-24 09:39:21,129 - DEBUG - joeynmt.training - 	Tokenized reference:  ['De', 'ij@@', 'sk@@', 'ap', 'op', 'de', 'Noor@@', 'd@@', 'p@@', 'ool', 'is', 'in', 'ze@@', 'ker@@', 'e', 'zin', 'het', 'kl@@', 'op@@', 'pen@@', 'd', 'har@@', 't', 'van', 'ons', 'glob@@', 'aal', 'kli@@', 'maat@@', 'syste@@', 'em@@', '.']
2026-05-24 09:39:21,129 - DEBUG - joeynmt.training - 	Tokenized hypothesis: ['De', 'ar@@', 'c@@', 'isch@@', 'e', 'ij@@', 's@@', ',', 'in', 'een', 'sen@@', 'se@@', ',', 'de', 'be@@', 'vat@@', 'ten@@', 'de', 'van', 'de', 'wereldwij@@', 'de', 'kli@@', 'maat@@', 'syste@@', 'em@@', '<unk>', '</s>']
2026-05-24 09:39:21,130 - INFO - joeynmt.training - 	Source:     The ar@@ c@@ tic ic@@ e cap is@@ , in a sen@@ se@@ , the be@@ at@@ ing hear@@ t of the glob@@ al cli@@ mat@@ e system@@ .
2026-05-24 09:39:21,130 - INFO - joeynmt.training - 	Reference:  De ij@@ sk@@ ap op de Noor@@ d@@ p@@ ool is in ze@@ ker@@ e zin het kl@@ op@@ pen@@ d har@@ t van ons glob@@ aal kli@@ maat@@ syste@@ em@@ .
2026-05-24 09:39:21,130 - INFO - joeynmt.training - 	Hypothesis: De ar@@ c@@ isch@@ e ij@@ s@@ , in een sen@@ se@@ , de be@@ vat@@ ten@@ de van de wereldwij@@ de kli@@ maat@@ syste@@ em@@ <unk>
2026-05-24 09:39:21,130 - INFO - joeynmt.training - Example #3
2026-05-24 09:39:21,130 - DEBUG - joeynmt.training - 	Tokenized source:     ['I@@', 't', 'ex@@', 'p@@', 'and@@', 's', 'in', 'w@@', 'inter', 'and', 'con@@', 'trac@@', 'ts', 'in', 'su@@', 'm@@', 'mer@@', '.']
2026-05-24 09:39:21,131 - DEBUG - joeynmt.training - 	Tokenized reference:  ['H@@', 'et', 'zet', 'uit', 'in', 'de', 'w@@', 'inter', 'en', 'k@@', 'ri@@', 'mp@@', 't', 'in', 'de', 'zom@@', 'er@@', '.']
2026-05-24 09:39:21,131 - DEBUG - joeynmt.training - 	Tokenized hypothesis: ['H@@', 'et', 'ex@@', 'p@@', 'and@@', 's', 'in', 'w@@', 'inter', 'en', 'con@@', 'trac@@', 'ten', 'in', 'zom@@', 'er@@', '<unk>', '</s>']
2026-05-24 09:39:21,132 - INFO - joeynmt.training - 	Source:     I@@ t ex@@ p@@ and@@ s in w@@ inter and con@@ trac@@ ts in su@@ m@@ mer@@ .
2026-05-24 09:39:21,144 - INFO - joeynmt.training - 	Reference:  H@@ et zet uit in de w@@ inter en k@@ ri@@ mp@@ t in de zom@@ er@@ .
2026-05-24 09:39:21,144 - INFO - joeynmt.training - 	Hypothesis: H@@ et ex@@ p@@ and@@ s in w@@ inter en con@@ trac@@ ten in zom@@ er@@ <unk>
2026-05-24 09:39:21,145 - INFO - joeynmt.training - Example #4
2026-05-24 09:39:21,145 - DEBUG - joeynmt.training - 	Tokenized source:     ['The', 'ne@@', 'x@@', 't', 'sli@@', 'de', 'I', 'sho@@', 'w', 'you', 'will', 'be', 'a', 'ra@@', 'p@@', 'id', 'fa@@', 'st-@@', 'for@@', 'war@@', 'd', 'of', 'what@@', "'@@", 's', 'happen@@', 'ed', 'over', 'the', 'la@@', 'st', '2@@', '5', 'year@@', 's@@', '.']
2026-05-24 09:39:21,145 - DEBUG - joeynmt.training - 	Tokenized reference:  ['De', 'volgen@@', 'de', 'dia', 'die', 'ik', 'laat', 'zi@@', 'en', 'is', 'een', 'ver@@', 'snel@@', 'de', 'vers@@', 'ie', 'van', 'wat', 'er', 'de', 'af@@', 'gel@@', 'open', '2@@', '5', 'j@@', 'aar', 'is', 'gebeur@@', 'd@@', '.']
2026-05-24 09:39:21,145 - DEBUG - joeynmt.training - 	Tokenized hypothesis: ['De', 'volgen@@', 'de', 'dia', 'die', 'ik', 'laat', 'zi@@', 'en', 'dat', 'ik', 'j@@', 'ul@@', 'lie', 'een', 'ra@@', 'p@@', 'isch', 'mis@@', 'st@@', 'oor@@', 'd', 'van', 'wat', 'er', 'gebeur@@', 'de', 'er', 'in', 'de', 'laat@@', 'ste', '2@@', '5', 'j@@', 'aar@@', '<unk>', '</s>']
2026-05-24 09:39:21,145 - INFO - joeynmt.training - 	Source:     The ne@@ x@@ t sli@@ de I sho@@ w you will be a ra@@ p@@ id fa@@ st-@@ for@@ war@@ d of what@@ '@@ s happen@@ ed over the la@@ st 2@@ 5 year@@ s@@ .
2026-05-24 09:39:21,145 - INFO - joeynmt.training - 	Reference:  De volgen@@ de dia die ik laat zi@@ en is een ver@@ snel@@ de vers@@ ie van wat er de af@@ gel@@ open 2@@ 5 j@@ aar is gebeur@@ d@@ .
2026-05-24 09:39:21,145 - INFO - joeynmt.training - 	Hypothesis: De volgen@@ de dia die ik laat zi@@ en dat ik j@@ ul@@ lie een ra@@ p@@ isch mis@@ st@@ oor@@ d van wat er gebeur@@ de er in de laat@@ ste 2@@ 5 j@@ aar@@ <unk>
2026-05-24 09:40:21,919 - INFO - joeynmt.training - Epoch   4, Step:    16100, Batch Loss:     1.343953, Batch Acc: 0.586433, Tokens per Sec:     1226, Lr: 0.000300
2026-05-24 09:41:22,833 - INFO - joeynmt.training - Epoch   4, Step:    16200, Batch Loss:     1.400664, Batch Acc: 0.587136, Tokens per Sec:     1220, Lr: 0.000300
2026-05-24 09:42:23,568 - INFO - joeynmt.training - Epoch   4, Step:    16300, Batch Loss:     1.413348, Batch Acc: 0.586424, Tokens per Sec:     1214, Lr: 0.000300
2026-05-24 09:43:24,795 - INFO - joeynmt.training - Epoch   4, Step:    16400, Batch Loss:     1.748380, Batch Acc: 0.583140, Tokens per Sec:     1184, Lr: 0.000300
2026-05-24 09:43:51,370 - INFO - joeynmt.training - Epoch   4: total training loss 5983.56
2026-05-24 09:43:51,371 - INFO - joeynmt.training - EPOCH 5
2026-05-24 09:44:23,495 - INFO - joeynmt.training - Epoch   5, Step:    16500, Batch Loss:     1.221476, Batch Acc: 0.607007, Tokens per Sec:     1300, Lr: 0.000300
2026-05-24 09:44:23,496 - INFO - joeynmt.prediction - Predicting 1003 example(s)... (Greedy decoding with min_output_length=1, max_output_length=100, return_prob='none', generate_unk=True, repetition_penalty=-1, no_repeat_ngram_size=-1)
2026-05-24 09:47:34,204 - INFO - joeynmt.metrics - nrefs:1|case:mixed|eff:no|tok:13a|smooth:exp|version:2.6.0
2026-05-24 09:47:34,206 - INFO - joeynmt.prediction - Evaluation result (greedy) bleu:  35.68, loss:   1.74, ppl:   5.72, acc:   0.52, generation: 190.1499[sec], evaluation: 0.5359[sec]
2026-05-24 09:47:34,209 - INFO - joeynmt.training - Hooray! New best validation result [ppl]!
2026-05-24 09:47:34,285 - INFO - joeynmt.helpers - delete output_bpe5000/14000.ckpt
2026-05-24 09:47:34,295 - INFO - joeynmt.training - Example #0
2026-05-24 09:47:34,295 - DEBUG - joeynmt.training - 	Tokenized source:     ['\ufeffLa@@', 'st', 'year', 'I', 'sho@@', 'we@@', 'd', 'thes@@', 'e', 'tw@@', 'o', 'sli@@', 'de@@', 's', 'so', 'that', 'de@@', 'mon@@', 'strate', 'that', 'the', 'ar@@', 'c@@', 'tic', 'ic@@', 'e', 'cap@@', ',', 'wh@@', 'ich', 'for', 'mo@@', 'st', 'of', 'the', 'la@@', 'st', 'th@@', 'ree', 'milli@@', 'on', 'year@@', 's', 'ha@@', 's', 'be@@', 'en', 'the', 'si@@', 'ze', 'of', 'the', 'lo@@', 'wer', '4@@', '8', 'stat@@', 'es@@', ',', 'ha@@', 's', 'sh@@', 'run@@', 'k', 'b@@', 'y', '4@@', '0', 'percen@@', 't@@', '.']
2026-05-24 09:47:34,295 - DEBUG - joeynmt.training - 	Tokenized reference:  ['\ufeffV@@', 'orig', 'j@@', 'aar', 'lie@@', 't', 'ik', 'de@@', 'ze', 'twee', 'dia@@', "'@@", 's', 'zi@@', 'en', 'om', 'aan', 'te', 'ton@@', 'en', 'dat', 'de', 'p@@', 'ool@@', 'ij@@', 'sk@@', 'ap@@', ',', 'die', 'de', 'af@@', 'gel@@', 'open', 'drie', 'miljo@@', 'en', 'j@@', 'aar', 'onge@@', 've@@', 'er', 'de', 'groot@@', 'te', 'had', 'van', 'het', 'va@@', 'stel@@', 'and', 'van', 'de', 'V@@', 'S@@', ',', 'met', '4@@', '0@@', '%', 'gek@@', 'ro@@', 'mp@@', 'en', 'was@@', '.']
2026-05-24 09:47:34,295 - DEBUG - joeynmt.training - 	Tokenized hypothesis: ['D@@', 'at', 'j@@', 'aar', 'ik', 'de@@', 'ze', 'twee', 'dia', 'zo@@', 'dat', 'ik', 'de@@', 'mon@@', 'str@@', 'er@@', 'en', 'dat', 'de', 'ar@@', 'c@@', 't@@', 'isch@@', 'e', 'ij@@', 'ne', 'st@@', 'aan@@', ',', 'die', 'voor', 'de', 'mee@@', 'ste', 'drie', 'miljo@@', 'en', 'j@@', 'aar', 'is', 'de', 'groot@@', 'ste', 'van', 'de', 'la@@', 'gere', '4@@', '8', 'stat@@', 'en', 'heef@@', 't', 'ge@@', 'pa@@', 'kt', 'door', '4@@', '0', 'pro@@', 'cen@@', 't@@', '<unk>', '</s>']
2026-05-24 09:47:34,295 - INFO - joeynmt.training - 	Source:     ﻿La@@ st year I sho@@ we@@ d thes@@ e tw@@ o sli@@ de@@ s so that de@@ mon@@ strate that the ar@@ c@@ tic ic@@ e cap@@ , wh@@ ich for mo@@ st of the la@@ st th@@ ree milli@@ on year@@ s ha@@ s be@@ en the si@@ ze of the lo@@ wer 4@@ 8 stat@@ es@@ , ha@@ s sh@@ run@@ k b@@ y 4@@ 0 percen@@ t@@ .
2026-05-24 09:47:34,296 - INFO - joeynmt.training - 	Reference:  ﻿V@@ orig j@@ aar lie@@ t ik de@@ ze twee dia@@ '@@ s zi@@ en om aan te ton@@ en dat de p@@ ool@@ ij@@ sk@@ ap@@ , die de af@@ gel@@ open drie miljo@@ en j@@ aar onge@@ ve@@ er de groot@@ te had van het va@@ stel@@ and van de V@@ S@@ , met 4@@ 0@@ % gek@@ ro@@ mp@@ en was@@ .
2026-05-24 09:47:34,296 - INFO - joeynmt.training - 	Hypothesis: D@@ at j@@ aar ik de@@ ze twee dia zo@@ dat ik de@@ mon@@ str@@ er@@ en dat de ar@@ c@@ t@@ isch@@ e ij@@ ne st@@ aan@@ , die voor de mee@@ ste drie miljo@@ en j@@ aar is de groot@@ ste van de la@@ gere 4@@ 8 stat@@ en heef@@ t ge@@ pa@@ kt door 4@@ 0 pro@@ cen@@ t@@ <unk>
2026-05-24 09:47:34,296 - INFO - joeynmt.training - Example #1
2026-05-24 09:47:34,296 - DEBUG - joeynmt.training - 	Tokenized source:     ['Bu@@', 't', 'th@@', 'is', 'under@@', 'stat@@', 'es', 'the', 'ser@@', 'i@@', 'ou@@', 'sn@@', 'ess', 'of', 'th@@', 'is', 'particul@@', 'ar', 'proble@@', 'm', 'beca@@', 'us@@', 'e', 'it', 'does@@', 'n@@', "'@@", 't', 'sho@@', 'w', 'the', 'th@@', 'ic@@', 'kn@@', 'ess', 'of', 'the', 'ic@@', 'e@@', '.']
2026-05-24 09:47:34,296 - DEBUG - joeynmt.training - 	Tokenized reference:  ['M@@', 'aar', 'dit', 'onder@@', 'sch@@', 'at', 'eigen@@', 'lijk', 'de', 'ern@@', 'st', 'van', 'dit', 'specif@@', 'ie@@', 'ke', 'proble@@', 'em', 'om@@', 'dat', 'het', 'nie@@', 't', 'de', 'di@@', 'k@@', 'te', 'van', 'het', 'ij@@', 's', 'laat', 'zi@@', 'en@@', '.']
2026-05-24 09:47:34,296 - DEBUG - joeynmt.training - 	Tokenized hypothesis: ['M@@', 'aar', 'dit', 'onder@@', 'stat@@', 'en', 'de', 'ser@@', 'ie@@', 'us', 'van', 'dit', 'specif@@', 'ie@@', 'ke', 'proble@@', 'em', 'om@@', 'dat', 'het', 'nie@@', 't', 'de', 'de@@', 'ze', 'klein@@', 'e', 'ij@@', 's@@', '<unk>', '</s>']
2026-05-24 09:47:34,297 - INFO - joeynmt.training - 	Source:     Bu@@ t th@@ is under@@ stat@@ es the ser@@ i@@ ou@@ sn@@ ess of th@@ is particul@@ ar proble@@ m beca@@ us@@ e it does@@ n@@ '@@ t sho@@ w the th@@ ic@@ kn@@ ess of the ic@@ e@@ .
2026-05-24 09:47:34,297 - INFO - joeynmt.training - 	Reference:  M@@ aar dit onder@@ sch@@ at eigen@@ lijk de ern@@ st van dit specif@@ ie@@ ke proble@@ em om@@ dat het nie@@ t de di@@ k@@ te van het ij@@ s laat zi@@ en@@ .
2026-05-24 09:47:34,297 - INFO - joeynmt.training - 	Hypothesis: M@@ aar dit onder@@ stat@@ en de ser@@ ie@@ us van dit specif@@ ie@@ ke proble@@ em om@@ dat het nie@@ t de de@@ ze klein@@ e ij@@ s@@ <unk>
2026-05-24 09:47:34,297 - INFO - joeynmt.training - Example #2
2026-05-24 09:47:34,297 - DEBUG - joeynmt.training - 	Tokenized source:     ['The', 'ar@@', 'c@@', 'tic', 'ic@@', 'e', 'cap', 'is@@', ',', 'in', 'a', 'sen@@', 'se@@', ',', 'the', 'be@@', 'at@@', 'ing', 'hear@@', 't', 'of', 'the', 'glob@@', 'al', 'cli@@', 'mat@@', 'e', 'system@@', '.']
2026-05-24 09:47:34,297 - DEBUG - joeynmt.training - 	Tokenized reference:  ['De', 'ij@@', 'sk@@', 'ap', 'op', 'de', 'Noor@@', 'd@@', 'p@@', 'ool', 'is', 'in', 'ze@@', 'ker@@', 'e', 'zin', 'het', 'kl@@', 'op@@', 'pen@@', 'd', 'har@@', 't', 'van', 'ons', 'glob@@', 'aal', 'kli@@', 'maat@@', 'syste@@', 'em@@', '.']
2026-05-24 09:47:34,297 - DEBUG - joeynmt.training - 	Tokenized hypothesis: ['De', 'ar@@', 'c@@', 't@@', 'isch@@', 'e', 'ij@@', 'd@@', 'rij@@', 'f@@', 't@@', ',', 'de', 'be@@', 'ste', 'van', 'de', 'glob@@', 'al@@', 'e', 'kli@@', 'maat', 'van', 'de', 'glob@@', 'al@@', 'e', 'kli@@', 'maat', 'syste@@', 'em@@', '<unk>', '</s>']
2026-05-24 09:47:34,298 - INFO - joeynmt.training - 	Source:     The ar@@ c@@ tic ic@@ e cap is@@ , in a sen@@ se@@ , the be@@ at@@ ing hear@@ t of the glob@@ al cli@@ mat@@ e system@@ .
2026-05-24 09:47:34,298 - INFO - joeynmt.training - 	Reference:  De ij@@ sk@@ ap op de Noor@@ d@@ p@@ ool is in ze@@ ker@@ e zin het kl@@ op@@ pen@@ d har@@ t van ons glob@@ aal kli@@ maat@@ syste@@ em@@ .
2026-05-24 09:47:34,298 - INFO - joeynmt.training - 	Hypothesis: De ar@@ c@@ t@@ isch@@ e ij@@ d@@ rij@@ f@@ t@@ , de be@@ ste van de glob@@ al@@ e kli@@ maat van de glob@@ al@@ e kli@@ maat syste@@ em@@ <unk>
2026-05-24 09:47:34,298 - INFO - joeynmt.training - Example #3
2026-05-24 09:47:34,298 - DEBUG - joeynmt.training - 	Tokenized source:     ['I@@', 't', 'ex@@', 'p@@', 'and@@', 's', 'in', 'w@@', 'inter', 'and', 'con@@', 'trac@@', 'ts', 'in', 'su@@', 'm@@', 'mer@@', '.']
2026-05-24 09:47:34,298 - DEBUG - joeynmt.training - 	Tokenized reference:  ['H@@', 'et', 'zet', 'uit', 'in', 'de', 'w@@', 'inter', 'en', 'k@@', 'ri@@', 'mp@@', 't', 'in', 'de', 'zom@@', 'er@@', '.']
2026-05-24 09:47:34,298 - DEBUG - joeynmt.training - 	Tokenized hypothesis: ['H@@', 'et', 'ex@@', 'p@@', 'and@@', 's', 'in', 'w@@', 'inter', 'en', 'con@@', 'trac@@', 'ten', 'in', 'su@@', 'm@@', 'mer@@', '<unk>', '</s>']
2026-05-24 09:47:34,298 - INFO - joeynmt.training - 	Source:     I@@ t ex@@ p@@ and@@ s in w@@ inter and con@@ trac@@ ts in su@@ m@@ mer@@ .
2026-05-24 09:47:34,298 - INFO - joeynmt.training - 	Reference:  H@@ et zet uit in de w@@ inter en k@@ ri@@ mp@@ t in de zom@@ er@@ .
2026-05-24 09:47:34,299 - INFO - joeynmt.training - 	Hypothesis: H@@ et ex@@ p@@ and@@ s in w@@ inter en con@@ trac@@ ten in su@@ m@@ mer@@ <unk>
2026-05-24 09:47:34,299 - INFO - joeynmt.training - Example #4
2026-05-24 09:47:34,299 - DEBUG - joeynmt.training - 	Tokenized source:     ['The', 'ne@@', 'x@@', 't', 'sli@@', 'de', 'I', 'sho@@', 'w', 'you', 'will', 'be', 'a', 'ra@@', 'p@@', 'id', 'fa@@', 'st-@@', 'for@@', 'war@@', 'd', 'of', 'what@@', "'@@", 's', 'happen@@', 'ed', 'over', 'the', 'la@@', 'st', '2@@', '5', 'year@@', 's@@', '.']
2026-05-24 09:47:34,299 - DEBUG - joeynmt.training - 	Tokenized reference:  ['De', 'volgen@@', 'de', 'dia', 'die', 'ik', 'laat', 'zi@@', 'en', 'is', 'een', 'ver@@', 'snel@@', 'de', 'vers@@', 'ie', 'van', 'wat', 'er', 'de', 'af@@', 'gel@@', 'open', '2@@', '5', 'j@@', 'aar', 'is', 'gebeur@@', 'd@@', '.']
2026-05-24 09:47:34,299 - DEBUG - joeynmt.training - 	Tokenized hypothesis: ['De', 'volgen@@', 'de', 'dia', 'die', 'ik', 'laat', 'j@@', 'ul@@', 'lie', 'een', 'ra@@', 'p@@', 'id', 'van', 'wat', 'er', 'gebeur@@', 'de', 'de', 'laat@@', 'ste', '2@@', '5', 'j@@', 'aar', 'gebeur@@', 'de', 'in', 'de', 'laat@@', 'ste', '2@@', '5', 'j@@', 'aar@@', '<unk>', '</s>']
2026-05-24 09:47:34,299 - INFO - joeynmt.training - 	Source:     The ne@@ x@@ t sli@@ de I sho@@ w you will be a ra@@ p@@ id fa@@ st-@@ for@@ war@@ d of what@@ '@@ s happen@@ ed over the la@@ st 2@@ 5 year@@ s@@ .
2026-05-24 09:47:34,299 - INFO - joeynmt.training - 	Reference:  De volgen@@ de dia die ik laat zi@@ en is een ver@@ snel@@ de vers@@ ie van wat er de af@@ gel@@ open 2@@ 5 j@@ aar is gebeur@@ d@@ .
2026-05-24 09:47:34,300 - INFO - joeynmt.training - 	Hypothesis: De volgen@@ de dia die ik laat j@@ ul@@ lie een ra@@ p@@ id van wat er gebeur@@ de de laat@@ ste 2@@ 5 j@@ aar gebeur@@ de in de laat@@ ste 2@@ 5 j@@ aar@@ <unk>
2026-05-24 09:48:35,107 - INFO - joeynmt.training - Epoch   5, Step:    16600, Batch Loss:     1.308628, Batch Acc: 0.603391, Tokens per Sec:     1190, Lr: 0.000300
2026-05-24 09:49:33,810 - INFO - joeynmt.training - Epoch   5, Step:    16700, Batch Loss:     1.460939, Batch Acc: 0.603517, Tokens per Sec:     1233, Lr: 0.000300
2026-05-24 09:50:35,611 - INFO - joeynmt.training - Epoch   5, Step:    16800, Batch Loss:     1.419917, Batch Acc: 0.603508, Tokens per Sec:     1168, Lr: 0.000300
2026-05-24 09:51:32,015 - INFO - joeynmt.training - Epoch   5, Step:    16900, Batch Loss:     1.436581, Batch Acc: 0.603345, Tokens per Sec:     1322, Lr: 0.000300
2026-05-24 09:52:31,487 - INFO - joeynmt.training - Epoch   5, Step:    17000, Batch Loss:     1.325572, Batch Acc: 0.606408, Tokens per Sec:     1262, Lr: 0.000300
2026-05-24 09:52:31,489 - INFO - joeynmt.prediction - Predicting 1003 example(s)... (Greedy decoding with min_output_length=1, max_output_length=100, return_prob='none', generate_unk=True, repetition_penalty=-1, no_repeat_ngram_size=-1)
2026-05-24 09:55:44,558 - INFO - joeynmt.metrics - nrefs:1|case:mixed|eff:no|tok:13a|smooth:exp|version:2.6.0
2026-05-24 09:55:44,559 - INFO - joeynmt.prediction - Evaluation result (greedy) bleu:  35.78, loss:   1.75, ppl:   5.75, acc:   0.52, generation: 192.5973[sec], evaluation: 0.4583[sec]
2026-05-24 09:55:44,646 - INFO - joeynmt.helpers - delete output_bpe5000/14500.ckpt
2026-05-24 09:55:44,658 - INFO - joeynmt.training - Example #0
2026-05-24 09:55:44,658 - DEBUG - joeynmt.training - 	Tokenized source:     ['\ufeffLa@@', 'st', 'year', 'I', 'sho@@', 'we@@', 'd', 'thes@@', 'e', 'tw@@', 'o', 'sli@@', 'de@@', 's', 'so', 'that', 'de@@', 'mon@@', 'strate', 'that', 'the', 'ar@@', 'c@@', 'tic', 'ic@@', 'e', 'cap@@', ',', 'wh@@', 'ich', 'for', 'mo@@', 'st', 'of', 'the', 'la@@', 'st', 'th@@', 'ree', 'milli@@', 'on', 'year@@', 's', 'ha@@', 's', 'be@@', 'en', 'the', 'si@@', 'ze', 'of', 'the', 'lo@@', 'wer', '4@@', '8', 'stat@@', 'es@@', ',', 'ha@@', 's', 'sh@@', 'run@@', 'k', 'b@@', 'y', '4@@', '0', 'percen@@', 't@@', '.']
2026-05-24 09:55:44,658 - DEBUG - joeynmt.training - 	Tokenized reference:  ['\ufeffV@@', 'orig', 'j@@', 'aar', 'lie@@', 't', 'ik', 'de@@', 'ze', 'twee', 'dia@@', "'@@", 's', 'zi@@', 'en', 'om', 'aan', 'te', 'ton@@', 'en', 'dat', 'de', 'p@@', 'ool@@', 'ij@@', 'sk@@', 'ap@@', ',', 'die', 'de', 'af@@', 'gel@@', 'open', 'drie', 'miljo@@', 'en', 'j@@', 'aar', 'onge@@', 've@@', 'er', 'de', 'groot@@', 'te', 'had', 'van', 'het', 'va@@', 'stel@@', 'and', 'van', 'de', 'V@@', 'S@@', ',', 'met', '4@@', '0@@', '%', 'gek@@', 'ro@@', 'mp@@', 'en', 'was@@', '.']
2026-05-24 09:55:44,658 - DEBUG - joeynmt.training - 	Tokenized hypothesis: ['I@@', 'k', 'lie@@', 't', 'de@@', 'ze', 'twee', 'dia@@', "'@@", 's', 'zo@@', 'dat', 'de@@', 'mon@@', 'str@@', 'al@@', 'en', 'die', 'de', 'ar@@', 'c@@', 't@@', 'isch@@', 'e', 'ij@@', 'e', 'ij@@', 'e', 'cap@@', ',', 'die', 'voor', 'de', 'mee@@', 'ste', 'drie', 'miljo@@', 'en', 'j@@', 'aar', 'de', 'groot@@', 'te', 'van', 'de', 'la@@', 'gere', '4@@', '8', 'stat@@', 'en@@', ',', 'heef@@', 't', 'de', 'groot@@', 'te', 'van', '4@@', '0', 'pro@@', 'cen@@', 't@@', '<unk>', '</s>']
2026-05-24 09:55:44,659 - INFO - joeynmt.training - 	Source:     ﻿La@@ st year I sho@@ we@@ d thes@@ e tw@@ o sli@@ de@@ s so that de@@ mon@@ strate that the ar@@ c@@ tic ic@@ e cap@@ , wh@@ ich for mo@@ st of the la@@ st th@@ ree milli@@ on year@@ s ha@@ s be@@ en the si@@ ze of the lo@@ wer 4@@ 8 stat@@ es@@ , ha@@ s sh@@ run@@ k b@@ y 4@@ 0 percen@@ t@@ .
2026-05-24 09:55:44,659 - INFO - joeynmt.training - 	Reference:  ﻿V@@ orig j@@ aar lie@@ t ik de@@ ze twee dia@@ '@@ s zi@@ en om aan te ton@@ en dat de p@@ ool@@ ij@@ sk@@ ap@@ , die de af@@ gel@@ open drie miljo@@ en j@@ aar onge@@ ve@@ er de groot@@ te had van het va@@ stel@@ and van de V@@ S@@ , met 4@@ 0@@ % gek@@ ro@@ mp@@ en was@@ .
2026-05-24 09:55:44,659 - INFO - joeynmt.training - 	Hypothesis: I@@ k lie@@ t de@@ ze twee dia@@ '@@ s zo@@ dat de@@ mon@@ str@@ al@@ en die de ar@@ c@@ t@@ isch@@ e ij@@ e ij@@ e cap@@ , die voor de mee@@ ste drie miljo@@ en j@@ aar de groot@@ te van de la@@ gere 4@@ 8 stat@@ en@@ , heef@@ t de groot@@ te van 4@@ 0 pro@@ cen@@ t@@ <unk>
2026-05-24 09:55:44,659 - INFO - joeynmt.training - Example #1
2026-05-24 09:55:44,659 - DEBUG - joeynmt.training - 	Tokenized source:     ['Bu@@', 't', 'th@@', 'is', 'under@@', 'stat@@', 'es', 'the', 'ser@@', 'i@@', 'ou@@', 'sn@@', 'ess', 'of', 'th@@', 'is', 'particul@@', 'ar', 'proble@@', 'm', 'beca@@', 'us@@', 'e', 'it', 'does@@', 'n@@', "'@@", 't', 'sho@@', 'w', 'the', 'th@@', 'ic@@', 'kn@@', 'ess', 'of', 'the', 'ic@@', 'e@@', '.']
2026-05-24 09:55:44,659 - DEBUG - joeynmt.training - 	Tokenized reference:  ['M@@', 'aar', 'dit', 'onder@@', 'sch@@', 'at', 'eigen@@', 'lijk', 'de', 'ern@@', 'st', 'van', 'dit', 'specif@@', 'ie@@', 'ke', 'proble@@', 'em', 'om@@', 'dat', 'het', 'nie@@', 't', 'de', 'di@@', 'k@@', 'te', 'van', 'het', 'ij@@', 's', 'laat', 'zi@@', 'en@@', '.']
2026-05-24 09:55:44,659 - DEBUG - joeynmt.training - 	Tokenized hypothesis: ['M@@', 'aar', 'dit', 'onder@@', 'stat@@', 'en', 'de', 'ser@@', 'ie@@', 'us', 'van', 'dit', 'specif@@', 'ie@@', 'ke', 'proble@@', 'em', 'om@@', 'dat', 'het', 'nie@@', 't', 'zi@@', 'en', 'dat', 'het', 'nie@@', 't', 'zi@@', 'en@@', '<unk>', '</s>']
2026-05-24 09:55:44,660 - INFO - joeynmt.training - 	Source:     Bu@@ t th@@ is under@@ stat@@ es the ser@@ i@@ ou@@ sn@@ ess of th@@ is particul@@ ar proble@@ m beca@@ us@@ e it does@@ n@@ '@@ t sho@@ w the th@@ ic@@ kn@@ ess of the ic@@ e@@ .
2026-05-24 09:55:44,661 - INFO - joeynmt.training - 	Reference:  M@@ aar dit onder@@ sch@@ at eigen@@ lijk de ern@@ st van dit specif@@ ie@@ ke proble@@ em om@@ dat het nie@@ t de di@@ k@@ te van het ij@@ s laat zi@@ en@@ .
2026-05-24 09:55:44,661 - INFO - joeynmt.training - 	Hypothesis: M@@ aar dit onder@@ stat@@ en de ser@@ ie@@ us van dit specif@@ ie@@ ke proble@@ em om@@ dat het nie@@ t zi@@ en dat het nie@@ t zi@@ en@@ <unk>
2026-05-24 09:55:44,661 - INFO - joeynmt.training - Example #2
2026-05-24 09:55:44,661 - DEBUG - joeynmt.training - 	Tokenized source:     ['The', 'ar@@', 'c@@', 'tic', 'ic@@', 'e', 'cap', 'is@@', ',', 'in', 'a', 'sen@@', 'se@@', ',', 'the', 'be@@', 'at@@', 'ing', 'hear@@', 't', 'of', 'the', 'glob@@', 'al', 'cli@@', 'mat@@', 'e', 'system@@', '.']
2026-05-24 09:55:44,662 - DEBUG - joeynmt.training - 	Tokenized reference:  ['De', 'ij@@', 'sk@@', 'ap', 'op', 'de', 'Noor@@', 'd@@', 'p@@', 'ool', 'is', 'in', 'ze@@', 'ker@@', 'e', 'zin', 'het', 'kl@@', 'op@@', 'pen@@', 'd', 'har@@', 't', 'van', 'ons', 'glob@@', 'aal', 'kli@@', 'maat@@', 'syste@@', 'em@@', '.']
2026-05-24 09:55:44,662 - DEBUG - joeynmt.training - 	Tokenized hypothesis: ['De', 'ar@@', 'c@@', 't@@', 'isch@@', 'e', 'ij@@', 'fer@@', 's', 'in', 'een', 'zin', 'van', 'de', 'wereldwij@@', 'de', 'kli@@', 'maat@@', 'syste@@', 'em@@', '<unk>', '</s>']
2026-05-24 09:55:44,663 - INFO - joeynmt.training - 	Source:     The ar@@ c@@ tic ic@@ e cap is@@ , in a sen@@ se@@ , the be@@ at@@ ing hear@@ t of the glob@@ al cli@@ mat@@ e system@@ .
2026-05-24 09:55:44,663 - INFO - joeynmt.training - 	Reference:  De ij@@ sk@@ ap op de Noor@@ d@@ p@@ ool is in ze@@ ker@@ e zin het kl@@ op@@ pen@@ d har@@ t van ons glob@@ aal kli@@ maat@@ syste@@ em@@ .
2026-05-24 09:55:44,663 - INFO - joeynmt.training - 	Hypothesis: De ar@@ c@@ t@@ isch@@ e ij@@ fer@@ s in een zin van de wereldwij@@ de kli@@ maat@@ syste@@ em@@ <unk>
2026-05-24 09:55:44,663 - INFO - joeynmt.training - Example #3
2026-05-24 09:55:44,663 - DEBUG - joeynmt.training - 	Tokenized source:     ['I@@', 't', 'ex@@', 'p@@', 'and@@', 's', 'in', 'w@@', 'inter', 'and', 'con@@', 'trac@@', 'ts', 'in', 'su@@', 'm@@', 'mer@@', '.']
2026-05-24 09:55:44,664 - DEBUG - joeynmt.training - 	Tokenized reference:  ['H@@', 'et', 'zet', 'uit', 'in', 'de', 'w@@', 'inter', 'en', 'k@@', 'ri@@', 'mp@@', 't', 'in', 'de', 'zom@@', 'er@@', '.']
2026-05-24 09:55:44,664 - DEBUG - joeynmt.training - 	Tokenized hypothesis: ['H@@', 'et', 'ex@@', 'p@@', 'and@@', 's', 'in', 'w@@', 'inter', 'en', 'con@@', 'trac@@', 'ten', 'in', 'su@@', 'm@@', 'mer@@', '<unk>', '</s>']
2026-05-24 09:55:44,664 - INFO - joeynmt.training - 	Source:     I@@ t ex@@ p@@ and@@ s in w@@ inter and con@@ trac@@ ts in su@@ m@@ mer@@ .
2026-05-24 09:55:44,665 - INFO - joeynmt.training - 	Reference:  H@@ et zet uit in de w@@ inter en k@@ ri@@ mp@@ t in de zom@@ er@@ .
2026-05-24 09:55:44,669 - INFO - joeynmt.training - 	Hypothesis: H@@ et ex@@ p@@ and@@ s in w@@ inter en con@@ trac@@ ten in su@@ m@@ mer@@ <unk>
2026-05-24 09:55:44,671 - INFO - joeynmt.training - Example #4
2026-05-24 09:55:44,674 - DEBUG - joeynmt.training - 	Tokenized source:     ['The', 'ne@@', 'x@@', 't', 'sli@@', 'de', 'I', 'sho@@', 'w', 'you', 'will', 'be', 'a', 'ra@@', 'p@@', 'id', 'fa@@', 'st-@@', 'for@@', 'war@@', 'd', 'of', 'what@@', "'@@", 's', 'happen@@', 'ed', 'over', 'the', 'la@@', 'st', '2@@', '5', 'year@@', 's@@', '.']
2026-05-24 09:55:44,674 - DEBUG - joeynmt.training - 	Tokenized reference:  ['De', 'volgen@@', 'de', 'dia', 'die', 'ik', 'laat', 'zi@@', 'en', 'is', 'een', 'ver@@', 'snel@@', 'de', 'vers@@', 'ie', 'van', 'wat', 'er', 'de', 'af@@', 'gel@@', 'open', '2@@', '5', 'j@@', 'aar', 'is', 'gebeur@@', 'd@@', '.']
2026-05-24 09:55:44,674 - DEBUG - joeynmt.training - 	Tokenized hypothesis: ['De', 'volgen@@', 'de', 'dia', 'die', 'ik', 'laat', 'zi@@', 'en', 'een', 'ra@@', 'p@@', 'ide', 'voor@@', 'waar@@', 'd', 'van', 'de', 'laat@@', 'ste', '2@@', '5', 'j@@', 'aar', 'gebeur@@', 'de', 'er', 'over', 'de', 'af@@', 'gel@@', 'open', '2@@', '5', 'j@@', 'aar@@', '<unk>', '</s>']
2026-05-24 09:55:44,674 - INFO - joeynmt.training - 	Source:     The ne@@ x@@ t sli@@ de I sho@@ w you will be a ra@@ p@@ id fa@@ st-@@ for@@ war@@ d of what@@ '@@ s happen@@ ed over the la@@ st 2@@ 5 year@@ s@@ .
2026-05-24 09:55:44,678 - INFO - joeynmt.training - 	Reference:  De volgen@@ de dia die ik laat zi@@ en is een ver@@ snel@@ de vers@@ ie van wat er de af@@ gel@@ open 2@@ 5 j@@ aar is gebeur@@ d@@ .
2026-05-24 09:55:44,681 - INFO - joeynmt.training - 	Hypothesis: De volgen@@ de dia die ik laat zi@@ en een ra@@ p@@ ide voor@@ waar@@ d van de laat@@ ste 2@@ 5 j@@ aar gebeur@@ de er over de af@@ gel@@ open 2@@ 5 j@@ aar@@ <unk>
2026-05-24 09:56:46,651 - INFO - joeynmt.training - Epoch   5, Step:    17100, Batch Loss:     1.537744, Batch Acc: 0.608278, Tokens per Sec:     1186, Lr: 0.000300
2026-05-24 09:57:45,124 - INFO - joeynmt.training - Epoch   5, Step:    17200, Batch Loss:     1.550730, Batch Acc: 0.600072, Tokens per Sec:     1242, Lr: 0.000300
2026-05-24 09:58:45,904 - INFO - joeynmt.training - Epoch   5, Step:    17300, Batch Loss:     1.297532, Batch Acc: 0.604845, Tokens per Sec:     1216, Lr: 0.000300
2026-05-24 09:59:47,453 - INFO - joeynmt.training - Epoch   5, Step:    17400, Batch Loss:     1.297245, Batch Acc: 0.599447, Tokens per Sec:     1192, Lr: 0.000300
2026-05-24 10:00:44,942 - INFO - joeynmt.training - Epoch   5, Step:    17500, Batch Loss:     1.215619, Batch Acc: 0.603709, Tokens per Sec:     1273, Lr: 0.000300
2026-05-24 10:00:44,943 - INFO - joeynmt.prediction - Predicting 1003 example(s)... (Greedy decoding with min_output_length=1, max_output_length=100, return_prob='none', generate_unk=True, repetition_penalty=-1, no_repeat_ngram_size=-1)
2026-05-24 10:03:16,499 - INFO - joeynmt.metrics - nrefs:1|case:mixed|eff:no|tok:13a|smooth:exp|version:2.6.0
2026-05-24 10:03:16,500 - INFO - joeynmt.prediction - Evaluation result (greedy) bleu:  36.09, loss:   1.74, ppl:   5.70, acc:   0.52, generation: 150.9778[sec], evaluation: 0.5514[sec]
2026-05-24 10:03:16,501 - INFO - joeynmt.training - Hooray! New best validation result [ppl]!
2026-05-24 10:03:16,579 - INFO - joeynmt.helpers - delete output_bpe5000/15000.ckpt
2026-05-24 10:03:16,589 - INFO - joeynmt.training - Example #0
2026-05-24 10:03:16,590 - DEBUG - joeynmt.training - 	Tokenized source:     ['\ufeffLa@@', 'st', 'year', 'I', 'sho@@', 'we@@', 'd', 'thes@@', 'e', 'tw@@', 'o', 'sli@@', 'de@@', 's', 'so', 'that', 'de@@', 'mon@@', 'strate', 'that', 'the', 'ar@@', 'c@@', 'tic', 'ic@@', 'e', 'cap@@', ',', 'wh@@', 'ich', 'for', 'mo@@', 'st', 'of', 'the', 'la@@', 'st', 'th@@', 'ree', 'milli@@', 'on', 'year@@', 's', 'ha@@', 's', 'be@@', 'en', 'the', 'si@@', 'ze', 'of', 'the', 'lo@@', 'wer', '4@@', '8', 'stat@@', 'es@@', ',', 'ha@@', 's', 'sh@@', 'run@@', 'k', 'b@@', 'y', '4@@', '0', 'percen@@', 't@@', '.']
2026-05-24 10:03:16,590 - DEBUG - joeynmt.training - 	Tokenized reference:  ['\ufeffV@@', 'orig', 'j@@', 'aar', 'lie@@', 't', 'ik', 'de@@', 'ze', 'twee', 'dia@@', "'@@", 's', 'zi@@', 'en', 'om', 'aan', 'te', 'ton@@', 'en', 'dat', 'de', 'p@@', 'ool@@', 'ij@@', 'sk@@', 'ap@@', ',', 'die', 'de', 'af@@', 'gel@@', 'open', 'drie', 'miljo@@', 'en', 'j@@', 'aar', 'onge@@', 've@@', 'er', 'de', 'groot@@', 'te', 'had', 'van', 'het', 'va@@', 'stel@@', 'and', 'van', 'de', 'V@@', 'S@@', ',', 'met', '4@@', '0@@', '%', 'gek@@', 'ro@@', 'mp@@', 'en', 'was@@', '.']
2026-05-24 10:03:16,590 - DEBUG - joeynmt.training - 	Tokenized hypothesis: ['I@@', 'k', 'lie@@', 't', 'j@@', 'aar', 'ik', 'de@@', 'ze', 'twee', 'dia', 'zi@@', 'en', 'zo@@', 'dat', 'de', 'ar@@', 'c@@', 't@@', 'isch@@', 'e', 'ic@@', 'e', 'ij@@', 's@@', 'st@@', ',', 'die', 'voor', 'de', 'mee@@', 'ste', 'drie', 'miljo@@', 'en', 'j@@', 'aar', 'is', 'de', 'groot@@', 'te', 'van', 'de', 'la@@', 'gere', '4@@', '8', 'stat@@', 'en@@', ',', 'heef@@', 't', 'de', 'groot@@', 'te', 'van', 'de', 'la@@', 'gere', '4@@', '0', 'pro@@', 'cen@@', 't@@', '<unk>', '</s>']
2026-05-24 10:03:16,590 - INFO - joeynmt.training - 	Source:     ﻿La@@ st year I sho@@ we@@ d thes@@ e tw@@ o sli@@ de@@ s so that de@@ mon@@ strate that the ar@@ c@@ tic ic@@ e cap@@ , wh@@ ich for mo@@ st of the la@@ st th@@ ree milli@@ on year@@ s ha@@ s be@@ en the si@@ ze of the lo@@ wer 4@@ 8 stat@@ es@@ , ha@@ s sh@@ run@@ k b@@ y 4@@ 0 percen@@ t@@ .
2026-05-24 10:03:16,590 - INFO - joeynmt.training - 	Reference:  ﻿V@@ orig j@@ aar lie@@ t ik de@@ ze twee dia@@ '@@ s zi@@ en om aan te ton@@ en dat de p@@ ool@@ ij@@ sk@@ ap@@ , die de af@@ gel@@ open drie miljo@@ en j@@ aar onge@@ ve@@ er de groot@@ te had van het va@@ stel@@ and van de V@@ S@@ , met 4@@ 0@@ % gek@@ ro@@ mp@@ en was@@ .
2026-05-24 10:03:16,591 - INFO - joeynmt.training - 	Hypothesis: I@@ k lie@@ t j@@ aar ik de@@ ze twee dia zi@@ en zo@@ dat de ar@@ c@@ t@@ isch@@ e ic@@ e ij@@ s@@ st@@ , die voor de mee@@ ste drie miljo@@ en j@@ aar is de groot@@ te van de la@@ gere 4@@ 8 stat@@ en@@ , heef@@ t de groot@@ te van de la@@ gere 4@@ 0 pro@@ cen@@ t@@ <unk>
2026-05-24 10:03:16,591 - INFO - joeynmt.training - Example #1
2026-05-24 10:03:16,591 - DEBUG - joeynmt.training - 	Tokenized source:     ['Bu@@', 't', 'th@@', 'is', 'under@@', 'stat@@', 'es', 'the', 'ser@@', 'i@@', 'ou@@', 'sn@@', 'ess', 'of', 'th@@', 'is', 'particul@@', 'ar', 'proble@@', 'm', 'beca@@', 'us@@', 'e', 'it', 'does@@', 'n@@', "'@@", 't', 'sho@@', 'w', 'the', 'th@@', 'ic@@', 'kn@@', 'ess', 'of', 'the', 'ic@@', 'e@@', '.']
2026-05-24 10:03:16,591 - DEBUG - joeynmt.training - 	Tokenized reference:  ['M@@', 'aar', 'dit', 'onder@@', 'sch@@', 'at', 'eigen@@', 'lijk', 'de', 'ern@@', 'st', 'van', 'dit', 'specif@@', 'ie@@', 'ke', 'proble@@', 'em', 'om@@', 'dat', 'het', 'nie@@', 't', 'de', 'di@@', 'k@@', 'te', 'van', 'het', 'ij@@', 's', 'laat', 'zi@@', 'en@@', '.']
2026-05-24 10:03:16,591 - DEBUG - joeynmt.training - 	Tokenized hypothesis: ['M@@', 'aar', 'dit', 'beg@@', 'stat@@', 'en', 'van', 'de', 'ser@@', 'ie', 'van', 'dit', 'specif@@', 'ie@@', 'ke', 'proble@@', 'em', 'om@@', 'dat', 'het', 'nie@@', 't', 'de', 'di@@', 'k@@', 'ker', 'nie@@', 't', 'van', 'de', 'ij@@', 's@@', '<unk>', '</s>']
2026-05-24 10:03:16,592 - INFO - joeynmt.training - 	Source:     Bu@@ t th@@ is under@@ stat@@ es the ser@@ i@@ ou@@ sn@@ ess of th@@ is particul@@ ar proble@@ m beca@@ us@@ e it does@@ n@@ '@@ t sho@@ w the th@@ ic@@ kn@@ ess of the ic@@ e@@ .
2026-05-24 10:03:16,592 - INFO - joeynmt.training - 	Reference:  M@@ aar dit onder@@ sch@@ at eigen@@ lijk de ern@@ st van dit specif@@ ie@@ ke proble@@ em om@@ dat het nie@@ t de di@@ k@@ te van het ij@@ s laat zi@@ en@@ .
2026-05-24 10:03:16,592 - INFO - joeynmt.training - 	Hypothesis: M@@ aar dit beg@@ stat@@ en van de ser@@ ie van dit specif@@ ie@@ ke proble@@ em om@@ dat het nie@@ t de di@@ k@@ ker nie@@ t van de ij@@ s@@ <unk>
2026-05-24 10:03:16,592 - INFO - joeynmt.training - Example #2
2026-05-24 10:03:16,597 - DEBUG - joeynmt.training - 	Tokenized source:     ['The', 'ar@@', 'c@@', 'tic', 'ic@@', 'e', 'cap', 'is@@', ',', 'in', 'a', 'sen@@', 'se@@', ',', 'the', 'be@@', 'at@@', 'ing', 'hear@@', 't', 'of', 'the', 'glob@@', 'al', 'cli@@', 'mat@@', 'e', 'system@@', '.']
2026-05-24 10:03:16,597 - DEBUG - joeynmt.training - 	Tokenized reference:  ['De', 'ij@@', 'sk@@', 'ap', 'op', 'de', 'Noor@@', 'd@@', 'p@@', 'ool', 'is', 'in', 'ze@@', 'ker@@', 'e', 'zin', 'het', 'kl@@', 'op@@', 'pen@@', 'd', 'har@@', 't', 'van', 'ons', 'glob@@', 'aal', 'kli@@', 'maat@@', 'syste@@', 'em@@', '.']
2026-05-24 10:03:16,597 - DEBUG - joeynmt.training - 	Tokenized hypothesis: ['De', 'ar@@', 'c@@', 't@@', 'isch@@', 'e', 'ij@@', 's@@', ',', 'in', 'een', 'zin', 'en', 'het', 'be@@', 'vat@@', 'ten', 'van', 'de', 'wereldwij@@', 'de', 'kli@@', 'maat@@', 'syste@@', 'em@@', '<unk>', '</s>']
2026-05-24 10:03:16,598 - INFO - joeynmt.training - 	Source:     The ar@@ c@@ tic ic@@ e cap is@@ , in a sen@@ se@@ , the be@@ at@@ ing hear@@ t of the glob@@ al cli@@ mat@@ e system@@ .
2026-05-24 10:03:16,598 - INFO - joeynmt.training - 	Reference:  De ij@@ sk@@ ap op de Noor@@ d@@ p@@ ool is in ze@@ ker@@ e zin het kl@@ op@@ pen@@ d har@@ t van ons glob@@ aal kli@@ maat@@ syste@@ em@@ .
2026-05-24 10:03:16,598 - INFO - joeynmt.training - 	Hypothesis: De ar@@ c@@ t@@ isch@@ e ij@@ s@@ , in een zin en het be@@ vat@@ ten van de wereldwij@@ de kli@@ maat@@ syste@@ em@@ <unk>
2026-05-24 10:03:16,598 - INFO - joeynmt.training - Example #3
2026-05-24 10:03:16,598 - DEBUG - joeynmt.training - 	Tokenized source:     ['I@@', 't', 'ex@@', 'p@@', 'and@@', 's', 'in', 'w@@', 'inter', 'and', 'con@@', 'trac@@', 'ts', 'in', 'su@@', 'm@@', 'mer@@', '.']
2026-05-24 10:03:16,598 - DEBUG - joeynmt.training - 	Tokenized reference:  ['H@@', 'et', 'zet', 'uit', 'in', 'de', 'w@@', 'inter', 'en', 'k@@', 'ri@@', 'mp@@', 't', 'in', 'de', 'zom@@', 'er@@', '.']
2026-05-24 10:03:16,598 - DEBUG - joeynmt.training - 	Tokenized hypothesis: ['H@@', 'et', 'ex@@', 'p@@', 'and@@', 's', 'en', 'in', 'w@@', 'inter', 'en', 'ver@@', 'volgen@@', 's', 'in', 'de', 'zom@@', 'er@@', '<unk>', '</s>']
2026-05-24 10:03:16,599 - INFO - joeynmt.training - 	Source:     I@@ t ex@@ p@@ and@@ s in w@@ inter and con@@ trac@@ ts in su@@ m@@ mer@@ .
2026-05-24 10:03:16,599 - INFO - joeynmt.training - 	Reference:  H@@ et zet uit in de w@@ inter en k@@ ri@@ mp@@ t in de zom@@ er@@ .
2026-05-24 10:03:16,599 - INFO - joeynmt.training - 	Hypothesis: H@@ et ex@@ p@@ and@@ s en in w@@ inter en ver@@ volgen@@ s in de zom@@ er@@ <unk>
2026-05-24 10:03:16,600 - INFO - joeynmt.training - Example #4
2026-05-24 10:03:16,600 - DEBUG - joeynmt.training - 	Tokenized source:     ['The', 'ne@@', 'x@@', 't', 'sli@@', 'de', 'I', 'sho@@', 'w', 'you', 'will', 'be', 'a', 'ra@@', 'p@@', 'id', 'fa@@', 'st-@@', 'for@@', 'war@@', 'd', 'of', 'what@@', "'@@", 's', 'happen@@', 'ed', 'over', 'the', 'la@@', 'st', '2@@', '5', 'year@@', 's@@', '.']
2026-05-24 10:03:16,600 - DEBUG - joeynmt.training - 	Tokenized reference:  ['De', 'volgen@@', 'de', 'dia', 'die', 'ik', 'laat', 'zi@@', 'en', 'is', 'een', 'ver@@', 'snel@@', 'de', 'vers@@', 'ie', 'van', 'wat', 'er', 'de', 'af@@', 'gel@@', 'open', '2@@', '5', 'j@@', 'aar', 'is', 'gebeur@@', 'd@@', '.']
2026-05-24 10:03:16,600 - DEBUG - joeynmt.training - 	Tokenized hypothesis: ['De', 'volgen@@', 'de', 'dia', 'die', 'ik', 'laat', 'laat', 'zi@@', 'en', 'dat', 'ik', 'j@@', 'ul@@', 'lie', 'een', 'ra@@', 'pp@@', 'el@@', 'd@@', 'se', 'snel@@', 'heid', 'van', 'wat', 'er', 'gebeur@@', 'de', 'er', 'gebeur@@', 'de', 'er', 'in', 'de', 'laat@@', 'ste', '2@@', '5', 'j@@', 'aar', 'gebeur@@', 'de@@', '<unk>', '</s>']
2026-05-24 10:03:16,602 - INFO - joeynmt.training - 	Source:     The ne@@ x@@ t sli@@ de I sho@@ w you will be a ra@@ p@@ id fa@@ st-@@ for@@ war@@ d of what@@ '@@ s happen@@ ed over the la@@ st 2@@ 5 year@@ s@@ .
2026-05-24 10:03:16,603 - INFO - joeynmt.training - 	Reference:  De volgen@@ de dia die ik laat zi@@ en is een ver@@ snel@@ de vers@@ ie van wat er de af@@ gel@@ open 2@@ 5 j@@ aar is gebeur@@ d@@ .
2026-05-24 10:03:16,603 - INFO - joeynmt.training - 	Hypothesis: De volgen@@ de dia die ik laat laat zi@@ en dat ik j@@ ul@@ lie een ra@@ pp@@ el@@ d@@ se snel@@ heid van wat er gebeur@@ de er gebeur@@ de er in de laat@@ ste 2@@ 5 j@@ aar gebeur@@ de@@ <unk>
2026-05-24 10:04:14,822 - INFO - joeynmt.training - Epoch   5, Step:    17600, Batch Loss:     1.375951, Batch Acc: 0.600843, Tokens per Sec:     1245, Lr: 0.000300
2026-05-24 10:05:12,324 - INFO - joeynmt.training - Epoch   5, Step:    17700, Batch Loss:     1.355445, Batch Acc: 0.600286, Tokens per Sec:     1266, Lr: 0.000300
2026-05-24 10:06:11,057 - INFO - joeynmt.training - Epoch   5, Step:    17800, Batch Loss:     1.316216, Batch Acc: 0.603832, Tokens per Sec:     1287, Lr: 0.000300
2026-05-24 10:07:07,965 - INFO - joeynmt.training - Epoch   5, Step:    17900, Batch Loss:     1.432920, Batch Acc: 0.597541, Tokens per Sec:     1263, Lr: 0.000300
2026-05-24 10:08:07,698 - INFO - joeynmt.training - Epoch   5, Step:    18000, Batch Loss:     1.393688, Batch Acc: 0.601250, Tokens per Sec:     1238, Lr: 0.000300
2026-05-24 10:08:07,699 - INFO - joeynmt.prediction - Predicting 1003 example(s)... (Greedy decoding with min_output_length=1, max_output_length=100, return_prob='none', generate_unk=True, repetition_penalty=-1, no_repeat_ngram_size=-1)
2026-05-24 10:11:09,695 - INFO - joeynmt.metrics - nrefs:1|case:mixed|eff:no|tok:13a|smooth:exp|version:2.6.0
2026-05-24 10:11:09,697 - INFO - joeynmt.prediction - Evaluation result (greedy) bleu:  35.81, loss:   1.74, ppl:   5.70, acc:   0.52, generation: 181.5053[sec], evaluation: 0.4770[sec]
2026-05-24 10:11:09,775 - INFO - joeynmt.helpers - delete output_bpe5000/15500.ckpt
2026-05-24 10:11:09,785 - INFO - joeynmt.training - Example #0
2026-05-24 10:11:09,786 - DEBUG - joeynmt.training - 	Tokenized source:     ['\ufeffLa@@', 'st', 'year', 'I', 'sho@@', 'we@@', 'd', 'thes@@', 'e', 'tw@@', 'o', 'sli@@', 'de@@', 's', 'so', 'that', 'de@@', 'mon@@', 'strate', 'that', 'the', 'ar@@', 'c@@', 'tic', 'ic@@', 'e', 'cap@@', ',', 'wh@@', 'ich', 'for', 'mo@@', 'st', 'of', 'the', 'la@@', 'st', 'th@@', 'ree', 'milli@@', 'on', 'year@@', 's', 'ha@@', 's', 'be@@', 'en', 'the', 'si@@', 'ze', 'of', 'the', 'lo@@', 'wer', '4@@', '8', 'stat@@', 'es@@', ',', 'ha@@', 's', 'sh@@', 'run@@', 'k', 'b@@', 'y', '4@@', '0', 'percen@@', 't@@', '.']
2026-05-24 10:11:09,787 - DEBUG - joeynmt.training - 	Tokenized reference:  ['\ufeffV@@', 'orig', 'j@@', 'aar', 'lie@@', 't', 'ik', 'de@@', 'ze', 'twee', 'dia@@', "'@@", 's', 'zi@@', 'en', 'om', 'aan', 'te', 'ton@@', 'en', 'dat', 'de', 'p@@', 'ool@@', 'ij@@', 'sk@@', 'ap@@', ',', 'die', 'de', 'af@@', 'gel@@', 'open', 'drie', 'miljo@@', 'en', 'j@@', 'aar', 'onge@@', 've@@', 'er', 'de', 'groot@@', 'te', 'had', 'van', 'het', 'va@@', 'stel@@', 'and', 'van', 'de', 'V@@', 'S@@', ',', 'met', '4@@', '0@@', '%', 'gek@@', 'ro@@', 'mp@@', 'en', 'was@@', '.']
2026-05-24 10:11:09,787 - DEBUG - joeynmt.training - 	Tokenized hypothesis: ['I@@', 'k', 'lie@@', 't', 'j@@', 'aar', 'lie@@', 't', 'ik', 'de@@', 'ze', 'twee', 'dia@@', "'@@", 's', 'zo@@', 'dat', 'de', 'ar@@', 'c@@', 't@@', 'isch@@', 'e', 'ic@@', 'e', 'ij@@', 'fer@@', 's@@', ',', 'die', 'voor', 'de', 'mee@@', 'ste', 'drie', 'miljo@@', 'en', 'j@@', 'aar', 'is', 'de', 'groot@@', 'te', 'van', 'de', 'la@@', 'ger', 'van', 'de', 'la@@', 'ger', '4@@', '0', 'pro@@', 'cen@@', 't@@', '<unk>', '</s>']
2026-05-24 10:11:09,788 - INFO - joeynmt.training - 	Source:     ﻿La@@ st year I sho@@ we@@ d thes@@ e tw@@ o sli@@ de@@ s so that de@@ mon@@ strate that the ar@@ c@@ tic ic@@ e cap@@ , wh@@ ich for mo@@ st of the la@@ st th@@ ree milli@@ on year@@ s ha@@ s be@@ en the si@@ ze of the lo@@ wer 4@@ 8 stat@@ es@@ , ha@@ s sh@@ run@@ k b@@ y 4@@ 0 percen@@ t@@ .
2026-05-24 10:11:09,788 - INFO - joeynmt.training - 	Reference:  ﻿V@@ orig j@@ aar lie@@ t ik de@@ ze twee dia@@ '@@ s zi@@ en om aan te ton@@ en dat de p@@ ool@@ ij@@ sk@@ ap@@ , die de af@@ gel@@ open drie miljo@@ en j@@ aar onge@@ ve@@ er de groot@@ te had van het va@@ stel@@ and van de V@@ S@@ , met 4@@ 0@@ % gek@@ ro@@ mp@@ en was@@ .
2026-05-24 10:11:09,788 - INFO - joeynmt.training - 	Hypothesis: I@@ k lie@@ t j@@ aar lie@@ t ik de@@ ze twee dia@@ '@@ s zo@@ dat de ar@@ c@@ t@@ isch@@ e ic@@ e ij@@ fer@@ s@@ , die voor de mee@@ ste drie miljo@@ en j@@ aar is de groot@@ te van de la@@ ger van de la@@ ger 4@@ 0 pro@@ cen@@ t@@ <unk>
2026-05-24 10:11:09,788 - INFO - joeynmt.training - Example #1
2026-05-24 10:11:09,788 - DEBUG - joeynmt.training - 	Tokenized source:     ['Bu@@', 't', 'th@@', 'is', 'under@@', 'stat@@', 'es', 'the', 'ser@@', 'i@@', 'ou@@', 'sn@@', 'ess', 'of', 'th@@', 'is', 'particul@@', 'ar', 'proble@@', 'm', 'beca@@', 'us@@', 'e', 'it', 'does@@', 'n@@', "'@@", 't', 'sho@@', 'w', 'the', 'th@@', 'ic@@', 'kn@@', 'ess', 'of', 'the', 'ic@@', 'e@@', '.']
2026-05-24 10:11:09,788 - DEBUG - joeynmt.training - 	Tokenized reference:  ['M@@', 'aar', 'dit', 'onder@@', 'sch@@', 'at', 'eigen@@', 'lijk', 'de', 'ern@@', 'st', 'van', 'dit', 'specif@@', 'ie@@', 'ke', 'proble@@', 'em', 'om@@', 'dat', 'het', 'nie@@', 't', 'de', 'di@@', 'k@@', 'te', 'van', 'het', 'ij@@', 's', 'laat', 'zi@@', 'en@@', '.']
2026-05-24 10:11:09,788 - DEBUG - joeynmt.training - 	Tokenized hypothesis: ['M@@', 'aar', 'de@@', 'ze', 'onder@@', 'stat@@', 'en', 'de', 'ser@@', 'ie', 'van', 'dit', 'specif@@', 'ie@@', 'ke', 'proble@@', 'em', 'om@@', 'dat', 'het', 'nie@@', 't', 'de', 'de@@', 'ze', 'ze@@', 'ker@@', 'e', 'ij@@', 's@@', '<unk>', '</s>']
2026-05-24 10:11:09,789 - INFO - joeynmt.training - 	Source:     Bu@@ t th@@ is under@@ stat@@ es the ser@@ i@@ ou@@ sn@@ ess of th@@ is particul@@ ar proble@@ m beca@@ us@@ e it does@@ n@@ '@@ t sho@@ w the th@@ ic@@ kn@@ ess of the ic@@ e@@ .
2026-05-24 10:11:09,789 - INFO - joeynmt.training - 	Reference:  M@@ aar dit onder@@ sch@@ at eigen@@ lijk de ern@@ st van dit specif@@ ie@@ ke proble@@ em om@@ dat het nie@@ t de di@@ k@@ te van het ij@@ s laat zi@@ en@@ .
2026-05-24 10:11:09,790 - INFO - joeynmt.training - 	Hypothesis: M@@ aar de@@ ze onder@@ stat@@ en de ser@@ ie van dit specif@@ ie@@ ke proble@@ em om@@ dat het nie@@ t de de@@ ze ze@@ ker@@ e ij@@ s@@ <unk>
2026-05-24 10:11:09,801 - INFO - joeynmt.training - Example #2
2026-05-24 10:11:09,803 - DEBUG - joeynmt.training - 	Tokenized source:     ['The', 'ar@@', 'c@@', 'tic', 'ic@@', 'e', 'cap', 'is@@', ',', 'in', 'a', 'sen@@', 'se@@', ',', 'the', 'be@@', 'at@@', 'ing', 'hear@@', 't', 'of', 'the', 'glob@@', 'al', 'cli@@', 'mat@@', 'e', 'system@@', '.']
2026-05-24 10:11:09,804 - DEBUG - joeynmt.training - 	Tokenized reference:  ['De', 'ij@@', 'sk@@', 'ap', 'op', 'de', 'Noor@@', 'd@@', 'p@@', 'ool', 'is', 'in', 'ze@@', 'ker@@', 'e', 'zin', 'het', 'kl@@', 'op@@', 'pen@@', 'd', 'har@@', 't', 'van', 'ons', 'glob@@', 'aal', 'kli@@', 'maat@@', 'syste@@', 'em@@', '.']
2026-05-24 10:11:09,804 - DEBUG - joeynmt.training - 	Tokenized hypothesis: ['De', 'ar@@', 'c@@', 't@@', 'isch@@', 'e', 'ij@@', 'fer@@', 's@@', ',', 'in', 'een', 'zin', 'de', 'str@@', 'oom@@', 't@@', 'us@@', 'sen', 'het', 'str@@', 'and', 'van', 'de', 'glob@@', 'al@@', 'e', 'kli@@', 'maat@@', 'syste@@', 'em@@', '<unk>', '</s>']
2026-05-24 10:11:09,804 - INFO - joeynmt.training - 	Source:     The ar@@ c@@ tic ic@@ e cap is@@ , in a sen@@ se@@ , the be@@ at@@ ing hear@@ t of the glob@@ al cli@@ mat@@ e system@@ .
2026-05-24 10:11:09,806 - INFO - joeynmt.training - 	Reference:  De ij@@ sk@@ ap op de Noor@@ d@@ p@@ ool is in ze@@ ker@@ e zin het kl@@ op@@ pen@@ d har@@ t van ons glob@@ aal kli@@ maat@@ syste@@ em@@ .
2026-05-24 10:11:09,806 - INFO - joeynmt.training - 	Hypothesis: De ar@@ c@@ t@@ isch@@ e ij@@ fer@@ s@@ , in een zin de str@@ oom@@ t@@ us@@ sen het str@@ and van de glob@@ al@@ e kli@@ maat@@ syste@@ em@@ <unk>
2026-05-24 10:11:09,810 - INFO - joeynmt.training - Example #3
2026-05-24 10:11:09,811 - DEBUG - joeynmt.training - 	Tokenized source:     ['I@@', 't', 'ex@@', 'p@@', 'and@@', 's', 'in', 'w@@', 'inter', 'and', 'con@@', 'trac@@', 'ts', 'in', 'su@@', 'm@@', 'mer@@', '.']
2026-05-24 10:11:09,811 - DEBUG - joeynmt.training - 	Tokenized reference:  ['H@@', 'et', 'zet', 'uit', 'in', 'de', 'w@@', 'inter', 'en', 'k@@', 'ri@@', 'mp@@', 't', 'in', 'de', 'zom@@', 'er@@', '.']
2026-05-24 10:11:09,811 - DEBUG - joeynmt.training - 	Tokenized hypothesis: ['H@@', 'et', 'ex@@', 'p@@', 'and@@', 's', 'in', 'w@@', 'inter', 'en', 'con@@', 'trac@@', 'ten', 'in', 'su@@', 'm@@', 'mer@@', '<unk>', '</s>']
2026-05-24 10:11:09,812 - INFO - joeynmt.training - 	Source:     I@@ t ex@@ p@@ and@@ s in w@@ inter and con@@ trac@@ ts in su@@ m@@ mer@@ .
2026-05-24 10:11:09,813 - INFO - joeynmt.training - 	Reference:  H@@ et zet uit in de w@@ inter en k@@ ri@@ mp@@ t in de zom@@ er@@ .
2026-05-24 10:11:09,813 - INFO - joeynmt.training - 	Hypothesis: H@@ et ex@@ p@@ and@@ s in w@@ inter en con@@ trac@@ ten in su@@ m@@ mer@@ <unk>
2026-05-24 10:11:09,814 - INFO - joeynmt.training - Example #4
2026-05-24 10:11:09,814 - DEBUG - joeynmt.training - 	Tokenized source:     ['The', 'ne@@', 'x@@', 't', 'sli@@', 'de', 'I', 'sho@@', 'w', 'you', 'will', 'be', 'a', 'ra@@', 'p@@', 'id', 'fa@@', 'st-@@', 'for@@', 'war@@', 'd', 'of', 'what@@', "'@@", 's', 'happen@@', 'ed', 'over', 'the', 'la@@', 'st', '2@@', '5', 'year@@', 's@@', '.']
2026-05-24 10:11:09,815 - DEBUG - joeynmt.training - 	Tokenized reference:  ['De', 'volgen@@', 'de', 'dia', 'die', 'ik', 'laat', 'zi@@', 'en', 'is', 'een', 'ver@@', 'snel@@', 'de', 'vers@@', 'ie', 'van', 'wat', 'er', 'de', 'af@@', 'gel@@', 'open', '2@@', '5', 'j@@', 'aar', 'is', 'gebeur@@', 'd@@', '.']
2026-05-24 10:11:09,815 - DEBUG - joeynmt.training - 	Tokenized hypothesis: ['De', 'volgen@@', 'de', 'dia', 'die', 'ik', 'j@@', 'ul@@', 'lie', 'een', 'ra@@', 'p@@', 'id', 'f@@', 'oo@@', 'st-@@', 'for@@', 'd', 'z@@', 'al', 'zijn', 'van', 'wat', 'er', 'gebeur@@', 'd', 'is', 'in', 'de', 'laat@@', 'ste', '2@@', '5', 'j@@', 'aar', 'gebeur@@', 'd@@', '<unk>', '</s>']
2026-05-24 10:11:09,816 - INFO - joeynmt.training - 	Source:     The ne@@ x@@ t sli@@ de I sho@@ w you will be a ra@@ p@@ id fa@@ st-@@ for@@ war@@ d of what@@ '@@ s happen@@ ed over the la@@ st 2@@ 5 year@@ s@@ .
2026-05-24 10:11:09,816 - INFO - joeynmt.training - 	Reference:  De volgen@@ de dia die ik laat zi@@ en is een ver@@ snel@@ de vers@@ ie van wat er de af@@ gel@@ open 2@@ 5 j@@ aar is gebeur@@ d@@ .
2026-05-24 10:11:09,817 - INFO - joeynmt.training - 	Hypothesis: De volgen@@ de dia die ik j@@ ul@@ lie een ra@@ p@@ id f@@ oo@@ st-@@ for@@ d z@@ al zijn van wat er gebeur@@ d is in de laat@@ ste 2@@ 5 j@@ aar gebeur@@ d@@ <unk>
2026-05-24 10:12:12,325 - INFO - joeynmt.training - Epoch   5, Step:    18100, Batch Loss:     1.373679, Batch Acc: 0.598429, Tokens per Sec:     1164, Lr: 0.000300
2026-05-24 10:13:13,299 - INFO - joeynmt.training - Epoch   5, Step:    18200, Batch Loss:     1.616861, Batch Acc: 0.605317, Tokens per Sec:     1224, Lr: 0.000300
2026-05-24 10:14:13,352 - INFO - joeynmt.training - Epoch   5, Step:    18300, Batch Loss:     1.452174, Batch Acc: 0.593100, Tokens per Sec:     1209, Lr: 0.000300
2026-05-24 10:15:13,045 - INFO - joeynmt.training - Epoch   5, Step:    18400, Batch Loss:     1.383591, Batch Acc: 0.601205, Tokens per Sec:     1240, Lr: 0.000300
2026-05-24 10:16:12,584 - INFO - joeynmt.training - Epoch   5, Step:    18500, Batch Loss:     1.298852, Batch Acc: 0.603543, Tokens per Sec:     1259, Lr: 0.000300
2026-05-24 10:16:12,585 - INFO - joeynmt.prediction - Predicting 1003 example(s)... (Greedy decoding with min_output_length=1, max_output_length=100, return_prob='none', generate_unk=True, repetition_penalty=-1, no_repeat_ngram_size=-1)
2026-05-24 10:19:14,487 - INFO - joeynmt.metrics - nrefs:1|case:mixed|eff:no|tok:13a|smooth:exp|version:2.6.0
2026-05-24 10:19:14,488 - INFO - joeynmt.prediction - Evaluation result (greedy) bleu:  36.59, loss:   1.73, ppl:   5.65, acc:   0.52, generation: 181.3396[sec], evaluation: 0.5519[sec]
2026-05-24 10:19:14,491 - INFO - joeynmt.training - Hooray! New best validation result [ppl]!
2026-05-24 10:19:14,578 - INFO - joeynmt.helpers - delete output_bpe5000/17000.ckpt
2026-05-24 10:19:14,586 - INFO - joeynmt.training - Example #0
2026-05-24 10:19:14,587 - DEBUG - joeynmt.training - 	Tokenized source:     ['\ufeffLa@@', 'st', 'year', 'I', 'sho@@', 'we@@', 'd', 'thes@@', 'e', 'tw@@', 'o', 'sli@@', 'de@@', 's', 'so', 'that', 'de@@', 'mon@@', 'strate', 'that', 'the', 'ar@@', 'c@@', 'tic', 'ic@@', 'e', 'cap@@', ',', 'wh@@', 'ich', 'for', 'mo@@', 'st', 'of', 'the', 'la@@', 'st', 'th@@', 'ree', 'milli@@', 'on', 'year@@', 's', 'ha@@', 's', 'be@@', 'en', 'the', 'si@@', 'ze', 'of', 'the', 'lo@@', 'wer', '4@@', '8', 'stat@@', 'es@@', ',', 'ha@@', 's', 'sh@@', 'run@@', 'k', 'b@@', 'y', '4@@', '0', 'percen@@', 't@@', '.']
2026-05-24 10:19:14,587 - DEBUG - joeynmt.training - 	Tokenized reference:  ['\ufeffV@@', 'orig', 'j@@', 'aar', 'lie@@', 't', 'ik', 'de@@', 'ze', 'twee', 'dia@@', "'@@", 's', 'zi@@', 'en', 'om', 'aan', 'te', 'ton@@', 'en', 'dat', 'de', 'p@@', 'ool@@', 'ij@@', 'sk@@', 'ap@@', ',', 'die', 'de', 'af@@', 'gel@@', 'open', 'drie', 'miljo@@', 'en', 'j@@', 'aar', 'onge@@', 've@@', 'er', 'de', 'groot@@', 'te', 'had', 'van', 'het', 'va@@', 'stel@@', 'and', 'van', 'de', 'V@@', 'S@@', ',', 'met', '4@@', '0@@', '%', 'gek@@', 'ro@@', 'mp@@', 'en', 'was@@', '.']
2026-05-24 10:19:14,588 - DEBUG - joeynmt.training - 	Tokenized hypothesis: ['I@@', 'k', 'lie@@', 't', 'j@@', 'aar', 'lie@@', 't', 'zi@@', 'en', 'zo@@', 'dat', 'ik', 'de@@', 'mon@@', 'str@@', 'er@@', 'en', 'dat', 'de', 'ar@@', 'c@@', 't@@', 'isch@@', 'e', 'ij@@', 'ne', 'drie', 'miljo@@', 'en', 'j@@', 'aar', 'is', 'de', 'groot@@', 'te', 'van', 'de', 'la@@', 'ger', 'van', 'de', 'la@@', 'ger', 'van', 'de', 'la@@', 'ger', 'van', 'de', 'la@@', 'ger', 'van', '4@@', '0', 'pro@@', 'cen@@', 't', 'ge@@', 'zi@@', 'en@@', ',', 'heef@@', 't', 'door', '4@@', '0', 'pro@@', 'cen@@', 't', 'ge@@', 'zi@@', 'en@@', '<unk>', '</s>']
2026-05-24 10:19:14,588 - INFO - joeynmt.training - 	Source:     ﻿La@@ st year I sho@@ we@@ d thes@@ e tw@@ o sli@@ de@@ s so that de@@ mon@@ strate that the ar@@ c@@ tic ic@@ e cap@@ , wh@@ ich for mo@@ st of the la@@ st th@@ ree milli@@ on year@@ s ha@@ s be@@ en the si@@ ze of the lo@@ wer 4@@ 8 stat@@ es@@ , ha@@ s sh@@ run@@ k b@@ y 4@@ 0 percen@@ t@@ .
2026-05-24 10:19:14,588 - INFO - joeynmt.training - 	Reference:  ﻿V@@ orig j@@ aar lie@@ t ik de@@ ze twee dia@@ '@@ s zi@@ en om aan te ton@@ en dat de p@@ ool@@ ij@@ sk@@ ap@@ , die de af@@ gel@@ open drie miljo@@ en j@@ aar onge@@ ve@@ er de groot@@ te had van het va@@ stel@@ and van de V@@ S@@ , met 4@@ 0@@ % gek@@ ro@@ mp@@ en was@@ .
2026-05-24 10:19:14,588 - INFO - joeynmt.training - 	Hypothesis: I@@ k lie@@ t j@@ aar lie@@ t zi@@ en zo@@ dat ik de@@ mon@@ str@@ er@@ en dat de ar@@ c@@ t@@ isch@@ e ij@@ ne drie miljo@@ en j@@ aar is de groot@@ te van de la@@ ger van de la@@ ger van de la@@ ger van de la@@ ger van 4@@ 0 pro@@ cen@@ t ge@@ zi@@ en@@ , heef@@ t door 4@@ 0 pro@@ cen@@ t ge@@ zi@@ en@@ <unk>
2026-05-24 10:19:14,588 - INFO - joeynmt.training - Example #1
2026-05-24 10:19:14,591 - DEBUG - joeynmt.training - 	Tokenized source:     ['Bu@@', 't', 'th@@', 'is', 'under@@', 'stat@@', 'es', 'the', 'ser@@', 'i@@', 'ou@@', 'sn@@', 'ess', 'of', 'th@@', 'is', 'particul@@', 'ar', 'proble@@', 'm', 'beca@@', 'us@@', 'e', 'it', 'does@@', 'n@@', "'@@", 't', 'sho@@', 'w', 'the', 'th@@', 'ic@@', 'kn@@', 'ess', 'of', 'the', 'ic@@', 'e@@', '.']
2026-05-24 10:19:14,591 - DEBUG - joeynmt.training - 	Tokenized reference:  ['M@@', 'aar', 'dit', 'onder@@', 'sch@@', 'at', 'eigen@@', 'lijk', 'de', 'ern@@', 'st', 'van', 'dit', 'specif@@', 'ie@@', 'ke', 'proble@@', 'em', 'om@@', 'dat', 'het', 'nie@@', 't', 'de', 'di@@', 'k@@', 'te', 'van', 'het', 'ij@@', 's', 'laat', 'zi@@', 'en@@', '.']
2026-05-24 10:19:14,591 - DEBUG - joeynmt.training - 	Tokenized hypothesis: ['M@@', 'aar', 'dit', 'beg@@', 'ri@@', 'p', 'van', 'dit', 'specif@@', 'ie@@', 'ke', 'proble@@', 'em', 'om@@', 'dat', 'het', 'nie@@', 't', 'zo', 'groot', 'dat', 'het', 'nie@@', 't', 'zo', 'zo', 'dat', 'het', 'nie@@', 't', 'de', 'de@@', 'ze', 'k@@', 'ran@@', 'ten@@', '<unk>', '</s>']
2026-05-24 10:19:14,592 - INFO - joeynmt.training - 	Source:     Bu@@ t th@@ is under@@ stat@@ es the ser@@ i@@ ou@@ sn@@ ess of th@@ is particul@@ ar proble@@ m beca@@ us@@ e it does@@ n@@ '@@ t sho@@ w the th@@ ic@@ kn@@ ess of the ic@@ e@@ .
2026-05-24 10:19:14,592 - INFO - joeynmt.training - 	Reference:  M@@ aar dit onder@@ sch@@ at eigen@@ lijk de ern@@ st van dit specif@@ ie@@ ke proble@@ em om@@ dat het nie@@ t de di@@ k@@ te van het ij@@ s laat zi@@ en@@ .
2026-05-24 10:19:14,592 - INFO - joeynmt.training - 	Hypothesis: M@@ aar dit beg@@ ri@@ p van dit specif@@ ie@@ ke proble@@ em om@@ dat het nie@@ t zo groot dat het nie@@ t zo zo dat het nie@@ t de de@@ ze k@@ ran@@ ten@@ <unk>
2026-05-24 10:19:14,592 - INFO - joeynmt.training - Example #2
2026-05-24 10:19:14,592 - DEBUG - joeynmt.training - 	Tokenized source:     ['The', 'ar@@', 'c@@', 'tic', 'ic@@', 'e', 'cap', 'is@@', ',', 'in', 'a', 'sen@@', 'se@@', ',', 'the', 'be@@', 'at@@', 'ing', 'hear@@', 't', 'of', 'the', 'glob@@', 'al', 'cli@@', 'mat@@', 'e', 'system@@', '.']
2026-05-24 10:19:14,592 - DEBUG - joeynmt.training - 	Tokenized reference:  ['De', 'ij@@', 'sk@@', 'ap', 'op', 'de', 'Noor@@', 'd@@', 'p@@', 'ool', 'is', 'in', 'ze@@', 'ker@@', 'e', 'zin', 'het', 'kl@@', 'op@@', 'pen@@', 'd', 'har@@', 't', 'van', 'ons', 'glob@@', 'aal', 'kli@@', 'maat@@', 'syste@@', 'em@@', '.']
2026-05-24 10:19:14,592 - DEBUG - joeynmt.training - 	Tokenized hypothesis: ['De', 'ar@@', 'c@@', 't@@', 'isch@@', 'e', 'ij@@', 's', 'in', 'een', 'zin@@', ',', 'het', 'be@@', 'er@@', 'van', 'het', 'wereldwij@@', 'de', 'kli@@', 'maat@@', 'syste@@', 'em@@', '<unk>', '</s>']
2026-05-24 10:19:14,593 - INFO - joeynmt.training - 	Source:     The ar@@ c@@ tic ic@@ e cap is@@ , in a sen@@ se@@ , the be@@ at@@ ing hear@@ t of the glob@@ al cli@@ mat@@ e system@@ .
2026-05-24 10:19:14,593 - INFO - joeynmt.training - 	Reference:  De ij@@ sk@@ ap op de Noor@@ d@@ p@@ ool is in ze@@ ker@@ e zin het kl@@ op@@ pen@@ d har@@ t van ons glob@@ aal kli@@ maat@@ syste@@ em@@ .
2026-05-24 10:19:14,593 - INFO - joeynmt.training - 	Hypothesis: De ar@@ c@@ t@@ isch@@ e ij@@ s in een zin@@ , het be@@ er@@ van het wereldwij@@ de kli@@ maat@@ syste@@ em@@ <unk>
2026-05-24 10:19:14,593 - INFO - joeynmt.training - Example #3
2026-05-24 10:19:14,593 - DEBUG - joeynmt.training - 	Tokenized source:     ['I@@', 't', 'ex@@', 'p@@', 'and@@', 's', 'in', 'w@@', 'inter', 'and', 'con@@', 'trac@@', 'ts', 'in', 'su@@', 'm@@', 'mer@@', '.']
2026-05-24 10:19:14,593 - DEBUG - joeynmt.training - 	Tokenized reference:  ['H@@', 'et', 'zet', 'uit', 'in', 'de', 'w@@', 'inter', 'en', 'k@@', 'ri@@', 'mp@@', 't', 'in', 'de', 'zom@@', 'er@@', '.']
2026-05-24 10:19:14,593 - DEBUG - joeynmt.training - 	Tokenized hypothesis: ['H@@', 'et', 'uit@@', 'bre@@', 'id@@', 'ing', 'in', 'w@@', 'inter', 'en', 'con@@', 'trac@@', 'ten', 'in', 'de', 'zom@@', 'er@@', '<unk>', '</s>']
2026-05-24 10:19:14,594 - INFO - joeynmt.training - 	Source:     I@@ t ex@@ p@@ and@@ s in w@@ inter and con@@ trac@@ ts in su@@ m@@ mer@@ .
2026-05-24 10:19:14,594 - INFO - joeynmt.training - 	Reference:  H@@ et zet uit in de w@@ inter en k@@ ri@@ mp@@ t in de zom@@ er@@ .
2026-05-24 10:19:14,594 - INFO - joeynmt.training - 	Hypothesis: H@@ et uit@@ bre@@ id@@ ing in w@@ inter en con@@ trac@@ ten in de zom@@ er@@ <unk>
2026-05-24 10:19:14,594 - INFO - joeynmt.training - Example #4
2026-05-24 10:19:14,594 - DEBUG - joeynmt.training - 	Tokenized source:     ['The', 'ne@@', 'x@@', 't', 'sli@@', 'de', 'I', 'sho@@', 'w', 'you', 'will', 'be', 'a', 'ra@@', 'p@@', 'id', 'fa@@', 'st-@@', 'for@@', 'war@@', 'd', 'of', 'what@@', "'@@", 's', 'happen@@', 'ed', 'over', 'the', 'la@@', 'st', '2@@', '5', 'year@@', 's@@', '.']
2026-05-24 10:19:14,594 - DEBUG - joeynmt.training - 	Tokenized reference:  ['De', 'volgen@@', 'de', 'dia', 'die', 'ik', 'laat', 'zi@@', 'en', 'is', 'een', 'ver@@', 'snel@@', 'de', 'vers@@', 'ie', 'van', 'wat', 'er', 'de', 'af@@', 'gel@@', 'open', '2@@', '5', 'j@@', 'aar', 'is', 'gebeur@@', 'd@@', '.']
2026-05-24 10:19:14,594 - DEBUG - joeynmt.training - 	Tokenized hypothesis: ['De', 'volgen@@', 'de', 'dia', 'die', 'ik', 'laat', 'laat', 'zi@@', 'en', 'dat', 'ik', 'een', 'ra@@', 'p@@', 'id', 'mis@@', 'lu@@', 'id@@', 'ing', 'van', 'wat', 'er', 'gebeur@@', 'de', 'de', 'laat@@', 'ste', '2@@', '5', 'j@@', 'aar', 'gebeur@@', 'de', 'er', 'over', 'de', 'laat@@', 'ste', '2@@', '5', 'j@@', 'aar', 'gebeur@@', 'de@@', '<unk>', '</s>']
2026-05-24 10:19:14,594 - INFO - joeynmt.training - 	Source:     The ne@@ x@@ t sli@@ de I sho@@ w you will be a ra@@ p@@ id fa@@ st-@@ for@@ war@@ d of what@@ '@@ s happen@@ ed over the la@@ st 2@@ 5 year@@ s@@ .
2026-05-24 10:19:14,596 - INFO - joeynmt.training - 	Reference:  De volgen@@ de dia die ik laat zi@@ en is een ver@@ snel@@ de vers@@ ie van wat er de af@@ gel@@ open 2@@ 5 j@@ aar is gebeur@@ d@@ .
2026-05-24 10:19:14,596 - INFO - joeynmt.training - 	Hypothesis: De volgen@@ de dia die ik laat laat zi@@ en dat ik een ra@@ p@@ id mis@@ lu@@ id@@ ing van wat er gebeur@@ de de laat@@ ste 2@@ 5 j@@ aar gebeur@@ de er over de laat@@ ste 2@@ 5 j@@ aar gebeur@@ de@@ <unk>
2026-05-24 10:20:13,424 - INFO - joeynmt.training - Epoch   5, Step:    18600, Batch Loss:     1.348984, Batch Acc: 0.602561, Tokens per Sec:     1246, Lr: 0.000300
2026-05-24 10:21:11,595 - INFO - joeynmt.training - Epoch   5, Step:    18700, Batch Loss:     1.339804, Batch Acc: 0.603214, Tokens per Sec:     1283, Lr: 0.000300
2026-05-24 10:22:08,349 - INFO - joeynmt.training - Epoch   5, Step:    18800, Batch Loss:     1.426441, Batch Acc: 0.605264, Tokens per Sec:     1340, Lr: 0.000300
2026-05-24 10:23:06,452 - INFO - joeynmt.training - Epoch   5, Step:    18900, Batch Loss:     1.308216, Batch Acc: 0.600950, Tokens per Sec:     1265, Lr: 0.000300
2026-05-24 10:24:06,932 - INFO - joeynmt.training - Epoch   5, Step:    19000, Batch Loss:     1.498595, Batch Acc: 0.603397, Tokens per Sec:     1276, Lr: 0.000300
2026-05-24 10:24:06,932 - INFO - joeynmt.prediction - Predicting 1003 example(s)... (Greedy decoding with min_output_length=1, max_output_length=100, return_prob='none', generate_unk=True, repetition_penalty=-1, no_repeat_ngram_size=-1)
2026-05-24 10:27:02,104 - INFO - joeynmt.metrics - nrefs:1|case:mixed|eff:no|tok:13a|smooth:exp|version:2.6.0
2026-05-24 10:27:02,104 - INFO - joeynmt.prediction - Evaluation result (greedy) bleu:  35.91, loss:   1.72, ppl:   5.60, acc:   0.52, generation: 174.2991[sec], evaluation: 0.8564[sec]
2026-05-24 10:27:02,107 - INFO - joeynmt.training - Hooray! New best validation result [ppl]!
2026-05-24 10:27:02,191 - INFO - joeynmt.helpers - delete output_bpe5000/16000.ckpt
2026-05-24 10:27:02,201 - INFO - joeynmt.training - Example #0
2026-05-24 10:27:02,201 - DEBUG - joeynmt.training - 	Tokenized source:     ['\ufeffLa@@', 'st', 'year', 'I', 'sho@@', 'we@@', 'd', 'thes@@', 'e', 'tw@@', 'o', 'sli@@', 'de@@', 's', 'so', 'that', 'de@@', 'mon@@', 'strate', 'that', 'the', 'ar@@', 'c@@', 'tic', 'ic@@', 'e', 'cap@@', ',', 'wh@@', 'ich', 'for', 'mo@@', 'st', 'of', 'the', 'la@@', 'st', 'th@@', 'ree', 'milli@@', 'on', 'year@@', 's', 'ha@@', 's', 'be@@', 'en', 'the', 'si@@', 'ze', 'of', 'the', 'lo@@', 'wer', '4@@', '8', 'stat@@', 'es@@', ',', 'ha@@', 's', 'sh@@', 'run@@', 'k', 'b@@', 'y', '4@@', '0', 'percen@@', 't@@', '.']
2026-05-24 10:27:02,202 - DEBUG - joeynmt.training - 	Tokenized reference:  ['\ufeffV@@', 'orig', 'j@@', 'aar', 'lie@@', 't', 'ik', 'de@@', 'ze', 'twee', 'dia@@', "'@@", 's', 'zi@@', 'en', 'om', 'aan', 'te', 'ton@@', 'en', 'dat', 'de', 'p@@', 'ool@@', 'ij@@', 'sk@@', 'ap@@', ',', 'die', 'de', 'af@@', 'gel@@', 'open', 'drie', 'miljo@@', 'en', 'j@@', 'aar', 'onge@@', 've@@', 'er', 'de', 'groot@@', 'te', 'had', 'van', 'het', 'va@@', 'stel@@', 'and', 'van', 'de', 'V@@', 'S@@', ',', 'met', '4@@', '0@@', '%', 'gek@@', 'ro@@', 'mp@@', 'en', 'was@@', '.']
2026-05-24 10:27:02,202 - DEBUG - joeynmt.training - 	Tokenized hypothesis: ['I@@', 'k', 'heb', 'de@@', 'ze', 'twee', 'dia', 'zi@@', 'en', 'zo@@', 'dat', 'ik', 'de@@', 'mon@@', 'str@@', 'er@@', 'en', 'zi@@', 'en', 'dat', 'de', 'ar@@', 'c@@', 't@@', 'isch@@', 'e', 'ij@@', 'fer@@', 's', 'van', 'de', 'laat@@', 'ste', 'drie', 'miljo@@', 'en', 'j@@', 'aar', 'de', 'groot@@', 'ste', 'drie', 'miljo@@', 'en', 'j@@', 'aar', 'is', 'de', 'groot@@', 'te', 'van', 'de', 'min@@', 'der', '4@@', '0', 'pro@@', 'cen@@', 't@@', '<unk>', '</s>']
2026-05-24 10:27:02,202 - INFO - joeynmt.training - 	Source:     ﻿La@@ st year I sho@@ we@@ d thes@@ e tw@@ o sli@@ de@@ s so that de@@ mon@@ strate that the ar@@ c@@ tic ic@@ e cap@@ , wh@@ ich for mo@@ st of the la@@ st th@@ ree milli@@ on year@@ s ha@@ s be@@ en the si@@ ze of the lo@@ wer 4@@ 8 stat@@ es@@ , ha@@ s sh@@ run@@ k b@@ y 4@@ 0 percen@@ t@@ .
2026-05-24 10:27:02,202 - INFO - joeynmt.training - 	Reference:  ﻿V@@ orig j@@ aar lie@@ t ik de@@ ze twee dia@@ '@@ s zi@@ en om aan te ton@@ en dat de p@@ ool@@ ij@@ sk@@ ap@@ , die de af@@ gel@@ open drie miljo@@ en j@@ aar onge@@ ve@@ er de groot@@ te had van het va@@ stel@@ and van de V@@ S@@ , met 4@@ 0@@ % gek@@ ro@@ mp@@ en was@@ .
2026-05-24 10:27:02,202 - INFO - joeynmt.training - 	Hypothesis: I@@ k heb de@@ ze twee dia zi@@ en zo@@ dat ik de@@ mon@@ str@@ er@@ en zi@@ en dat de ar@@ c@@ t@@ isch@@ e ij@@ fer@@ s van de laat@@ ste drie miljo@@ en j@@ aar de groot@@ ste drie miljo@@ en j@@ aar is de groot@@ te van de min@@ der 4@@ 0 pro@@ cen@@ t@@ <unk>
2026-05-24 10:27:02,202 - INFO - joeynmt.training - Example #1
2026-05-24 10:27:02,203 - DEBUG - joeynmt.training - 	Tokenized source:     ['Bu@@', 't', 'th@@', 'is', 'under@@', 'stat@@', 'es', 'the', 'ser@@', 'i@@', 'ou@@', 'sn@@', 'ess', 'of', 'th@@', 'is', 'particul@@', 'ar', 'proble@@', 'm', 'beca@@', 'us@@', 'e', 'it', 'does@@', 'n@@', "'@@", 't', 'sho@@', 'w', 'the', 'th@@', 'ic@@', 'kn@@', 'ess', 'of', 'the', 'ic@@', 'e@@', '.']
2026-05-24 10:27:02,203 - DEBUG - joeynmt.training - 	Tokenized reference:  ['M@@', 'aar', 'dit', 'onder@@', 'sch@@', 'at', 'eigen@@', 'lijk', 'de', 'ern@@', 'st', 'van', 'dit', 'specif@@', 'ie@@', 'ke', 'proble@@', 'em', 'om@@', 'dat', 'het', 'nie@@', 't', 'de', 'di@@', 'k@@', 'te', 'van', 'het', 'ij@@', 's', 'laat', 'zi@@', 'en@@', '.']
2026-05-24 10:27:02,203 - DEBUG - joeynmt.training - 	Tokenized hypothesis: ['M@@', 'aar', 'dit', 'onder@@', 'stat@@', 'en', 'het', 'ser@@', 'ie', 'van', 'dit', 'specif@@', 'ie@@', 'ke', 'proble@@', 'em', 'om@@', 'dat', 'het', 'nie@@', 't', 'zo', 'groot', 'dat', 'het', 'nie@@', 't', 'op', 'het', 'ij@@', 's@@', 'be@@', 'ken@@', 'd', 'is@@', '<unk>', '</s>']
2026-05-24 10:27:02,203 - INFO - joeynmt.training - 	Source:     Bu@@ t th@@ is under@@ stat@@ es the ser@@ i@@ ou@@ sn@@ ess of th@@ is particul@@ ar proble@@ m beca@@ us@@ e it does@@ n@@ '@@ t sho@@ w the th@@ ic@@ kn@@ ess of the ic@@ e@@ .
2026-05-24 10:27:02,203 - INFO - joeynmt.training - 	Reference:  M@@ aar dit onder@@ sch@@ at eigen@@ lijk de ern@@ st van dit specif@@ ie@@ ke proble@@ em om@@ dat het nie@@ t de di@@ k@@ te van het ij@@ s laat zi@@ en@@ .
2026-05-24 10:27:02,203 - INFO - joeynmt.training - 	Hypothesis: M@@ aar dit onder@@ stat@@ en het ser@@ ie van dit specif@@ ie@@ ke proble@@ em om@@ dat het nie@@ t zo groot dat het nie@@ t op het ij@@ s@@ be@@ ken@@ d is@@ <unk>
2026-05-24 10:27:02,204 - INFO - joeynmt.training - Example #2
2026-05-24 10:27:02,205 - DEBUG - joeynmt.training - 	Tokenized source:     ['The', 'ar@@', 'c@@', 'tic', 'ic@@', 'e', 'cap', 'is@@', ',', 'in', 'a', 'sen@@', 'se@@', ',', 'the', 'be@@', 'at@@', 'ing', 'hear@@', 't', 'of', 'the', 'glob@@', 'al', 'cli@@', 'mat@@', 'e', 'system@@', '.']
2026-05-24 10:27:02,205 - DEBUG - joeynmt.training - 	Tokenized reference:  ['De', 'ij@@', 'sk@@', 'ap', 'op', 'de', 'Noor@@', 'd@@', 'p@@', 'ool', 'is', 'in', 'ze@@', 'ker@@', 'e', 'zin', 'het', 'kl@@', 'op@@', 'pen@@', 'd', 'har@@', 't', 'van', 'ons', 'glob@@', 'aal', 'kli@@', 'maat@@', 'syste@@', 'em@@', '.']
2026-05-24 10:27:02,205 - DEBUG - joeynmt.training - 	Tokenized hypothesis: ['De', 'c@@', 't@@', 'isch@@', 'e', 'ij@@', 'den@@', ',', 'in', 'een', 'zin@@', ',', 'het', 'we@@', 'et', 'het', 'het', 'het', 'van', 'de', 'wereldwij@@', 'de', 'kli@@', 'maat@@', 'syste@@', 'em@@', '<unk>', '</s>']
2026-05-24 10:27:02,205 - INFO - joeynmt.training - 	Source:     The ar@@ c@@ tic ic@@ e cap is@@ , in a sen@@ se@@ , the be@@ at@@ ing hear@@ t of the glob@@ al cli@@ mat@@ e system@@ .
2026-05-24 10:27:02,205 - INFO - joeynmt.training - 	Reference:  De ij@@ sk@@ ap op de Noor@@ d@@ p@@ ool is in ze@@ ker@@ e zin het kl@@ op@@ pen@@ d har@@ t van ons glob@@ aal kli@@ maat@@ syste@@ em@@ .
2026-05-24 10:27:02,206 - INFO - joeynmt.training - 	Hypothesis: De c@@ t@@ isch@@ e ij@@ den@@ , in een zin@@ , het we@@ et het het het van de wereldwij@@ de kli@@ maat@@ syste@@ em@@ <unk>
2026-05-24 10:27:02,206 - INFO - joeynmt.training - Example #3
2026-05-24 10:27:02,206 - DEBUG - joeynmt.training - 	Tokenized source:     ['I@@', 't', 'ex@@', 'p@@', 'and@@', 's', 'in', 'w@@', 'inter', 'and', 'con@@', 'trac@@', 'ts', 'in', 'su@@', 'm@@', 'mer@@', '.']
2026-05-24 10:27:02,206 - DEBUG - joeynmt.training - 	Tokenized reference:  ['H@@', 'et', 'zet', 'uit', 'in', 'de', 'w@@', 'inter', 'en', 'k@@', 'ri@@', 'mp@@', 't', 'in', 'de', 'zom@@', 'er@@', '.']
2026-05-24 10:27:02,206 - DEBUG - joeynmt.training - 	Tokenized hypothesis: ['H@@', 'et', 'ex@@', 'p@@', 'and@@', 's', 'in', 'w@@', 'inter', 'en', 'con@@', 'trac@@', 'ten', 'in', 'su@@', 'm@@', 'mer@@', '<unk>', '</s>']
2026-05-24 10:27:02,206 - INFO - joeynmt.training - 	Source:     I@@ t ex@@ p@@ and@@ s in w@@ inter and con@@ trac@@ ts in su@@ m@@ mer@@ .
2026-05-24 10:27:02,206 - INFO - joeynmt.training - 	Reference:  H@@ et zet uit in de w@@ inter en k@@ ri@@ mp@@ t in de zom@@ er@@ .
2026-05-24 10:27:02,207 - INFO - joeynmt.training - 	Hypothesis: H@@ et ex@@ p@@ and@@ s in w@@ inter en con@@ trac@@ ten in su@@ m@@ mer@@ <unk>
2026-05-24 10:27:02,207 - INFO - joeynmt.training - Example #4
2026-05-24 10:27:02,207 - DEBUG - joeynmt.training - 	Tokenized source:     ['The', 'ne@@', 'x@@', 't', 'sli@@', 'de', 'I', 'sho@@', 'w', 'you', 'will', 'be', 'a', 'ra@@', 'p@@', 'id', 'fa@@', 'st-@@', 'for@@', 'war@@', 'd', 'of', 'what@@', "'@@", 's', 'happen@@', 'ed', 'over', 'the', 'la@@', 'st', '2@@', '5', 'year@@', 's@@', '.']
2026-05-24 10:27:02,207 - DEBUG - joeynmt.training - 	Tokenized reference:  ['De', 'volgen@@', 'de', 'dia', 'die', 'ik', 'laat', 'zi@@', 'en', 'is', 'een', 'ver@@', 'snel@@', 'de', 'vers@@', 'ie', 'van', 'wat', 'er', 'de', 'af@@', 'gel@@', 'open', '2@@', '5', 'j@@', 'aar', 'is', 'gebeur@@', 'd@@', '.']
2026-05-24 10:27:02,207 - DEBUG - joeynmt.training - 	Tokenized hypothesis: ['De', 'volgen@@', 'de', 'dia', 'die', 'ik', 'laat', 'zi@@', 'en', 'dat', 'je', 'een', 'snel@@', 'le', 'snel@@', 'le', 'voor@@', 'waar@@', 'd', 'van', 'de', 'af@@', 'gel@@', 'open', '2@@', '5', 'j@@', 'aar', 'gebeur@@', 'de@@', '<unk>', '</s>']
2026-05-24 10:27:02,207 - INFO - joeynmt.training - 	Source:     The ne@@ x@@ t sli@@ de I sho@@ w you will be a ra@@ p@@ id fa@@ st-@@ for@@ war@@ d of what@@ '@@ s happen@@ ed over the la@@ st 2@@ 5 year@@ s@@ .
2026-05-24 10:27:02,207 - INFO - joeynmt.training - 	Reference:  De volgen@@ de dia die ik laat zi@@ en is een ver@@ snel@@ de vers@@ ie van wat er de af@@ gel@@ open 2@@ 5 j@@ aar is gebeur@@ d@@ .
2026-05-24 10:27:02,207 - INFO - joeynmt.training - 	Hypothesis: De volgen@@ de dia die ik laat zi@@ en dat je een snel@@ le snel@@ le voor@@ waar@@ d van de af@@ gel@@ open 2@@ 5 j@@ aar gebeur@@ de@@ <unk>
2026-05-24 10:28:00,203 - INFO - joeynmt.training - Epoch   5, Step:    19100, Batch Loss:     1.446674, Batch Acc: 0.600527, Tokens per Sec:     1281, Lr: 0.000300
2026-05-24 10:28:57,321 - INFO - joeynmt.training - Epoch   5, Step:    19200, Batch Loss:     1.578960, Batch Acc: 0.597720, Tokens per Sec:     1305, Lr: 0.000300
2026-05-24 10:29:56,138 - INFO - joeynmt.training - Epoch   5, Step:    19300, Batch Loss:     1.292809, Batch Acc: 0.597575, Tokens per Sec:     1254, Lr: 0.000300
2026-05-24 10:30:54,618 - INFO - joeynmt.training - Epoch   5, Step:    19400, Batch Loss:     1.462980, Batch Acc: 0.601625, Tokens per Sec:     1265, Lr: 0.000300
2026-05-24 10:31:54,617 - INFO - joeynmt.training - Epoch   5, Step:    19500, Batch Loss:     1.390610, Batch Acc: 0.599211, Tokens per Sec:     1212, Lr: 0.000300
2026-05-24 10:31:54,617 - INFO - joeynmt.prediction - Predicting 1003 example(s)... (Greedy decoding with min_output_length=1, max_output_length=100, return_prob='none', generate_unk=True, repetition_penalty=-1, no_repeat_ngram_size=-1)
2026-05-24 10:34:53,905 - INFO - joeynmt.metrics - nrefs:1|case:mixed|eff:no|tok:13a|smooth:exp|version:2.6.0
2026-05-24 10:34:53,905 - INFO - joeynmt.prediction - Evaluation result (greedy) bleu:  36.92, loss:   1.72, ppl:   5.59, acc:   0.52, generation: 178.8040[sec], evaluation: 0.4672[sec]
2026-05-24 10:34:53,908 - INFO - joeynmt.training - Hooray! New best validation result [ppl]!
2026-05-24 10:34:54,011 - INFO - joeynmt.helpers - delete output_bpe5000/16500.ckpt
2026-05-24 10:34:54,021 - INFO - joeynmt.training - Example #0
2026-05-24 10:34:54,021 - DEBUG - joeynmt.training - 	Tokenized source:     ['\ufeffLa@@', 'st', 'year', 'I', 'sho@@', 'we@@', 'd', 'thes@@', 'e', 'tw@@', 'o', 'sli@@', 'de@@', 's', 'so', 'that', 'de@@', 'mon@@', 'strate', 'that', 'the', 'ar@@', 'c@@', 'tic', 'ic@@', 'e', 'cap@@', ',', 'wh@@', 'ich', 'for', 'mo@@', 'st', 'of', 'the', 'la@@', 'st', 'th@@', 'ree', 'milli@@', 'on', 'year@@', 's', 'ha@@', 's', 'be@@', 'en', 'the', 'si@@', 'ze', 'of', 'the', 'lo@@', 'wer', '4@@', '8', 'stat@@', 'es@@', ',', 'ha@@', 's', 'sh@@', 'run@@', 'k', 'b@@', 'y', '4@@', '0', 'percen@@', 't@@', '.']
2026-05-24 10:34:54,021 - DEBUG - joeynmt.training - 	Tokenized reference:  ['\ufeffV@@', 'orig', 'j@@', 'aar', 'lie@@', 't', 'ik', 'de@@', 'ze', 'twee', 'dia@@', "'@@", 's', 'zi@@', 'en', 'om', 'aan', 'te', 'ton@@', 'en', 'dat', 'de', 'p@@', 'ool@@', 'ij@@', 'sk@@', 'ap@@', ',', 'die', 'de', 'af@@', 'gel@@', 'open', 'drie', 'miljo@@', 'en', 'j@@', 'aar', 'onge@@', 've@@', 'er', 'de', 'groot@@', 'te', 'had', 'van', 'het', 'va@@', 'stel@@', 'and', 'van', 'de', 'V@@', 'S@@', ',', 'met', '4@@', '0@@', '%', 'gek@@', 'ro@@', 'mp@@', 'en', 'was@@', '.']
2026-05-24 10:34:54,021 - DEBUG - joeynmt.training - 	Tokenized hypothesis: ['I@@', 'k', 'lie@@', 't', 'j@@', 'aar', 'lie@@', 't', 'ik', 'de@@', 'ze', 'twee', 'dia@@', "'@@", 's', 'zo@@', 'dat', 'de', 'ar@@', 'c@@', 't@@', 'isch', 'kap@@', 't@@', ',', 'dat', 'de', 'mee@@', 'ste', 'drie', 'miljo@@', 'en', 'j@@', 'aar', 'is', 'de', 'groot@@', 'te', 'van', 'de', 'min@@', 'ste', 'drie', 'miljo@@', 'en', 'j@@', 'aar', 'is', 'de', 'groot@@', 'te', 'van', 'de', 'min@@', 'der', '4@@', '0', 'pro@@', 'cen@@', 't@@', '<unk>', '</s>']
2026-05-24 10:34:54,022 - INFO - joeynmt.training - 	Source:     ﻿La@@ st year I sho@@ we@@ d thes@@ e tw@@ o sli@@ de@@ s so that de@@ mon@@ strate that the ar@@ c@@ tic ic@@ e cap@@ , wh@@ ich for mo@@ st of the la@@ st th@@ ree milli@@ on year@@ s ha@@ s be@@ en the si@@ ze of the lo@@ wer 4@@ 8 stat@@ es@@ , ha@@ s sh@@ run@@ k b@@ y 4@@ 0 percen@@ t@@ .
2026-05-24 10:34:54,023 - INFO - joeynmt.training - 	Reference:  ﻿V@@ orig j@@ aar lie@@ t ik de@@ ze twee dia@@ '@@ s zi@@ en om aan te ton@@ en dat de p@@ ool@@ ij@@ sk@@ ap@@ , die de af@@ gel@@ open drie miljo@@ en j@@ aar onge@@ ve@@ er de groot@@ te had van het va@@ stel@@ and van de V@@ S@@ , met 4@@ 0@@ % gek@@ ro@@ mp@@ en was@@ .
2026-05-24 10:34:54,024 - INFO - joeynmt.training - 	Hypothesis: I@@ k lie@@ t j@@ aar lie@@ t ik de@@ ze twee dia@@ '@@ s zo@@ dat de ar@@ c@@ t@@ isch kap@@ t@@ , dat de mee@@ ste drie miljo@@ en j@@ aar is de groot@@ te van de min@@ ste drie miljo@@ en j@@ aar is de groot@@ te van de min@@ der 4@@ 0 pro@@ cen@@ t@@ <unk>
2026-05-24 10:34:54,024 - INFO - joeynmt.training - Example #1
2026-05-24 10:34:54,024 - DEBUG - joeynmt.training - 	Tokenized source:     ['Bu@@', 't', 'th@@', 'is', 'under@@', 'stat@@', 'es', 'the', 'ser@@', 'i@@', 'ou@@', 'sn@@', 'ess', 'of', 'th@@', 'is', 'particul@@', 'ar', 'proble@@', 'm', 'beca@@', 'us@@', 'e', 'it', 'does@@', 'n@@', "'@@", 't', 'sho@@', 'w', 'the', 'th@@', 'ic@@', 'kn@@', 'ess', 'of', 'the', 'ic@@', 'e@@', '.']
2026-05-24 10:34:54,025 - DEBUG - joeynmt.training - 	Tokenized reference:  ['M@@', 'aar', 'dit', 'onder@@', 'sch@@', 'at', 'eigen@@', 'lijk', 'de', 'ern@@', 'st', 'van', 'dit', 'specif@@', 'ie@@', 'ke', 'proble@@', 'em', 'om@@', 'dat', 'het', 'nie@@', 't', 'de', 'di@@', 'k@@', 'te', 'van', 'het', 'ij@@', 's', 'laat', 'zi@@', 'en@@', '.']
2026-05-24 10:34:54,025 - DEBUG - joeynmt.training - 	Tokenized hypothesis: ['M@@', 'aar', 'dit', 'onder@@', 'stat@@', 'en', 'is', 'het', 'ser@@', 'ij@@', 's', 'van', 'de@@', 'ze', 'specif@@', 'ie@@', 'ke', 'proble@@', 'em', 'om@@', 'dat', 'het', 'nie@@', 't', 'de', 'di@@', 'k@@', 'te', 'van', 'het', 'ij@@', 's@@', '<unk>', '</s>']
2026-05-24 10:34:54,025 - INFO - joeynmt.training - 	Source:     Bu@@ t th@@ is under@@ stat@@ es the ser@@ i@@ ou@@ sn@@ ess of th@@ is particul@@ ar proble@@ m beca@@ us@@ e it does@@ n@@ '@@ t sho@@ w the th@@ ic@@ kn@@ ess of the ic@@ e@@ .
2026-05-24 10:34:54,025 - INFO - joeynmt.training - 	Reference:  M@@ aar dit onder@@ sch@@ at eigen@@ lijk de ern@@ st van dit specif@@ ie@@ ke proble@@ em om@@ dat het nie@@ t de di@@ k@@ te van het ij@@ s laat zi@@ en@@ .
2026-05-24 10:34:54,025 - INFO - joeynmt.training - 	Hypothesis: M@@ aar dit onder@@ stat@@ en is het ser@@ ij@@ s van de@@ ze specif@@ ie@@ ke proble@@ em om@@ dat het nie@@ t de di@@ k@@ te van het ij@@ s@@ <unk>
2026-05-24 10:34:54,025 - INFO - joeynmt.training - Example #2
2026-05-24 10:34:54,025 - DEBUG - joeynmt.training - 	Tokenized source:     ['The', 'ar@@', 'c@@', 'tic', 'ic@@', 'e', 'cap', 'is@@', ',', 'in', 'a', 'sen@@', 'se@@', ',', 'the', 'be@@', 'at@@', 'ing', 'hear@@', 't', 'of', 'the', 'glob@@', 'al', 'cli@@', 'mat@@', 'e', 'system@@', '.']
2026-05-24 10:34:54,026 - DEBUG - joeynmt.training - 	Tokenized reference:  ['De', 'ij@@', 'sk@@', 'ap', 'op', 'de', 'Noor@@', 'd@@', 'p@@', 'ool', 'is', 'in', 'ze@@', 'ker@@', 'e', 'zin', 'het', 'kl@@', 'op@@', 'pen@@', 'd', 'har@@', 't', 'van', 'ons', 'glob@@', 'aal', 'kli@@', 'maat@@', 'syste@@', 'em@@', '.']
2026-05-24 10:34:54,026 - DEBUG - joeynmt.training - 	Tokenized hypothesis: ['De', 'ar@@', 'c@@', 't@@', 'isch@@', 'e', 'ij@@', 'fer@@', 's@@', ',', 'in', 'een', 'zin@@', ',', 'de', 'we@@', 'et', 'van', 'de', 'glob@@', 'al@@', 'e', 'kli@@', 'maat@@', 'syste@@', 'em@@', '<unk>', '</s>']
2026-05-24 10:34:54,027 - INFO - joeynmt.training - 	Source:     The ar@@ c@@ tic ic@@ e cap is@@ , in a sen@@ se@@ , the be@@ at@@ ing hear@@ t of the glob@@ al cli@@ mat@@ e system@@ .
2026-05-24 10:34:54,027 - INFO - joeynmt.training - 	Reference:  De ij@@ sk@@ ap op de Noor@@ d@@ p@@ ool is in ze@@ ker@@ e zin het kl@@ op@@ pen@@ d har@@ t van ons glob@@ aal kli@@ maat@@ syste@@ em@@ .
2026-05-24 10:34:54,027 - INFO - joeynmt.training - 	Hypothesis: De ar@@ c@@ t@@ isch@@ e ij@@ fer@@ s@@ , in een zin@@ , de we@@ et van de glob@@ al@@ e kli@@ maat@@ syste@@ em@@ <unk>
2026-05-24 10:34:54,028 - INFO - joeynmt.training - Example #3
2026-05-24 10:34:54,028 - DEBUG - joeynmt.training - 	Tokenized source:     ['I@@', 't', 'ex@@', 'p@@', 'and@@', 's', 'in', 'w@@', 'inter', 'and', 'con@@', 'trac@@', 'ts', 'in', 'su@@', 'm@@', 'mer@@', '.']
2026-05-24 10:34:54,028 - DEBUG - joeynmt.training - 	Tokenized reference:  ['H@@', 'et', 'zet', 'uit', 'in', 'de', 'w@@', 'inter', 'en', 'k@@', 'ri@@', 'mp@@', 't', 'in', 'de', 'zom@@', 'er@@', '.']
2026-05-24 10:34:54,028 - DEBUG - joeynmt.training - 	Tokenized hypothesis: ['H@@', 'et', 'ex@@', 'p@@', 'and@@', 's', 'in', 'w@@', 'inter', 'en', 'con@@', 'trac@@', 'ten', 'in', 'de', 'zom@@', 'er', 'te', 'zet@@', 'ten@@', '<unk>', '</s>']
2026-05-24 10:34:54,028 - INFO - joeynmt.training - 	Source:     I@@ t ex@@ p@@ and@@ s in w@@ inter and con@@ trac@@ ts in su@@ m@@ mer@@ .
2026-05-24 10:34:54,029 - INFO - joeynmt.training - 	Reference:  H@@ et zet uit in de w@@ inter en k@@ ri@@ mp@@ t in de zom@@ er@@ .
2026-05-24 10:34:54,029 - INFO - joeynmt.training - 	Hypothesis: H@@ et ex@@ p@@ and@@ s in w@@ inter en con@@ trac@@ ten in de zom@@ er te zet@@ ten@@ <unk>
2026-05-24 10:34:54,029 - INFO - joeynmt.training - Example #4
2026-05-24 10:34:54,029 - DEBUG - joeynmt.training - 	Tokenized source:     ['The', 'ne@@', 'x@@', 't', 'sli@@', 'de', 'I', 'sho@@', 'w', 'you', 'will', 'be', 'a', 'ra@@', 'p@@', 'id', 'fa@@', 'st-@@', 'for@@', 'war@@', 'd', 'of', 'what@@', "'@@", 's', 'happen@@', 'ed', 'over', 'the', 'la@@', 'st', '2@@', '5', 'year@@', 's@@', '.']
2026-05-24 10:34:54,029 - DEBUG - joeynmt.training - 	Tokenized reference:  ['De', 'volgen@@', 'de', 'dia', 'die', 'ik', 'laat', 'zi@@', 'en', 'is', 'een', 'ver@@', 'snel@@', 'de', 'vers@@', 'ie', 'van', 'wat', 'er', 'de', 'af@@', 'gel@@', 'open', '2@@', '5', 'j@@', 'aar', 'is', 'gebeur@@', 'd@@', '.']
2026-05-24 10:34:54,029 - DEBUG - joeynmt.training - 	Tokenized hypothesis: ['De', 'volgen@@', 'de', 'dia', 'laat', 'ik', 'je', 'een', 'ra@@', 'p@@', 'id', 'snell@@', 'er', 'z@@', 'al', 'een', 'snel', 'voor@@', 'kom@@', 'en', 'van', 'wat', 'er', 'gebeur@@', 'de', 'laat@@', 'ste', '2@@', '5', 'j@@', 'aar', 'gebeur@@', 'de', 'met', 'de', 'laat@@', 'ste', '2@@', '5', 'j@@', 'aar@@', '<unk>', '</s>']
2026-05-24 10:34:54,029 - INFO - joeynmt.training - 	Source:     The ne@@ x@@ t sli@@ de I sho@@ w you will be a ra@@ p@@ id fa@@ st-@@ for@@ war@@ d of what@@ '@@ s happen@@ ed over the la@@ st 2@@ 5 year@@ s@@ .
2026-05-24 10:34:54,029 - INFO - joeynmt.training - 	Reference:  De volgen@@ de dia die ik laat zi@@ en is een ver@@ snel@@ de vers@@ ie van wat er de af@@ gel@@ open 2@@ 5 j@@ aar is gebeur@@ d@@ .
2026-05-24 10:34:54,031 - INFO - joeynmt.training - 	Hypothesis: De volgen@@ de dia laat ik je een ra@@ p@@ id snell@@ er z@@ al een snel voor@@ kom@@ en van wat er gebeur@@ de laat@@ ste 2@@ 5 j@@ aar gebeur@@ de met de laat@@ ste 2@@ 5 j@@ aar@@ <unk>
2026-05-24 10:35:55,413 - INFO - joeynmt.training - Epoch   5, Step:    19600, Batch Loss:     1.480619, Batch Acc: 0.604402, Tokens per Sec:     1203, Lr: 0.000300
2026-05-24 10:36:54,290 - INFO - joeynmt.training - Epoch   5, Step:    19700, Batch Loss:     1.345221, Batch Acc: 0.601113, Tokens per Sec:     1251, Lr: 0.000300
2026-05-24 10:37:53,176 - INFO - joeynmt.training - Epoch   5, Step:    19800, Batch Loss:     1.313339, Batch Acc: 0.601365, Tokens per Sec:     1237, Lr: 0.000300
2026-05-24 10:38:53,267 - INFO - joeynmt.training - Epoch   5, Step:    19900, Batch Loss:     1.397414, Batch Acc: 0.601412, Tokens per Sec:     1233, Lr: 0.000300
2026-05-24 10:39:50,441 - INFO - joeynmt.training - Epoch   5, Step:    20000, Batch Loss:     1.381527, Batch Acc: 0.605844, Tokens per Sec:     1311, Lr: 0.000300
2026-05-24 10:39:50,443 - INFO - joeynmt.prediction - Predicting 1003 example(s)... (Greedy decoding with min_output_length=1, max_output_length=100, return_prob='none', generate_unk=True, repetition_penalty=-1, no_repeat_ngram_size=-1)
2026-05-24 10:42:45,974 - INFO - joeynmt.metrics - nrefs:1|case:mixed|eff:no|tok:13a|smooth:exp|version:2.6.0
2026-05-24 10:42:45,975 - INFO - joeynmt.prediction - Evaluation result (greedy) bleu:  36.64, loss:   1.71, ppl:   5.55, acc:   0.52, generation: 174.9611[sec], evaluation: 0.5554[sec]
2026-05-24 10:42:45,976 - INFO - joeynmt.training - Hooray! New best validation result [ppl]!
2026-05-24 10:42:46,048 - INFO - joeynmt.helpers - delete output_bpe5000/18000.ckpt
2026-05-24 10:42:46,057 - INFO - joeynmt.training - Example #0
2026-05-24 10:42:46,057 - DEBUG - joeynmt.training - 	Tokenized source:     ['\ufeffLa@@', 'st', 'year', 'I', 'sho@@', 'we@@', 'd', 'thes@@', 'e', 'tw@@', 'o', 'sli@@', 'de@@', 's', 'so', 'that', 'de@@', 'mon@@', 'strate', 'that', 'the', 'ar@@', 'c@@', 'tic', 'ic@@', 'e', 'cap@@', ',', 'wh@@', 'ich', 'for', 'mo@@', 'st', 'of', 'the', 'la@@', 'st', 'th@@', 'ree', 'milli@@', 'on', 'year@@', 's', 'ha@@', 's', 'be@@', 'en', 'the', 'si@@', 'ze', 'of', 'the', 'lo@@', 'wer', '4@@', '8', 'stat@@', 'es@@', ',', 'ha@@', 's', 'sh@@', 'run@@', 'k', 'b@@', 'y', '4@@', '0', 'percen@@', 't@@', '.']
2026-05-24 10:42:46,057 - DEBUG - joeynmt.training - 	Tokenized reference:  ['\ufeffV@@', 'orig', 'j@@', 'aar', 'lie@@', 't', 'ik', 'de@@', 'ze', 'twee', 'dia@@', "'@@", 's', 'zi@@', 'en', 'om', 'aan', 'te', 'ton@@', 'en', 'dat', 'de', 'p@@', 'ool@@', 'ij@@', 'sk@@', 'ap@@', ',', 'die', 'de', 'af@@', 'gel@@', 'open', 'drie', 'miljo@@', 'en', 'j@@', 'aar', 'onge@@', 've@@', 'er', 'de', 'groot@@', 'te', 'had', 'van', 'het', 'va@@', 'stel@@', 'and', 'van', 'de', 'V@@', 'S@@', ',', 'met', '4@@', '0@@', '%', 'gek@@', 'ro@@', 'mp@@', 'en', 'was@@', '.']
2026-05-24 10:42:46,057 - DEBUG - joeynmt.training - 	Tokenized hypothesis: ['H@@', 'et', 'le@@', 'ste', 'j@@', 'aar', 'lie@@', 't', 'ik', 'de@@', 'ze', 'twee', 'dia@@', "'@@", 's', 'zo@@', 'dat', 'de@@', 'mon@@', 'te@@', 'er@@', 's', 'zi@@', 'en', 'dat', 'de', 'ar@@', 'c@@', 't@@', 'isch@@', 'e', 'ij@@', 's@@', 'kap@@', ',', 'dat', 'voor', 'de', 'mee@@', 'ste', 'drie', 'miljo@@', 'en', 'j@@', 'aar', 'is', 'de', 'groot@@', 'te', 'van', 'de', 'la@@', 'gere', '4@@', '8', 'stat@@', 'en@@', ',', 'heef@@', 't', 'ge@@', 'kre@@', 'gen', 'door', '4@@', '0', 'pro@@', 'cen@@', 't@@', '<unk>', '</s>']
2026-05-24 10:42:46,058 - INFO - joeynmt.training - 	Source:     ﻿La@@ st year I sho@@ we@@ d thes@@ e tw@@ o sli@@ de@@ s so that de@@ mon@@ strate that the ar@@ c@@ tic ic@@ e cap@@ , wh@@ ich for mo@@ st of the la@@ st th@@ ree milli@@ on year@@ s ha@@ s be@@ en the si@@ ze of the lo@@ wer 4@@ 8 stat@@ es@@ , ha@@ s sh@@ run@@ k b@@ y 4@@ 0 percen@@ t@@ .
2026-05-24 10:42:46,058 - INFO - joeynmt.training - 	Reference:  ﻿V@@ orig j@@ aar lie@@ t ik de@@ ze twee dia@@ '@@ s zi@@ en om aan te ton@@ en dat de p@@ ool@@ ij@@ sk@@ ap@@ , die de af@@ gel@@ open drie miljo@@ en j@@ aar onge@@ ve@@ er de groot@@ te had van het va@@ stel@@ and van de V@@ S@@ , met 4@@ 0@@ % gek@@ ro@@ mp@@ en was@@ .
2026-05-24 10:42:46,058 - INFO - joeynmt.training - 	Hypothesis: H@@ et le@@ ste j@@ aar lie@@ t ik de@@ ze twee dia@@ '@@ s zo@@ dat de@@ mon@@ te@@ er@@ s zi@@ en dat de ar@@ c@@ t@@ isch@@ e ij@@ s@@ kap@@ , dat voor de mee@@ ste drie miljo@@ en j@@ aar is de groot@@ te van de la@@ gere 4@@ 8 stat@@ en@@ , heef@@ t ge@@ kre@@ gen door 4@@ 0 pro@@ cen@@ t@@ <unk>
2026-05-24 10:42:46,059 - INFO - joeynmt.training - Example #1
2026-05-24 10:42:46,059 - DEBUG - joeynmt.training - 	Tokenized source:     ['Bu@@', 't', 'th@@', 'is', 'under@@', 'stat@@', 'es', 'the', 'ser@@', 'i@@', 'ou@@', 'sn@@', 'ess', 'of', 'th@@', 'is', 'particul@@', 'ar', 'proble@@', 'm', 'beca@@', 'us@@', 'e', 'it', 'does@@', 'n@@', "'@@", 't', 'sho@@', 'w', 'the', 'th@@', 'ic@@', 'kn@@', 'ess', 'of', 'the', 'ic@@', 'e@@', '.']
2026-05-24 10:42:46,059 - DEBUG - joeynmt.training - 	Tokenized reference:  ['M@@', 'aar', 'dit', 'onder@@', 'sch@@', 'at', 'eigen@@', 'lijk', 'de', 'ern@@', 'st', 'van', 'dit', 'specif@@', 'ie@@', 'ke', 'proble@@', 'em', 'om@@', 'dat', 'het', 'nie@@', 't', 'de', 'di@@', 'k@@', 'te', 'van', 'het', 'ij@@', 's', 'laat', 'zi@@', 'en@@', '.']
2026-05-24 10:42:46,059 - DEBUG - joeynmt.training - 	Tokenized hypothesis: ['M@@', 'aar', 'dit', 'beg@@', 'ie@@', 'p', 'van', 'dit', 'proble@@', 'em', 'van', 'dit', 'proble@@', 'em', 'om@@', 'dat', 'het', 'nie@@', 't', 'de', 'di@@', 'k@@', 'te', 'van', 'het', 'ij@@', 's@@', 'be@@', 'den@@', '<unk>', '</s>']
2026-05-24 10:42:46,059 - INFO - joeynmt.training - 	Source:     Bu@@ t th@@ is under@@ stat@@ es the ser@@ i@@ ou@@ sn@@ ess of th@@ is particul@@ ar proble@@ m beca@@ us@@ e it does@@ n@@ '@@ t sho@@ w the th@@ ic@@ kn@@ ess of the ic@@ e@@ .
2026-05-24 10:42:46,060 - INFO - joeynmt.training - 	Reference:  M@@ aar dit onder@@ sch@@ at eigen@@ lijk de ern@@ st van dit specif@@ ie@@ ke proble@@ em om@@ dat het nie@@ t de di@@ k@@ te van het ij@@ s laat zi@@ en@@ .
2026-05-24 10:42:46,060 - INFO - joeynmt.training - 	Hypothesis: M@@ aar dit beg@@ ie@@ p van dit proble@@ em van dit proble@@ em om@@ dat het nie@@ t de di@@ k@@ te van het ij@@ s@@ be@@ den@@ <unk>
2026-05-24 10:42:46,060 - INFO - joeynmt.training - Example #2
2026-05-24 10:42:46,060 - DEBUG - joeynmt.training - 	Tokenized source:     ['The', 'ar@@', 'c@@', 'tic', 'ic@@', 'e', 'cap', 'is@@', ',', 'in', 'a', 'sen@@', 'se@@', ',', 'the', 'be@@', 'at@@', 'ing', 'hear@@', 't', 'of', 'the', 'glob@@', 'al', 'cli@@', 'mat@@', 'e', 'system@@', '.']
2026-05-24 10:42:46,061 - DEBUG - joeynmt.training - 	Tokenized reference:  ['De', 'ij@@', 'sk@@', 'ap', 'op', 'de', 'Noor@@', 'd@@', 'p@@', 'ool', 'is', 'in', 'ze@@', 'ker@@', 'e', 'zin', 'het', 'kl@@', 'op@@', 'pen@@', 'd', 'har@@', 't', 'van', 'ons', 'glob@@', 'aal', 'kli@@', 'maat@@', 'syste@@', 'em@@', '.']
2026-05-24 10:42:46,061 - DEBUG - joeynmt.training - 	Tokenized hypothesis: ['De', 'ar@@', 'c@@', 't@@', 'isch@@', 'e', 'ij@@', 'fer@@', 's@@', ',', 'in', 'ze@@', 'ker@@', 'e', 'zin@@', ',', 'het', 'str@@', 'oom', 'van', 'het', 'glob@@', 'al@@', 'e', 'kli@@', 'maat', 'syste@@', 'em@@', '<unk>', '</s>']
2026-05-24 10:42:46,061 - INFO - joeynmt.training - 	Source:     The ar@@ c@@ tic ic@@ e cap is@@ , in a sen@@ se@@ , the be@@ at@@ ing hear@@ t of the glob@@ al cli@@ mat@@ e system@@ .
2026-05-24 10:42:46,061 - INFO - joeynmt.training - 	Reference:  De ij@@ sk@@ ap op de Noor@@ d@@ p@@ ool is in ze@@ ker@@ e zin het kl@@ op@@ pen@@ d har@@ t van ons glob@@ aal kli@@ maat@@ syste@@ em@@ .
2026-05-24 10:42:46,062 - INFO - joeynmt.training - 	Hypothesis: De ar@@ c@@ t@@ isch@@ e ij@@ fer@@ s@@ , in ze@@ ker@@ e zin@@ , het str@@ oom van het glob@@ al@@ e kli@@ maat syste@@ em@@ <unk>
2026-05-24 10:42:46,062 - INFO - joeynmt.training - Example #3
2026-05-24 10:42:46,062 - DEBUG - joeynmt.training - 	Tokenized source:     ['I@@', 't', 'ex@@', 'p@@', 'and@@', 's', 'in', 'w@@', 'inter', 'and', 'con@@', 'trac@@', 'ts', 'in', 'su@@', 'm@@', 'mer@@', '.']
2026-05-24 10:42:46,062 - DEBUG - joeynmt.training - 	Tokenized reference:  ['H@@', 'et', 'zet', 'uit', 'in', 'de', 'w@@', 'inter', 'en', 'k@@', 'ri@@', 'mp@@', 't', 'in', 'de', 'zom@@', 'er@@', '.']
2026-05-24 10:42:46,062 - DEBUG - joeynmt.training - 	Tokenized hypothesis: ['H@@', 'et', 'ex@@', 'p@@', 'and@@', 's', 'in', 'w@@', 'inter', 'en', 'con@@', 'trac@@', 'ten', 'in', 'su@@', 'm@@', 'mer@@', '<unk>', '</s>']
2026-05-24 10:42:46,062 - INFO - joeynmt.training - 	Source:     I@@ t ex@@ p@@ and@@ s in w@@ inter and con@@ trac@@ ts in su@@ m@@ mer@@ .
2026-05-24 10:42:46,063 - INFO - joeynmt.training - 	Reference:  H@@ et zet uit in de w@@ inter en k@@ ri@@ mp@@ t in de zom@@ er@@ .
2026-05-24 10:42:46,063 - INFO - joeynmt.training - 	Hypothesis: H@@ et ex@@ p@@ and@@ s in w@@ inter en con@@ trac@@ ten in su@@ m@@ mer@@ <unk>
2026-05-24 10:42:46,063 - INFO - joeynmt.training - Example #4
2026-05-24 10:42:46,063 - DEBUG - joeynmt.training - 	Tokenized source:     ['The', 'ne@@', 'x@@', 't', 'sli@@', 'de', 'I', 'sho@@', 'w', 'you', 'will', 'be', 'a', 'ra@@', 'p@@', 'id', 'fa@@', 'st-@@', 'for@@', 'war@@', 'd', 'of', 'what@@', "'@@", 's', 'happen@@', 'ed', 'over', 'the', 'la@@', 'st', '2@@', '5', 'year@@', 's@@', '.']
2026-05-24 10:42:46,063 - DEBUG - joeynmt.training - 	Tokenized reference:  ['De', 'volgen@@', 'de', 'dia', 'die', 'ik', 'laat', 'zi@@', 'en', 'is', 'een', 'ver@@', 'snel@@', 'de', 'vers@@', 'ie', 'van', 'wat', 'er', 'de', 'af@@', 'gel@@', 'open', '2@@', '5', 'j@@', 'aar', 'is', 'gebeur@@', 'd@@', '.']
2026-05-24 10:42:46,063 - DEBUG - joeynmt.training - 	Tokenized hypothesis: ['De', 'volgen@@', 'de', 'dia', 'die', 'ik', 'laat', 'laat', 'zi@@', 'en', 'dat', 'ik', 'je', 'een', 'snel@@', 'le', 'snel@@', 'le', 'vooruit@@', 'gan@@', 'g', 'van', 'wat', 'er', 'gebeur@@', 't', 'over', 'de', 'laat@@', 'ste', '2@@', '5', 'j@@', 'aar', 'gebeur@@', 'de', 'de', 'laat@@', 'ste', '2@@', '5', 'j@@', 'aar@@', '<unk>', '</s>']
2026-05-24 10:42:46,064 - INFO - joeynmt.training - 	Source:     The ne@@ x@@ t sli@@ de I sho@@ w you will be a ra@@ p@@ id fa@@ st-@@ for@@ war@@ d of what@@ '@@ s happen@@ ed over the la@@ st 2@@ 5 year@@ s@@ .
2026-05-24 10:42:46,064 - INFO - joeynmt.training - 	Reference:  De volgen@@ de dia die ik laat zi@@ en is een ver@@ snel@@ de vers@@ ie van wat er de af@@ gel@@ open 2@@ 5 j@@ aar is gebeur@@ d@@ .
2026-05-24 10:42:46,064 - INFO - joeynmt.training - 	Hypothesis: De volgen@@ de dia die ik laat laat zi@@ en dat ik je een snel@@ le snel@@ le vooruit@@ gan@@ g van wat er gebeur@@ t over de laat@@ ste 2@@ 5 j@@ aar gebeur@@ de de laat@@ ste 2@@ 5 j@@ aar@@ <unk>
2026-05-24 10:43:45,544 - INFO - joeynmt.training - Epoch   5, Step:    20100, Batch Loss:     1.236300, Batch Acc: 0.601121, Tokens per Sec:     1246, Lr: 0.000300
2026-05-24 10:44:44,180 - INFO - joeynmt.training - Epoch   5, Step:    20200, Batch Loss:     1.328531, Batch Acc: 0.599289, Tokens per Sec:     1248, Lr: 0.000300
2026-05-24 10:45:42,607 - INFO - joeynmt.training - Epoch   5, Step:    20300, Batch Loss:     1.317965, Batch Acc: 0.604080, Tokens per Sec:     1274, Lr: 0.000300
2026-05-24 10:46:40,942 - INFO - joeynmt.training - Epoch   5, Step:    20400, Batch Loss:     1.474321, Batch Acc: 0.605822, Tokens per Sec:     1253, Lr: 0.000300
2026-05-24 10:47:42,639 - INFO - joeynmt.training - Epoch   5, Step:    20500, Batch Loss:     1.408456, Batch Acc: 0.596849, Tokens per Sec:     1210, Lr: 0.000300
2026-05-24 10:47:42,640 - INFO - joeynmt.prediction - Predicting 1003 example(s)... (Greedy decoding with min_output_length=1, max_output_length=100, return_prob='none', generate_unk=True, repetition_penalty=-1, no_repeat_ngram_size=-1)
2026-05-24 10:50:55,171 - INFO - joeynmt.metrics - nrefs:1|case:mixed|eff:no|tok:13a|smooth:exp|version:2.6.0
2026-05-24 10:50:55,171 - INFO - joeynmt.prediction - Evaluation result (greedy) bleu:  35.65, loss:   1.71, ppl:   5.52, acc:   0.52, generation: 192.0474[sec], evaluation: 0.4694[sec]
2026-05-24 10:50:55,172 - INFO - joeynmt.training - Hooray! New best validation result [ppl]!
2026-05-24 10:50:55,245 - INFO - joeynmt.helpers - delete output_bpe5000/17500.ckpt
2026-05-24 10:50:55,255 - INFO - joeynmt.training - Example #0
2026-05-24 10:50:55,256 - DEBUG - joeynmt.training - 	Tokenized source:     ['\ufeffLa@@', 'st', 'year', 'I', 'sho@@', 'we@@', 'd', 'thes@@', 'e', 'tw@@', 'o', 'sli@@', 'de@@', 's', 'so', 'that', 'de@@', 'mon@@', 'strate', 'that', 'the', 'ar@@', 'c@@', 'tic', 'ic@@', 'e', 'cap@@', ',', 'wh@@', 'ich', 'for', 'mo@@', 'st', 'of', 'the', 'la@@', 'st', 'th@@', 'ree', 'milli@@', 'on', 'year@@', 's', 'ha@@', 's', 'be@@', 'en', 'the', 'si@@', 'ze', 'of', 'the', 'lo@@', 'wer', '4@@', '8', 'stat@@', 'es@@', ',', 'ha@@', 's', 'sh@@', 'run@@', 'k', 'b@@', 'y', '4@@', '0', 'percen@@', 't@@', '.']
2026-05-24 10:50:55,256 - DEBUG - joeynmt.training - 	Tokenized reference:  ['\ufeffV@@', 'orig', 'j@@', 'aar', 'lie@@', 't', 'ik', 'de@@', 'ze', 'twee', 'dia@@', "'@@", 's', 'zi@@', 'en', 'om', 'aan', 'te', 'ton@@', 'en', 'dat', 'de', 'p@@', 'ool@@', 'ij@@', 'sk@@', 'ap@@', ',', 'die', 'de', 'af@@', 'gel@@', 'open', 'drie', 'miljo@@', 'en', 'j@@', 'aar', 'onge@@', 've@@', 'er', 'de', 'groot@@', 'te', 'had', 'van', 'het', 'va@@', 'stel@@', 'and', 'van', 'de', 'V@@', 'S@@', ',', 'met', '4@@', '0@@', '%', 'gek@@', 'ro@@', 'mp@@', 'en', 'was@@', '.']
2026-05-24 10:50:55,256 - DEBUG - joeynmt.training - 	Tokenized hypothesis: ['H@@', 'et', 'laat@@', 'ste', 'j@@', 'aar', 'dat', 'ik', 'de@@', 'ze', 'twee', 'dia@@', "'@@", 's', 'zo@@', 'dat', 'de', 'ar@@', 'c@@', 't@@', 'isch@@', 'e', 'ij@@', 'e', 'ij@@', 's', 'in', 'de', 'af@@', 'gel@@', 'open', 'drie', 'miljo@@', 'en', 'j@@', 'aar', 'is', 'de', 'groot@@', 'te', 'van', 'de', 'la@@', 'gere', '4@@', '0', 'pro@@', 'cen@@', 't', 'is', 'de', 'groot@@', 'te', 'van', '4@@', '0', 'pro@@', 'cen@@', 't', 'ge@@', 'zi@@', 'en@@', '<unk>', '</s>']
2026-05-24 10:50:55,256 - INFO - joeynmt.training - 	Source:     ﻿La@@ st year I sho@@ we@@ d thes@@ e tw@@ o sli@@ de@@ s so that de@@ mon@@ strate that the ar@@ c@@ tic ic@@ e cap@@ , wh@@ ich for mo@@ st of the la@@ st th@@ ree milli@@ on year@@ s ha@@ s be@@ en the si@@ ze of the lo@@ wer 4@@ 8 stat@@ es@@ , ha@@ s sh@@ run@@ k b@@ y 4@@ 0 percen@@ t@@ .
2026-05-24 10:50:55,257 - INFO - joeynmt.training - 	Reference:  ﻿V@@ orig j@@ aar lie@@ t ik de@@ ze twee dia@@ '@@ s zi@@ en om aan te ton@@ en dat de p@@ ool@@ ij@@ sk@@ ap@@ , die de af@@ gel@@ open drie miljo@@ en j@@ aar onge@@ ve@@ er de groot@@ te had van het va@@ stel@@ and van de V@@ S@@ , met 4@@ 0@@ % gek@@ ro@@ mp@@ en was@@ .
2026-05-24 10:50:55,257 - INFO - joeynmt.training - 	Hypothesis: H@@ et laat@@ ste j@@ aar dat ik de@@ ze twee dia@@ '@@ s zo@@ dat de ar@@ c@@ t@@ isch@@ e ij@@ e ij@@ s in de af@@ gel@@ open drie miljo@@ en j@@ aar is de groot@@ te van de la@@ gere 4@@ 0 pro@@ cen@@ t is de groot@@ te van 4@@ 0 pro@@ cen@@ t ge@@ zi@@ en@@ <unk>
2026-05-24 10:50:55,257 - INFO - joeynmt.training - Example #1
2026-05-24 10:50:55,257 - DEBUG - joeynmt.training - 	Tokenized source:     ['Bu@@', 't', 'th@@', 'is', 'under@@', 'stat@@', 'es', 'the', 'ser@@', 'i@@', 'ou@@', 'sn@@', 'ess', 'of', 'th@@', 'is', 'particul@@', 'ar', 'proble@@', 'm', 'beca@@', 'us@@', 'e', 'it', 'does@@', 'n@@', "'@@", 't', 'sho@@', 'w', 'the', 'th@@', 'ic@@', 'kn@@', 'ess', 'of', 'the', 'ic@@', 'e@@', '.']
2026-05-24 10:50:55,257 - DEBUG - joeynmt.training - 	Tokenized reference:  ['M@@', 'aar', 'dit', 'onder@@', 'sch@@', 'at', 'eigen@@', 'lijk', 'de', 'ern@@', 'st', 'van', 'dit', 'specif@@', 'ie@@', 'ke', 'proble@@', 'em', 'om@@', 'dat', 'het', 'nie@@', 't', 'de', 'di@@', 'k@@', 'te', 'van', 'het', 'ij@@', 's', 'laat', 'zi@@', 'en@@', '.']
2026-05-24 10:50:55,257 - DEBUG - joeynmt.training - 	Tokenized hypothesis: ['M@@', 'aar', 'dit', 'onder@@', 'stat@@', 'en', 'de', 'ser@@', 'ie@@', 'us', 'van', 'dit', 'proble@@', 'em', 'om@@', 'dat', 'het', 'nie@@', 't', 'zo', 'zo', 'dat', 'het', 'nie@@', 't', 'van', 'de', 'ij@@', 's@@', '<unk>', '</s>']
2026-05-24 10:50:55,258 - INFO - joeynmt.training - 	Source:     Bu@@ t th@@ is under@@ stat@@ es the ser@@ i@@ ou@@ sn@@ ess of th@@ is particul@@ ar proble@@ m beca@@ us@@ e it does@@ n@@ '@@ t sho@@ w the th@@ ic@@ kn@@ ess of the ic@@ e@@ .
2026-05-24 10:50:55,258 - INFO - joeynmt.training - 	Reference:  M@@ aar dit onder@@ sch@@ at eigen@@ lijk de ern@@ st van dit specif@@ ie@@ ke proble@@ em om@@ dat het nie@@ t de di@@ k@@ te van het ij@@ s laat zi@@ en@@ .
2026-05-24 10:50:55,258 - INFO - joeynmt.training - 	Hypothesis: M@@ aar dit onder@@ stat@@ en de ser@@ ie@@ us van dit proble@@ em om@@ dat het nie@@ t zo zo dat het nie@@ t van de ij@@ s@@ <unk>
2026-05-24 10:50:55,258 - INFO - joeynmt.training - Example #2
2026-05-24 10:50:55,258 - DEBUG - joeynmt.training - 	Tokenized source:     ['The', 'ar@@', 'c@@', 'tic', 'ic@@', 'e', 'cap', 'is@@', ',', 'in', 'a', 'sen@@', 'se@@', ',', 'the', 'be@@', 'at@@', 'ing', 'hear@@', 't', 'of', 'the', 'glob@@', 'al', 'cli@@', 'mat@@', 'e', 'system@@', '.']
2026-05-24 10:50:55,259 - DEBUG - joeynmt.training - 	Tokenized reference:  ['De', 'ij@@', 'sk@@', 'ap', 'op', 'de', 'Noor@@', 'd@@', 'p@@', 'ool', 'is', 'in', 'ze@@', 'ker@@', 'e', 'zin', 'het', 'kl@@', 'op@@', 'pen@@', 'd', 'har@@', 't', 'van', 'ons', 'glob@@', 'aal', 'kli@@', 'maat@@', 'syste@@', 'em@@', '.']
2026-05-24 10:50:55,259 - DEBUG - joeynmt.training - 	Tokenized hypothesis: ['De', 'ar@@', 'c@@', 'isch@@', 'e', 'ij@@', 'fer@@', 's@@', ',', 'in', 'een', 'zin', 'van', 'het', 'wereldwij@@', 'de', 'k@@', 'lan@@', 't@@', ',', 'de', 'we@@', 'et', 'van', 'de', 'glob@@', 'al@@', 'e', 'kli@@', 'maat@@', 'syste@@', 'em@@', '<unk>', '</s>']
2026-05-24 10:50:55,259 - INFO - joeynmt.training - 	Source:     The ar@@ c@@ tic ic@@ e cap is@@ , in a sen@@ se@@ , the be@@ at@@ ing hear@@ t of the glob@@ al cli@@ mat@@ e system@@ .
2026-05-24 10:50:55,259 - INFO - joeynmt.training - 	Reference:  De ij@@ sk@@ ap op de Noor@@ d@@ p@@ ool is in ze@@ ker@@ e zin het kl@@ op@@ pen@@ d har@@ t van ons glob@@ aal kli@@ maat@@ syste@@ em@@ .
2026-05-24 10:50:55,259 - INFO - joeynmt.training - 	Hypothesis: De ar@@ c@@ isch@@ e ij@@ fer@@ s@@ , in een zin van het wereldwij@@ de k@@ lan@@ t@@ , de we@@ et van de glob@@ al@@ e kli@@ maat@@ syste@@ em@@ <unk>
2026-05-24 10:50:55,259 - INFO - joeynmt.training - Example #3
2026-05-24 10:50:55,259 - DEBUG - joeynmt.training - 	Tokenized source:     ['I@@', 't', 'ex@@', 'p@@', 'and@@', 's', 'in', 'w@@', 'inter', 'and', 'con@@', 'trac@@', 'ts', 'in', 'su@@', 'm@@', 'mer@@', '.']
2026-05-24 10:50:55,259 - DEBUG - joeynmt.training - 	Tokenized reference:  ['H@@', 'et', 'zet', 'uit', 'in', 'de', 'w@@', 'inter', 'en', 'k@@', 'ri@@', 'mp@@', 't', 'in', 'de', 'zom@@', 'er@@', '.']
2026-05-24 10:50:55,259 - DEBUG - joeynmt.training - 	Tokenized hypothesis: ['H@@', 'et', 'ex@@', 'p@@', 'and@@', 's', 'in', 'w@@', 'inter', 'en', 'con@@', 'trac@@', 'ten', 'in', 'su@@', 'm@@', 'mer@@', '<unk>', '</s>']
2026-05-24 10:50:55,260 - INFO - joeynmt.training - 	Source:     I@@ t ex@@ p@@ and@@ s in w@@ inter and con@@ trac@@ ts in su@@ m@@ mer@@ .
2026-05-24 10:50:55,260 - INFO - joeynmt.training - 	Reference:  H@@ et zet uit in de w@@ inter en k@@ ri@@ mp@@ t in de zom@@ er@@ .
2026-05-24 10:50:55,260 - INFO - joeynmt.training - 	Hypothesis: H@@ et ex@@ p@@ and@@ s in w@@ inter en con@@ trac@@ ten in su@@ m@@ mer@@ <unk>
2026-05-24 10:50:55,260 - INFO - joeynmt.training - Example #4
2026-05-24 10:50:55,260 - DEBUG - joeynmt.training - 	Tokenized source:     ['The', 'ne@@', 'x@@', 't', 'sli@@', 'de', 'I', 'sho@@', 'w', 'you', 'will', 'be', 'a', 'ra@@', 'p@@', 'id', 'fa@@', 'st-@@', 'for@@', 'war@@', 'd', 'of', 'what@@', "'@@", 's', 'happen@@', 'ed', 'over', 'the', 'la@@', 'st', '2@@', '5', 'year@@', 's@@', '.']
2026-05-24 10:50:55,260 - DEBUG - joeynmt.training - 	Tokenized reference:  ['De', 'volgen@@', 'de', 'dia', 'die', 'ik', 'laat', 'zi@@', 'en', 'is', 'een', 'ver@@', 'snel@@', 'de', 'vers@@', 'ie', 'van', 'wat', 'er', 'de', 'af@@', 'gel@@', 'open', '2@@', '5', 'j@@', 'aar', 'is', 'gebeur@@', 'd@@', '.']
2026-05-24 10:50:55,261 - DEBUG - joeynmt.training - 	Tokenized hypothesis: ['De', 'volgen@@', 'de', 'dia', 'die', 'ik', 'laat', 'j@@', 'ul@@', 'lie', 'z@@', 'al', 'een', 'snel@@', 'heid', 'van', 'wat', 'er', 'gebeur@@', 't', 'van', 'wat', 'er', 'gebeur@@', 't', 'over', 'de', 'laat@@', 'ste', '2@@', '5', 'j@@', 'aar', 'gebeur@@', 'de', 'de', 'laat@@', 'ste', '2@@', '5', 'j@@', 'aar@@', '<unk>', '</s>']
2026-05-24 10:50:55,262 - INFO - joeynmt.training - 	Source:     The ne@@ x@@ t sli@@ de I sho@@ w you will be a ra@@ p@@ id fa@@ st-@@ for@@ war@@ d of what@@ '@@ s happen@@ ed over the la@@ st 2@@ 5 year@@ s@@ .
2026-05-24 10:50:55,262 - INFO - joeynmt.training - 	Reference:  De volgen@@ de dia die ik laat zi@@ en is een ver@@ snel@@ de vers@@ ie van wat er de af@@ gel@@ open 2@@ 5 j@@ aar is gebeur@@ d@@ .
2026-05-24 10:50:55,262 - INFO - joeynmt.training - 	Hypothesis: De volgen@@ de dia die ik laat j@@ ul@@ lie z@@ al een snel@@ heid van wat er gebeur@@ t van wat er gebeur@@ t over de laat@@ ste 2@@ 5 j@@ aar gebeur@@ de de laat@@ ste 2@@ 5 j@@ aar@@ <unk>
2026-05-24 10:51:30,692 - INFO - joeynmt.training - Epoch   5: total training loss 5693.18
2026-05-24 10:51:30,694 - INFO - joeynmt.training - EPOCH 6
2026-05-24 10:51:51,202 - INFO - joeynmt.training - Epoch   6, Step:    20600, Batch Loss:     1.285605, Batch Acc: 0.625586, Tokens per Sec:     1361, Lr: 0.000300
2026-05-24 10:52:48,422 - INFO - joeynmt.training - Epoch   6, Step:    20700, Batch Loss:     1.299297, Batch Acc: 0.626057, Tokens per Sec:     1304, Lr: 0.000300
2026-05-24 10:53:51,069 - INFO - joeynmt.training - Epoch   6, Step:    20800, Batch Loss:     1.247774, Batch Acc: 0.626759, Tokens per Sec:     1207, Lr: 0.000300
2026-05-24 10:54:50,628 - INFO - joeynmt.training - Epoch   6, Step:    20900, Batch Loss:     1.267428, Batch Acc: 0.623408, Tokens per Sec:     1275, Lr: 0.000300
2026-05-24 10:55:47,491 - INFO - joeynmt.training - Epoch   6, Step:    21000, Batch Loss:     1.120791, Batch Acc: 0.622038, Tokens per Sec:     1291, Lr: 0.000300
2026-05-24 10:55:47,491 - INFO - joeynmt.prediction - Predicting 1003 example(s)... (Greedy decoding with min_output_length=1, max_output_length=100, return_prob='none', generate_unk=True, repetition_penalty=-1, no_repeat_ngram_size=-1)
2026-05-24 10:58:57,883 - INFO - joeynmt.metrics - nrefs:1|case:mixed|eff:no|tok:13a|smooth:exp|version:2.6.0
2026-05-24 10:58:57,884 - INFO - joeynmt.prediction - Evaluation result (greedy) bleu:  36.12, loss:   1.72, ppl:   5.56, acc:   0.53, generation: 189.9119[sec], evaluation: 0.4629[sec]
2026-05-24 10:58:57,952 - INFO - joeynmt.helpers - delete output_bpe5000/18500.ckpt
2026-05-24 10:58:57,962 - INFO - joeynmt.training - Example #0
2026-05-24 10:58:57,962 - DEBUG - joeynmt.training - 	Tokenized source:     ['\ufeffLa@@', 'st', 'year', 'I', 'sho@@', 'we@@', 'd', 'thes@@', 'e', 'tw@@', 'o', 'sli@@', 'de@@', 's', 'so', 'that', 'de@@', 'mon@@', 'strate', 'that', 'the', 'ar@@', 'c@@', 'tic', 'ic@@', 'e', 'cap@@', ',', 'wh@@', 'ich', 'for', 'mo@@', 'st', 'of', 'the', 'la@@', 'st', 'th@@', 'ree', 'milli@@', 'on', 'year@@', 's', 'ha@@', 's', 'be@@', 'en', 'the', 'si@@', 'ze', 'of', 'the', 'lo@@', 'wer', '4@@', '8', 'stat@@', 'es@@', ',', 'ha@@', 's', 'sh@@', 'run@@', 'k', 'b@@', 'y', '4@@', '0', 'percen@@', 't@@', '.']
2026-05-24 10:58:57,962 - DEBUG - joeynmt.training - 	Tokenized reference:  ['\ufeffV@@', 'orig', 'j@@', 'aar', 'lie@@', 't', 'ik', 'de@@', 'ze', 'twee', 'dia@@', "'@@", 's', 'zi@@', 'en', 'om', 'aan', 'te', 'ton@@', 'en', 'dat', 'de', 'p@@', 'ool@@', 'ij@@', 'sk@@', 'ap@@', ',', 'die', 'de', 'af@@', 'gel@@', 'open', 'drie', 'miljo@@', 'en', 'j@@', 'aar', 'onge@@', 've@@', 'er', 'de', 'groot@@', 'te', 'had', 'van', 'het', 'va@@', 'stel@@', 'and', 'van', 'de', 'V@@', 'S@@', ',', 'met', '4@@', '0@@', '%', 'gek@@', 'ro@@', 'mp@@', 'en', 'was@@', '.']
2026-05-24 10:58:57,962 - DEBUG - joeynmt.training - 	Tokenized hypothesis: ['H@@', 'et', 'laat@@', 'ste', 'j@@', 'aar', 'lie@@', 't', 'ik', 'de@@', 'ze', 'twee', 'dia@@', "'@@", 's', 'zo@@', 'dat', 'de', 'ar@@', 'c@@', 't@@', 'isch@@', 'e', 'ij@@', 's', 'in', 'de', 'af@@', 'gel@@', 'open', 'drie', 'miljo@@', 'en', 'j@@', 'aar', 'van', 'de', 'laat@@', 'ste', 'drie', 'miljo@@', 'en', 'j@@', 'aar', 'is', 'de', 'groot@@', 'te', 'van', 'de', 'onder@@', 'ste', '4@@', '0', 'pro@@', 'cen@@', 't', 'ge@@', 'pa@@', 'st@@', '<unk>', '</s>']
2026-05-24 10:58:57,963 - INFO - joeynmt.training - 	Source:     ﻿La@@ st year I sho@@ we@@ d thes@@ e tw@@ o sli@@ de@@ s so that de@@ mon@@ strate that the ar@@ c@@ tic ic@@ e cap@@ , wh@@ ich for mo@@ st of the la@@ st th@@ ree milli@@ on year@@ s ha@@ s be@@ en the si@@ ze of the lo@@ wer 4@@ 8 stat@@ es@@ , ha@@ s sh@@ run@@ k b@@ y 4@@ 0 percen@@ t@@ .
2026-05-24 10:58:57,963 - INFO - joeynmt.training - 	Reference:  ﻿V@@ orig j@@ aar lie@@ t ik de@@ ze twee dia@@ '@@ s zi@@ en om aan te ton@@ en dat de p@@ ool@@ ij@@ sk@@ ap@@ , die de af@@ gel@@ open drie miljo@@ en j@@ aar onge@@ ve@@ er de groot@@ te had van het va@@ stel@@ and van de V@@ S@@ , met 4@@ 0@@ % gek@@ ro@@ mp@@ en was@@ .
2026-05-24 10:58:57,963 - INFO - joeynmt.training - 	Hypothesis: H@@ et laat@@ ste j@@ aar lie@@ t ik de@@ ze twee dia@@ '@@ s zo@@ dat de ar@@ c@@ t@@ isch@@ e ij@@ s in de af@@ gel@@ open drie miljo@@ en j@@ aar van de laat@@ ste drie miljo@@ en j@@ aar is de groot@@ te van de onder@@ ste 4@@ 0 pro@@ cen@@ t ge@@ pa@@ st@@ <unk>
2026-05-24 10:58:57,963 - INFO - joeynmt.training - Example #1
2026-05-24 10:58:57,963 - DEBUG - joeynmt.training - 	Tokenized source:     ['Bu@@', 't', 'th@@', 'is', 'under@@', 'stat@@', 'es', 'the', 'ser@@', 'i@@', 'ou@@', 'sn@@', 'ess', 'of', 'th@@', 'is', 'particul@@', 'ar', 'proble@@', 'm', 'beca@@', 'us@@', 'e', 'it', 'does@@', 'n@@', "'@@", 't', 'sho@@', 'w', 'the', 'th@@', 'ic@@', 'kn@@', 'ess', 'of', 'the', 'ic@@', 'e@@', '.']
2026-05-24 10:58:57,963 - DEBUG - joeynmt.training - 	Tokenized reference:  ['M@@', 'aar', 'dit', 'onder@@', 'sch@@', 'at', 'eigen@@', 'lijk', 'de', 'ern@@', 'st', 'van', 'dit', 'specif@@', 'ie@@', 'ke', 'proble@@', 'em', 'om@@', 'dat', 'het', 'nie@@', 't', 'de', 'di@@', 'k@@', 'te', 'van', 'het', 'ij@@', 's', 'laat', 'zi@@', 'en@@', '.']
2026-05-24 10:58:57,963 - DEBUG - joeynmt.training - 	Tokenized hypothesis: ['M@@', 'aar', 'dit', 'beg@@', 'stat@@', 'en', 'de', 'ser@@', 'ij@@', 's', 'van', 'dit', 'specif@@', 'ie@@', 'ke', 'proble@@', 'em', 'om@@', 'dat', 'het', 'nie@@', 't', 'laat', 'zi@@', 'en', 'van', 'het', 'ij@@', 's', 'nie@@', 't', 'laat', 'zi@@', 'en@@', '<unk>', '</s>']
2026-05-24 10:58:57,964 - INFO - joeynmt.training - 	Source:     Bu@@ t th@@ is under@@ stat@@ es the ser@@ i@@ ou@@ sn@@ ess of th@@ is particul@@ ar proble@@ m beca@@ us@@ e it does@@ n@@ '@@ t sho@@ w the th@@ ic@@ kn@@ ess of the ic@@ e@@ .
2026-05-24 10:58:57,964 - INFO - joeynmt.training - 	Reference:  M@@ aar dit onder@@ sch@@ at eigen@@ lijk de ern@@ st van dit specif@@ ie@@ ke proble@@ em om@@ dat het nie@@ t de di@@ k@@ te van het ij@@ s laat zi@@ en@@ .
2026-05-24 10:58:57,964 - INFO - joeynmt.training - 	Hypothesis: M@@ aar dit beg@@ stat@@ en de ser@@ ij@@ s van dit specif@@ ie@@ ke proble@@ em om@@ dat het nie@@ t laat zi@@ en van het ij@@ s nie@@ t laat zi@@ en@@ <unk>
2026-05-24 10:58:57,964 - INFO - joeynmt.training - Example #2
2026-05-24 10:58:57,964 - DEBUG - joeynmt.training - 	Tokenized source:     ['The', 'ar@@', 'c@@', 'tic', 'ic@@', 'e', 'cap', 'is@@', ',', 'in', 'a', 'sen@@', 'se@@', ',', 'the', 'be@@', 'at@@', 'ing', 'hear@@', 't', 'of', 'the', 'glob@@', 'al', 'cli@@', 'mat@@', 'e', 'system@@', '.']
2026-05-24 10:58:57,964 - DEBUG - joeynmt.training - 	Tokenized reference:  ['De', 'ij@@', 'sk@@', 'ap', 'op', 'de', 'Noor@@', 'd@@', 'p@@', 'ool', 'is', 'in', 'ze@@', 'ker@@', 'e', 'zin', 'het', 'kl@@', 'op@@', 'pen@@', 'd', 'har@@', 't', 'van', 'ons', 'glob@@', 'aal', 'kli@@', 'maat@@', 'syste@@', 'em@@', '.']
2026-05-24 10:58:57,964 - DEBUG - joeynmt.training - 	Tokenized hypothesis: ['De', 'ar@@', 'c@@', 't@@', 'isch@@', 'e', 'ij@@', 's', 'in', 'een', 'zin@@', 'e', 'zin', 'het', 'we@@', 'et', 'har@@', 't', 'van', 'de', 'glob@@', 'al@@', 'e', 'kli@@', 'maat@@', 'syste@@', 'em@@', '<unk>', '</s>']
2026-05-24 10:58:57,965 - INFO - joeynmt.training - 	Source:     The ar@@ c@@ tic ic@@ e cap is@@ , in a sen@@ se@@ , the be@@ at@@ ing hear@@ t of the glob@@ al cli@@ mat@@ e system@@ .
2026-05-24 10:58:57,965 - INFO - joeynmt.training - 	Reference:  De ij@@ sk@@ ap op de Noor@@ d@@ p@@ ool is in ze@@ ker@@ e zin het kl@@ op@@ pen@@ d har@@ t van ons glob@@ aal kli@@ maat@@ syste@@ em@@ .
2026-05-24 10:58:57,965 - INFO - joeynmt.training - 	Hypothesis: De ar@@ c@@ t@@ isch@@ e ij@@ s in een zin@@ e zin het we@@ et har@@ t van de glob@@ al@@ e kli@@ maat@@ syste@@ em@@ <unk>
2026-05-24 10:58:57,965 - INFO - joeynmt.training - Example #3
2026-05-24 10:58:57,965 - DEBUG - joeynmt.training - 	Tokenized source:     ['I@@', 't', 'ex@@', 'p@@', 'and@@', 's', 'in', 'w@@', 'inter', 'and', 'con@@', 'trac@@', 'ts', 'in', 'su@@', 'm@@', 'mer@@', '.']
2026-05-24 10:58:57,965 - DEBUG - joeynmt.training - 	Tokenized reference:  ['H@@', 'et', 'zet', 'uit', 'in', 'de', 'w@@', 'inter', 'en', 'k@@', 'ri@@', 'mp@@', 't', 'in', 'de', 'zom@@', 'er@@', '.']
2026-05-24 10:58:57,966 - DEBUG - joeynmt.training - 	Tokenized hypothesis: ['H@@', 'et', 'uit@@', 'bre@@', 'and@@', 't', 'in', 'w@@', 'inter@@', ',', 'en', 'con@@', 'trac@@', 'ten', 'in', 'su@@', 'm@@', 'mer@@', '<unk>', '</s>']
2026-05-24 10:58:57,966 - INFO - joeynmt.training - 	Source:     I@@ t ex@@ p@@ and@@ s in w@@ inter and con@@ trac@@ ts in su@@ m@@ mer@@ .
2026-05-24 10:58:57,966 - INFO - joeynmt.training - 	Reference:  H@@ et zet uit in de w@@ inter en k@@ ri@@ mp@@ t in de zom@@ er@@ .
2026-05-24 10:58:57,966 - INFO - joeynmt.training - 	Hypothesis: H@@ et uit@@ bre@@ and@@ t in w@@ inter@@ , en con@@ trac@@ ten in su@@ m@@ mer@@ <unk>
2026-05-24 10:58:57,967 - INFO - joeynmt.training - Example #4
2026-05-24 10:58:57,967 - DEBUG - joeynmt.training - 	Tokenized source:     ['The', 'ne@@', 'x@@', 't', 'sli@@', 'de', 'I', 'sho@@', 'w', 'you', 'will', 'be', 'a', 'ra@@', 'p@@', 'id', 'fa@@', 'st-@@', 'for@@', 'war@@', 'd', 'of', 'what@@', "'@@", 's', 'happen@@', 'ed', 'over', 'the', 'la@@', 'st', '2@@', '5', 'year@@', 's@@', '.']
2026-05-24 10:58:57,967 - DEBUG - joeynmt.training - 	Tokenized reference:  ['De', 'volgen@@', 'de', 'dia', 'die', 'ik', 'laat', 'zi@@', 'en', 'is', 'een', 'ver@@', 'snel@@', 'de', 'vers@@', 'ie', 'van', 'wat', 'er', 'de', 'af@@', 'gel@@', 'open', '2@@', '5', 'j@@', 'aar', 'is', 'gebeur@@', 'd@@', '.']
2026-05-24 10:58:57,967 - DEBUG - joeynmt.training - 	Tokenized hypothesis: ['De', 'volgen@@', 'de', 'dia', 'die', 'ik', 'laat', 'j@@', 'ul@@', 'lie', 'een', 'snel', 'snel', 'vooruit', 'z@@', 'al', 'zijn', 'van', 'wat', 'er', 'gebeur@@', 'de', 'de', 'laat@@', 'ste', '2@@', '5', 'j@@', 'aar', 'gebeur@@', 'de', 'er', 'over', 'de', 'laat@@', 'ste', '2@@', '5', 'j@@', 'aar', 'gebeur@@', 'd@@', '<unk>', '</s>']
2026-05-24 10:58:57,967 - INFO - joeynmt.training - 	Source:     The ne@@ x@@ t sli@@ de I sho@@ w you will be a ra@@ p@@ id fa@@ st-@@ for@@ war@@ d of what@@ '@@ s happen@@ ed over the la@@ st 2@@ 5 year@@ s@@ .
2026-05-24 10:58:57,967 - INFO - joeynmt.training - 	Reference:  De volgen@@ de dia die ik laat zi@@ en is een ver@@ snel@@ de vers@@ ie van wat er de af@@ gel@@ open 2@@ 5 j@@ aar is gebeur@@ d@@ .
2026-05-24 10:58:57,967 - INFO - joeynmt.training - 	Hypothesis: De volgen@@ de dia die ik laat j@@ ul@@ lie een snel snel vooruit z@@ al zijn van wat er gebeur@@ de de laat@@ ste 2@@ 5 j@@ aar gebeur@@ de er over de laat@@ ste 2@@ 5 j@@ aar gebeur@@ d@@ <unk>
2026-05-24 10:59:46,216 - INFO - joeynmt.training - Epoch   6, Step:    21100, Batch Loss:     1.468902, Batch Acc: 0.615787, Tokens per Sec:     1572, Lr: 0.000300
2026-05-24 11:00:31,577 - INFO - joeynmt.training - Epoch   6, Step:    21200, Batch Loss:     1.288345, Batch Acc: 0.620637, Tokens per Sec:     1676, Lr: 0.000300
2026-05-24 11:01:30,093 - INFO - joeynmt.training - Epoch   6, Step:    21300, Batch Loss:     1.338685, Batch Acc: 0.622030, Tokens per Sec:     1280, Lr: 0.000300
2026-05-24 11:02:28,248 - INFO - joeynmt.training - Epoch   6, Step:    21400, Batch Loss:     1.319773, Batch Acc: 0.613413, Tokens per Sec:     1313, Lr: 0.000300
2026-05-24 11:03:25,993 - INFO - joeynmt.training - Epoch   6, Step:    21500, Batch Loss:     1.395202, Batch Acc: 0.620066, Tokens per Sec:     1242, Lr: 0.000300
2026-05-24 11:03:25,996 - INFO - joeynmt.prediction - Predicting 1003 example(s)... (Greedy decoding with min_output_length=1, max_output_length=100, return_prob='none', generate_unk=True, repetition_penalty=-1, no_repeat_ngram_size=-1)
2026-05-24 11:06:34,904 - INFO - joeynmt.metrics - nrefs:1|case:mixed|eff:no|tok:13a|smooth:exp|version:2.6.0
2026-05-24 11:06:34,905 - INFO - joeynmt.prediction - Evaluation result (greedy) bleu:  36.89, loss:   1.71, ppl:   5.53, acc:   0.53, generation: 188.3574[sec], evaluation: 0.5383[sec]
2026-05-24 11:06:34,978 - INFO - joeynmt.helpers - delete output_bpe5000/19000.ckpt
2026-05-24 11:06:34,988 - INFO - joeynmt.training - Example #0
2026-05-24 11:06:34,989 - DEBUG - joeynmt.training - 	Tokenized source:     ['\ufeffLa@@', 'st', 'year', 'I', 'sho@@', 'we@@', 'd', 'thes@@', 'e', 'tw@@', 'o', 'sli@@', 'de@@', 's', 'so', 'that', 'de@@', 'mon@@', 'strate', 'that', 'the', 'ar@@', 'c@@', 'tic', 'ic@@', 'e', 'cap@@', ',', 'wh@@', 'ich', 'for', 'mo@@', 'st', 'of', 'the', 'la@@', 'st', 'th@@', 'ree', 'milli@@', 'on', 'year@@', 's', 'ha@@', 's', 'be@@', 'en', 'the', 'si@@', 'ze', 'of', 'the', 'lo@@', 'wer', '4@@', '8', 'stat@@', 'es@@', ',', 'ha@@', 's', 'sh@@', 'run@@', 'k', 'b@@', 'y', '4@@', '0', 'percen@@', 't@@', '.']
2026-05-24 11:06:34,989 - DEBUG - joeynmt.training - 	Tokenized reference:  ['\ufeffV@@', 'orig', 'j@@', 'aar', 'lie@@', 't', 'ik', 'de@@', 'ze', 'twee', 'dia@@', "'@@", 's', 'zi@@', 'en', 'om', 'aan', 'te', 'ton@@', 'en', 'dat', 'de', 'p@@', 'ool@@', 'ij@@', 'sk@@', 'ap@@', ',', 'die', 'de', 'af@@', 'gel@@', 'open', 'drie', 'miljo@@', 'en', 'j@@', 'aar', 'onge@@', 've@@', 'er', 'de', 'groot@@', 'te', 'had', 'van', 'het', 'va@@', 'stel@@', 'and', 'van', 'de', 'V@@', 'S@@', ',', 'met', '4@@', '0@@', '%', 'gek@@', 'ro@@', 'mp@@', 'en', 'was@@', '.']
2026-05-24 11:06:34,989 - DEBUG - joeynmt.training - 	Tokenized hypothesis: ['I@@', 'k', 'lie@@', 't', 'j@@', 'aar', 'lie@@', 't', 'ik', 'de@@', 'ze', 'twee', 'dia@@', "'@@", 's', 'zo@@', 'dat', 'de', 'ar@@', 'c@@', 'isch@@', 'e', 'ij@@', 'e', 'ij@@', 'e', 'cap@@', ',', 'die', 'voor', 'de', 'mee@@', 'ste', 'drie', 'miljo@@', 'en', 'j@@', 'aar', 'is', 'de', 'groot@@', 'te', 'van', 'de', 'la@@', 'gere', '4@@', '8', 'stat@@', 'en@@', ',', 'heef@@', 't', 'gemaak@@', 't@@', '<unk>', '</s>']
2026-05-24 11:06:34,989 - INFO - joeynmt.training - 	Source:     ﻿La@@ st year I sho@@ we@@ d thes@@ e tw@@ o sli@@ de@@ s so that de@@ mon@@ strate that the ar@@ c@@ tic ic@@ e cap@@ , wh@@ ich for mo@@ st of the la@@ st th@@ ree milli@@ on year@@ s ha@@ s be@@ en the si@@ ze of the lo@@ wer 4@@ 8 stat@@ es@@ , ha@@ s sh@@ run@@ k b@@ y 4@@ 0 percen@@ t@@ .
2026-05-24 11:06:34,990 - INFO - joeynmt.training - 	Reference:  ﻿V@@ orig j@@ aar lie@@ t ik de@@ ze twee dia@@ '@@ s zi@@ en om aan te ton@@ en dat de p@@ ool@@ ij@@ sk@@ ap@@ , die de af@@ gel@@ open drie miljo@@ en j@@ aar onge@@ ve@@ er de groot@@ te had van het va@@ stel@@ and van de V@@ S@@ , met 4@@ 0@@ % gek@@ ro@@ mp@@ en was@@ .
2026-05-24 11:06:34,991 - INFO - joeynmt.training - 	Hypothesis: I@@ k lie@@ t j@@ aar lie@@ t ik de@@ ze twee dia@@ '@@ s zo@@ dat de ar@@ c@@ isch@@ e ij@@ e ij@@ e cap@@ , die voor de mee@@ ste drie miljo@@ en j@@ aar is de groot@@ te van de la@@ gere 4@@ 8 stat@@ en@@ , heef@@ t gemaak@@ t@@ <unk>
2026-05-24 11:06:34,994 - INFO - joeynmt.training - Example #1
2026-05-24 11:06:34,994 - DEBUG - joeynmt.training - 	Tokenized source:     ['Bu@@', 't', 'th@@', 'is', 'under@@', 'stat@@', 'es', 'the', 'ser@@', 'i@@', 'ou@@', 'sn@@', 'ess', 'of', 'th@@', 'is', 'particul@@', 'ar', 'proble@@', 'm', 'beca@@', 'us@@', 'e', 'it', 'does@@', 'n@@', "'@@", 't', 'sho@@', 'w', 'the', 'th@@', 'ic@@', 'kn@@', 'ess', 'of', 'the', 'ic@@', 'e@@', '.']
2026-05-24 11:06:34,994 - DEBUG - joeynmt.training - 	Tokenized reference:  ['M@@', 'aar', 'dit', 'onder@@', 'sch@@', 'at', 'eigen@@', 'lijk', 'de', 'ern@@', 'st', 'van', 'dit', 'specif@@', 'ie@@', 'ke', 'proble@@', 'em', 'om@@', 'dat', 'het', 'nie@@', 't', 'de', 'di@@', 'k@@', 'te', 'van', 'het', 'ij@@', 's', 'laat', 'zi@@', 'en@@', '.']
2026-05-24 11:06:34,994 - DEBUG - joeynmt.training - 	Tokenized hypothesis: ['M@@', 'aar', 'dit', 'beg@@', 'stat@@', 'en', 'de', 'ser@@', 'ie@@', 'us', 'van', 'dit', 'proble@@', 'em', 'om@@', 'dat', 'het', 'nie@@', 't', 'de', 'di@@', 'k@@', 'st@@', 'bij@@', 'zonder', 'het', 'ij@@', 's', 'nie@@', 't', 'lat@@', 'en', 'zi@@', 'en@@', '<unk>', '</s>']
2026-05-24 11:06:34,995 - INFO - joeynmt.training - 	Source:     Bu@@ t th@@ is under@@ stat@@ es the ser@@ i@@ ou@@ sn@@ ess of th@@ is particul@@ ar proble@@ m beca@@ us@@ e it does@@ n@@ '@@ t sho@@ w the th@@ ic@@ kn@@ ess of the ic@@ e@@ .
2026-05-24 11:06:34,995 - INFO - joeynmt.training - 	Reference:  M@@ aar dit onder@@ sch@@ at eigen@@ lijk de ern@@ st van dit specif@@ ie@@ ke proble@@ em om@@ dat het nie@@ t de di@@ k@@ te van het ij@@ s laat zi@@ en@@ .
2026-05-24 11:06:34,996 - INFO - joeynmt.training - 	Hypothesis: M@@ aar dit beg@@ stat@@ en de ser@@ ie@@ us van dit proble@@ em om@@ dat het nie@@ t de di@@ k@@ st@@ bij@@ zonder het ij@@ s nie@@ t lat@@ en zi@@ en@@ <unk>
2026-05-24 11:06:34,996 - INFO - joeynmt.training - Example #2
2026-05-24 11:06:34,997 - DEBUG - joeynmt.training - 	Tokenized source:     ['The', 'ar@@', 'c@@', 'tic', 'ic@@', 'e', 'cap', 'is@@', ',', 'in', 'a', 'sen@@', 'se@@', ',', 'the', 'be@@', 'at@@', 'ing', 'hear@@', 't', 'of', 'the', 'glob@@', 'al', 'cli@@', 'mat@@', 'e', 'system@@', '.']
2026-05-24 11:06:34,997 - DEBUG - joeynmt.training - 	Tokenized reference:  ['De', 'ij@@', 'sk@@', 'ap', 'op', 'de', 'Noor@@', 'd@@', 'p@@', 'ool', 'is', 'in', 'ze@@', 'ker@@', 'e', 'zin', 'het', 'kl@@', 'op@@', 'pen@@', 'd', 'har@@', 't', 'van', 'ons', 'glob@@', 'aal', 'kli@@', 'maat@@', 'syste@@', 'em@@', '.']
2026-05-24 11:06:34,997 - DEBUG - joeynmt.training - 	Tokenized hypothesis: ['De', 'ar@@', 'c@@', 'isch@@', 'e', 'ij@@', 'fer@@', 's@@', ',', 'in', 'ze@@', 'ker@@', 'e', 'zin', 'het', 'be@@', 'er@@', 'van', 'de', 'glob@@', 'al@@', 'e', 'kli@@', 'maat@@', 'syste@@', 'em@@', '<unk>', '</s>']
2026-05-24 11:06:34,997 - INFO - joeynmt.training - 	Source:     The ar@@ c@@ tic ic@@ e cap is@@ , in a sen@@ se@@ , the be@@ at@@ ing hear@@ t of the glob@@ al cli@@ mat@@ e system@@ .
2026-05-24 11:06:34,997 - INFO - joeynmt.training - 	Reference:  De ij@@ sk@@ ap op de Noor@@ d@@ p@@ ool is in ze@@ ker@@ e zin het kl@@ op@@ pen@@ d har@@ t van ons glob@@ aal kli@@ maat@@ syste@@ em@@ .
2026-05-24 11:06:34,998 - INFO - joeynmt.training - 	Hypothesis: De ar@@ c@@ isch@@ e ij@@ fer@@ s@@ , in ze@@ ker@@ e zin het be@@ er@@ van de glob@@ al@@ e kli@@ maat@@ syste@@ em@@ <unk>
2026-05-24 11:06:34,998 - INFO - joeynmt.training - Example #3
2026-05-24 11:06:34,998 - DEBUG - joeynmt.training - 	Tokenized source:     ['I@@', 't', 'ex@@', 'p@@', 'and@@', 's', 'in', 'w@@', 'inter', 'and', 'con@@', 'trac@@', 'ts', 'in', 'su@@', 'm@@', 'mer@@', '.']
2026-05-24 11:06:34,998 - DEBUG - joeynmt.training - 	Tokenized reference:  ['H@@', 'et', 'zet', 'uit', 'in', 'de', 'w@@', 'inter', 'en', 'k@@', 'ri@@', 'mp@@', 't', 'in', 'de', 'zom@@', 'er@@', '.']
2026-05-24 11:06:34,998 - DEBUG - joeynmt.training - 	Tokenized hypothesis: ['H@@', 'et', 'uit@@', 'bre@@', 'id@@', 't', 'in', 'w@@', 'inter', 'en', 'con@@', 'trac@@', 'ten', 'in', 'su@@', 'm@@', 'mer@@', '<unk>', '</s>']
2026-05-24 11:06:34,998 - INFO - joeynmt.training - 	Source:     I@@ t ex@@ p@@ and@@ s in w@@ inter and con@@ trac@@ ts in su@@ m@@ mer@@ .
2026-05-24 11:06:34,999 - INFO - joeynmt.training - 	Reference:  H@@ et zet uit in de w@@ inter en k@@ ri@@ mp@@ t in de zom@@ er@@ .
2026-05-24 11:06:34,999 - INFO - joeynmt.training - 	Hypothesis: H@@ et uit@@ bre@@ id@@ t in w@@ inter en con@@ trac@@ ten in su@@ m@@ mer@@ <unk>
2026-05-24 11:06:34,999 - INFO - joeynmt.training - Example #4
2026-05-24 11:06:34,999 - DEBUG - joeynmt.training - 	Tokenized source:     ['The', 'ne@@', 'x@@', 't', 'sli@@', 'de', 'I', 'sho@@', 'w', 'you', 'will', 'be', 'a', 'ra@@', 'p@@', 'id', 'fa@@', 'st-@@', 'for@@', 'war@@', 'd', 'of', 'what@@', "'@@", 's', 'happen@@', 'ed', 'over', 'the', 'la@@', 'st', '2@@', '5', 'year@@', 's@@', '.']
2026-05-24 11:06:34,999 - DEBUG - joeynmt.training - 	Tokenized reference:  ['De', 'volgen@@', 'de', 'dia', 'die', 'ik', 'laat', 'zi@@', 'en', 'is', 'een', 'ver@@', 'snel@@', 'de', 'vers@@', 'ie', 'van', 'wat', 'er', 'de', 'af@@', 'gel@@', 'open', '2@@', '5', 'j@@', 'aar', 'is', 'gebeur@@', 'd@@', '.']
2026-05-24 11:06:34,999 - DEBUG - joeynmt.training - 	Tokenized hypothesis: ['De', 'volgen@@', 'de', 'dia', 'die', 'ik', 'laat', 'zi@@', 'en', 'dat', 'ik', 'z@@', 'al', 'een', 'snel@@', 'le', 'snel@@', 'heid', 'van', 'wat', 'er', 'gebeur@@', 'de', 'de', 'laat@@', 'ste', '2@@', '5', 'j@@', 'aar', 'gebeur@@', 'de', 'er', 'over', 'de', 'laat@@', 'ste', '2@@', '5', 'j@@', 'aar@@', '<unk>', '</s>']
2026-05-24 11:06:35,000 - INFO - joeynmt.training - 	Source:     The ne@@ x@@ t sli@@ de I sho@@ w you will be a ra@@ p@@ id fa@@ st-@@ for@@ war@@ d of what@@ '@@ s happen@@ ed over the la@@ st 2@@ 5 year@@ s@@ .
2026-05-24 11:06:35,000 - INFO - joeynmt.training - 	Reference:  De volgen@@ de dia die ik laat zi@@ en is een ver@@ snel@@ de vers@@ ie van wat er de af@@ gel@@ open 2@@ 5 j@@ aar is gebeur@@ d@@ .
2026-05-24 11:06:35,000 - INFO - joeynmt.training - 	Hypothesis: De volgen@@ de dia die ik laat zi@@ en dat ik z@@ al een snel@@ le snel@@ heid van wat er gebeur@@ de de laat@@ ste 2@@ 5 j@@ aar gebeur@@ de er over de laat@@ ste 2@@ 5 j@@ aar@@ <unk>
2026-05-24 11:07:34,050 - INFO - joeynmt.training - Epoch   6, Step:    21600, Batch Loss:     1.321700, Batch Acc: 0.615433, Tokens per Sec:     1256, Lr: 0.000300
2026-05-24 11:08:29,932 - INFO - joeynmt.training - Epoch   6, Step:    21700, Batch Loss:     1.180885, Batch Acc: 0.611080, Tokens per Sec:     1290, Lr: 0.000300
2026-05-24 11:09:26,736 - INFO - joeynmt.training - Epoch   6, Step:    21800, Batch Loss:     1.280519, Batch Acc: 0.621407, Tokens per Sec:     1303, Lr: 0.000300
2026-05-24 11:10:23,205 - INFO - joeynmt.training - Epoch   6, Step:    21900, Batch Loss:     1.280356, Batch Acc: 0.619240, Tokens per Sec:     1312, Lr: 0.000300
2026-05-24 11:11:19,167 - INFO - joeynmt.training - Epoch   6, Step:    22000, Batch Loss:     1.444521, Batch Acc: 0.619090, Tokens per Sec:     1334, Lr: 0.000300
2026-05-24 11:11:19,168 - INFO - joeynmt.prediction - Predicting 1003 example(s)... (Greedy decoding with min_output_length=1, max_output_length=100, return_prob='none', generate_unk=True, repetition_penalty=-1, no_repeat_ngram_size=-1)
2026-05-24 11:13:34,089 - INFO - joeynmt.metrics - nrefs:1|case:mixed|eff:no|tok:13a|smooth:exp|version:2.6.0
2026-05-24 11:13:34,089 - INFO - joeynmt.prediction - Evaluation result (greedy) bleu:  36.31, loss:   1.71, ppl:   5.52, acc:   0.53, generation: 134.5252[sec], evaluation: 0.3787[sec]
2026-05-24 11:13:34,092 - INFO - joeynmt.training - Hooray! New best validation result [ppl]!
2026-05-24 11:13:34,137 - INFO - joeynmt.helpers - delete output_bpe5000/19500.ckpt
2026-05-24 11:13:34,142 - INFO - joeynmt.training - Example #0
2026-05-24 11:13:34,142 - DEBUG - joeynmt.training - 	Tokenized source:     ['\ufeffLa@@', 'st', 'year', 'I', 'sho@@', 'we@@', 'd', 'thes@@', 'e', 'tw@@', 'o', 'sli@@', 'de@@', 's', 'so', 'that', 'de@@', 'mon@@', 'strate', 'that', 'the', 'ar@@', 'c@@', 'tic', 'ic@@', 'e', 'cap@@', ',', 'wh@@', 'ich', 'for', 'mo@@', 'st', 'of', 'the', 'la@@', 'st', 'th@@', 'ree', 'milli@@', 'on', 'year@@', 's', 'ha@@', 's', 'be@@', 'en', 'the', 'si@@', 'ze', 'of', 'the', 'lo@@', 'wer', '4@@', '8', 'stat@@', 'es@@', ',', 'ha@@', 's', 'sh@@', 'run@@', 'k', 'b@@', 'y', '4@@', '0', 'percen@@', 't@@', '.']
2026-05-24 11:13:34,142 - DEBUG - joeynmt.training - 	Tokenized reference:  ['\ufeffV@@', 'orig', 'j@@', 'aar', 'lie@@', 't', 'ik', 'de@@', 'ze', 'twee', 'dia@@', "'@@", 's', 'zi@@', 'en', 'om', 'aan', 'te', 'ton@@', 'en', 'dat', 'de', 'p@@', 'ool@@', 'ij@@', 'sk@@', 'ap@@', ',', 'die', 'de', 'af@@', 'gel@@', 'open', 'drie', 'miljo@@', 'en', 'j@@', 'aar', 'onge@@', 've@@', 'er', 'de', 'groot@@', 'te', 'had', 'van', 'het', 'va@@', 'stel@@', 'and', 'van', 'de', 'V@@', 'S@@', ',', 'met', '4@@', '0@@', '%', 'gek@@', 'ro@@', 'mp@@', 'en', 'was@@', '.']
2026-05-24 11:13:34,142 - DEBUG - joeynmt.training - 	Tokenized hypothesis: ['H@@', 'et', 'is', 'het', 'laat@@', 'ste', 'j@@', 'aar', 'lie@@', 't', 'ik', 'de@@', 'ze', 'twee', 'dia', 'zo@@', 'dat', 'de', 'ar@@', 'c@@', 't@@', 'isch@@', 'e', 'ij@@', 'fer@@', 's', 'die', 'de', 'af@@', 'gel@@', 'open', 'drie', 'miljo@@', 'en', 'j@@', 'aar', 'is', 'de', 'groot@@', 'te', 'van', 'de', 'la@@', 'gere', '4@@', '0', 'pro@@', 'cen@@', 't@@', '<unk>', '</s>']
2026-05-24 11:13:34,142 - INFO - joeynmt.training - 	Source:     ﻿La@@ st year I sho@@ we@@ d thes@@ e tw@@ o sli@@ de@@ s so that de@@ mon@@ strate that the ar@@ c@@ tic ic@@ e cap@@ , wh@@ ich for mo@@ st of the la@@ st th@@ ree milli@@ on year@@ s ha@@ s be@@ en the si@@ ze of the lo@@ wer 4@@ 8 stat@@ es@@ , ha@@ s sh@@ run@@ k b@@ y 4@@ 0 percen@@ t@@ .
2026-05-24 11:13:34,142 - INFO - joeynmt.training - 	Reference:  ﻿V@@ orig j@@ aar lie@@ t ik de@@ ze twee dia@@ '@@ s zi@@ en om aan te ton@@ en dat de p@@ ool@@ ij@@ sk@@ ap@@ , die de af@@ gel@@ open drie miljo@@ en j@@ aar onge@@ ve@@ er de groot@@ te had van het va@@ stel@@ and van de V@@ S@@ , met 4@@ 0@@ % gek@@ ro@@ mp@@ en was@@ .
2026-05-24 11:13:34,142 - INFO - joeynmt.training - 	Hypothesis: H@@ et is het laat@@ ste j@@ aar lie@@ t ik de@@ ze twee dia zo@@ dat de ar@@ c@@ t@@ isch@@ e ij@@ fer@@ s die de af@@ gel@@ open drie miljo@@ en j@@ aar is de groot@@ te van de la@@ gere 4@@ 0 pro@@ cen@@ t@@ <unk>
2026-05-24 11:13:34,143 - INFO - joeynmt.training - Example #1
2026-05-24 11:13:34,143 - DEBUG - joeynmt.training - 	Tokenized source:     ['Bu@@', 't', 'th@@', 'is', 'under@@', 'stat@@', 'es', 'the', 'ser@@', 'i@@', 'ou@@', 'sn@@', 'ess', 'of', 'th@@', 'is', 'particul@@', 'ar', 'proble@@', 'm', 'beca@@', 'us@@', 'e', 'it', 'does@@', 'n@@', "'@@", 't', 'sho@@', 'w', 'the', 'th@@', 'ic@@', 'kn@@', 'ess', 'of', 'the', 'ic@@', 'e@@', '.']
2026-05-24 11:13:34,143 - DEBUG - joeynmt.training - 	Tokenized reference:  ['M@@', 'aar', 'dit', 'onder@@', 'sch@@', 'at', 'eigen@@', 'lijk', 'de', 'ern@@', 'st', 'van', 'dit', 'specif@@', 'ie@@', 'ke', 'proble@@', 'em', 'om@@', 'dat', 'het', 'nie@@', 't', 'de', 'di@@', 'k@@', 'te', 'van', 'het', 'ij@@', 's', 'laat', 'zi@@', 'en@@', '.']
2026-05-24 11:13:34,143 - DEBUG - joeynmt.training - 	Tokenized hypothesis: ['M@@', 'aar', 'dit', 'beg@@', 'stat@@', 'en', 'het', 'ser@@', 'ie@@', 'us', 'van', 'dit', 'bij@@', 'zonder', 'proble@@', 'em', 'om@@', 'dat', 'het', 'het', 'nie@@', 't', 'van', 'het', 'ij@@', 's', 'nie@@', 't', 'zi@@', 'en', 'van', 'het', 'ij@@', 's', 'van', 'het', 'ij@@', 's', 'zi@@', 'en@@', '<unk>', '</s>']
2026-05-24 11:13:34,143 - INFO - joeynmt.training - 	Source:     Bu@@ t th@@ is under@@ stat@@ es the ser@@ i@@ ou@@ sn@@ ess of th@@ is particul@@ ar proble@@ m beca@@ us@@ e it does@@ n@@ '@@ t sho@@ w the th@@ ic@@ kn@@ ess of the ic@@ e@@ .
2026-05-24 11:13:34,143 - INFO - joeynmt.training - 	Reference:  M@@ aar dit onder@@ sch@@ at eigen@@ lijk de ern@@ st van dit specif@@ ie@@ ke proble@@ em om@@ dat het nie@@ t de di@@ k@@ te van het ij@@ s laat zi@@ en@@ .
2026-05-24 11:13:34,143 - INFO - joeynmt.training - 	Hypothesis: M@@ aar dit beg@@ stat@@ en het ser@@ ie@@ us van dit bij@@ zonder proble@@ em om@@ dat het het nie@@ t van het ij@@ s nie@@ t zi@@ en van het ij@@ s van het ij@@ s zi@@ en@@ <unk>
2026-05-24 11:13:34,143 - INFO - joeynmt.training - Example #2
2026-05-24 11:13:34,143 - DEBUG - joeynmt.training - 	Tokenized source:     ['The', 'ar@@', 'c@@', 'tic', 'ic@@', 'e', 'cap', 'is@@', ',', 'in', 'a', 'sen@@', 'se@@', ',', 'the', 'be@@', 'at@@', 'ing', 'hear@@', 't', 'of', 'the', 'glob@@', 'al', 'cli@@', 'mat@@', 'e', 'system@@', '.']
2026-05-24 11:13:34,143 - DEBUG - joeynmt.training - 	Tokenized reference:  ['De', 'ij@@', 'sk@@', 'ap', 'op', 'de', 'Noor@@', 'd@@', 'p@@', 'ool', 'is', 'in', 'ze@@', 'ker@@', 'e', 'zin', 'het', 'kl@@', 'op@@', 'pen@@', 'd', 'har@@', 't', 'van', 'ons', 'glob@@', 'aal', 'kli@@', 'maat@@', 'syste@@', 'em@@', '.']
2026-05-24 11:13:34,144 - DEBUG - joeynmt.training - 	Tokenized hypothesis: ['De', 'ar@@', 'c@@', 't@@', 'isch@@', 'e', 'ij@@', 's', 'in', 'een', 'zin', 'is', 'het', 'het', 'har@@', 't', 'van', 'de', 'glob@@', 'al@@', 'e', 'kli@@', 'maat@@', 'syste@@', 'em@@', '<unk>', '</s>']
2026-05-24 11:13:34,144 - INFO - joeynmt.training - 	Source:     The ar@@ c@@ tic ic@@ e cap is@@ , in a sen@@ se@@ , the be@@ at@@ ing hear@@ t of the glob@@ al cli@@ mat@@ e system@@ .
2026-05-24 11:13:34,144 - INFO - joeynmt.training - 	Reference:  De ij@@ sk@@ ap op de Noor@@ d@@ p@@ ool is in ze@@ ker@@ e zin het kl@@ op@@ pen@@ d har@@ t van ons glob@@ aal kli@@ maat@@ syste@@ em@@ .
2026-05-24 11:13:34,144 - INFO - joeynmt.training - 	Hypothesis: De ar@@ c@@ t@@ isch@@ e ij@@ s in een zin is het het har@@ t van de glob@@ al@@ e kli@@ maat@@ syste@@ em@@ <unk>
2026-05-24 11:13:34,144 - INFO - joeynmt.training - Example #3
2026-05-24 11:13:34,144 - DEBUG - joeynmt.training - 	Tokenized source:     ['I@@', 't', 'ex@@', 'p@@', 'and@@', 's', 'in', 'w@@', 'inter', 'and', 'con@@', 'trac@@', 'ts', 'in', 'su@@', 'm@@', 'mer@@', '.']
2026-05-24 11:13:34,144 - DEBUG - joeynmt.training - 	Tokenized reference:  ['H@@', 'et', 'zet', 'uit', 'in', 'de', 'w@@', 'inter', 'en', 'k@@', 'ri@@', 'mp@@', 't', 'in', 'de', 'zom@@', 'er@@', '.']
2026-05-24 11:13:34,144 - DEBUG - joeynmt.training - 	Tokenized hypothesis: ['H@@', 'et', 'ex@@', 'p@@', 'and@@', 's', 'in', 'w@@', 'inter', 'en', 'con@@', 'trac@@', 'ten', 'in', 'de', 'zom@@', 'er@@', '<unk>', '</s>']
2026-05-24 11:13:34,144 - INFO - joeynmt.training - 	Source:     I@@ t ex@@ p@@ and@@ s in w@@ inter and con@@ trac@@ ts in su@@ m@@ mer@@ .
2026-05-24 11:13:34,144 - INFO - joeynmt.training - 	Reference:  H@@ et zet uit in de w@@ inter en k@@ ri@@ mp@@ t in de zom@@ er@@ .
2026-05-24 11:13:34,145 - INFO - joeynmt.training - 	Hypothesis: H@@ et ex@@ p@@ and@@ s in w@@ inter en con@@ trac@@ ten in de zom@@ er@@ <unk>
2026-05-24 11:13:34,145 - INFO - joeynmt.training - Example #4
2026-05-24 11:13:34,145 - DEBUG - joeynmt.training - 	Tokenized source:     ['The', 'ne@@', 'x@@', 't', 'sli@@', 'de', 'I', 'sho@@', 'w', 'you', 'will', 'be', 'a', 'ra@@', 'p@@', 'id', 'fa@@', 'st-@@', 'for@@', 'war@@', 'd', 'of', 'what@@', "'@@", 's', 'happen@@', 'ed', 'over', 'the', 'la@@', 'st', '2@@', '5', 'year@@', 's@@', '.']
2026-05-24 11:13:34,145 - DEBUG - joeynmt.training - 	Tokenized reference:  ['De', 'volgen@@', 'de', 'dia', 'die', 'ik', 'laat', 'zi@@', 'en', 'is', 'een', 'ver@@', 'snel@@', 'de', 'vers@@', 'ie', 'van', 'wat', 'er', 'de', 'af@@', 'gel@@', 'open', '2@@', '5', 'j@@', 'aar', 'is', 'gebeur@@', 'd@@', '.']
2026-05-24 11:13:34,145 - DEBUG - joeynmt.training - 	Tokenized hypothesis: ['De', 'volgen@@', 'de', 'dia', 'die', 'ik', 'laat', 'zi@@', 'en', 'dat', 'ik', 'een', 'snel', 'snel', 'vooruit', 'zijn', 'van', 'wat', 'er', 'gebeur@@', 'd', 'is', 'van', 'wat', 'er', 'gebeur@@', 'd', 'is', 'over', 'de', 'laat@@', 'ste', '2@@', '5', 'j@@', 'aar', 'gebeur@@', 'd@@', '<unk>', '</s>']
2026-05-24 11:13:34,145 - INFO - joeynmt.training - 	Source:     The ne@@ x@@ t sli@@ de I sho@@ w you will be a ra@@ p@@ id fa@@ st-@@ for@@ war@@ d of what@@ '@@ s happen@@ ed over the la@@ st 2@@ 5 year@@ s@@ .
2026-05-24 11:13:34,145 - INFO - joeynmt.training - 	Reference:  De volgen@@ de dia die ik laat zi@@ en is een ver@@ snel@@ de vers@@ ie van wat er de af@@ gel@@ open 2@@ 5 j@@ aar is gebeur@@ d@@ .
2026-05-24 11:13:34,145 - INFO - joeynmt.training - 	Hypothesis: De volgen@@ de dia die ik laat zi@@ en dat ik een snel snel vooruit zijn van wat er gebeur@@ d is van wat er gebeur@@ d is over de laat@@ ste 2@@ 5 j@@ aar gebeur@@ d@@ <unk>
2026-05-24 11:14:18,111 - INFO - joeynmt.training - Epoch   6, Step:    22100, Batch Loss:     1.179376, Batch Acc: 0.617414, Tokens per Sec:     1607, Lr: 0.000300
2026-05-24 11:15:02,644 - INFO - joeynmt.training - Epoch   6, Step:    22200, Batch Loss:     1.658358, Batch Acc: 0.610799, Tokens per Sec:     1607, Lr: 0.000300
2026-05-24 11:15:44,599 - INFO - joeynmt.training - Epoch   6, Step:    22300, Batch Loss:     1.453180, Batch Acc: 0.617213, Tokens per Sec:     1756, Lr: 0.000300
2026-05-24 11:16:27,407 - INFO - joeynmt.training - Epoch   6, Step:    22400, Batch Loss:     1.300348, Batch Acc: 0.615641, Tokens per Sec:     1699, Lr: 0.000300
2026-05-24 11:17:12,490 - INFO - joeynmt.training - Epoch   6, Step:    22500, Batch Loss:     1.219377, Batch Acc: 0.617395, Tokens per Sec:     1670, Lr: 0.000300
2026-05-24 11:17:12,492 - INFO - joeynmt.prediction - Predicting 1003 example(s)... (Greedy decoding with min_output_length=1, max_output_length=100, return_prob='none', generate_unk=True, repetition_penalty=-1, no_repeat_ngram_size=-1)
2026-05-24 11:19:14,567 - INFO - joeynmt.metrics - nrefs:1|case:mixed|eff:no|tok:13a|smooth:exp|version:2.6.0
2026-05-24 11:19:14,568 - INFO - joeynmt.prediction - Evaluation result (greedy) bleu:  36.14, loss:   1.70, ppl:   5.48, acc:   0.53, generation: 121.7329[sec], evaluation: 0.3290[sec]
2026-05-24 11:19:14,569 - INFO - joeynmt.training - Hooray! New best validation result [ppl]!
2026-05-24 11:19:14,615 - INFO - joeynmt.helpers - delete output_bpe5000/21000.ckpt
2026-05-24 11:19:14,621 - INFO - joeynmt.training - Example #0
2026-05-24 11:19:14,621 - DEBUG - joeynmt.training - 	Tokenized source:     ['\ufeffLa@@', 'st', 'year', 'I', 'sho@@', 'we@@', 'd', 'thes@@', 'e', 'tw@@', 'o', 'sli@@', 'de@@', 's', 'so', 'that', 'de@@', 'mon@@', 'strate', 'that', 'the', 'ar@@', 'c@@', 'tic', 'ic@@', 'e', 'cap@@', ',', 'wh@@', 'ich', 'for', 'mo@@', 'st', 'of', 'the', 'la@@', 'st', 'th@@', 'ree', 'milli@@', 'on', 'year@@', 's', 'ha@@', 's', 'be@@', 'en', 'the', 'si@@', 'ze', 'of', 'the', 'lo@@', 'wer', '4@@', '8', 'stat@@', 'es@@', ',', 'ha@@', 's', 'sh@@', 'run@@', 'k', 'b@@', 'y', '4@@', '0', 'percen@@', 't@@', '.']
2026-05-24 11:19:14,621 - DEBUG - joeynmt.training - 	Tokenized reference:  ['\ufeffV@@', 'orig', 'j@@', 'aar', 'lie@@', 't', 'ik', 'de@@', 'ze', 'twee', 'dia@@', "'@@", 's', 'zi@@', 'en', 'om', 'aan', 'te', 'ton@@', 'en', 'dat', 'de', 'p@@', 'ool@@', 'ij@@', 'sk@@', 'ap@@', ',', 'die', 'de', 'af@@', 'gel@@', 'open', 'drie', 'miljo@@', 'en', 'j@@', 'aar', 'onge@@', 've@@', 'er', 'de', 'groot@@', 'te', 'had', 'van', 'het', 'va@@', 'stel@@', 'and', 'van', 'de', 'V@@', 'S@@', ',', 'met', '4@@', '0@@', '%', 'gek@@', 'ro@@', 'mp@@', 'en', 'was@@', '.']
2026-05-24 11:19:14,621 - DEBUG - joeynmt.training - 	Tokenized hypothesis: ['H@@', 'et', 'laat@@', 'ste', 'j@@', 'aar', 'lie@@', 't', 'ik', 'de@@', 'ze', 'twee', 'dia', 'lat@@', 'en', 'zi@@', 'en', 'zo@@', 'dat', 'de', 'ar@@', 'c@@', 't@@', 'isch@@', 'e', 'ij@@', 'fer@@', 's@@', ',', 'wat', 'de', 'groot@@', 'ste', 'drie', 'miljo@@', 'en', 'j@@', 'aar', 'is', 'de', 'groot@@', 'te', 'van', 'de', 'la@@', 'gere', '4@@', '0', 'pro@@', 'cen@@', 't@@', '<unk>', '</s>']
2026-05-24 11:19:14,621 - INFO - joeynmt.training - 	Source:     ﻿La@@ st year I sho@@ we@@ d thes@@ e tw@@ o sli@@ de@@ s so that de@@ mon@@ strate that the ar@@ c@@ tic ic@@ e cap@@ , wh@@ ich for mo@@ st of the la@@ st th@@ ree milli@@ on year@@ s ha@@ s be@@ en the si@@ ze of the lo@@ wer 4@@ 8 stat@@ es@@ , ha@@ s sh@@ run@@ k b@@ y 4@@ 0 percen@@ t@@ .
2026-05-24 11:19:14,621 - INFO - joeynmt.training - 	Reference:  ﻿V@@ orig j@@ aar lie@@ t ik de@@ ze twee dia@@ '@@ s zi@@ en om aan te ton@@ en dat de p@@ ool@@ ij@@ sk@@ ap@@ , die de af@@ gel@@ open drie miljo@@ en j@@ aar onge@@ ve@@ er de groot@@ te had van het va@@ stel@@ and van de V@@ S@@ , met 4@@ 0@@ % gek@@ ro@@ mp@@ en was@@ .
2026-05-24 11:19:14,621 - INFO - joeynmt.training - 	Hypothesis: H@@ et laat@@ ste j@@ aar lie@@ t ik de@@ ze twee dia lat@@ en zi@@ en zo@@ dat de ar@@ c@@ t@@ isch@@ e ij@@ fer@@ s@@ , wat de groot@@ ste drie miljo@@ en j@@ aar is de groot@@ te van de la@@ gere 4@@ 0 pro@@ cen@@ t@@ <unk>
2026-05-24 11:19:14,621 - INFO - joeynmt.training - Example #1
2026-05-24 11:19:14,621 - DEBUG - joeynmt.training - 	Tokenized source:     ['Bu@@', 't', 'th@@', 'is', 'under@@', 'stat@@', 'es', 'the', 'ser@@', 'i@@', 'ou@@', 'sn@@', 'ess', 'of', 'th@@', 'is', 'particul@@', 'ar', 'proble@@', 'm', 'beca@@', 'us@@', 'e', 'it', 'does@@', 'n@@', "'@@", 't', 'sho@@', 'w', 'the', 'th@@', 'ic@@', 'kn@@', 'ess', 'of', 'the', 'ic@@', 'e@@', '.']
2026-05-24 11:19:14,621 - DEBUG - joeynmt.training - 	Tokenized reference:  ['M@@', 'aar', 'dit', 'onder@@', 'sch@@', 'at', 'eigen@@', 'lijk', 'de', 'ern@@', 'st', 'van', 'dit', 'specif@@', 'ie@@', 'ke', 'proble@@', 'em', 'om@@', 'dat', 'het', 'nie@@', 't', 'de', 'di@@', 'k@@', 'te', 'van', 'het', 'ij@@', 's', 'laat', 'zi@@', 'en@@', '.']
2026-05-24 11:19:14,621 - DEBUG - joeynmt.training - 	Tokenized hypothesis: ['M@@', 'aar', 'dit', 'onder@@', 'stat@@', 'en', 'de', 'ser@@', 'ie@@', 'us', 'van', 'dit', 'proble@@', 'em', 'om@@', 'dat', 'het', 'de', 'di@@', 'k@@', 'te', 'van', 'het', 'ij@@', 's', 'zi@@', 'en@@', '<unk>', '</s>']
2026-05-24 11:19:14,622 - INFO - joeynmt.training - 	Source:     Bu@@ t th@@ is under@@ stat@@ es the ser@@ i@@ ou@@ sn@@ ess of th@@ is particul@@ ar proble@@ m beca@@ us@@ e it does@@ n@@ '@@ t sho@@ w the th@@ ic@@ kn@@ ess of the ic@@ e@@ .
2026-05-24 11:19:14,622 - INFO - joeynmt.training - 	Reference:  M@@ aar dit onder@@ sch@@ at eigen@@ lijk de ern@@ st van dit specif@@ ie@@ ke proble@@ em om@@ dat het nie@@ t de di@@ k@@ te van het ij@@ s laat zi@@ en@@ .
2026-05-24 11:19:14,622 - INFO - joeynmt.training - 	Hypothesis: M@@ aar dit onder@@ stat@@ en de ser@@ ie@@ us van dit proble@@ em om@@ dat het de di@@ k@@ te van het ij@@ s zi@@ en@@ <unk>
2026-05-24 11:19:14,622 - INFO - joeynmt.training - Example #2
2026-05-24 11:19:14,622 - DEBUG - joeynmt.training - 	Tokenized source:     ['The', 'ar@@', 'c@@', 'tic', 'ic@@', 'e', 'cap', 'is@@', ',', 'in', 'a', 'sen@@', 'se@@', ',', 'the', 'be@@', 'at@@', 'ing', 'hear@@', 't', 'of', 'the', 'glob@@', 'al', 'cli@@', 'mat@@', 'e', 'system@@', '.']
2026-05-24 11:19:14,622 - DEBUG - joeynmt.training - 	Tokenized reference:  ['De', 'ij@@', 'sk@@', 'ap', 'op', 'de', 'Noor@@', 'd@@', 'p@@', 'ool', 'is', 'in', 'ze@@', 'ker@@', 'e', 'zin', 'het', 'kl@@', 'op@@', 'pen@@', 'd', 'har@@', 't', 'van', 'ons', 'glob@@', 'aal', 'kli@@', 'maat@@', 'syste@@', 'em@@', '.']
2026-05-24 11:19:14,622 - DEBUG - joeynmt.training - 	Tokenized hypothesis: ['De', 'ar@@', 'c@@', 't@@', 'isch@@', 'e', 'ij@@', 's', 'in', 'ze@@', 'ker@@', 'e', 'zin', 'van', 'het', 'glob@@', 'al@@', 'e', 'kli@@', 'maat@@', 'syste@@', 'em@@', '<unk>', '</s>']
2026-05-24 11:19:14,622 - INFO - joeynmt.training - 	Source:     The ar@@ c@@ tic ic@@ e cap is@@ , in a sen@@ se@@ , the be@@ at@@ ing hear@@ t of the glob@@ al cli@@ mat@@ e system@@ .
2026-05-24 11:19:14,622 - INFO - joeynmt.training - 	Reference:  De ij@@ sk@@ ap op de Noor@@ d@@ p@@ ool is in ze@@ ker@@ e zin het kl@@ op@@ pen@@ d har@@ t van ons glob@@ aal kli@@ maat@@ syste@@ em@@ .
2026-05-24 11:19:14,622 - INFO - joeynmt.training - 	Hypothesis: De ar@@ c@@ t@@ isch@@ e ij@@ s in ze@@ ker@@ e zin van het glob@@ al@@ e kli@@ maat@@ syste@@ em@@ <unk>
2026-05-24 11:19:14,622 - INFO - joeynmt.training - Example #3
2026-05-24 11:19:14,622 - DEBUG - joeynmt.training - 	Tokenized source:     ['I@@', 't', 'ex@@', 'p@@', 'and@@', 's', 'in', 'w@@', 'inter', 'and', 'con@@', 'trac@@', 'ts', 'in', 'su@@', 'm@@', 'mer@@', '.']
2026-05-24 11:19:14,622 - DEBUG - joeynmt.training - 	Tokenized reference:  ['H@@', 'et', 'zet', 'uit', 'in', 'de', 'w@@', 'inter', 'en', 'k@@', 'ri@@', 'mp@@', 't', 'in', 'de', 'zom@@', 'er@@', '.']
2026-05-24 11:19:14,622 - DEBUG - joeynmt.training - 	Tokenized hypothesis: ['H@@', 'et', 'ex@@', 'p@@', 'and@@', 's', 'in', 'w@@', 'inter', 'en', 'con@@', 'trac@@', 'ten', 'in', 'de', 'zom@@', 'er', 'en', 'in', 'zom@@', 'er', 'en', 'in', 'zom@@', 'er', 'te', 'gaan@@', '<unk>', '</s>']
2026-05-24 11:19:14,623 - INFO - joeynmt.training - 	Source:     I@@ t ex@@ p@@ and@@ s in w@@ inter and con@@ trac@@ ts in su@@ m@@ mer@@ .
2026-05-24 11:19:14,623 - INFO - joeynmt.training - 	Reference:  H@@ et zet uit in de w@@ inter en k@@ ri@@ mp@@ t in de zom@@ er@@ .
2026-05-24 11:19:14,623 - INFO - joeynmt.training - 	Hypothesis: H@@ et ex@@ p@@ and@@ s in w@@ inter en con@@ trac@@ ten in de zom@@ er en in zom@@ er en in zom@@ er te gaan@@ <unk>
2026-05-24 11:19:14,623 - INFO - joeynmt.training - Example #4
2026-05-24 11:19:14,623 - DEBUG - joeynmt.training - 	Tokenized source:     ['The', 'ne@@', 'x@@', 't', 'sli@@', 'de', 'I', 'sho@@', 'w', 'you', 'will', 'be', 'a', 'ra@@', 'p@@', 'id', 'fa@@', 'st-@@', 'for@@', 'war@@', 'd', 'of', 'what@@', "'@@", 's', 'happen@@', 'ed', 'over', 'the', 'la@@', 'st', '2@@', '5', 'year@@', 's@@', '.']
2026-05-24 11:19:14,623 - DEBUG - joeynmt.training - 	Tokenized reference:  ['De', 'volgen@@', 'de', 'dia', 'die', 'ik', 'laat', 'zi@@', 'en', 'is', 'een', 'ver@@', 'snel@@', 'de', 'vers@@', 'ie', 'van', 'wat', 'er', 'de', 'af@@', 'gel@@', 'open', '2@@', '5', 'j@@', 'aar', 'is', 'gebeur@@', 'd@@', '.']
2026-05-24 11:19:14,623 - DEBUG - joeynmt.training - 	Tokenized hypothesis: ['De', 'volgen@@', 'de', 'dia', 'die', 'ik', 'laat', 'j@@', 'ul@@', 'lie', 'een', 'snel@@', 'heid', 'z@@', 'al', 'een', 'snel@@', 'heid', 'van', 'wat', 'er', 'gebeur@@', 'd', 'is', 'van', 'wat', 'er', 'is', 'gebeur@@', 'd', 'in', 'de', 'laat@@', 'ste', '2@@', '5', 'j@@', 'aar', 'z@@', 'al', 'zijn', 'gebeur@@', 'd', 'van', 'wat', 'er', 'is', 'gebeur@@', 'd@@', '<unk>', '</s>']
2026-05-24 11:19:14,623 - INFO - joeynmt.training - 	Source:     The ne@@ x@@ t sli@@ de I sho@@ w you will be a ra@@ p@@ id fa@@ st-@@ for@@ war@@ d of what@@ '@@ s happen@@ ed over the la@@ st 2@@ 5 year@@ s@@ .
2026-05-24 11:19:14,623 - INFO - joeynmt.training - 	Reference:  De volgen@@ de dia die ik laat zi@@ en is een ver@@ snel@@ de vers@@ ie van wat er de af@@ gel@@ open 2@@ 5 j@@ aar is gebeur@@ d@@ .
2026-05-24 11:19:14,623 - INFO - joeynmt.training - 	Hypothesis: De volgen@@ de dia die ik laat j@@ ul@@ lie een snel@@ heid z@@ al een snel@@ heid van wat er gebeur@@ d is van wat er is gebeur@@ d in de laat@@ ste 2@@ 5 j@@ aar z@@ al zijn gebeur@@ d van wat er is gebeur@@ d@@ <unk>
2026-05-24 11:20:08,463 - INFO - joeynmt.training - Epoch   6, Step:    22600, Batch Loss:     1.218158, Batch Acc: 0.617678, Tokens per Sec:     1338, Lr: 0.000300
2026-05-24 11:20:52,204 - INFO - joeynmt.training - Epoch   6, Step:    22700, Batch Loss:     1.437723, Batch Acc: 0.618434, Tokens per Sec:     1724, Lr: 0.000300
2026-05-24 11:21:35,642 - INFO - joeynmt.training - Epoch   6, Step:    22800, Batch Loss:     1.487413, Batch Acc: 0.612268, Tokens per Sec:     1706, Lr: 0.000300
2026-05-24 11:22:19,330 - INFO - joeynmt.training - Epoch   6, Step:    22900, Batch Loss:     1.157273, Batch Acc: 0.617399, Tokens per Sec:     1676, Lr: 0.000300
2026-05-24 11:23:16,537 - INFO - joeynmt.training - Epoch   6, Step:    23000, Batch Loss:     1.246284, Batch Acc: 0.619584, Tokens per Sec:     1296, Lr: 0.000300
2026-05-24 11:23:16,539 - INFO - joeynmt.prediction - Predicting 1003 example(s)... (Greedy decoding with min_output_length=1, max_output_length=100, return_prob='none', generate_unk=True, repetition_penalty=-1, no_repeat_ngram_size=-1)
2026-05-24 11:25:54,133 - INFO - joeynmt.metrics - nrefs:1|case:mixed|eff:no|tok:13a|smooth:exp|version:2.6.0
2026-05-24 11:25:54,133 - INFO - joeynmt.prediction - Evaluation result (greedy) bleu:  38.16, loss:   1.70, ppl:   5.47, acc:   0.53, generation: 157.1080[sec], evaluation: 0.4704[sec]
2026-05-24 11:25:54,134 - INFO - joeynmt.training - Hooray! New best validation result [ppl]!
2026-05-24 11:25:54,222 - INFO - joeynmt.helpers - delete output_bpe5000/20000.ckpt
2026-05-24 11:25:54,233 - INFO - joeynmt.training - Example #0
2026-05-24 11:25:54,233 - DEBUG - joeynmt.training - 	Tokenized source:     ['\ufeffLa@@', 'st', 'year', 'I', 'sho@@', 'we@@', 'd', 'thes@@', 'e', 'tw@@', 'o', 'sli@@', 'de@@', 's', 'so', 'that', 'de@@', 'mon@@', 'strate', 'that', 'the', 'ar@@', 'c@@', 'tic', 'ic@@', 'e', 'cap@@', ',', 'wh@@', 'ich', 'for', 'mo@@', 'st', 'of', 'the', 'la@@', 'st', 'th@@', 'ree', 'milli@@', 'on', 'year@@', 's', 'ha@@', 's', 'be@@', 'en', 'the', 'si@@', 'ze', 'of', 'the', 'lo@@', 'wer', '4@@', '8', 'stat@@', 'es@@', ',', 'ha@@', 's', 'sh@@', 'run@@', 'k', 'b@@', 'y', '4@@', '0', 'percen@@', 't@@', '.']
2026-05-24 11:25:54,233 - DEBUG - joeynmt.training - 	Tokenized reference:  ['\ufeffV@@', 'orig', 'j@@', 'aar', 'lie@@', 't', 'ik', 'de@@', 'ze', 'twee', 'dia@@', "'@@", 's', 'zi@@', 'en', 'om', 'aan', 'te', 'ton@@', 'en', 'dat', 'de', 'p@@', 'ool@@', 'ij@@', 'sk@@', 'ap@@', ',', 'die', 'de', 'af@@', 'gel@@', 'open', 'drie', 'miljo@@', 'en', 'j@@', 'aar', 'onge@@', 've@@', 'er', 'de', 'groot@@', 'te', 'had', 'van', 'het', 'va@@', 'stel@@', 'and', 'van', 'de', 'V@@', 'S@@', ',', 'met', '4@@', '0@@', '%', 'gek@@', 'ro@@', 'mp@@', 'en', 'was@@', '.']
2026-05-24 11:25:54,234 - DEBUG - joeynmt.training - 	Tokenized hypothesis: ['I@@', 'k', 'lie@@', 't', 'de@@', 'ze', 'twee', 'dia@@', "'@@", 's', 'zo@@', 'dat', 'ik', 'de@@', 'mon@@', 'str@@', 'er@@', 'en', 'dat', 'de', 'ar@@', 'c@@', 't@@', 'isch@@', 'e', 'ij@@', 'fer@@', 's', 'van', 'de', 'laat@@', 'ste', 'drie', 'miljo@@', 'en', 'j@@', 'aar', 'is', 'de', 'groot@@', 'te', 'van', 'de', 'la@@', 'gere', '4@@', '0', 'pro@@', 'cen@@', 't@@', '<unk>', '</s>']
2026-05-24 11:25:54,234 - INFO - joeynmt.training - 	Source:     ﻿La@@ st year I sho@@ we@@ d thes@@ e tw@@ o sli@@ de@@ s so that de@@ mon@@ strate that the ar@@ c@@ tic ic@@ e cap@@ , wh@@ ich for mo@@ st of the la@@ st th@@ ree milli@@ on year@@ s ha@@ s be@@ en the si@@ ze of the lo@@ wer 4@@ 8 stat@@ es@@ , ha@@ s sh@@ run@@ k b@@ y 4@@ 0 percen@@ t@@ .
2026-05-24 11:25:54,234 - INFO - joeynmt.training - 	Reference:  ﻿V@@ orig j@@ aar lie@@ t ik de@@ ze twee dia@@ '@@ s zi@@ en om aan te ton@@ en dat de p@@ ool@@ ij@@ sk@@ ap@@ , die de af@@ gel@@ open drie miljo@@ en j@@ aar onge@@ ve@@ er de groot@@ te had van het va@@ stel@@ and van de V@@ S@@ , met 4@@ 0@@ % gek@@ ro@@ mp@@ en was@@ .
2026-05-24 11:25:54,234 - INFO - joeynmt.training - 	Hypothesis: I@@ k lie@@ t de@@ ze twee dia@@ '@@ s zo@@ dat ik de@@ mon@@ str@@ er@@ en dat de ar@@ c@@ t@@ isch@@ e ij@@ fer@@ s van de laat@@ ste drie miljo@@ en j@@ aar is de groot@@ te van de la@@ gere 4@@ 0 pro@@ cen@@ t@@ <unk>
2026-05-24 11:25:54,235 - INFO - joeynmt.training - Example #1
2026-05-24 11:25:54,235 - DEBUG - joeynmt.training - 	Tokenized source:     ['Bu@@', 't', 'th@@', 'is', 'under@@', 'stat@@', 'es', 'the', 'ser@@', 'i@@', 'ou@@', 'sn@@', 'ess', 'of', 'th@@', 'is', 'particul@@', 'ar', 'proble@@', 'm', 'beca@@', 'us@@', 'e', 'it', 'does@@', 'n@@', "'@@", 't', 'sho@@', 'w', 'the', 'th@@', 'ic@@', 'kn@@', 'ess', 'of', 'the', 'ic@@', 'e@@', '.']
2026-05-24 11:25:54,235 - DEBUG - joeynmt.training - 	Tokenized reference:  ['M@@', 'aar', 'dit', 'onder@@', 'sch@@', 'at', 'eigen@@', 'lijk', 'de', 'ern@@', 'st', 'van', 'dit', 'specif@@', 'ie@@', 'ke', 'proble@@', 'em', 'om@@', 'dat', 'het', 'nie@@', 't', 'de', 'di@@', 'k@@', 'te', 'van', 'het', 'ij@@', 's', 'laat', 'zi@@', 'en@@', '.']
2026-05-24 11:25:54,235 - DEBUG - joeynmt.training - 	Tokenized hypothesis: ['M@@', 'aar', 'dit', 'onder@@', 'stat@@', 'en', 'de', 'ser@@', 'ie@@', 'us', 'van', 'dit', 'proble@@', 'em', 'om@@', 'dat', 'het', 'nie@@', 't', 'zo', 'zo', 'dat', 'het', 'di@@', 'k@@', 'ker', 'nie@@', 't', 'ton@@', 'e@@', 'el@@', '<unk>', '</s>']
2026-05-24 11:25:54,235 - INFO - joeynmt.training - 	Source:     Bu@@ t th@@ is under@@ stat@@ es the ser@@ i@@ ou@@ sn@@ ess of th@@ is particul@@ ar proble@@ m beca@@ us@@ e it does@@ n@@ '@@ t sho@@ w the th@@ ic@@ kn@@ ess of the ic@@ e@@ .
2026-05-24 11:25:54,235 - INFO - joeynmt.training - 	Reference:  M@@ aar dit onder@@ sch@@ at eigen@@ lijk de ern@@ st van dit specif@@ ie@@ ke proble@@ em om@@ dat het nie@@ t de di@@ k@@ te van het ij@@ s laat zi@@ en@@ .
2026-05-24 11:25:54,235 - INFO - joeynmt.training - 	Hypothesis: M@@ aar dit onder@@ stat@@ en de ser@@ ie@@ us van dit proble@@ em om@@ dat het nie@@ t zo zo dat het di@@ k@@ ker nie@@ t ton@@ e@@ el@@ <unk>
2026-05-24 11:25:54,235 - INFO - joeynmt.training - Example #2
2026-05-24 11:25:54,235 - DEBUG - joeynmt.training - 	Tokenized source:     ['The', 'ar@@', 'c@@', 'tic', 'ic@@', 'e', 'cap', 'is@@', ',', 'in', 'a', 'sen@@', 'se@@', ',', 'the', 'be@@', 'at@@', 'ing', 'hear@@', 't', 'of', 'the', 'glob@@', 'al', 'cli@@', 'mat@@', 'e', 'system@@', '.']
2026-05-24 11:25:54,236 - DEBUG - joeynmt.training - 	Tokenized reference:  ['De', 'ij@@', 'sk@@', 'ap', 'op', 'de', 'Noor@@', 'd@@', 'p@@', 'ool', 'is', 'in', 'ze@@', 'ker@@', 'e', 'zin', 'het', 'kl@@', 'op@@', 'pen@@', 'd', 'har@@', 't', 'van', 'ons', 'glob@@', 'aal', 'kli@@', 'maat@@', 'syste@@', 'em@@', '.']
2026-05-24 11:25:54,236 - DEBUG - joeynmt.training - 	Tokenized hypothesis: ['De', 'ar@@', 'c@@', 't@@', 'isch@@', 'e', 'ij@@', 'den@@', ',', 'in', 'ze@@', 'ker@@', 'e', 'zin', 'het', 'we@@', 'et', 'het', 'har@@', 't', 'van', 'de', 'glob@@', 'al@@', 'e', 'kli@@', 'maat@@', 'syste@@', 'em@@', '<unk>', '</s>']
2026-05-24 11:25:54,236 - INFO - joeynmt.training - 	Source:     The ar@@ c@@ tic ic@@ e cap is@@ , in a sen@@ se@@ , the be@@ at@@ ing hear@@ t of the glob@@ al cli@@ mat@@ e system@@ .
2026-05-24 11:25:54,236 - INFO - joeynmt.training - 	Reference:  De ij@@ sk@@ ap op de Noor@@ d@@ p@@ ool is in ze@@ ker@@ e zin het kl@@ op@@ pen@@ d har@@ t van ons glob@@ aal kli@@ maat@@ syste@@ em@@ .
2026-05-24 11:25:54,236 - INFO - joeynmt.training - 	Hypothesis: De ar@@ c@@ t@@ isch@@ e ij@@ den@@ , in ze@@ ker@@ e zin het we@@ et het har@@ t van de glob@@ al@@ e kli@@ maat@@ syste@@ em@@ <unk>
2026-05-24 11:25:54,236 - INFO - joeynmt.training - Example #3
2026-05-24 11:25:54,237 - DEBUG - joeynmt.training - 	Tokenized source:     ['I@@', 't', 'ex@@', 'p@@', 'and@@', 's', 'in', 'w@@', 'inter', 'and', 'con@@', 'trac@@', 'ts', 'in', 'su@@', 'm@@', 'mer@@', '.']
2026-05-24 11:25:54,237 - DEBUG - joeynmt.training - 	Tokenized reference:  ['H@@', 'et', 'zet', 'uit', 'in', 'de', 'w@@', 'inter', 'en', 'k@@', 'ri@@', 'mp@@', 't', 'in', 'de', 'zom@@', 'er@@', '.']
2026-05-24 11:25:54,237 - DEBUG - joeynmt.training - 	Tokenized hypothesis: ['H@@', 'et', 'ex@@', 'p@@', 'and@@', 's', 'in', 'w@@', 'inter', 'en', 'con@@', 'trac@@', 'ten', 'in', 'zom@@', 'er@@', '<unk>', '</s>']
2026-05-24 11:25:54,238 - INFO - joeynmt.training - 	Source:     I@@ t ex@@ p@@ and@@ s in w@@ inter and con@@ trac@@ ts in su@@ m@@ mer@@ .
2026-05-24 11:25:54,238 - INFO - joeynmt.training - 	Reference:  H@@ et zet uit in de w@@ inter en k@@ ri@@ mp@@ t in de zom@@ er@@ .
2026-05-24 11:25:54,238 - INFO - joeynmt.training - 	Hypothesis: H@@ et ex@@ p@@ and@@ s in w@@ inter en con@@ trac@@ ten in zom@@ er@@ <unk>
2026-05-24 11:25:54,238 - INFO - joeynmt.training - Example #4
2026-05-24 11:25:54,240 - DEBUG - joeynmt.training - 	Tokenized source:     ['The', 'ne@@', 'x@@', 't', 'sli@@', 'de', 'I', 'sho@@', 'w', 'you', 'will', 'be', 'a', 'ra@@', 'p@@', 'id', 'fa@@', 'st-@@', 'for@@', 'war@@', 'd', 'of', 'what@@', "'@@", 's', 'happen@@', 'ed', 'over', 'the', 'la@@', 'st', '2@@', '5', 'year@@', 's@@', '.']
2026-05-24 11:25:54,240 - DEBUG - joeynmt.training - 	Tokenized reference:  ['De', 'volgen@@', 'de', 'dia', 'die', 'ik', 'laat', 'zi@@', 'en', 'is', 'een', 'ver@@', 'snel@@', 'de', 'vers@@', 'ie', 'van', 'wat', 'er', 'de', 'af@@', 'gel@@', 'open', '2@@', '5', 'j@@', 'aar', 'is', 'gebeur@@', 'd@@', '.']
2026-05-24 11:25:54,240 - DEBUG - joeynmt.training - 	Tokenized hypothesis: ['De', 'volgen@@', 'de', 'dia', 'die', 'ik', 'laat', 'zi@@', 'en', 'dat', 'ik', 'je', 'een', 'snel@@', 'heid', 'z@@', 'al', 'zijn', 'van', 'wat', 'er', 'gebeur@@', 't', 'is', 'van', 'wat', 'er', 'gebeur@@', 'd', 'is@@', '<unk>', '</s>']
2026-05-24 11:25:54,240 - INFO - joeynmt.training - 	Source:     The ne@@ x@@ t sli@@ de I sho@@ w you will be a ra@@ p@@ id fa@@ st-@@ for@@ war@@ d of what@@ '@@ s happen@@ ed over the la@@ st 2@@ 5 year@@ s@@ .
2026-05-24 11:25:54,240 - INFO - joeynmt.training - 	Reference:  De volgen@@ de dia die ik laat zi@@ en is een ver@@ snel@@ de vers@@ ie van wat er de af@@ gel@@ open 2@@ 5 j@@ aar is gebeur@@ d@@ .
2026-05-24 11:25:54,240 - INFO - joeynmt.training - 	Hypothesis: De volgen@@ de dia die ik laat zi@@ en dat ik je een snel@@ heid z@@ al zijn van wat er gebeur@@ t is van wat er gebeur@@ d is@@ <unk>
2026-05-24 11:26:51,511 - INFO - joeynmt.training - Epoch   6, Step:    23100, Batch Loss:     1.534100, Batch Acc: 0.611173, Tokens per Sec:     1267, Lr: 0.000300
2026-05-24 11:27:48,545 - INFO - joeynmt.training - Epoch   6, Step:    23200, Batch Loss:     1.236685, Batch Acc: 0.615150, Tokens per Sec:     1286, Lr: 0.000300
2026-05-24 11:28:46,919 - INFO - joeynmt.training - Epoch   6, Step:    23300, Batch Loss:     1.284962, Batch Acc: 0.603853, Tokens per Sec:     1254, Lr: 0.000300
2026-05-24 11:29:50,495 - INFO - joeynmt.training - Epoch   6, Step:    23400, Batch Loss:     1.303881, Batch Acc: 0.612701, Tokens per Sec:     1167, Lr: 0.000300
2026-05-24 11:30:53,254 - INFO - joeynmt.training - Epoch   6, Step:    23500, Batch Loss:     1.381714, Batch Acc: 0.613038, Tokens per Sec:     1214, Lr: 0.000300
2026-05-24 11:30:53,255 - INFO - joeynmt.prediction - Predicting 1003 example(s)... (Greedy decoding with min_output_length=1, max_output_length=100, return_prob='none', generate_unk=True, repetition_penalty=-1, no_repeat_ngram_size=-1)
2026-05-24 11:34:22,263 - INFO - joeynmt.metrics - nrefs:1|case:mixed|eff:no|tok:13a|smooth:exp|version:2.6.0
2026-05-24 11:34:22,269 - INFO - joeynmt.prediction - Evaluation result (greedy) bleu:  37.09, loss:   1.69, ppl:   5.43, acc:   0.53, generation: 208.1896[sec], evaluation: 0.8043[sec]
2026-05-24 11:34:22,274 - INFO - joeynmt.training - Hooray! New best validation result [ppl]!
2026-05-24 11:34:22,376 - INFO - joeynmt.helpers - delete output_bpe5000/21500.ckpt
2026-05-24 11:34:22,391 - INFO - joeynmt.training - Example #0
2026-05-24 11:34:22,391 - DEBUG - joeynmt.training - 	Tokenized source:     ['\ufeffLa@@', 'st', 'year', 'I', 'sho@@', 'we@@', 'd', 'thes@@', 'e', 'tw@@', 'o', 'sli@@', 'de@@', 's', 'so', 'that', 'de@@', 'mon@@', 'strate', 'that', 'the', 'ar@@', 'c@@', 'tic', 'ic@@', 'e', 'cap@@', ',', 'wh@@', 'ich', 'for', 'mo@@', 'st', 'of', 'the', 'la@@', 'st', 'th@@', 'ree', 'milli@@', 'on', 'year@@', 's', 'ha@@', 's', 'be@@', 'en', 'the', 'si@@', 'ze', 'of', 'the', 'lo@@', 'wer', '4@@', '8', 'stat@@', 'es@@', ',', 'ha@@', 's', 'sh@@', 'run@@', 'k', 'b@@', 'y', '4@@', '0', 'percen@@', 't@@', '.']
2026-05-24 11:34:22,391 - DEBUG - joeynmt.training - 	Tokenized reference:  ['\ufeffV@@', 'orig', 'j@@', 'aar', 'lie@@', 't', 'ik', 'de@@', 'ze', 'twee', 'dia@@', "'@@", 's', 'zi@@', 'en', 'om', 'aan', 'te', 'ton@@', 'en', 'dat', 'de', 'p@@', 'ool@@', 'ij@@', 'sk@@', 'ap@@', ',', 'die', 'de', 'af@@', 'gel@@', 'open', 'drie', 'miljo@@', 'en', 'j@@', 'aar', 'onge@@', 've@@', 'er', 'de', 'groot@@', 'te', 'had', 'van', 'het', 'va@@', 'stel@@', 'and', 'van', 'de', 'V@@', 'S@@', ',', 'met', '4@@', '0@@', '%', 'gek@@', 'ro@@', 'mp@@', 'en', 'was@@', '.']
2026-05-24 11:34:22,391 - DEBUG - joeynmt.training - 	Tokenized hypothesis: ['H@@', 'et', 'laat@@', 'ste', 'j@@', 'aar', 'lie@@', 't', 'ik', 'de@@', 'ze', 'twee', 'dia@@', "'@@", 's', 'zo@@', 'dat', 'ik', 'de', 'ar@@', 'c@@', 't@@', 'isch@@', 'e', 'ij@@', 's', 'dat', 'de', 'af@@', 'gel@@', 'open', 'drie', 'miljo@@', 'en', 'j@@', 'aar', 'is', 'de', 'groot@@', 'te', 'van', 'de', 'la@@', 'gere', '4@@', '0', 'pro@@', 'cen@@', 't@@', '<unk>', '</s>']
2026-05-24 11:34:22,392 - INFO - joeynmt.training - 	Source:     ﻿La@@ st year I sho@@ we@@ d thes@@ e tw@@ o sli@@ de@@ s so that de@@ mon@@ strate that the ar@@ c@@ tic ic@@ e cap@@ , wh@@ ich for mo@@ st of the la@@ st th@@ ree milli@@ on year@@ s ha@@ s be@@ en the si@@ ze of the lo@@ wer 4@@ 8 stat@@ es@@ , ha@@ s sh@@ run@@ k b@@ y 4@@ 0 percen@@ t@@ .
2026-05-24 11:34:22,392 - INFO - joeynmt.training - 	Reference:  ﻿V@@ orig j@@ aar lie@@ t ik de@@ ze twee dia@@ '@@ s zi@@ en om aan te ton@@ en dat de p@@ ool@@ ij@@ sk@@ ap@@ , die de af@@ gel@@ open drie miljo@@ en j@@ aar onge@@ ve@@ er de groot@@ te had van het va@@ stel@@ and van de V@@ S@@ , met 4@@ 0@@ % gek@@ ro@@ mp@@ en was@@ .
2026-05-24 11:34:22,394 - INFO - joeynmt.training - 	Hypothesis: H@@ et laat@@ ste j@@ aar lie@@ t ik de@@ ze twee dia@@ '@@ s zo@@ dat ik de ar@@ c@@ t@@ isch@@ e ij@@ s dat de af@@ gel@@ open drie miljo@@ en j@@ aar is de groot@@ te van de la@@ gere 4@@ 0 pro@@ cen@@ t@@ <unk>
2026-05-24 11:34:22,396 - INFO - joeynmt.training - Example #1
2026-05-24 11:34:22,396 - DEBUG - joeynmt.training - 	Tokenized source:     ['Bu@@', 't', 'th@@', 'is', 'under@@', 'stat@@', 'es', 'the', 'ser@@', 'i@@', 'ou@@', 'sn@@', 'ess', 'of', 'th@@', 'is', 'particul@@', 'ar', 'proble@@', 'm', 'beca@@', 'us@@', 'e', 'it', 'does@@', 'n@@', "'@@", 't', 'sho@@', 'w', 'the', 'th@@', 'ic@@', 'kn@@', 'ess', 'of', 'the', 'ic@@', 'e@@', '.']
2026-05-24 11:34:22,396 - DEBUG - joeynmt.training - 	Tokenized reference:  ['M@@', 'aar', 'dit', 'onder@@', 'sch@@', 'at', 'eigen@@', 'lijk', 'de', 'ern@@', 'st', 'van', 'dit', 'specif@@', 'ie@@', 'ke', 'proble@@', 'em', 'om@@', 'dat', 'het', 'nie@@', 't', 'de', 'di@@', 'k@@', 'te', 'van', 'het', 'ij@@', 's', 'laat', 'zi@@', 'en@@', '.']
2026-05-24 11:34:22,396 - DEBUG - joeynmt.training - 	Tokenized hypothesis: ['M@@', 'aar', 'dit', 'onder@@', 'stat@@', 'en', 'de', 'ser@@', 'ie@@', 'us', 'van', 'dit', 'bij@@', 'zonder', 'proble@@', 'em', 'om@@', 'dat', 'het', 'nie@@', 't', 'de', 'di@@', 'k@@', 'ker', 'nie@@', 't', 'zi@@', 'en', 'van', 'het', 'ij@@', 's@@', '<unk>', '</s>']
2026-05-24 11:34:22,397 - INFO - joeynmt.training - 	Source:     Bu@@ t th@@ is under@@ stat@@ es the ser@@ i@@ ou@@ sn@@ ess of th@@ is particul@@ ar proble@@ m beca@@ us@@ e it does@@ n@@ '@@ t sho@@ w the th@@ ic@@ kn@@ ess of the ic@@ e@@ .
2026-05-24 11:34:22,397 - INFO - joeynmt.training - 	Reference:  M@@ aar dit onder@@ sch@@ at eigen@@ lijk de ern@@ st van dit specif@@ ie@@ ke proble@@ em om@@ dat het nie@@ t de di@@ k@@ te van het ij@@ s laat zi@@ en@@ .
2026-05-24 11:34:22,397 - INFO - joeynmt.training - 	Hypothesis: M@@ aar dit onder@@ stat@@ en de ser@@ ie@@ us van dit bij@@ zonder proble@@ em om@@ dat het nie@@ t de di@@ k@@ ker nie@@ t zi@@ en van het ij@@ s@@ <unk>
2026-05-24 11:34:22,397 - INFO - joeynmt.training - Example #2
2026-05-24 11:34:22,398 - DEBUG - joeynmt.training - 	Tokenized source:     ['The', 'ar@@', 'c@@', 'tic', 'ic@@', 'e', 'cap', 'is@@', ',', 'in', 'a', 'sen@@', 'se@@', ',', 'the', 'be@@', 'at@@', 'ing', 'hear@@', 't', 'of', 'the', 'glob@@', 'al', 'cli@@', 'mat@@', 'e', 'system@@', '.']
2026-05-24 11:34:22,398 - DEBUG - joeynmt.training - 	Tokenized reference:  ['De', 'ij@@', 'sk@@', 'ap', 'op', 'de', 'Noor@@', 'd@@', 'p@@', 'ool', 'is', 'in', 'ze@@', 'ker@@', 'e', 'zin', 'het', 'kl@@', 'op@@', 'pen@@', 'd', 'har@@', 't', 'van', 'ons', 'glob@@', 'aal', 'kli@@', 'maat@@', 'syste@@', 'em@@', '.']
2026-05-24 11:34:22,398 - DEBUG - joeynmt.training - 	Tokenized hypothesis: ['De', 'ar@@', 'c@@', 't@@', 'isch@@', 'e', 'ij@@', 's@@', ',', 'in', 'ze@@', 'ker@@', 'e', 'zin', 'het', 'we@@', 'et', 'van', 'de', 'glob@@', 'al@@', 'e', 'kli@@', 'maat@@', 'syste@@', 'em@@', '<unk>', '</s>']
2026-05-24 11:34:22,399 - INFO - joeynmt.training - 	Source:     The ar@@ c@@ tic ic@@ e cap is@@ , in a sen@@ se@@ , the be@@ at@@ ing hear@@ t of the glob@@ al cli@@ mat@@ e system@@ .
2026-05-24 11:34:22,399 - INFO - joeynmt.training - 	Reference:  De ij@@ sk@@ ap op de Noor@@ d@@ p@@ ool is in ze@@ ker@@ e zin het kl@@ op@@ pen@@ d har@@ t van ons glob@@ aal kli@@ maat@@ syste@@ em@@ .
2026-05-24 11:34:22,399 - INFO - joeynmt.training - 	Hypothesis: De ar@@ c@@ t@@ isch@@ e ij@@ s@@ , in ze@@ ker@@ e zin het we@@ et van de glob@@ al@@ e kli@@ maat@@ syste@@ em@@ <unk>
2026-05-24 11:34:22,399 - INFO - joeynmt.training - Example #3
2026-05-24 11:34:22,401 - DEBUG - joeynmt.training - 	Tokenized source:     ['I@@', 't', 'ex@@', 'p@@', 'and@@', 's', 'in', 'w@@', 'inter', 'and', 'con@@', 'trac@@', 'ts', 'in', 'su@@', 'm@@', 'mer@@', '.']
2026-05-24 11:34:22,401 - DEBUG - joeynmt.training - 	Tokenized reference:  ['H@@', 'et', 'zet', 'uit', 'in', 'de', 'w@@', 'inter', 'en', 'k@@', 'ri@@', 'mp@@', 't', 'in', 'de', 'zom@@', 'er@@', '.']
2026-05-24 11:34:22,401 - DEBUG - joeynmt.training - 	Tokenized hypothesis: ['H@@', 'et', 'ex@@', 'p@@', 'and@@', 's', 'in', 'w@@', 'inter', 'en', 'con@@', 'trac@@', 'ten', 'in', 'zom@@', 'er@@', '<unk>', '</s>']
2026-05-24 11:34:22,402 - INFO - joeynmt.training - 	Source:     I@@ t ex@@ p@@ and@@ s in w@@ inter and con@@ trac@@ ts in su@@ m@@ mer@@ .
2026-05-24 11:34:22,403 - INFO - joeynmt.training - 	Reference:  H@@ et zet uit in de w@@ inter en k@@ ri@@ mp@@ t in de zom@@ er@@ .
2026-05-24 11:34:22,403 - INFO - joeynmt.training - 	Hypothesis: H@@ et ex@@ p@@ and@@ s in w@@ inter en con@@ trac@@ ten in zom@@ er@@ <unk>
2026-05-24 11:34:22,403 - INFO - joeynmt.training - Example #4
2026-05-24 11:34:22,404 - DEBUG - joeynmt.training - 	Tokenized source:     ['The', 'ne@@', 'x@@', 't', 'sli@@', 'de', 'I', 'sho@@', 'w', 'you', 'will', 'be', 'a', 'ra@@', 'p@@', 'id', 'fa@@', 'st-@@', 'for@@', 'war@@', 'd', 'of', 'what@@', "'@@", 's', 'happen@@', 'ed', 'over', 'the', 'la@@', 'st', '2@@', '5', 'year@@', 's@@', '.']
2026-05-24 11:34:22,404 - DEBUG - joeynmt.training - 	Tokenized reference:  ['De', 'volgen@@', 'de', 'dia', 'die', 'ik', 'laat', 'zi@@', 'en', 'is', 'een', 'ver@@', 'snel@@', 'de', 'vers@@', 'ie', 'van', 'wat', 'er', 'de', 'af@@', 'gel@@', 'open', '2@@', '5', 'j@@', 'aar', 'is', 'gebeur@@', 'd@@', '.']
2026-05-24 11:34:22,404 - DEBUG - joeynmt.training - 	Tokenized hypothesis: ['De', 'volgen@@', 'de', 'dia@@', '-@@', 'dia@@', '-@@', '-@@', 'f@@', 'al@@', 'e', 'f@@', 'ou@@', 'te@@', 'f@@', 'st', 'z@@', 'ou', 'zijn', 'van', 'wat', 'er', 'gebeur@@', 'd', 'is', 'in', 'de', 'laat@@', 'ste', '2@@', '5', 'j@@', 'aar', 'gebeur@@', 'd', 'is@@', '<unk>', '</s>']
2026-05-24 11:34:22,404 - INFO - joeynmt.training - 	Source:     The ne@@ x@@ t sli@@ de I sho@@ w you will be a ra@@ p@@ id fa@@ st-@@ for@@ war@@ d of what@@ '@@ s happen@@ ed over the la@@ st 2@@ 5 year@@ s@@ .
2026-05-24 11:34:22,405 - INFO - joeynmt.training - 	Reference:  De volgen@@ de dia die ik laat zi@@ en is een ver@@ snel@@ de vers@@ ie van wat er de af@@ gel@@ open 2@@ 5 j@@ aar is gebeur@@ d@@ .
2026-05-24 11:34:22,405 - INFO - joeynmt.training - 	Hypothesis: De volgen@@ de dia@@ -@@ dia@@ -@@ -@@ f@@ al@@ e f@@ ou@@ te@@ f@@ st z@@ ou zijn van wat er gebeur@@ d is in de laat@@ ste 2@@ 5 j@@ aar gebeur@@ d is@@ <unk>
2026-05-24 11:35:29,973 - INFO - joeynmt.training - Epoch   6, Step:    23600, Batch Loss:     1.336947, Batch Acc: 0.615612, Tokens per Sec:     1105, Lr: 0.000300
2026-05-24 11:36:30,394 - INFO - joeynmt.training - Epoch   6, Step:    23700, Batch Loss:     1.177529, Batch Acc: 0.611347, Tokens per Sec:     1230, Lr: 0.000300
2026-05-24 11:37:29,115 - INFO - joeynmt.training - Epoch   6, Step:    23800, Batch Loss:     1.325289, Batch Acc: 0.616609, Tokens per Sec:     1232, Lr: 0.000300
2026-05-24 11:38:27,195 - INFO - joeynmt.training - Epoch   6, Step:    23900, Batch Loss:     1.274814, Batch Acc: 0.615403, Tokens per Sec:     1307, Lr: 0.000300
2026-05-24 11:39:22,672 - INFO - joeynmt.training - Epoch   6, Step:    24000, Batch Loss:     1.283722, Batch Acc: 0.610992, Tokens per Sec:     1327, Lr: 0.000300
2026-05-24 11:39:22,673 - INFO - joeynmt.prediction - Predicting 1003 example(s)... (Greedy decoding with min_output_length=1, max_output_length=100, return_prob='none', generate_unk=True, repetition_penalty=-1, no_repeat_ngram_size=-1)
2026-05-24 11:41:58,379 - INFO - joeynmt.metrics - nrefs:1|case:mixed|eff:no|tok:13a|smooth:exp|version:2.6.0
2026-05-24 11:41:58,379 - INFO - joeynmt.prediction - Evaluation result (greedy) bleu:  37.16, loss:   1.69, ppl:   5.41, acc:   0.53, generation: 154.7764[sec], evaluation: 0.9134[sec]
2026-05-24 11:41:58,381 - INFO - joeynmt.training - Hooray! New best validation result [ppl]!
2026-05-24 11:41:58,468 - INFO - joeynmt.helpers - delete output_bpe5000/20500.ckpt
2026-05-24 11:41:58,482 - INFO - joeynmt.training - Example #0
2026-05-24 11:41:58,483 - DEBUG - joeynmt.training - 	Tokenized source:     ['\ufeffLa@@', 'st', 'year', 'I', 'sho@@', 'we@@', 'd', 'thes@@', 'e', 'tw@@', 'o', 'sli@@', 'de@@', 's', 'so', 'that', 'de@@', 'mon@@', 'strate', 'that', 'the', 'ar@@', 'c@@', 'tic', 'ic@@', 'e', 'cap@@', ',', 'wh@@', 'ich', 'for', 'mo@@', 'st', 'of', 'the', 'la@@', 'st', 'th@@', 'ree', 'milli@@', 'on', 'year@@', 's', 'ha@@', 's', 'be@@', 'en', 'the', 'si@@', 'ze', 'of', 'the', 'lo@@', 'wer', '4@@', '8', 'stat@@', 'es@@', ',', 'ha@@', 's', 'sh@@', 'run@@', 'k', 'b@@', 'y', '4@@', '0', 'percen@@', 't@@', '.']
2026-05-24 11:41:58,483 - DEBUG - joeynmt.training - 	Tokenized reference:  ['\ufeffV@@', 'orig', 'j@@', 'aar', 'lie@@', 't', 'ik', 'de@@', 'ze', 'twee', 'dia@@', "'@@", 's', 'zi@@', 'en', 'om', 'aan', 'te', 'ton@@', 'en', 'dat', 'de', 'p@@', 'ool@@', 'ij@@', 'sk@@', 'ap@@', ',', 'die', 'de', 'af@@', 'gel@@', 'open', 'drie', 'miljo@@', 'en', 'j@@', 'aar', 'onge@@', 've@@', 'er', 'de', 'groot@@', 'te', 'had', 'van', 'het', 'va@@', 'stel@@', 'and', 'van', 'de', 'V@@', 'S@@', ',', 'met', '4@@', '0@@', '%', 'gek@@', 'ro@@', 'mp@@', 'en', 'was@@', '.']
2026-05-24 11:41:58,483 - DEBUG - joeynmt.training - 	Tokenized hypothesis: ['H@@', 'et', 'laat@@', 'ste', 'j@@', 'aar', 'lie@@', 't', 'ik', 'de@@', 'ze', 'twee', 'dia@@', "'@@", 's', 'zo@@', 'dat', 'de', 'ar@@', 'c@@', 't@@', 'isch@@', 'e', 'cap@@', ',', 'die', 'de', 'groot@@', 'ste', 'drie', 'miljo@@', 'en', 'j@@', 'aar', 'is', 'de', 'groot@@', 'ste', 'drie', 'miljo@@', 'en', 'j@@', 'aar', 'is', 'de', 'groot@@', 'te', 'van', 'de', 'la@@', 'gere', '4@@', '0', 'pro@@', 'cen@@', 't@@', '<unk>', '</s>']
2026-05-24 11:41:58,484 - INFO - joeynmt.training - 	Source:     ﻿La@@ st year I sho@@ we@@ d thes@@ e tw@@ o sli@@ de@@ s so that de@@ mon@@ strate that the ar@@ c@@ tic ic@@ e cap@@ , wh@@ ich for mo@@ st of the la@@ st th@@ ree milli@@ on year@@ s ha@@ s be@@ en the si@@ ze of the lo@@ wer 4@@ 8 stat@@ es@@ , ha@@ s sh@@ run@@ k b@@ y 4@@ 0 percen@@ t@@ .
2026-05-24 11:41:58,485 - INFO - joeynmt.training - 	Reference:  ﻿V@@ orig j@@ aar lie@@ t ik de@@ ze twee dia@@ '@@ s zi@@ en om aan te ton@@ en dat de p@@ ool@@ ij@@ sk@@ ap@@ , die de af@@ gel@@ open drie miljo@@ en j@@ aar onge@@ ve@@ er de groot@@ te had van het va@@ stel@@ and van de V@@ S@@ , met 4@@ 0@@ % gek@@ ro@@ mp@@ en was@@ .
2026-05-24 11:41:58,485 - INFO - joeynmt.training - 	Hypothesis: H@@ et laat@@ ste j@@ aar lie@@ t ik de@@ ze twee dia@@ '@@ s zo@@ dat de ar@@ c@@ t@@ isch@@ e cap@@ , die de groot@@ ste drie miljo@@ en j@@ aar is de groot@@ ste drie miljo@@ en j@@ aar is de groot@@ te van de la@@ gere 4@@ 0 pro@@ cen@@ t@@ <unk>
2026-05-24 11:41:58,486 - INFO - joeynmt.training - Example #1
2026-05-24 11:41:58,486 - DEBUG - joeynmt.training - 	Tokenized source:     ['Bu@@', 't', 'th@@', 'is', 'under@@', 'stat@@', 'es', 'the', 'ser@@', 'i@@', 'ou@@', 'sn@@', 'ess', 'of', 'th@@', 'is', 'particul@@', 'ar', 'proble@@', 'm', 'beca@@', 'us@@', 'e', 'it', 'does@@', 'n@@', "'@@", 't', 'sho@@', 'w', 'the', 'th@@', 'ic@@', 'kn@@', 'ess', 'of', 'the', 'ic@@', 'e@@', '.']
2026-05-24 11:41:58,486 - DEBUG - joeynmt.training - 	Tokenized reference:  ['M@@', 'aar', 'dit', 'onder@@', 'sch@@', 'at', 'eigen@@', 'lijk', 'de', 'ern@@', 'st', 'van', 'dit', 'specif@@', 'ie@@', 'ke', 'proble@@', 'em', 'om@@', 'dat', 'het', 'nie@@', 't', 'de', 'di@@', 'k@@', 'te', 'van', 'het', 'ij@@', 's', 'laat', 'zi@@', 'en@@', '.']
2026-05-24 11:41:58,486 - DEBUG - joeynmt.training - 	Tokenized hypothesis: ['M@@', 'aar', 'dit', 'onder@@', 'stat@@', 'en', 'de', 'ser@@', 'ie@@', 'us', 'van', 'dit', 'specif@@', 'ie@@', 'ke', 'proble@@', 'em', 'om@@', 'dat', 'het', 'de', 'di@@', 'k@@', 'te', 'van', 'het', 'ij@@', 's@@', '<unk>', '</s>']
2026-05-24 11:41:58,486 - INFO - joeynmt.training - 	Source:     Bu@@ t th@@ is under@@ stat@@ es the ser@@ i@@ ou@@ sn@@ ess of th@@ is particul@@ ar proble@@ m beca@@ us@@ e it does@@ n@@ '@@ t sho@@ w the th@@ ic@@ kn@@ ess of the ic@@ e@@ .
2026-05-24 11:41:58,486 - INFO - joeynmt.training - 	Reference:  M@@ aar dit onder@@ sch@@ at eigen@@ lijk de ern@@ st van dit specif@@ ie@@ ke proble@@ em om@@ dat het nie@@ t de di@@ k@@ te van het ij@@ s laat zi@@ en@@ .
2026-05-24 11:41:58,486 - INFO - joeynmt.training - 	Hypothesis: M@@ aar dit onder@@ stat@@ en de ser@@ ie@@ us van dit specif@@ ie@@ ke proble@@ em om@@ dat het de di@@ k@@ te van het ij@@ s@@ <unk>
2026-05-24 11:41:58,487 - INFO - joeynmt.training - Example #2
2026-05-24 11:41:58,487 - DEBUG - joeynmt.training - 	Tokenized source:     ['The', 'ar@@', 'c@@', 'tic', 'ic@@', 'e', 'cap', 'is@@', ',', 'in', 'a', 'sen@@', 'se@@', ',', 'the', 'be@@', 'at@@', 'ing', 'hear@@', 't', 'of', 'the', 'glob@@', 'al', 'cli@@', 'mat@@', 'e', 'system@@', '.']
2026-05-24 11:41:58,487 - DEBUG - joeynmt.training - 	Tokenized reference:  ['De', 'ij@@', 'sk@@', 'ap', 'op', 'de', 'Noor@@', 'd@@', 'p@@', 'ool', 'is', 'in', 'ze@@', 'ker@@', 'e', 'zin', 'het', 'kl@@', 'op@@', 'pen@@', 'd', 'har@@', 't', 'van', 'ons', 'glob@@', 'aal', 'kli@@', 'maat@@', 'syste@@', 'em@@', '.']
2026-05-24 11:41:58,487 - DEBUG - joeynmt.training - 	Tokenized hypothesis: ['De', 'ar@@', 'c@@', 't@@', 'isch@@', 'e', 'ij@@', 's@@', ',', 'in', 'een', 'zin@@', ',', 'het', 'be@@', 'er@@', 't', 'van', 'het', 'mon@@', 'di@@', 'al@@', 'e', 'kli@@', 'maat@@', 'syste@@', 'em@@', '<unk>', '</s>']
2026-05-24 11:41:58,487 - INFO - joeynmt.training - 	Source:     The ar@@ c@@ tic ic@@ e cap is@@ , in a sen@@ se@@ , the be@@ at@@ ing hear@@ t of the glob@@ al cli@@ mat@@ e system@@ .
2026-05-24 11:41:58,487 - INFO - joeynmt.training - 	Reference:  De ij@@ sk@@ ap op de Noor@@ d@@ p@@ ool is in ze@@ ker@@ e zin het kl@@ op@@ pen@@ d har@@ t van ons glob@@ aal kli@@ maat@@ syste@@ em@@ .
2026-05-24 11:41:58,487 - INFO - joeynmt.training - 	Hypothesis: De ar@@ c@@ t@@ isch@@ e ij@@ s@@ , in een zin@@ , het be@@ er@@ t van het mon@@ di@@ al@@ e kli@@ maat@@ syste@@ em@@ <unk>
2026-05-24 11:41:58,487 - INFO - joeynmt.training - Example #3
2026-05-24 11:41:58,487 - DEBUG - joeynmt.training - 	Tokenized source:     ['I@@', 't', 'ex@@', 'p@@', 'and@@', 's', 'in', 'w@@', 'inter', 'and', 'con@@', 'trac@@', 'ts', 'in', 'su@@', 'm@@', 'mer@@', '.']
2026-05-24 11:41:58,487 - DEBUG - joeynmt.training - 	Tokenized reference:  ['H@@', 'et', 'zet', 'uit', 'in', 'de', 'w@@', 'inter', 'en', 'k@@', 'ri@@', 'mp@@', 't', 'in', 'de', 'zom@@', 'er@@', '.']
2026-05-24 11:41:58,487 - DEBUG - joeynmt.training - 	Tokenized hypothesis: ['H@@', 'et', 'ex@@', 'p@@', 'and@@', 's', 'in', 'w@@', 'inter', 'en', 'con@@', 'trac@@', 'ten', 'in', 'zom@@', 'er', 'in', 'zom@@', 'er', 'te', 'ver@@', 'dien@@', 'en@@', '<unk>', '</s>']
2026-05-24 11:41:58,489 - INFO - joeynmt.training - 	Source:     I@@ t ex@@ p@@ and@@ s in w@@ inter and con@@ trac@@ ts in su@@ m@@ mer@@ .
2026-05-24 11:41:58,489 - INFO - joeynmt.training - 	Reference:  H@@ et zet uit in de w@@ inter en k@@ ri@@ mp@@ t in de zom@@ er@@ .
2026-05-24 11:41:58,489 - INFO - joeynmt.training - 	Hypothesis: H@@ et ex@@ p@@ and@@ s in w@@ inter en con@@ trac@@ ten in zom@@ er in zom@@ er te ver@@ dien@@ en@@ <unk>
2026-05-24 11:41:58,489 - INFO - joeynmt.training - Example #4
2026-05-24 11:41:58,489 - DEBUG - joeynmt.training - 	Tokenized source:     ['The', 'ne@@', 'x@@', 't', 'sli@@', 'de', 'I', 'sho@@', 'w', 'you', 'will', 'be', 'a', 'ra@@', 'p@@', 'id', 'fa@@', 'st-@@', 'for@@', 'war@@', 'd', 'of', 'what@@', "'@@", 's', 'happen@@', 'ed', 'over', 'the', 'la@@', 'st', '2@@', '5', 'year@@', 's@@', '.']
2026-05-24 11:41:58,490 - DEBUG - joeynmt.training - 	Tokenized reference:  ['De', 'volgen@@', 'de', 'dia', 'die', 'ik', 'laat', 'zi@@', 'en', 'is', 'een', 'ver@@', 'snel@@', 'de', 'vers@@', 'ie', 'van', 'wat', 'er', 'de', 'af@@', 'gel@@', 'open', '2@@', '5', 'j@@', 'aar', 'is', 'gebeur@@', 'd@@', '.']
2026-05-24 11:41:58,490 - DEBUG - joeynmt.training - 	Tokenized hypothesis: ['De', 'volgen@@', 'de', 'dia', 'die', 'ik', 'laat', 'j@@', 'ul@@', 'lie', 'een', 'snel@@', 'le', 'snel@@', 'le', 'snel@@', 'le', 'voor@@', 'waar@@', 'd', 'zijn', 'van', 'wat', 'er', 'gebeur@@', 'd', 'is', 'in', 'de', 'laat@@', 'ste', '2@@', '5', 'j@@', 'aar', 'gebeur@@', 't@@', '<unk>', '</s>']
2026-05-24 11:41:58,491 - INFO - joeynmt.training - 	Source:     The ne@@ x@@ t sli@@ de I sho@@ w you will be a ra@@ p@@ id fa@@ st-@@ for@@ war@@ d of what@@ '@@ s happen@@ ed over the la@@ st 2@@ 5 year@@ s@@ .
2026-05-24 11:41:58,491 - INFO - joeynmt.training - 	Reference:  De volgen@@ de dia die ik laat zi@@ en is een ver@@ snel@@ de vers@@ ie van wat er de af@@ gel@@ open 2@@ 5 j@@ aar is gebeur@@ d@@ .
2026-05-24 11:41:58,491 - INFO - joeynmt.training - 	Hypothesis: De volgen@@ de dia die ik laat j@@ ul@@ lie een snel@@ le snel@@ le snel@@ le voor@@ waar@@ d zijn van wat er gebeur@@ d is in de laat@@ ste 2@@ 5 j@@ aar gebeur@@ t@@ <unk>
2026-05-24 11:42:55,198 - INFO - joeynmt.training - Epoch   6, Step:    24100, Batch Loss:     1.298062, Batch Acc: 0.614895, Tokens per Sec:     1279, Lr: 0.000300
2026-05-24 11:43:51,211 - INFO - joeynmt.training - Epoch   6, Step:    24200, Batch Loss:     1.258723, Batch Acc: 0.613900, Tokens per Sec:     1304, Lr: 0.000300
2026-05-24 11:44:51,297 - INFO - joeynmt.training - Epoch   6, Step:    24300, Batch Loss:     1.271611, Batch Acc: 0.616156, Tokens per Sec:     1260, Lr: 0.000300
2026-05-24 11:45:49,687 - INFO - joeynmt.training - Epoch   6, Step:    24400, Batch Loss:     1.437091, Batch Acc: 0.613278, Tokens per Sec:     1224, Lr: 0.000300
2026-05-24 11:46:50,959 - INFO - joeynmt.training - Epoch   6, Step:    24500, Batch Loss:     1.394529, Batch Acc: 0.606102, Tokens per Sec:     1233, Lr: 0.000300
2026-05-24 11:46:50,960 - INFO - joeynmt.prediction - Predicting 1003 example(s)... (Greedy decoding with min_output_length=1, max_output_length=100, return_prob='none', generate_unk=True, repetition_penalty=-1, no_repeat_ngram_size=-1)
2026-05-24 11:49:30,042 - INFO - joeynmt.metrics - nrefs:1|case:mixed|eff:no|tok:13a|smooth:exp|version:2.6.0
2026-05-24 11:49:30,043 - INFO - joeynmt.prediction - Evaluation result (greedy) bleu:  37.51, loss:   1.69, ppl:   5.40, acc:   0.53, generation: 158.5606[sec], evaluation: 0.5085[sec]
2026-05-24 11:49:30,044 - INFO - joeynmt.training - Hooray! New best validation result [ppl]!
2026-05-24 11:49:30,132 - INFO - joeynmt.helpers - delete output_bpe5000/22000.ckpt
2026-05-24 11:49:30,143 - INFO - joeynmt.training - Example #0
2026-05-24 11:49:30,143 - DEBUG - joeynmt.training - 	Tokenized source:     ['\ufeffLa@@', 'st', 'year', 'I', 'sho@@', 'we@@', 'd', 'thes@@', 'e', 'tw@@', 'o', 'sli@@', 'de@@', 's', 'so', 'that', 'de@@', 'mon@@', 'strate', 'that', 'the', 'ar@@', 'c@@', 'tic', 'ic@@', 'e', 'cap@@', ',', 'wh@@', 'ich', 'for', 'mo@@', 'st', 'of', 'the', 'la@@', 'st', 'th@@', 'ree', 'milli@@', 'on', 'year@@', 's', 'ha@@', 's', 'be@@', 'en', 'the', 'si@@', 'ze', 'of', 'the', 'lo@@', 'wer', '4@@', '8', 'stat@@', 'es@@', ',', 'ha@@', 's', 'sh@@', 'run@@', 'k', 'b@@', 'y', '4@@', '0', 'percen@@', 't@@', '.']
2026-05-24 11:49:30,143 - DEBUG - joeynmt.training - 	Tokenized reference:  ['\ufeffV@@', 'orig', 'j@@', 'aar', 'lie@@', 't', 'ik', 'de@@', 'ze', 'twee', 'dia@@', "'@@", 's', 'zi@@', 'en', 'om', 'aan', 'te', 'ton@@', 'en', 'dat', 'de', 'p@@', 'ool@@', 'ij@@', 'sk@@', 'ap@@', ',', 'die', 'de', 'af@@', 'gel@@', 'open', 'drie', 'miljo@@', 'en', 'j@@', 'aar', 'onge@@', 've@@', 'er', 'de', 'groot@@', 'te', 'had', 'van', 'het', 'va@@', 'stel@@', 'and', 'van', 'de', 'V@@', 'S@@', ',', 'met', '4@@', '0@@', '%', 'gek@@', 'ro@@', 'mp@@', 'en', 'was@@', '.']
2026-05-24 11:49:30,143 - DEBUG - joeynmt.training - 	Tokenized hypothesis: ['I@@', 'k', 'lie@@', 't', 'j@@', 'aar', 'lie@@', 't', 'ik', 'de@@', 'ze', 'twee', 'dia@@', "'@@", 's', 'zo@@', 'dat', 'de', 'ar@@', 'c@@', 't@@', 'isch@@', 'e', 'ij@@', 's', 'ton@@', 'en@@', ',', 'die', 'voor', 'de', 'mee@@', 'ste', 'drie', 'miljo@@', 'en', 'j@@', 'aar', 'is', 'de', 'groot@@', 'te', 'van', 'de', 'la@@', 'gere', '4@@', '0', 'pro@@', 'cen@@', 't', 'zijn', 'gewe@@', 'est@@', ',', 'heef@@', 't', 'ge@@', 'p@@', 'ik@@', 'k', 'door', '4@@', '0', 'pro@@', 'cen@@', 't', 'ge@@', '<unk>', '</s>']
2026-05-24 11:49:30,144 - INFO - joeynmt.training - 	Source:     ﻿La@@ st year I sho@@ we@@ d thes@@ e tw@@ o sli@@ de@@ s so that de@@ mon@@ strate that the ar@@ c@@ tic ic@@ e cap@@ , wh@@ ich for mo@@ st of the la@@ st th@@ ree milli@@ on year@@ s ha@@ s be@@ en the si@@ ze of the lo@@ wer 4@@ 8 stat@@ es@@ , ha@@ s sh@@ run@@ k b@@ y 4@@ 0 percen@@ t@@ .
2026-05-24 11:49:30,144 - INFO - joeynmt.training - 	Reference:  ﻿V@@ orig j@@ aar lie@@ t ik de@@ ze twee dia@@ '@@ s zi@@ en om aan te ton@@ en dat de p@@ ool@@ ij@@ sk@@ ap@@ , die de af@@ gel@@ open drie miljo@@ en j@@ aar onge@@ ve@@ er de groot@@ te had van het va@@ stel@@ and van de V@@ S@@ , met 4@@ 0@@ % gek@@ ro@@ mp@@ en was@@ .
2026-05-24 11:49:30,144 - INFO - joeynmt.training - 	Hypothesis: I@@ k lie@@ t j@@ aar lie@@ t ik de@@ ze twee dia@@ '@@ s zo@@ dat de ar@@ c@@ t@@ isch@@ e ij@@ s ton@@ en@@ , die voor de mee@@ ste drie miljo@@ en j@@ aar is de groot@@ te van de la@@ gere 4@@ 0 pro@@ cen@@ t zijn gewe@@ est@@ , heef@@ t ge@@ p@@ ik@@ k door 4@@ 0 pro@@ cen@@ t ge@@ <unk>
2026-05-24 11:49:30,144 - INFO - joeynmt.training - Example #1
2026-05-24 11:49:30,145 - DEBUG - joeynmt.training - 	Tokenized source:     ['Bu@@', 't', 'th@@', 'is', 'under@@', 'stat@@', 'es', 'the', 'ser@@', 'i@@', 'ou@@', 'sn@@', 'ess', 'of', 'th@@', 'is', 'particul@@', 'ar', 'proble@@', 'm', 'beca@@', 'us@@', 'e', 'it', 'does@@', 'n@@', "'@@", 't', 'sho@@', 'w', 'the', 'th@@', 'ic@@', 'kn@@', 'ess', 'of', 'the', 'ic@@', 'e@@', '.']
2026-05-24 11:49:30,145 - DEBUG - joeynmt.training - 	Tokenized reference:  ['M@@', 'aar', 'dit', 'onder@@', 'sch@@', 'at', 'eigen@@', 'lijk', 'de', 'ern@@', 'st', 'van', 'dit', 'specif@@', 'ie@@', 'ke', 'proble@@', 'em', 'om@@', 'dat', 'het', 'nie@@', 't', 'de', 'di@@', 'k@@', 'te', 'van', 'het', 'ij@@', 's', 'laat', 'zi@@', 'en@@', '.']
2026-05-24 11:49:30,145 - DEBUG - joeynmt.training - 	Tokenized hypothesis: ['M@@', 'aar', 'dit', 'onder@@', 'ste', 'stat@@', 'en', 'de', 'ser@@', 'ie@@', 'us', 'van', 'dit', 'specif@@', 'ie@@', 'ke', 'proble@@', 'em', 'om@@', 'dat', 'het', 'nie@@', 't', 'to@@', 'ch', 'het', 'di@@', 'k@@', 'te', 'van', 'het', 'ij@@', 's@@', '<unk>', '</s>']
2026-05-24 11:49:30,146 - INFO - joeynmt.training - 	Source:     Bu@@ t th@@ is under@@ stat@@ es the ser@@ i@@ ou@@ sn@@ ess of th@@ is particul@@ ar proble@@ m beca@@ us@@ e it does@@ n@@ '@@ t sho@@ w the th@@ ic@@ kn@@ ess of the ic@@ e@@ .
2026-05-24 11:49:30,146 - INFO - joeynmt.training - 	Reference:  M@@ aar dit onder@@ sch@@ at eigen@@ lijk de ern@@ st van dit specif@@ ie@@ ke proble@@ em om@@ dat het nie@@ t de di@@ k@@ te van het ij@@ s laat zi@@ en@@ .
2026-05-24 11:49:30,146 - INFO - joeynmt.training - 	Hypothesis: M@@ aar dit onder@@ ste stat@@ en de ser@@ ie@@ us van dit specif@@ ie@@ ke proble@@ em om@@ dat het nie@@ t to@@ ch het di@@ k@@ te van het ij@@ s@@ <unk>
2026-05-24 11:49:30,146 - INFO - joeynmt.training - Example #2
2026-05-24 11:49:30,146 - DEBUG - joeynmt.training - 	Tokenized source:     ['The', 'ar@@', 'c@@', 'tic', 'ic@@', 'e', 'cap', 'is@@', ',', 'in', 'a', 'sen@@', 'se@@', ',', 'the', 'be@@', 'at@@', 'ing', 'hear@@', 't', 'of', 'the', 'glob@@', 'al', 'cli@@', 'mat@@', 'e', 'system@@', '.']
2026-05-24 11:49:30,146 - DEBUG - joeynmt.training - 	Tokenized reference:  ['De', 'ij@@', 'sk@@', 'ap', 'op', 'de', 'Noor@@', 'd@@', 'p@@', 'ool', 'is', 'in', 'ze@@', 'ker@@', 'e', 'zin', 'het', 'kl@@', 'op@@', 'pen@@', 'd', 'har@@', 't', 'van', 'ons', 'glob@@', 'aal', 'kli@@', 'maat@@', 'syste@@', 'em@@', '.']
2026-05-24 11:49:30,146 - DEBUG - joeynmt.training - 	Tokenized hypothesis: ['De', 'ar@@', 'c@@', 't@@', 'isch@@', 'e', 'ij@@', 'fer@@', 's@@', ',', 'in', 'ze@@', 'ker@@', 'e', 'zin@@', ',', 'het', 'we@@', 'et', 'van', 'het', 'glob@@', 'al@@', 'e', 'kli@@', 'maat@@', 'syste@@', 'em', 'is@@', '<unk>', '</s>']
2026-05-24 11:49:30,146 - INFO - joeynmt.training - 	Source:     The ar@@ c@@ tic ic@@ e cap is@@ , in a sen@@ se@@ , the be@@ at@@ ing hear@@ t of the glob@@ al cli@@ mat@@ e system@@ .
2026-05-24 11:49:30,146 - INFO - joeynmt.training - 	Reference:  De ij@@ sk@@ ap op de Noor@@ d@@ p@@ ool is in ze@@ ker@@ e zin het kl@@ op@@ pen@@ d har@@ t van ons glob@@ aal kli@@ maat@@ syste@@ em@@ .
2026-05-24 11:49:30,146 - INFO - joeynmt.training - 	Hypothesis: De ar@@ c@@ t@@ isch@@ e ij@@ fer@@ s@@ , in ze@@ ker@@ e zin@@ , het we@@ et van het glob@@ al@@ e kli@@ maat@@ syste@@ em is@@ <unk>
2026-05-24 11:49:30,146 - INFO - joeynmt.training - Example #3
2026-05-24 11:49:30,148 - DEBUG - joeynmt.training - 	Tokenized source:     ['I@@', 't', 'ex@@', 'p@@', 'and@@', 's', 'in', 'w@@', 'inter', 'and', 'con@@', 'trac@@', 'ts', 'in', 'su@@', 'm@@', 'mer@@', '.']
2026-05-24 11:49:30,148 - DEBUG - joeynmt.training - 	Tokenized reference:  ['H@@', 'et', 'zet', 'uit', 'in', 'de', 'w@@', 'inter', 'en', 'k@@', 'ri@@', 'mp@@', 't', 'in', 'de', 'zom@@', 'er@@', '.']
2026-05-24 11:49:30,148 - DEBUG - joeynmt.training - 	Tokenized hypothesis: ['H@@', 'et', 'ex@@', 'p@@', 'and@@', 's', 'in', 'w@@', 'inter', 'en', 'con@@', 'trac@@', 'ten', 'in', 'de', 'zom@@', 'er@@', '<unk>', '</s>']
2026-05-24 11:49:30,148 - INFO - joeynmt.training - 	Source:     I@@ t ex@@ p@@ and@@ s in w@@ inter and con@@ trac@@ ts in su@@ m@@ mer@@ .
2026-05-24 11:49:30,148 - INFO - joeynmt.training - 	Reference:  H@@ et zet uit in de w@@ inter en k@@ ri@@ mp@@ t in de zom@@ er@@ .
2026-05-24 11:49:30,148 - INFO - joeynmt.training - 	Hypothesis: H@@ et ex@@ p@@ and@@ s in w@@ inter en con@@ trac@@ ten in de zom@@ er@@ <unk>
2026-05-24 11:49:30,148 - INFO - joeynmt.training - Example #4
2026-05-24 11:49:30,148 - DEBUG - joeynmt.training - 	Tokenized source:     ['The', 'ne@@', 'x@@', 't', 'sli@@', 'de', 'I', 'sho@@', 'w', 'you', 'will', 'be', 'a', 'ra@@', 'p@@', 'id', 'fa@@', 'st-@@', 'for@@', 'war@@', 'd', 'of', 'what@@', "'@@", 's', 'happen@@', 'ed', 'over', 'the', 'la@@', 'st', '2@@', '5', 'year@@', 's@@', '.']
2026-05-24 11:49:30,150 - DEBUG - joeynmt.training - 	Tokenized reference:  ['De', 'volgen@@', 'de', 'dia', 'die', 'ik', 'laat', 'zi@@', 'en', 'is', 'een', 'ver@@', 'snel@@', 'de', 'vers@@', 'ie', 'van', 'wat', 'er', 'de', 'af@@', 'gel@@', 'open', '2@@', '5', 'j@@', 'aar', 'is', 'gebeur@@', 'd@@', '.']
2026-05-24 11:49:30,150 - DEBUG - joeynmt.training - 	Tokenized hypothesis: ['De', 'volgen@@', 'de', 'dia', 'die', 'ik', 'laat', 'j@@', 'ul@@', 'lie', 'ton@@', 'en', 'een', 'ra@@', 'p@@', 'id', 'fa@@', 'st-@@', 'voor@@', 'waar@@', 'd', 'van', 'wat', 'er', 'gebeur@@', 'de', 'is', 'in', 'de', 'af@@', 'gel@@', 'open', '2@@', '5', 'j@@', 'aar@@', '<unk>', '</s>']
2026-05-24 11:49:30,150 - INFO - joeynmt.training - 	Source:     The ne@@ x@@ t sli@@ de I sho@@ w you will be a ra@@ p@@ id fa@@ st-@@ for@@ war@@ d of what@@ '@@ s happen@@ ed over the la@@ st 2@@ 5 year@@ s@@ .
2026-05-24 11:49:30,150 - INFO - joeynmt.training - 	Reference:  De volgen@@ de dia die ik laat zi@@ en is een ver@@ snel@@ de vers@@ ie van wat er de af@@ gel@@ open 2@@ 5 j@@ aar is gebeur@@ d@@ .
2026-05-24 11:49:30,150 - INFO - joeynmt.training - 	Hypothesis: De volgen@@ de dia die ik laat j@@ ul@@ lie ton@@ en een ra@@ p@@ id fa@@ st-@@ voor@@ waar@@ d van wat er gebeur@@ de is in de af@@ gel@@ open 2@@ 5 j@@ aar@@ <unk>
2026-05-24 11:50:29,808 - INFO - joeynmt.training - Epoch   6, Step:    24600, Batch Loss:     1.265074, Batch Acc: 0.613417, Tokens per Sec:     1198, Lr: 0.000300
2026-05-24 11:51:14,460 - INFO - joeynmt.training - Epoch   6: total training loss 5452.92
2026-05-24 11:51:14,460 - INFO - joeynmt.training - EPOCH 7
2026-05-24 11:51:30,311 - INFO - joeynmt.training - Epoch   7, Step:    24700, Batch Loss:     1.232743, Batch Acc: 0.642503, Tokens per Sec:     1247, Lr: 0.000300
2026-05-24 11:52:25,568 - INFO - joeynmt.training - Epoch   7, Step:    24800, Batch Loss:     1.216053, Batch Acc: 0.636844, Tokens per Sec:     1402, Lr: 0.000300
2026-05-24 11:53:22,868 - INFO - joeynmt.training - Epoch   7, Step:    24900, Batch Loss:     1.353634, Batch Acc: 0.635550, Tokens per Sec:     1299, Lr: 0.000300
2026-05-24 11:54:17,847 - INFO - joeynmt.training - Epoch   7, Step:    25000, Batch Loss:     1.215301, Batch Acc: 0.637182, Tokens per Sec:     1336, Lr: 0.000300
2026-05-24 11:54:17,847 - INFO - joeynmt.prediction - Predicting 1003 example(s)... (Greedy decoding with min_output_length=1, max_output_length=100, return_prob='none', generate_unk=True, repetition_penalty=-1, no_repeat_ngram_size=-1)
2026-05-24 11:56:42,801 - INFO - joeynmt.metrics - nrefs:1|case:mixed|eff:no|tok:13a|smooth:exp|version:2.6.0
2026-05-24 11:56:42,802 - INFO - joeynmt.prediction - Evaluation result (greedy) bleu:  38.20, loss:   1.69, ppl:   5.43, acc:   0.53, generation: 144.1882[sec], evaluation: 0.7343[sec]
2026-05-24 11:56:42,905 - INFO - joeynmt.helpers - delete output_bpe5000/22500.ckpt
2026-05-24 11:56:42,920 - INFO - joeynmt.training - Example #0
2026-05-24 11:56:42,921 - DEBUG - joeynmt.training - 	Tokenized source:     ['\ufeffLa@@', 'st', 'year', 'I', 'sho@@', 'we@@', 'd', 'thes@@', 'e', 'tw@@', 'o', 'sli@@', 'de@@', 's', 'so', 'that', 'de@@', 'mon@@', 'strate', 'that', 'the', 'ar@@', 'c@@', 'tic', 'ic@@', 'e', 'cap@@', ',', 'wh@@', 'ich', 'for', 'mo@@', 'st', 'of', 'the', 'la@@', 'st', 'th@@', 'ree', 'milli@@', 'on', 'year@@', 's', 'ha@@', 's', 'be@@', 'en', 'the', 'si@@', 'ze', 'of', 'the', 'lo@@', 'wer', '4@@', '8', 'stat@@', 'es@@', ',', 'ha@@', 's', 'sh@@', 'run@@', 'k', 'b@@', 'y', '4@@', '0', 'percen@@', 't@@', '.']
2026-05-24 11:56:42,921 - DEBUG - joeynmt.training - 	Tokenized reference:  ['\ufeffV@@', 'orig', 'j@@', 'aar', 'lie@@', 't', 'ik', 'de@@', 'ze', 'twee', 'dia@@', "'@@", 's', 'zi@@', 'en', 'om', 'aan', 'te', 'ton@@', 'en', 'dat', 'de', 'p@@', 'ool@@', 'ij@@', 'sk@@', 'ap@@', ',', 'die', 'de', 'af@@', 'gel@@', 'open', 'drie', 'miljo@@', 'en', 'j@@', 'aar', 'onge@@', 've@@', 'er', 'de', 'groot@@', 'te', 'had', 'van', 'het', 'va@@', 'stel@@', 'and', 'van', 'de', 'V@@', 'S@@', ',', 'met', '4@@', '0@@', '%', 'gek@@', 'ro@@', 'mp@@', 'en', 'was@@', '.']
2026-05-24 11:56:42,921 - DEBUG - joeynmt.training - 	Tokenized hypothesis: ['I@@', 'k', 'lie@@', 't', 'j@@', 'aar', 'lie@@', 't', 'ik', 'de@@', 'ze', 'twee', 'dia@@', "'@@", 's', 'zo@@', 'dat', 'de', 'ar@@', 'c@@', 't@@', 'isch@@', 'e', 'ij@@', 'fer@@', 's', 'lat@@', 'en', 'zi@@', 'en@@', ',', 'die', 'voor', 'het', 'groot@@', 'ste', 'drie', 'miljo@@', 'en', 'j@@', 'aar', 'de', 'la@@', 'st', 'van', 'de', 'la@@', 'ge', '4@@', '0', 'pro@@', 'cen@@', 't@@', '<unk>', '</s>']
2026-05-24 11:56:42,922 - INFO - joeynmt.training - 	Source:     ﻿La@@ st year I sho@@ we@@ d thes@@ e tw@@ o sli@@ de@@ s so that de@@ mon@@ strate that the ar@@ c@@ tic ic@@ e cap@@ , wh@@ ich for mo@@ st of the la@@ st th@@ ree milli@@ on year@@ s ha@@ s be@@ en the si@@ ze of the lo@@ wer 4@@ 8 stat@@ es@@ , ha@@ s sh@@ run@@ k b@@ y 4@@ 0 percen@@ t@@ .
2026-05-24 11:56:42,922 - INFO - joeynmt.training - 	Reference:  ﻿V@@ orig j@@ aar lie@@ t ik de@@ ze twee dia@@ '@@ s zi@@ en om aan te ton@@ en dat de p@@ ool@@ ij@@ sk@@ ap@@ , die de af@@ gel@@ open drie miljo@@ en j@@ aar onge@@ ve@@ er de groot@@ te had van het va@@ stel@@ and van de V@@ S@@ , met 4@@ 0@@ % gek@@ ro@@ mp@@ en was@@ .
2026-05-24 11:56:42,922 - INFO - joeynmt.training - 	Hypothesis: I@@ k lie@@ t j@@ aar lie@@ t ik de@@ ze twee dia@@ '@@ s zo@@ dat de ar@@ c@@ t@@ isch@@ e ij@@ fer@@ s lat@@ en zi@@ en@@ , die voor het groot@@ ste drie miljo@@ en j@@ aar de la@@ st van de la@@ ge 4@@ 0 pro@@ cen@@ t@@ <unk>
2026-05-24 11:56:42,922 - INFO - joeynmt.training - Example #1
2026-05-24 11:56:42,923 - DEBUG - joeynmt.training - 	Tokenized source:     ['Bu@@', 't', 'th@@', 'is', 'under@@', 'stat@@', 'es', 'the', 'ser@@', 'i@@', 'ou@@', 'sn@@', 'ess', 'of', 'th@@', 'is', 'particul@@', 'ar', 'proble@@', 'm', 'beca@@', 'us@@', 'e', 'it', 'does@@', 'n@@', "'@@", 't', 'sho@@', 'w', 'the', 'th@@', 'ic@@', 'kn@@', 'ess', 'of', 'the', 'ic@@', 'e@@', '.']
2026-05-24 11:56:42,923 - DEBUG - joeynmt.training - 	Tokenized reference:  ['M@@', 'aar', 'dit', 'onder@@', 'sch@@', 'at', 'eigen@@', 'lijk', 'de', 'ern@@', 'st', 'van', 'dit', 'specif@@', 'ie@@', 'ke', 'proble@@', 'em', 'om@@', 'dat', 'het', 'nie@@', 't', 'de', 'di@@', 'k@@', 'te', 'van', 'het', 'ij@@', 's', 'laat', 'zi@@', 'en@@', '.']
2026-05-24 11:56:42,923 - DEBUG - joeynmt.training - 	Tokenized hypothesis: ['M@@', 'aar', 'dit', 'beg@@', 'on@@', 'n@@', 'en', 'de', 'ser@@', 'ie@@', 'us', 'van', 'dit', 'specif@@', 'ie@@', 'ke', 'proble@@', 'em', 'om@@', 'dat', 'het', 'nie@@', 't', 'zo', 'groot', 'is', 'dat', 'de', 'ij@@', 's', 'nie@@', 't', 'zi@@', 'en@@', '<unk>', '</s>']
2026-05-24 11:56:42,923 - INFO - joeynmt.training - 	Source:     Bu@@ t th@@ is under@@ stat@@ es the ser@@ i@@ ou@@ sn@@ ess of th@@ is particul@@ ar proble@@ m beca@@ us@@ e it does@@ n@@ '@@ t sho@@ w the th@@ ic@@ kn@@ ess of the ic@@ e@@ .
2026-05-24 11:56:42,924 - INFO - joeynmt.training - 	Reference:  M@@ aar dit onder@@ sch@@ at eigen@@ lijk de ern@@ st van dit specif@@ ie@@ ke proble@@ em om@@ dat het nie@@ t de di@@ k@@ te van het ij@@ s laat zi@@ en@@ .
2026-05-24 11:56:42,924 - INFO - joeynmt.training - 	Hypothesis: M@@ aar dit beg@@ on@@ n@@ en de ser@@ ie@@ us van dit specif@@ ie@@ ke proble@@ em om@@ dat het nie@@ t zo groot is dat de ij@@ s nie@@ t zi@@ en@@ <unk>
2026-05-24 11:56:42,924 - INFO - joeynmt.training - Example #2
2026-05-24 11:56:42,924 - DEBUG - joeynmt.training - 	Tokenized source:     ['The', 'ar@@', 'c@@', 'tic', 'ic@@', 'e', 'cap', 'is@@', ',', 'in', 'a', 'sen@@', 'se@@', ',', 'the', 'be@@', 'at@@', 'ing', 'hear@@', 't', 'of', 'the', 'glob@@', 'al', 'cli@@', 'mat@@', 'e', 'system@@', '.']
2026-05-24 11:56:42,924 - DEBUG - joeynmt.training - 	Tokenized reference:  ['De', 'ij@@', 'sk@@', 'ap', 'op', 'de', 'Noor@@', 'd@@', 'p@@', 'ool', 'is', 'in', 'ze@@', 'ker@@', 'e', 'zin', 'het', 'kl@@', 'op@@', 'pen@@', 'd', 'har@@', 't', 'van', 'ons', 'glob@@', 'aal', 'kli@@', 'maat@@', 'syste@@', 'em@@', '.']
2026-05-24 11:56:42,924 - DEBUG - joeynmt.training - 	Tokenized hypothesis: ['De', 'ar@@', 'c@@', 't@@', 'isch@@', 'e', 'ij@@', 'fer@@', 's@@', ',', 'in', 'ze@@', 'ker@@', 'e', 'zin', 'het', 'we@@', 'et', 'har@@', 't', 'van', 'het', 'wereld@@', 'kli@@', 'maat@@', 'syste@@', 'em@@', '<unk>', '</s>']
2026-05-24 11:56:42,926 - INFO - joeynmt.training - 	Source:     The ar@@ c@@ tic ic@@ e cap is@@ , in a sen@@ se@@ , the be@@ at@@ ing hear@@ t of the glob@@ al cli@@ mat@@ e system@@ .
2026-05-24 11:56:42,931 - INFO - joeynmt.training - 	Reference:  De ij@@ sk@@ ap op de Noor@@ d@@ p@@ ool is in ze@@ ker@@ e zin het kl@@ op@@ pen@@ d har@@ t van ons glob@@ aal kli@@ maat@@ syste@@ em@@ .
2026-05-24 11:56:42,931 - INFO - joeynmt.training - 	Hypothesis: De ar@@ c@@ t@@ isch@@ e ij@@ fer@@ s@@ , in ze@@ ker@@ e zin het we@@ et har@@ t van het wereld@@ kli@@ maat@@ syste@@ em@@ <unk>
2026-05-24 11:56:42,932 - INFO - joeynmt.training - Example #3
2026-05-24 11:56:42,932 - DEBUG - joeynmt.training - 	Tokenized source:     ['I@@', 't', 'ex@@', 'p@@', 'and@@', 's', 'in', 'w@@', 'inter', 'and', 'con@@', 'trac@@', 'ts', 'in', 'su@@', 'm@@', 'mer@@', '.']
2026-05-24 11:56:42,932 - DEBUG - joeynmt.training - 	Tokenized reference:  ['H@@', 'et', 'zet', 'uit', 'in', 'de', 'w@@', 'inter', 'en', 'k@@', 'ri@@', 'mp@@', 't', 'in', 'de', 'zom@@', 'er@@', '.']
2026-05-24 11:56:42,932 - DEBUG - joeynmt.training - 	Tokenized hypothesis: ['H@@', 'et', 'ex@@', 'p@@', 'and@@', 's', 'in', 'w@@', 'inter', 'en', 'con@@', 'trac@@', 'ten', 'in', 'de', 'zom@@', 'er@@', '<unk>', '</s>']
2026-05-24 11:56:42,933 - INFO - joeynmt.training - 	Source:     I@@ t ex@@ p@@ and@@ s in w@@ inter and con@@ trac@@ ts in su@@ m@@ mer@@ .
2026-05-24 11:56:42,933 - INFO - joeynmt.training - 	Reference:  H@@ et zet uit in de w@@ inter en k@@ ri@@ mp@@ t in de zom@@ er@@ .
2026-05-24 11:56:42,933 - INFO - joeynmt.training - 	Hypothesis: H@@ et ex@@ p@@ and@@ s in w@@ inter en con@@ trac@@ ten in de zom@@ er@@ <unk>
2026-05-24 11:56:42,933 - INFO - joeynmt.training - Example #4
2026-05-24 11:56:42,935 - DEBUG - joeynmt.training - 	Tokenized source:     ['The', 'ne@@', 'x@@', 't', 'sli@@', 'de', 'I', 'sho@@', 'w', 'you', 'will', 'be', 'a', 'ra@@', 'p@@', 'id', 'fa@@', 'st-@@', 'for@@', 'war@@', 'd', 'of', 'what@@', "'@@", 's', 'happen@@', 'ed', 'over', 'the', 'la@@', 'st', '2@@', '5', 'year@@', 's@@', '.']
2026-05-24 11:56:42,935 - DEBUG - joeynmt.training - 	Tokenized reference:  ['De', 'volgen@@', 'de', 'dia', 'die', 'ik', 'laat', 'zi@@', 'en', 'is', 'een', 'ver@@', 'snel@@', 'de', 'vers@@', 'ie', 'van', 'wat', 'er', 'de', 'af@@', 'gel@@', 'open', '2@@', '5', 'j@@', 'aar', 'is', 'gebeur@@', 'd@@', '.']
2026-05-24 11:56:42,935 - DEBUG - joeynmt.training - 	Tokenized hypothesis: ['De', 'volgen@@', 'de', 'dia', 'laat', 'ik', 'je', 'een', 'ra@@', 'p@@', 'id', 'fa@@', 'st@@', 'for@@', 'waar@@', 'mee', 'ik', 'laat', 'zi@@', 'en', 'van', 'wat', 'er', 'gebeur@@', 'd', 'is', 'ged@@', 'ur@@', 'en@@', 'de', 'de', 'de', 'laat@@', 'ste', '2@@', '5', 'j@@', 'aar@@', '<unk>', '</s>']
2026-05-24 11:56:42,936 - INFO - joeynmt.training - 	Source:     The ne@@ x@@ t sli@@ de I sho@@ w you will be a ra@@ p@@ id fa@@ st-@@ for@@ war@@ d of what@@ '@@ s happen@@ ed over the la@@ st 2@@ 5 year@@ s@@ .
2026-05-24 11:56:42,936 - INFO - joeynmt.training - 	Reference:  De volgen@@ de dia die ik laat zi@@ en is een ver@@ snel@@ de vers@@ ie van wat er de af@@ gel@@ open 2@@ 5 j@@ aar is gebeur@@ d@@ .
2026-05-24 11:56:42,936 - INFO - joeynmt.training - 	Hypothesis: De volgen@@ de dia laat ik je een ra@@ p@@ id fa@@ st@@ for@@ waar@@ mee ik laat zi@@ en van wat er gebeur@@ d is ged@@ ur@@ en@@ de de de laat@@ ste 2@@ 5 j@@ aar@@ <unk>
2026-05-24 11:58:07,750 - INFO - joeynmt.training - Epoch   7, Step:    25100, Batch Loss:     1.154536, Batch Acc: 0.633347, Tokens per Sec:      879, Lr: 0.000300
2026-05-24 11:59:23,033 - INFO - joeynmt.training - Epoch   7, Step:    25200, Batch Loss:     1.005311, Batch Acc: 0.633847, Tokens per Sec:     1001, Lr: 0.000300
2026-05-24 12:00:26,308 - INFO - joeynmt.training - Epoch   7, Step:    25300, Batch Loss:     1.259887, Batch Acc: 0.631421, Tokens per Sec:     1143, Lr: 0.000300
2026-05-24 12:01:30,637 - INFO - joeynmt.training - Epoch   7, Step:    25400, Batch Loss:     1.298621, Batch Acc: 0.626598, Tokens per Sec:     1152, Lr: 0.000300
2026-05-24 12:02:35,091 - INFO - joeynmt.training - Epoch   7, Step:    25500, Batch Loss:     1.342120, Batch Acc: 0.629154, Tokens per Sec:     1149, Lr: 0.000300
2026-05-24 12:02:35,092 - INFO - joeynmt.prediction - Predicting 1003 example(s)... (Greedy decoding with min_output_length=1, max_output_length=100, return_prob='none', generate_unk=True, repetition_penalty=-1, no_repeat_ngram_size=-1)
2026-05-24 12:04:37,973 - INFO - joeynmt.metrics - nrefs:1|case:mixed|eff:no|tok:13a|smooth:exp|version:2.6.0
2026-05-24 12:04:37,974 - INFO - joeynmt.prediction - Evaluation result (greedy) bleu:  37.74, loss:   1.69, ppl:   5.40, acc:   0.53, generation: 122.2877[sec], evaluation: 0.5758[sec]
2026-05-24 12:04:37,975 - INFO - joeynmt.training - Hooray! New best validation result [ppl]!
2026-05-24 12:04:38,061 - INFO - joeynmt.helpers - delete output_bpe5000/23000.ckpt
2026-05-24 12:04:38,073 - INFO - joeynmt.training - Example #0
2026-05-24 12:04:38,073 - DEBUG - joeynmt.training - 	Tokenized source:     ['\ufeffLa@@', 'st', 'year', 'I', 'sho@@', 'we@@', 'd', 'thes@@', 'e', 'tw@@', 'o', 'sli@@', 'de@@', 's', 'so', 'that', 'de@@', 'mon@@', 'strate', 'that', 'the', 'ar@@', 'c@@', 'tic', 'ic@@', 'e', 'cap@@', ',', 'wh@@', 'ich', 'for', 'mo@@', 'st', 'of', 'the', 'la@@', 'st', 'th@@', 'ree', 'milli@@', 'on', 'year@@', 's', 'ha@@', 's', 'be@@', 'en', 'the', 'si@@', 'ze', 'of', 'the', 'lo@@', 'wer', '4@@', '8', 'stat@@', 'es@@', ',', 'ha@@', 's', 'sh@@', 'run@@', 'k', 'b@@', 'y', '4@@', '0', 'percen@@', 't@@', '.']
2026-05-24 12:04:38,073 - DEBUG - joeynmt.training - 	Tokenized reference:  ['\ufeffV@@', 'orig', 'j@@', 'aar', 'lie@@', 't', 'ik', 'de@@', 'ze', 'twee', 'dia@@', "'@@", 's', 'zi@@', 'en', 'om', 'aan', 'te', 'ton@@', 'en', 'dat', 'de', 'p@@', 'ool@@', 'ij@@', 'sk@@', 'ap@@', ',', 'die', 'de', 'af@@', 'gel@@', 'open', 'drie', 'miljo@@', 'en', 'j@@', 'aar', 'onge@@', 've@@', 'er', 'de', 'groot@@', 'te', 'had', 'van', 'het', 'va@@', 'stel@@', 'and', 'van', 'de', 'V@@', 'S@@', ',', 'met', '4@@', '0@@', '%', 'gek@@', 'ro@@', 'mp@@', 'en', 'was@@', '.']
2026-05-24 12:04:38,073 - DEBUG - joeynmt.training - 	Tokenized hypothesis: ['I@@', 'k', 'lie@@', 't', 'j@@', 'aar', 'lie@@', 't', 'ik', 'de@@', 'ze', 'twee', 'dia@@', "'@@", 's', 'zo@@', 'dat', 'de', 'ar@@', 'c@@', 't@@', 'isch@@', 'e', 'ij@@', 's', 'lat@@', 'en', 'zi@@', 'en', 'dat', 'de', 'meest@@', 'en', 'van', 'de', 'laat@@', 'ste', 'drie', 'miljo@@', 'en', 'j@@', 'aar', 'de', 'groot@@', 'te', 'van', 'de', 'la@@', 'gere', '4@@', '0', 'pro@@', 'cen@@', 't', 'gewe@@', 'est@@', ',', 'heef@@', 't', 'ge@@', 'zi@@', 'en', 'door', '4@@', '0', 'pro@@', 'cen@@', 't@@', '<unk>', '</s>']
2026-05-24 12:04:38,073 - INFO - joeynmt.training - 	Source:     ﻿La@@ st year I sho@@ we@@ d thes@@ e tw@@ o sli@@ de@@ s so that de@@ mon@@ strate that the ar@@ c@@ tic ic@@ e cap@@ , wh@@ ich for mo@@ st of the la@@ st th@@ ree milli@@ on year@@ s ha@@ s be@@ en the si@@ ze of the lo@@ wer 4@@ 8 stat@@ es@@ , ha@@ s sh@@ run@@ k b@@ y 4@@ 0 percen@@ t@@ .
2026-05-24 12:04:38,074 - INFO - joeynmt.training - 	Reference:  ﻿V@@ orig j@@ aar lie@@ t ik de@@ ze twee dia@@ '@@ s zi@@ en om aan te ton@@ en dat de p@@ ool@@ ij@@ sk@@ ap@@ , die de af@@ gel@@ open drie miljo@@ en j@@ aar onge@@ ve@@ er de groot@@ te had van het va@@ stel@@ and van de V@@ S@@ , met 4@@ 0@@ % gek@@ ro@@ mp@@ en was@@ .
2026-05-24 12:04:38,074 - INFO - joeynmt.training - 	Hypothesis: I@@ k lie@@ t j@@ aar lie@@ t ik de@@ ze twee dia@@ '@@ s zo@@ dat de ar@@ c@@ t@@ isch@@ e ij@@ s lat@@ en zi@@ en dat de meest@@ en van de laat@@ ste drie miljo@@ en j@@ aar de groot@@ te van de la@@ gere 4@@ 0 pro@@ cen@@ t gewe@@ est@@ , heef@@ t ge@@ zi@@ en door 4@@ 0 pro@@ cen@@ t@@ <unk>
2026-05-24 12:04:38,074 - INFO - joeynmt.training - Example #1
2026-05-24 12:04:38,074 - DEBUG - joeynmt.training - 	Tokenized source:     ['Bu@@', 't', 'th@@', 'is', 'under@@', 'stat@@', 'es', 'the', 'ser@@', 'i@@', 'ou@@', 'sn@@', 'ess', 'of', 'th@@', 'is', 'particul@@', 'ar', 'proble@@', 'm', 'beca@@', 'us@@', 'e', 'it', 'does@@', 'n@@', "'@@", 't', 'sho@@', 'w', 'the', 'th@@', 'ic@@', 'kn@@', 'ess', 'of', 'the', 'ic@@', 'e@@', '.']
2026-05-24 12:04:38,075 - DEBUG - joeynmt.training - 	Tokenized reference:  ['M@@', 'aar', 'dit', 'onder@@', 'sch@@', 'at', 'eigen@@', 'lijk', 'de', 'ern@@', 'st', 'van', 'dit', 'specif@@', 'ie@@', 'ke', 'proble@@', 'em', 'om@@', 'dat', 'het', 'nie@@', 't', 'de', 'di@@', 'k@@', 'te', 'van', 'het', 'ij@@', 's', 'laat', 'zi@@', 'en@@', '.']
2026-05-24 12:04:38,075 - DEBUG - joeynmt.training - 	Tokenized hypothesis: ['M@@', 'aar', 'dit', 'onder@@', 'ste@@', 'den', 'de', 'ser@@', 'ie@@', 'us', 'van', 'dit', 'proble@@', 'em', 'om@@', 'dat', 'het', 'di@@', 'k@@', 'te', 'van', 'het', 'ij@@', 's', 'nie@@', 't', 'laat', 'zi@@', 'en@@', '<unk>', '</s>']
2026-05-24 12:04:38,075 - INFO - joeynmt.training - 	Source:     Bu@@ t th@@ is under@@ stat@@ es the ser@@ i@@ ou@@ sn@@ ess of th@@ is particul@@ ar proble@@ m beca@@ us@@ e it does@@ n@@ '@@ t sho@@ w the th@@ ic@@ kn@@ ess of the ic@@ e@@ .
2026-05-24 12:04:38,076 - INFO - joeynmt.training - 	Reference:  M@@ aar dit onder@@ sch@@ at eigen@@ lijk de ern@@ st van dit specif@@ ie@@ ke proble@@ em om@@ dat het nie@@ t de di@@ k@@ te van het ij@@ s laat zi@@ en@@ .
2026-05-24 12:04:38,076 - INFO - joeynmt.training - 	Hypothesis: M@@ aar dit onder@@ ste@@ den de ser@@ ie@@ us van dit proble@@ em om@@ dat het di@@ k@@ te van het ij@@ s nie@@ t laat zi@@ en@@ <unk>
2026-05-24 12:04:38,076 - INFO - joeynmt.training - Example #2
2026-05-24 12:04:38,076 - DEBUG - joeynmt.training - 	Tokenized source:     ['The', 'ar@@', 'c@@', 'tic', 'ic@@', 'e', 'cap', 'is@@', ',', 'in', 'a', 'sen@@', 'se@@', ',', 'the', 'be@@', 'at@@', 'ing', 'hear@@', 't', 'of', 'the', 'glob@@', 'al', 'cli@@', 'mat@@', 'e', 'system@@', '.']
2026-05-24 12:04:38,076 - DEBUG - joeynmt.training - 	Tokenized reference:  ['De', 'ij@@', 'sk@@', 'ap', 'op', 'de', 'Noor@@', 'd@@', 'p@@', 'ool', 'is', 'in', 'ze@@', 'ker@@', 'e', 'zin', 'het', 'kl@@', 'op@@', 'pen@@', 'd', 'har@@', 't', 'van', 'ons', 'glob@@', 'aal', 'kli@@', 'maat@@', 'syste@@', 'em@@', '.']
2026-05-24 12:04:38,076 - DEBUG - joeynmt.training - 	Tokenized hypothesis: ['De', 'ar@@', 'c@@', 't@@', 'isch@@', 'e', 'ij@@', 's', 'is', 'in', 'ze@@', 'ker@@', 'e', 'zin', 'het', 'we@@', 'et', 'het', 'har@@', 't', 'van', 'de', 'wereldwij@@', 'de', 'kli@@', 'maat@@', 'syste@@', 'em@@', '<unk>', '</s>']
2026-05-24 12:04:38,077 - INFO - joeynmt.training - 	Source:     The ar@@ c@@ tic ic@@ e cap is@@ , in a sen@@ se@@ , the be@@ at@@ ing hear@@ t of the glob@@ al cli@@ mat@@ e system@@ .
2026-05-24 12:04:38,077 - INFO - joeynmt.training - 	Reference:  De ij@@ sk@@ ap op de Noor@@ d@@ p@@ ool is in ze@@ ker@@ e zin het kl@@ op@@ pen@@ d har@@ t van ons glob@@ aal kli@@ maat@@ syste@@ em@@ .
2026-05-24 12:04:38,077 - INFO - joeynmt.training - 	Hypothesis: De ar@@ c@@ t@@ isch@@ e ij@@ s is in ze@@ ker@@ e zin het we@@ et het har@@ t van de wereldwij@@ de kli@@ maat@@ syste@@ em@@ <unk>
2026-05-24 12:04:38,078 - INFO - joeynmt.training - Example #3
2026-05-24 12:04:38,078 - DEBUG - joeynmt.training - 	Tokenized source:     ['I@@', 't', 'ex@@', 'p@@', 'and@@', 's', 'in', 'w@@', 'inter', 'and', 'con@@', 'trac@@', 'ts', 'in', 'su@@', 'm@@', 'mer@@', '.']
2026-05-24 12:04:38,078 - DEBUG - joeynmt.training - 	Tokenized reference:  ['H@@', 'et', 'zet', 'uit', 'in', 'de', 'w@@', 'inter', 'en', 'k@@', 'ri@@', 'mp@@', 't', 'in', 'de', 'zom@@', 'er@@', '.']
2026-05-24 12:04:38,078 - DEBUG - joeynmt.training - 	Tokenized hypothesis: ['H@@', 'et', 'uit@@', 'bre@@', 'id@@', 'ing', 'en', 'in', 'w@@', 'inter', 'en', 'con@@', 'trac@@', 'ten', 'in', 'zom@@', 'er', 'ge@@', 'wor@@', 'den@@', '<unk>', '</s>']
2026-05-24 12:04:38,079 - INFO - joeynmt.training - 	Source:     I@@ t ex@@ p@@ and@@ s in w@@ inter and con@@ trac@@ ts in su@@ m@@ mer@@ .
2026-05-24 12:04:38,079 - INFO - joeynmt.training - 	Reference:  H@@ et zet uit in de w@@ inter en k@@ ri@@ mp@@ t in de zom@@ er@@ .
2026-05-24 12:04:38,079 - INFO - joeynmt.training - 	Hypothesis: H@@ et uit@@ bre@@ id@@ ing en in w@@ inter en con@@ trac@@ ten in zom@@ er ge@@ wor@@ den@@ <unk>
2026-05-24 12:04:38,079 - INFO - joeynmt.training - Example #4
2026-05-24 12:04:38,079 - DEBUG - joeynmt.training - 	Tokenized source:     ['The', 'ne@@', 'x@@', 't', 'sli@@', 'de', 'I', 'sho@@', 'w', 'you', 'will', 'be', 'a', 'ra@@', 'p@@', 'id', 'fa@@', 'st-@@', 'for@@', 'war@@', 'd', 'of', 'what@@', "'@@", 's', 'happen@@', 'ed', 'over', 'the', 'la@@', 'st', '2@@', '5', 'year@@', 's@@', '.']
2026-05-24 12:04:38,079 - DEBUG - joeynmt.training - 	Tokenized reference:  ['De', 'volgen@@', 'de', 'dia', 'die', 'ik', 'laat', 'zi@@', 'en', 'is', 'een', 'ver@@', 'snel@@', 'de', 'vers@@', 'ie', 'van', 'wat', 'er', 'de', 'af@@', 'gel@@', 'open', '2@@', '5', 'j@@', 'aar', 'is', 'gebeur@@', 'd@@', '.']
2026-05-24 12:04:38,079 - DEBUG - joeynmt.training - 	Tokenized hypothesis: ['De', 'volgen@@', 'de', 'dia', 'laat', 'ik', 'j@@', 'ul@@', 'lie', 'een', 'snel@@', 'le', 'voor@@', 'waar@@', 'ts', 'van', 'wat', 'er', 'gebeur@@', 'de', 'de', 'laat@@', 'ste', '2@@', '5', 'j@@', 'aar', 'gebeur@@', 'de', 'de', 'laat@@', 'ste', '2@@', '5', 'j@@', 'aar', 'gebeur@@', 'de@@', '<unk>', '</s>']
2026-05-24 12:04:38,079 - INFO - joeynmt.training - 	Source:     The ne@@ x@@ t sli@@ de I sho@@ w you will be a ra@@ p@@ id fa@@ st-@@ for@@ war@@ d of what@@ '@@ s happen@@ ed over the la@@ st 2@@ 5 year@@ s@@ .
2026-05-24 12:04:38,079 - INFO - joeynmt.training - 	Reference:  De volgen@@ de dia die ik laat zi@@ en is een ver@@ snel@@ de vers@@ ie van wat er de af@@ gel@@ open 2@@ 5 j@@ aar is gebeur@@ d@@ .
2026-05-24 12:04:38,079 - INFO - joeynmt.training - 	Hypothesis: De volgen@@ de dia laat ik j@@ ul@@ lie een snel@@ le voor@@ waar@@ ts van wat er gebeur@@ de de laat@@ ste 2@@ 5 j@@ aar gebeur@@ de de laat@@ ste 2@@ 5 j@@ aar gebeur@@ de@@ <unk>
2026-05-24 12:05:31,156 - INFO - joeynmt.training - Epoch   7, Step:    25600, Batch Loss:     1.280218, Batch Acc: 0.627398, Tokens per Sec:     1342, Lr: 0.000300
2026-05-24 12:06:25,344 - INFO - joeynmt.training - Epoch   7, Step:    25700, Batch Loss:     1.222250, Batch Acc: 0.625782, Tokens per Sec:     1398, Lr: 0.000300
2026-05-24 12:07:20,026 - INFO - joeynmt.training - Epoch   7, Step:    25800, Batch Loss:     1.240847, Batch Acc: 0.625215, Tokens per Sec:     1370, Lr: 0.000300
2026-05-24 12:08:46,697 - INFO - joeynmt.training - Epoch   7, Step:    25900, Batch Loss:     1.354528, Batch Acc: 0.621949, Tokens per Sec:      867, Lr: 0.000300
2026-05-24 12:10:09,177 - INFO - joeynmt.training - Epoch   7, Step:    26000, Batch Loss:     1.468843, Batch Acc: 0.625241, Tokens per Sec:      886, Lr: 0.000300
2026-05-24 12:10:09,178 - INFO - joeynmt.prediction - Predicting 1003 example(s)... (Greedy decoding with min_output_length=1, max_output_length=100, return_prob='none', generate_unk=True, repetition_penalty=-1, no_repeat_ngram_size=-1)
2026-05-24 12:13:36,728 - INFO - joeynmt.metrics - nrefs:1|case:mixed|eff:no|tok:13a|smooth:exp|version:2.6.0
2026-05-24 12:13:36,729 - INFO - joeynmt.prediction - Evaluation result (greedy) bleu:  37.43, loss:   1.69, ppl:   5.42, acc:   0.53, generation: 206.7907[sec], evaluation: 0.7434[sec]
2026-05-24 12:13:36,837 - INFO - joeynmt.helpers - delete output_bpe5000/23500.ckpt
2026-05-24 12:13:36,851 - INFO - joeynmt.training - Example #0
2026-05-24 12:13:36,852 - DEBUG - joeynmt.training - 	Tokenized source:     ['\ufeffLa@@', 'st', 'year', 'I', 'sho@@', 'we@@', 'd', 'thes@@', 'e', 'tw@@', 'o', 'sli@@', 'de@@', 's', 'so', 'that', 'de@@', 'mon@@', 'strate', 'that', 'the', 'ar@@', 'c@@', 'tic', 'ic@@', 'e', 'cap@@', ',', 'wh@@', 'ich', 'for', 'mo@@', 'st', 'of', 'the', 'la@@', 'st', 'th@@', 'ree', 'milli@@', 'on', 'year@@', 's', 'ha@@', 's', 'be@@', 'en', 'the', 'si@@', 'ze', 'of', 'the', 'lo@@', 'wer', '4@@', '8', 'stat@@', 'es@@', ',', 'ha@@', 's', 'sh@@', 'run@@', 'k', 'b@@', 'y', '4@@', '0', 'percen@@', 't@@', '.']
2026-05-24 12:13:36,852 - DEBUG - joeynmt.training - 	Tokenized reference:  ['\ufeffV@@', 'orig', 'j@@', 'aar', 'lie@@', 't', 'ik', 'de@@', 'ze', 'twee', 'dia@@', "'@@", 's', 'zi@@', 'en', 'om', 'aan', 'te', 'ton@@', 'en', 'dat', 'de', 'p@@', 'ool@@', 'ij@@', 'sk@@', 'ap@@', ',', 'die', 'de', 'af@@', 'gel@@', 'open', 'drie', 'miljo@@', 'en', 'j@@', 'aar', 'onge@@', 've@@', 'er', 'de', 'groot@@', 'te', 'had', 'van', 'het', 'va@@', 'stel@@', 'and', 'van', 'de', 'V@@', 'S@@', ',', 'met', '4@@', '0@@', '%', 'gek@@', 'ro@@', 'mp@@', 'en', 'was@@', '.']
2026-05-24 12:13:36,852 - DEBUG - joeynmt.training - 	Tokenized hypothesis: ['I@@', 'k', 'lie@@', 't', 'j@@', 'aar', 'lie@@', 't', 'ik', 'de@@', 'ze', 'twee', 'dia@@', "'@@", 's', 'zo@@', 'dat', 'de', 'ar@@', 'c@@', 't@@', 'isch@@', 'e', 'ij@@', 's', 'ton@@', 'en', 'dat', 'de', 'af@@', 'gel@@', 'open', 'drie', 'miljo@@', 'en', 'j@@', 'aar', 'is', 'de', 'groot@@', 'te', 'van', 'de', 'la@@', 'gere', '4@@', '8', 'stat@@', 'en@@', ',', 'heef@@', 't', 'de', 'groot@@', 'te', 'van', '4@@', '0', 'pro@@', 'cen@@', 't@@', '<unk>', '</s>']
2026-05-24 12:13:36,853 - INFO - joeynmt.training - 	Source:     ﻿La@@ st year I sho@@ we@@ d thes@@ e tw@@ o sli@@ de@@ s so that de@@ mon@@ strate that the ar@@ c@@ tic ic@@ e cap@@ , wh@@ ich for mo@@ st of the la@@ st th@@ ree milli@@ on year@@ s ha@@ s be@@ en the si@@ ze of the lo@@ wer 4@@ 8 stat@@ es@@ , ha@@ s sh@@ run@@ k b@@ y 4@@ 0 percen@@ t@@ .
2026-05-24 12:13:36,853 - INFO - joeynmt.training - 	Reference:  ﻿V@@ orig j@@ aar lie@@ t ik de@@ ze twee dia@@ '@@ s zi@@ en om aan te ton@@ en dat de p@@ ool@@ ij@@ sk@@ ap@@ , die de af@@ gel@@ open drie miljo@@ en j@@ aar onge@@ ve@@ er de groot@@ te had van het va@@ stel@@ and van de V@@ S@@ , met 4@@ 0@@ % gek@@ ro@@ mp@@ en was@@ .
2026-05-24 12:13:36,853 - INFO - joeynmt.training - 	Hypothesis: I@@ k lie@@ t j@@ aar lie@@ t ik de@@ ze twee dia@@ '@@ s zo@@ dat de ar@@ c@@ t@@ isch@@ e ij@@ s ton@@ en dat de af@@ gel@@ open drie miljo@@ en j@@ aar is de groot@@ te van de la@@ gere 4@@ 8 stat@@ en@@ , heef@@ t de groot@@ te van 4@@ 0 pro@@ cen@@ t@@ <unk>
2026-05-24 12:13:36,853 - INFO - joeynmt.training - Example #1
2026-05-24 12:13:36,854 - DEBUG - joeynmt.training - 	Tokenized source:     ['Bu@@', 't', 'th@@', 'is', 'under@@', 'stat@@', 'es', 'the', 'ser@@', 'i@@', 'ou@@', 'sn@@', 'ess', 'of', 'th@@', 'is', 'particul@@', 'ar', 'proble@@', 'm', 'beca@@', 'us@@', 'e', 'it', 'does@@', 'n@@', "'@@", 't', 'sho@@', 'w', 'the', 'th@@', 'ic@@', 'kn@@', 'ess', 'of', 'the', 'ic@@', 'e@@', '.']
2026-05-24 12:13:36,854 - DEBUG - joeynmt.training - 	Tokenized reference:  ['M@@', 'aar', 'dit', 'onder@@', 'sch@@', 'at', 'eigen@@', 'lijk', 'de', 'ern@@', 'st', 'van', 'dit', 'specif@@', 'ie@@', 'ke', 'proble@@', 'em', 'om@@', 'dat', 'het', 'nie@@', 't', 'de', 'di@@', 'k@@', 'te', 'van', 'het', 'ij@@', 's', 'laat', 'zi@@', 'en@@', '.']
2026-05-24 12:13:36,854 - DEBUG - joeynmt.training - 	Tokenized hypothesis: ['M@@', 'aar', 'de@@', 'ze', 'onder@@', 'stat@@', 'en', 'de', 'ser@@', 'ie', 'van', 'dit', 'proble@@', 'em', 'om@@', 'dat', 'het', 'di@@', 'k', 'nie@@', 't', 'zo', 'zo', 'groot', 'dat', 'het', 'di@@', 'k@@', 'te', 'nie@@', 't', 'to@@', 'ont', 'de', 'di@@', 'k@@', 'te', 'van', 'het', 'ij@@', 's@@', '<unk>', '</s>']
2026-05-24 12:13:36,854 - INFO - joeynmt.training - 	Source:     Bu@@ t th@@ is under@@ stat@@ es the ser@@ i@@ ou@@ sn@@ ess of th@@ is particul@@ ar proble@@ m beca@@ us@@ e it does@@ n@@ '@@ t sho@@ w the th@@ ic@@ kn@@ ess of the ic@@ e@@ .
2026-05-24 12:13:36,854 - INFO - joeynmt.training - 	Reference:  M@@ aar dit onder@@ sch@@ at eigen@@ lijk de ern@@ st van dit specif@@ ie@@ ke proble@@ em om@@ dat het nie@@ t de di@@ k@@ te van het ij@@ s laat zi@@ en@@ .
2026-05-24 12:13:36,855 - INFO - joeynmt.training - 	Hypothesis: M@@ aar de@@ ze onder@@ stat@@ en de ser@@ ie van dit proble@@ em om@@ dat het di@@ k nie@@ t zo zo groot dat het di@@ k@@ te nie@@ t to@@ ont de di@@ k@@ te van het ij@@ s@@ <unk>
2026-05-24 12:13:36,855 - INFO - joeynmt.training - Example #2
2026-05-24 12:13:36,855 - DEBUG - joeynmt.training - 	Tokenized source:     ['The', 'ar@@', 'c@@', 'tic', 'ic@@', 'e', 'cap', 'is@@', ',', 'in', 'a', 'sen@@', 'se@@', ',', 'the', 'be@@', 'at@@', 'ing', 'hear@@', 't', 'of', 'the', 'glob@@', 'al', 'cli@@', 'mat@@', 'e', 'system@@', '.']
2026-05-24 12:13:36,855 - DEBUG - joeynmt.training - 	Tokenized reference:  ['De', 'ij@@', 'sk@@', 'ap', 'op', 'de', 'Noor@@', 'd@@', 'p@@', 'ool', 'is', 'in', 'ze@@', 'ker@@', 'e', 'zin', 'het', 'kl@@', 'op@@', 'pen@@', 'd', 'har@@', 't', 'van', 'ons', 'glob@@', 'aal', 'kli@@', 'maat@@', 'syste@@', 'em@@', '.']
2026-05-24 12:13:36,855 - DEBUG - joeynmt.training - 	Tokenized hypothesis: ['De', 'ar@@', 'c@@', 't@@', 'isch@@', 'e', 'ij@@', 's', 'is@@', ',', 'in', 'ze@@', 'ker@@', 'e', 'zin', 'het', 'be@@', 'ken@@', 'd', 'van', 'de', 'mon@@', 'di@@', 'al@@', 'e', 'kli@@', 'maat@@', 'syste@@', 'em@@', '<unk>', '</s>']
2026-05-24 12:13:36,856 - INFO - joeynmt.training - 	Source:     The ar@@ c@@ tic ic@@ e cap is@@ , in a sen@@ se@@ , the be@@ at@@ ing hear@@ t of the glob@@ al cli@@ mat@@ e system@@ .
2026-05-24 12:13:36,856 - INFO - joeynmt.training - 	Reference:  De ij@@ sk@@ ap op de Noor@@ d@@ p@@ ool is in ze@@ ker@@ e zin het kl@@ op@@ pen@@ d har@@ t van ons glob@@ aal kli@@ maat@@ syste@@ em@@ .
2026-05-24 12:13:36,856 - INFO - joeynmt.training - 	Hypothesis: De ar@@ c@@ t@@ isch@@ e ij@@ s is@@ , in ze@@ ker@@ e zin het be@@ ken@@ d van de mon@@ di@@ al@@ e kli@@ maat@@ syste@@ em@@ <unk>
2026-05-24 12:13:36,856 - INFO - joeynmt.training - Example #3
2026-05-24 12:13:36,856 - DEBUG - joeynmt.training - 	Tokenized source:     ['I@@', 't', 'ex@@', 'p@@', 'and@@', 's', 'in', 'w@@', 'inter', 'and', 'con@@', 'trac@@', 'ts', 'in', 'su@@', 'm@@', 'mer@@', '.']
2026-05-24 12:13:36,856 - DEBUG - joeynmt.training - 	Tokenized reference:  ['H@@', 'et', 'zet', 'uit', 'in', 'de', 'w@@', 'inter', 'en', 'k@@', 'ri@@', 'mp@@', 't', 'in', 'de', 'zom@@', 'er@@', '.']
2026-05-24 12:13:36,856 - DEBUG - joeynmt.training - 	Tokenized hypothesis: ['H@@', 'et', 'uit@@', 'bre@@', 'id@@', 'ing', 'in', 'w@@', 'inter', 'en', 'con@@', 'trac@@', 'ten', 'in', 'zom@@', 'er@@', '<unk>', '</s>']
2026-05-24 12:13:36,858 - INFO - joeynmt.training - 	Source:     I@@ t ex@@ p@@ and@@ s in w@@ inter and con@@ trac@@ ts in su@@ m@@ mer@@ .
2026-05-24 12:13:36,858 - INFO - joeynmt.training - 	Reference:  H@@ et zet uit in de w@@ inter en k@@ ri@@ mp@@ t in de zom@@ er@@ .
2026-05-24 12:13:36,858 - INFO - joeynmt.training - 	Hypothesis: H@@ et uit@@ bre@@ id@@ ing in w@@ inter en con@@ trac@@ ten in zom@@ er@@ <unk>
2026-05-24 12:13:36,858 - INFO - joeynmt.training - Example #4
2026-05-24 12:13:36,859 - DEBUG - joeynmt.training - 	Tokenized source:     ['The', 'ne@@', 'x@@', 't', 'sli@@', 'de', 'I', 'sho@@', 'w', 'you', 'will', 'be', 'a', 'ra@@', 'p@@', 'id', 'fa@@', 'st-@@', 'for@@', 'war@@', 'd', 'of', 'what@@', "'@@", 's', 'happen@@', 'ed', 'over', 'the', 'la@@', 'st', '2@@', '5', 'year@@', 's@@', '.']
2026-05-24 12:13:36,859 - DEBUG - joeynmt.training - 	Tokenized reference:  ['De', 'volgen@@', 'de', 'dia', 'die', 'ik', 'laat', 'zi@@', 'en', 'is', 'een', 'ver@@', 'snel@@', 'de', 'vers@@', 'ie', 'van', 'wat', 'er', 'de', 'af@@', 'gel@@', 'open', '2@@', '5', 'j@@', 'aar', 'is', 'gebeur@@', 'd@@', '.']
2026-05-24 12:13:36,859 - DEBUG - joeynmt.training - 	Tokenized hypothesis: ['De', 'volgen@@', 'de', 'dia', 'die', 'ik', 'laat', 'zi@@', 'en', 'dat', 'ik', 'een', 'snel', 'voor@@', 'waar@@', 'ts', 'is', 'van', 'wat', 'er', 'gebeur@@', 'd', 'is', 'in', 'de', 'laat@@', 'ste', '2@@', '5', 'j@@', 'aar', 'gebeur@@', 'd', 'is@@', '<unk>', '</s>']
2026-05-24 12:13:36,859 - INFO - joeynmt.training - 	Source:     The ne@@ x@@ t sli@@ de I sho@@ w you will be a ra@@ p@@ id fa@@ st-@@ for@@ war@@ d of what@@ '@@ s happen@@ ed over the la@@ st 2@@ 5 year@@ s@@ .
2026-05-24 12:13:36,860 - INFO - joeynmt.training - 	Reference:  De volgen@@ de dia die ik laat zi@@ en is een ver@@ snel@@ de vers@@ ie van wat er de af@@ gel@@ open 2@@ 5 j@@ aar is gebeur@@ d@@ .
2026-05-24 12:13:36,861 - INFO - joeynmt.training - 	Hypothesis: De volgen@@ de dia die ik laat zi@@ en dat ik een snel voor@@ waar@@ ts is van wat er gebeur@@ d is in de laat@@ ste 2@@ 5 j@@ aar gebeur@@ d is@@ <unk>
2026-05-24 12:14:25,821 - INFO - joeynmt.training - Epoch   7, Step:    26100, Batch Loss:     1.311131, Batch Acc: 0.627610, Tokens per Sec:     1486, Lr: 0.000300
2026-05-24 12:15:08,608 - INFO - joeynmt.training - Epoch   7, Step:    26200, Batch Loss:     1.234602, Batch Acc: 0.620766, Tokens per Sec:     1744, Lr: 0.000300
2026-05-24 12:15:56,607 - INFO - joeynmt.training - Epoch   7, Step:    26300, Batch Loss:     1.344211, Batch Acc: 0.629167, Tokens per Sec:     1524, Lr: 0.000300
2026-05-24 12:16:52,665 - INFO - joeynmt.training - Epoch   7, Step:    26400, Batch Loss:     1.333755, Batch Acc: 0.630724, Tokens per Sec:     1333, Lr: 0.000300
2026-05-24 12:17:53,234 - INFO - joeynmt.training - Epoch   7, Step:    26500, Batch Loss:     1.249903, Batch Acc: 0.625547, Tokens per Sec:     1237, Lr: 0.000300
2026-05-24 12:17:53,236 - INFO - joeynmt.prediction - Predicting 1003 example(s)... (Greedy decoding with min_output_length=1, max_output_length=100, return_prob='none', generate_unk=True, repetition_penalty=-1, no_repeat_ngram_size=-1)
2026-05-24 12:20:32,026 - INFO - joeynmt.metrics - nrefs:1|case:mixed|eff:no|tok:13a|smooth:exp|version:2.6.0
2026-05-24 12:20:32,027 - INFO - joeynmt.prediction - Evaluation result (greedy) bleu:  37.67, loss:   1.68, ppl:   5.36, acc:   0.53, generation: 158.2100[sec], evaluation: 0.5626[sec]
2026-05-24 12:20:32,028 - INFO - joeynmt.training - Hooray! New best validation result [ppl]!
2026-05-24 12:20:32,126 - INFO - joeynmt.helpers - delete output_bpe5000/25000.ckpt
2026-05-24 12:20:32,138 - INFO - joeynmt.training - Example #0
2026-05-24 12:20:32,138 - DEBUG - joeynmt.training - 	Tokenized source:     ['\ufeffLa@@', 'st', 'year', 'I', 'sho@@', 'we@@', 'd', 'thes@@', 'e', 'tw@@', 'o', 'sli@@', 'de@@', 's', 'so', 'that', 'de@@', 'mon@@', 'strate', 'that', 'the', 'ar@@', 'c@@', 'tic', 'ic@@', 'e', 'cap@@', ',', 'wh@@', 'ich', 'for', 'mo@@', 'st', 'of', 'the', 'la@@', 'st', 'th@@', 'ree', 'milli@@', 'on', 'year@@', 's', 'ha@@', 's', 'be@@', 'en', 'the', 'si@@', 'ze', 'of', 'the', 'lo@@', 'wer', '4@@', '8', 'stat@@', 'es@@', ',', 'ha@@', 's', 'sh@@', 'run@@', 'k', 'b@@', 'y', '4@@', '0', 'percen@@', 't@@', '.']
2026-05-24 12:20:32,138 - DEBUG - joeynmt.training - 	Tokenized reference:  ['\ufeffV@@', 'orig', 'j@@', 'aar', 'lie@@', 't', 'ik', 'de@@', 'ze', 'twee', 'dia@@', "'@@", 's', 'zi@@', 'en', 'om', 'aan', 'te', 'ton@@', 'en', 'dat', 'de', 'p@@', 'ool@@', 'ij@@', 'sk@@', 'ap@@', ',', 'die', 'de', 'af@@', 'gel@@', 'open', 'drie', 'miljo@@', 'en', 'j@@', 'aar', 'onge@@', 've@@', 'er', 'de', 'groot@@', 'te', 'had', 'van', 'het', 'va@@', 'stel@@', 'and', 'van', 'de', 'V@@', 'S@@', ',', 'met', '4@@', '0@@', '%', 'gek@@', 'ro@@', 'mp@@', 'en', 'was@@', '.']
2026-05-24 12:20:32,138 - DEBUG - joeynmt.training - 	Tokenized hypothesis: ['I@@', 'k', 'lie@@', 't', 'j@@', 'aar', 'lie@@', 't', 'ik', 'de@@', 'ze', 'twee', 'dia@@', "'@@", 's', 'zo@@', 'dat', 'de', 'ar@@', 'c@@', 't@@', 'isch@@', 'e', 'ij@@', 'e', 'ij@@', 'fer@@', ',', 'wat', 'voor', 'de', 'mee@@', 'ste', 'drie', 'miljo@@', 'en', 'j@@', 'aar', 'is', 'de', 'groot@@', 'te', 'van', 'de', 'la@@', 'gere', '4@@', '8', 'stat@@', 'en@@', ',', 'is', 'is', 'het', 'af@@', 'gel@@', 'open', 'van', '4@@', '0', 'pro@@', 'cen@@', 't', '<unk>', '</s>']
2026-05-24 12:20:32,139 - INFO - joeynmt.training - 	Source:     ﻿La@@ st year I sho@@ we@@ d thes@@ e tw@@ o sli@@ de@@ s so that de@@ mon@@ strate that the ar@@ c@@ tic ic@@ e cap@@ , wh@@ ich for mo@@ st of the la@@ st th@@ ree milli@@ on year@@ s ha@@ s be@@ en the si@@ ze of the lo@@ wer 4@@ 8 stat@@ es@@ , ha@@ s sh@@ run@@ k b@@ y 4@@ 0 percen@@ t@@ .
2026-05-24 12:20:32,140 - INFO - joeynmt.training - 	Reference:  ﻿V@@ orig j@@ aar lie@@ t ik de@@ ze twee dia@@ '@@ s zi@@ en om aan te ton@@ en dat de p@@ ool@@ ij@@ sk@@ ap@@ , die de af@@ gel@@ open drie miljo@@ en j@@ aar onge@@ ve@@ er de groot@@ te had van het va@@ stel@@ and van de V@@ S@@ , met 4@@ 0@@ % gek@@ ro@@ mp@@ en was@@ .
2026-05-24 12:20:32,140 - INFO - joeynmt.training - 	Hypothesis: I@@ k lie@@ t j@@ aar lie@@ t ik de@@ ze twee dia@@ '@@ s zo@@ dat de ar@@ c@@ t@@ isch@@ e ij@@ e ij@@ fer@@ , wat voor de mee@@ ste drie miljo@@ en j@@ aar is de groot@@ te van de la@@ gere 4@@ 8 stat@@ en@@ , is is het af@@ gel@@ open van 4@@ 0 pro@@ cen@@ t <unk>
2026-05-24 12:20:32,141 - INFO - joeynmt.training - Example #1
2026-05-24 12:20:32,141 - DEBUG - joeynmt.training - 	Tokenized source:     ['Bu@@', 't', 'th@@', 'is', 'under@@', 'stat@@', 'es', 'the', 'ser@@', 'i@@', 'ou@@', 'sn@@', 'ess', 'of', 'th@@', 'is', 'particul@@', 'ar', 'proble@@', 'm', 'beca@@', 'us@@', 'e', 'it', 'does@@', 'n@@', "'@@", 't', 'sho@@', 'w', 'the', 'th@@', 'ic@@', 'kn@@', 'ess', 'of', 'the', 'ic@@', 'e@@', '.']
2026-05-24 12:20:32,141 - DEBUG - joeynmt.training - 	Tokenized reference:  ['M@@', 'aar', 'dit', 'onder@@', 'sch@@', 'at', 'eigen@@', 'lijk', 'de', 'ern@@', 'st', 'van', 'dit', 'specif@@', 'ie@@', 'ke', 'proble@@', 'em', 'om@@', 'dat', 'het', 'nie@@', 't', 'de', 'di@@', 'k@@', 'te', 'van', 'het', 'ij@@', 's', 'laat', 'zi@@', 'en@@', '.']
2026-05-24 12:20:32,141 - DEBUG - joeynmt.training - 	Tokenized hypothesis: ['M@@', 'aar', 'dit', 'beg@@', 'on@@', 'n@@', 'en', 'het', 'ser@@', 'ie@@', 'us', 'van', 'dit', 'specif@@', 'ie@@', 'ke', 'proble@@', 'em', 'om@@', 'dat', 'het', 'nie@@', 't', 'zo', 'di@@', 'k@@', 'te', 'van', 'het', 'ij@@', 's', 'nie@@', 't', 'to@@', 'ont', 'aan', 'het', 'di@@', 'k@@', 'te', 'van', 'het', 'ij@@', 's@@', '<unk>', '</s>']
2026-05-24 12:20:32,142 - INFO - joeynmt.training - 	Source:     Bu@@ t th@@ is under@@ stat@@ es the ser@@ i@@ ou@@ sn@@ ess of th@@ is particul@@ ar proble@@ m beca@@ us@@ e it does@@ n@@ '@@ t sho@@ w the th@@ ic@@ kn@@ ess of the ic@@ e@@ .
2026-05-24 12:20:32,142 - INFO - joeynmt.training - 	Reference:  M@@ aar dit onder@@ sch@@ at eigen@@ lijk de ern@@ st van dit specif@@ ie@@ ke proble@@ em om@@ dat het nie@@ t de di@@ k@@ te van het ij@@ s laat zi@@ en@@ .
2026-05-24 12:20:32,142 - INFO - joeynmt.training - 	Hypothesis: M@@ aar dit beg@@ on@@ n@@ en het ser@@ ie@@ us van dit specif@@ ie@@ ke proble@@ em om@@ dat het nie@@ t zo di@@ k@@ te van het ij@@ s nie@@ t to@@ ont aan het di@@ k@@ te van het ij@@ s@@ <unk>
2026-05-24 12:20:32,142 - INFO - joeynmt.training - Example #2
2026-05-24 12:20:32,143 - DEBUG - joeynmt.training - 	Tokenized source:     ['The', 'ar@@', 'c@@', 'tic', 'ic@@', 'e', 'cap', 'is@@', ',', 'in', 'a', 'sen@@', 'se@@', ',', 'the', 'be@@', 'at@@', 'ing', 'hear@@', 't', 'of', 'the', 'glob@@', 'al', 'cli@@', 'mat@@', 'e', 'system@@', '.']
2026-05-24 12:20:32,143 - DEBUG - joeynmt.training - 	Tokenized reference:  ['De', 'ij@@', 'sk@@', 'ap', 'op', 'de', 'Noor@@', 'd@@', 'p@@', 'ool', 'is', 'in', 'ze@@', 'ker@@', 'e', 'zin', 'het', 'kl@@', 'op@@', 'pen@@', 'd', 'har@@', 't', 'van', 'ons', 'glob@@', 'aal', 'kli@@', 'maat@@', 'syste@@', 'em@@', '.']
2026-05-24 12:20:32,143 - DEBUG - joeynmt.training - 	Tokenized hypothesis: ['De', 'ar@@', 'c@@', 't@@', 'isch@@', 'e', 'ij@@', 'fer@@', ',', 'in', 'ze@@', 'ker@@', 'e', 'zin', 'van', 'het', 'wereldwij@@', 'de', 'kli@@', 'mat@@', 'e', 'van', 'de', 'glob@@', 'al@@', 'e', 'kli@@', 'maat@@', 'syste@@', 'em@@', '<unk>', '</s>']
2026-05-24 12:20:32,143 - INFO - joeynmt.training - 	Source:     The ar@@ c@@ tic ic@@ e cap is@@ , in a sen@@ se@@ , the be@@ at@@ ing hear@@ t of the glob@@ al cli@@ mat@@ e system@@ .
2026-05-24 12:20:32,143 - INFO - joeynmt.training - 	Reference:  De ij@@ sk@@ ap op de Noor@@ d@@ p@@ ool is in ze@@ ker@@ e zin het kl@@ op@@ pen@@ d har@@ t van ons glob@@ aal kli@@ maat@@ syste@@ em@@ .
2026-05-24 12:20:32,143 - INFO - joeynmt.training - 	Hypothesis: De ar@@ c@@ t@@ isch@@ e ij@@ fer@@ , in ze@@ ker@@ e zin van het wereldwij@@ de kli@@ mat@@ e van de glob@@ al@@ e kli@@ maat@@ syste@@ em@@ <unk>
2026-05-24 12:20:32,143 - INFO - joeynmt.training - Example #3
2026-05-24 12:20:32,144 - DEBUG - joeynmt.training - 	Tokenized source:     ['I@@', 't', 'ex@@', 'p@@', 'and@@', 's', 'in', 'w@@', 'inter', 'and', 'con@@', 'trac@@', 'ts', 'in', 'su@@', 'm@@', 'mer@@', '.']
2026-05-24 12:20:32,144 - DEBUG - joeynmt.training - 	Tokenized reference:  ['H@@', 'et', 'zet', 'uit', 'in', 'de', 'w@@', 'inter', 'en', 'k@@', 'ri@@', 'mp@@', 't', 'in', 'de', 'zom@@', 'er@@', '.']
2026-05-24 12:20:32,144 - DEBUG - joeynmt.training - 	Tokenized hypothesis: ['H@@', 'et', 'ex@@', 'p@@', 'and@@', 's', 'in', 'w@@', 'inter', 'en', 'con@@', 'trac@@', 'ten', 'in', 'su@@', 'm@@', 'mer@@', '<unk>', '</s>']
2026-05-24 12:20:32,144 - INFO - joeynmt.training - 	Source:     I@@ t ex@@ p@@ and@@ s in w@@ inter and con@@ trac@@ ts in su@@ m@@ mer@@ .
2026-05-24 12:20:32,145 - INFO - joeynmt.training - 	Reference:  H@@ et zet uit in de w@@ inter en k@@ ri@@ mp@@ t in de zom@@ er@@ .
2026-05-24 12:20:32,145 - INFO - joeynmt.training - 	Hypothesis: H@@ et ex@@ p@@ and@@ s in w@@ inter en con@@ trac@@ ten in su@@ m@@ mer@@ <unk>
2026-05-24 12:20:32,145 - INFO - joeynmt.training - Example #4
2026-05-24 12:20:32,145 - DEBUG - joeynmt.training - 	Tokenized source:     ['The', 'ne@@', 'x@@', 't', 'sli@@', 'de', 'I', 'sho@@', 'w', 'you', 'will', 'be', 'a', 'ra@@', 'p@@', 'id', 'fa@@', 'st-@@', 'for@@', 'war@@', 'd', 'of', 'what@@', "'@@", 's', 'happen@@', 'ed', 'over', 'the', 'la@@', 'st', '2@@', '5', 'year@@', 's@@', '.']
2026-05-24 12:20:32,145 - DEBUG - joeynmt.training - 	Tokenized reference:  ['De', 'volgen@@', 'de', 'dia', 'die', 'ik', 'laat', 'zi@@', 'en', 'is', 'een', 'ver@@', 'snel@@', 'de', 'vers@@', 'ie', 'van', 'wat', 'er', 'de', 'af@@', 'gel@@', 'open', '2@@', '5', 'j@@', 'aar', 'is', 'gebeur@@', 'd@@', '.']
2026-05-24 12:20:32,145 - DEBUG - joeynmt.training - 	Tokenized hypothesis: ['De', 'volgen@@', 'de', 'dia', 'die', 'ik', 'laat', 'j@@', 'ul@@', 'lie', 'een', 'snel@@', 'le', 'snel@@', 'le', 'snel@@', 'heid', 'van', 'wat', 'er', 'gebeur@@', 'de', 'is', 'van', 'wat', 'er', 'gebeur@@', 'de', 'is', 'in', 'de', 'laat@@', 'ste', '2@@', '5', 'j@@', 'aar', 'gebeur@@', 'd@@', '<unk>', '</s>']
2026-05-24 12:20:32,147 - INFO - joeynmt.training - 	Source:     The ne@@ x@@ t sli@@ de I sho@@ w you will be a ra@@ p@@ id fa@@ st-@@ for@@ war@@ d of what@@ '@@ s happen@@ ed over the la@@ st 2@@ 5 year@@ s@@ .
2026-05-24 12:20:32,147 - INFO - joeynmt.training - 	Reference:  De volgen@@ de dia die ik laat zi@@ en is een ver@@ snel@@ de vers@@ ie van wat er de af@@ gel@@ open 2@@ 5 j@@ aar is gebeur@@ d@@ .
2026-05-24 12:20:32,147 - INFO - joeynmt.training - 	Hypothesis: De volgen@@ de dia die ik laat j@@ ul@@ lie een snel@@ le snel@@ le snel@@ heid van wat er gebeur@@ de is van wat er gebeur@@ de is in de laat@@ ste 2@@ 5 j@@ aar gebeur@@ d@@ <unk>
2026-05-24 12:21:46,792 - INFO - joeynmt.training - Epoch   7, Step:    26600, Batch Loss:     1.311126, Batch Acc: 0.628714, Tokens per Sec:      993, Lr: 0.000300
2026-05-24 12:22:33,897 - INFO - joeynmt.training - Epoch   7, Step:    26700, Batch Loss:     1.402489, Batch Acc: 0.627012, Tokens per Sec:     1569, Lr: 0.000300
2026-05-24 12:23:27,249 - INFO - joeynmt.training - Epoch   7, Step:    26800, Batch Loss:     1.455116, Batch Acc: 0.627036, Tokens per Sec:     1396, Lr: 0.000300
2026-05-24 12:24:09,827 - INFO - joeynmt.training - Epoch   7, Step:    26900, Batch Loss:     1.389857, Batch Acc: 0.623331, Tokens per Sec:     1752, Lr: 0.000300
2026-05-24 12:24:51,997 - INFO - joeynmt.training - Epoch   7, Step:    27000, Batch Loss:     1.406753, Batch Acc: 0.624971, Tokens per Sec:     1724, Lr: 0.000300
2026-05-24 12:24:51,998 - INFO - joeynmt.prediction - Predicting 1003 example(s)... (Greedy decoding with min_output_length=1, max_output_length=100, return_prob='none', generate_unk=True, repetition_penalty=-1, no_repeat_ngram_size=-1)
2026-05-24 12:26:44,879 - INFO - joeynmt.metrics - nrefs:1|case:mixed|eff:no|tok:13a|smooth:exp|version:2.6.0
2026-05-24 12:26:44,880 - INFO - joeynmt.prediction - Evaluation result (greedy) bleu:  37.43, loss:   1.68, ppl:   5.38, acc:   0.53, generation: 112.5033[sec], evaluation: 0.3627[sec]
2026-05-24 12:26:44,924 - INFO - joeynmt.helpers - delete output_bpe5000/26000.ckpt
2026-05-24 12:26:44,929 - INFO - joeynmt.training - Example #0
2026-05-24 12:26:44,929 - DEBUG - joeynmt.training - 	Tokenized source:     ['\ufeffLa@@', 'st', 'year', 'I', 'sho@@', 'we@@', 'd', 'thes@@', 'e', 'tw@@', 'o', 'sli@@', 'de@@', 's', 'so', 'that', 'de@@', 'mon@@', 'strate', 'that', 'the', 'ar@@', 'c@@', 'tic', 'ic@@', 'e', 'cap@@', ',', 'wh@@', 'ich', 'for', 'mo@@', 'st', 'of', 'the', 'la@@', 'st', 'th@@', 'ree', 'milli@@', 'on', 'year@@', 's', 'ha@@', 's', 'be@@', 'en', 'the', 'si@@', 'ze', 'of', 'the', 'lo@@', 'wer', '4@@', '8', 'stat@@', 'es@@', ',', 'ha@@', 's', 'sh@@', 'run@@', 'k', 'b@@', 'y', '4@@', '0', 'percen@@', 't@@', '.']
2026-05-24 12:26:44,929 - DEBUG - joeynmt.training - 	Tokenized reference:  ['\ufeffV@@', 'orig', 'j@@', 'aar', 'lie@@', 't', 'ik', 'de@@', 'ze', 'twee', 'dia@@', "'@@", 's', 'zi@@', 'en', 'om', 'aan', 'te', 'ton@@', 'en', 'dat', 'de', 'p@@', 'ool@@', 'ij@@', 'sk@@', 'ap@@', ',', 'die', 'de', 'af@@', 'gel@@', 'open', 'drie', 'miljo@@', 'en', 'j@@', 'aar', 'onge@@', 've@@', 'er', 'de', 'groot@@', 'te', 'had', 'van', 'het', 'va@@', 'stel@@', 'and', 'van', 'de', 'V@@', 'S@@', ',', 'met', '4@@', '0@@', '%', 'gek@@', 'ro@@', 'mp@@', 'en', 'was@@', '.']
2026-05-24 12:26:44,929 - DEBUG - joeynmt.training - 	Tokenized hypothesis: ['I@@', 'k', 'lie@@', 't', 'j@@', 'aar', 'lie@@', 't', 'ik', 'de@@', 'ze', 'twee', 'dia@@', "'@@", 's', 'zo@@', 'dat', 'de', 'ar@@', 'c@@', 't@@', 'isch@@', 'e', 'ij@@', 'st@@', 'cap@@', ',', 'die', 'voor', 'de', 'mee@@', 'ste', 'drie', 'miljo@@', 'en', 'j@@', 'aar', 'is', 'de', 'groot@@', 'te', 'van', 'de', 'la@@', 'gere', '4@@', '8', 'pro@@', 'cen@@', 't@@', '<unk>', '</s>']
2026-05-24 12:26:44,930 - INFO - joeynmt.training - 	Source:     ﻿La@@ st year I sho@@ we@@ d thes@@ e tw@@ o sli@@ de@@ s so that de@@ mon@@ strate that the ar@@ c@@ tic ic@@ e cap@@ , wh@@ ich for mo@@ st of the la@@ st th@@ ree milli@@ on year@@ s ha@@ s be@@ en the si@@ ze of the lo@@ wer 4@@ 8 stat@@ es@@ , ha@@ s sh@@ run@@ k b@@ y 4@@ 0 percen@@ t@@ .
2026-05-24 12:26:44,930 - INFO - joeynmt.training - 	Reference:  ﻿V@@ orig j@@ aar lie@@ t ik de@@ ze twee dia@@ '@@ s zi@@ en om aan te ton@@ en dat de p@@ ool@@ ij@@ sk@@ ap@@ , die de af@@ gel@@ open drie miljo@@ en j@@ aar onge@@ ve@@ er de groot@@ te had van het va@@ stel@@ and van de V@@ S@@ , met 4@@ 0@@ % gek@@ ro@@ mp@@ en was@@ .
2026-05-24 12:26:44,930 - INFO - joeynmt.training - 	Hypothesis: I@@ k lie@@ t j@@ aar lie@@ t ik de@@ ze twee dia@@ '@@ s zo@@ dat de ar@@ c@@ t@@ isch@@ e ij@@ st@@ cap@@ , die voor de mee@@ ste drie miljo@@ en j@@ aar is de groot@@ te van de la@@ gere 4@@ 8 pro@@ cen@@ t@@ <unk>
2026-05-24 12:26:44,930 - INFO - joeynmt.training - Example #1
2026-05-24 12:26:44,930 - DEBUG - joeynmt.training - 	Tokenized source:     ['Bu@@', 't', 'th@@', 'is', 'under@@', 'stat@@', 'es', 'the', 'ser@@', 'i@@', 'ou@@', 'sn@@', 'ess', 'of', 'th@@', 'is', 'particul@@', 'ar', 'proble@@', 'm', 'beca@@', 'us@@', 'e', 'it', 'does@@', 'n@@', "'@@", 't', 'sho@@', 'w', 'the', 'th@@', 'ic@@', 'kn@@', 'ess', 'of', 'the', 'ic@@', 'e@@', '.']
2026-05-24 12:26:44,930 - DEBUG - joeynmt.training - 	Tokenized reference:  ['M@@', 'aar', 'dit', 'onder@@', 'sch@@', 'at', 'eigen@@', 'lijk', 'de', 'ern@@', 'st', 'van', 'dit', 'specif@@', 'ie@@', 'ke', 'proble@@', 'em', 'om@@', 'dat', 'het', 'nie@@', 't', 'de', 'di@@', 'k@@', 'te', 'van', 'het', 'ij@@', 's', 'laat', 'zi@@', 'en@@', '.']
2026-05-24 12:26:44,930 - DEBUG - joeynmt.training - 	Tokenized hypothesis: ['M@@', 'aar', 'dit', 'onder@@', 'handel@@', 't', 'de', 'ser@@', 'ie@@', 'us', 'van', 'dit', 'bij@@', 'zonder', 'proble@@', 'em', 'om@@', 'dat', 'het', 'nie@@', 't', 'de', 'di@@', 'k@@', 'ker', 'nie@@', 't', 'de', 'di@@', 'k@@', 'te', 'van', 'het', 'ij@@', 's@@', '<unk>', '</s>']
2026-05-24 12:26:44,930 - INFO - joeynmt.training - 	Source:     Bu@@ t th@@ is under@@ stat@@ es the ser@@ i@@ ou@@ sn@@ ess of th@@ is particul@@ ar proble@@ m beca@@ us@@ e it does@@ n@@ '@@ t sho@@ w the th@@ ic@@ kn@@ ess of the ic@@ e@@ .
2026-05-24 12:26:44,930 - INFO - joeynmt.training - 	Reference:  M@@ aar dit onder@@ sch@@ at eigen@@ lijk de ern@@ st van dit specif@@ ie@@ ke proble@@ em om@@ dat het nie@@ t de di@@ k@@ te van het ij@@ s laat zi@@ en@@ .
2026-05-24 12:26:44,930 - INFO - joeynmt.training - 	Hypothesis: M@@ aar dit onder@@ handel@@ t de ser@@ ie@@ us van dit bij@@ zonder proble@@ em om@@ dat het nie@@ t de di@@ k@@ ker nie@@ t de di@@ k@@ te van het ij@@ s@@ <unk>
2026-05-24 12:26:44,931 - INFO - joeynmt.training - Example #2
2026-05-24 12:26:44,931 - DEBUG - joeynmt.training - 	Tokenized source:     ['The', 'ar@@', 'c@@', 'tic', 'ic@@', 'e', 'cap', 'is@@', ',', 'in', 'a', 'sen@@', 'se@@', ',', 'the', 'be@@', 'at@@', 'ing', 'hear@@', 't', 'of', 'the', 'glob@@', 'al', 'cli@@', 'mat@@', 'e', 'system@@', '.']
2026-05-24 12:26:44,931 - DEBUG - joeynmt.training - 	Tokenized reference:  ['De', 'ij@@', 'sk@@', 'ap', 'op', 'de', 'Noor@@', 'd@@', 'p@@', 'ool', 'is', 'in', 'ze@@', 'ker@@', 'e', 'zin', 'het', 'kl@@', 'op@@', 'pen@@', 'd', 'har@@', 't', 'van', 'ons', 'glob@@', 'aal', 'kli@@', 'maat@@', 'syste@@', 'em@@', '.']
2026-05-24 12:26:44,931 - DEBUG - joeynmt.training - 	Tokenized hypothesis: ['De', 'ar@@', 'c@@', 't@@', 'isch@@', 'e', 'ij@@', 'fer', 'is', 'in', 'ze@@', 'ker@@', 'e', 'zin@@', ',', 'het', 'be@@', 'ste@@', 'den', 'van', 'het', 'glob@@', 'al@@', 'e', 'kli@@', 'maat@@', 'syste@@', 'em', 'te', 'zijn@@', '<unk>', '</s>']
2026-05-24 12:26:44,931 - INFO - joeynmt.training - 	Source:     The ar@@ c@@ tic ic@@ e cap is@@ , in a sen@@ se@@ , the be@@ at@@ ing hear@@ t of the glob@@ al cli@@ mat@@ e system@@ .
2026-05-24 12:26:44,931 - INFO - joeynmt.training - 	Reference:  De ij@@ sk@@ ap op de Noor@@ d@@ p@@ ool is in ze@@ ker@@ e zin het kl@@ op@@ pen@@ d har@@ t van ons glob@@ aal kli@@ maat@@ syste@@ em@@ .
2026-05-24 12:26:44,931 - INFO - joeynmt.training - 	Hypothesis: De ar@@ c@@ t@@ isch@@ e ij@@ fer is in ze@@ ker@@ e zin@@ , het be@@ ste@@ den van het glob@@ al@@ e kli@@ maat@@ syste@@ em te zijn@@ <unk>
2026-05-24 12:26:44,931 - INFO - joeynmt.training - Example #3
2026-05-24 12:26:44,931 - DEBUG - joeynmt.training - 	Tokenized source:     ['I@@', 't', 'ex@@', 'p@@', 'and@@', 's', 'in', 'w@@', 'inter', 'and', 'con@@', 'trac@@', 'ts', 'in', 'su@@', 'm@@', 'mer@@', '.']
2026-05-24 12:26:44,931 - DEBUG - joeynmt.training - 	Tokenized reference:  ['H@@', 'et', 'zet', 'uit', 'in', 'de', 'w@@', 'inter', 'en', 'k@@', 'ri@@', 'mp@@', 't', 'in', 'de', 'zom@@', 'er@@', '.']
2026-05-24 12:26:44,931 - DEBUG - joeynmt.training - 	Tokenized hypothesis: ['H@@', 'et', 'ex@@', 'p@@', 'ad@@', 'den', 'in', 'w@@', 'inter', 'en', 'con@@', 'trac@@', 'ten', 'in', 'zom@@', 'er@@', '<unk>', '</s>']
2026-05-24 12:26:44,931 - INFO - joeynmt.training - 	Source:     I@@ t ex@@ p@@ and@@ s in w@@ inter and con@@ trac@@ ts in su@@ m@@ mer@@ .
2026-05-24 12:26:44,931 - INFO - joeynmt.training - 	Reference:  H@@ et zet uit in de w@@ inter en k@@ ri@@ mp@@ t in de zom@@ er@@ .
2026-05-24 12:26:44,931 - INFO - joeynmt.training - 	Hypothesis: H@@ et ex@@ p@@ ad@@ den in w@@ inter en con@@ trac@@ ten in zom@@ er@@ <unk>
2026-05-24 12:26:44,931 - INFO - joeynmt.training - Example #4
2026-05-24 12:26:44,931 - DEBUG - joeynmt.training - 	Tokenized source:     ['The', 'ne@@', 'x@@', 't', 'sli@@', 'de', 'I', 'sho@@', 'w', 'you', 'will', 'be', 'a', 'ra@@', 'p@@', 'id', 'fa@@', 'st-@@', 'for@@', 'war@@', 'd', 'of', 'what@@', "'@@", 's', 'happen@@', 'ed', 'over', 'the', 'la@@', 'st', '2@@', '5', 'year@@', 's@@', '.']
2026-05-24 12:26:44,931 - DEBUG - joeynmt.training - 	Tokenized reference:  ['De', 'volgen@@', 'de', 'dia', 'die', 'ik', 'laat', 'zi@@', 'en', 'is', 'een', 'ver@@', 'snel@@', 'de', 'vers@@', 'ie', 'van', 'wat', 'er', 'de', 'af@@', 'gel@@', 'open', '2@@', '5', 'j@@', 'aar', 'is', 'gebeur@@', 'd@@', '.']
2026-05-24 12:26:44,931 - DEBUG - joeynmt.training - 	Tokenized hypothesis: ['De', 'volgen@@', 'de', 'dia', 'die', 'ik', 'laat', 'zi@@', 'en', 'dat', 'ik', 'je', 'een', 'snel@@', 'heid', 'z@@', 'al', 'lat@@', 'en', 'zi@@', 'en', 'van', 'wat', 'er', 'gebeur@@', 'd', 'is', 'van', 'wat', 'er', 'gebeur@@', 'd', 'is@@', '<unk>', '</s>']
2026-05-24 12:26:44,931 - INFO - joeynmt.training - 	Source:     The ne@@ x@@ t sli@@ de I sho@@ w you will be a ra@@ p@@ id fa@@ st-@@ for@@ war@@ d of what@@ '@@ s happen@@ ed over the la@@ st 2@@ 5 year@@ s@@ .
2026-05-24 12:26:44,931 - INFO - joeynmt.training - 	Reference:  De volgen@@ de dia die ik laat zi@@ en is een ver@@ snel@@ de vers@@ ie van wat er de af@@ gel@@ open 2@@ 5 j@@ aar is gebeur@@ d@@ .
2026-05-24 12:26:44,931 - INFO - joeynmt.training - 	Hypothesis: De volgen@@ de dia die ik laat zi@@ en dat ik je een snel@@ heid z@@ al lat@@ en zi@@ en van wat er gebeur@@ d is van wat er gebeur@@ d is@@ <unk>
2026-05-24 12:27:39,053 - INFO - joeynmt.training - Epoch   7, Step:    27100, Batch Loss:     1.308188, Batch Acc: 0.626359, Tokens per Sec:     1375, Lr: 0.000300
2026-05-24 12:28:32,415 - INFO - joeynmt.training - Epoch   7, Step:    27200, Batch Loss:     1.279681, Batch Acc: 0.628518, Tokens per Sec:     1405, Lr: 0.000300
2026-05-24 12:29:50,722 - INFO - joeynmt.training - Epoch   7, Step:    27300, Batch Loss:     1.169708, Batch Acc: 0.624828, Tokens per Sec:      920, Lr: 0.000300
2026-05-24 13:25:33,367 - INFO - joeynmt.training - Epoch   7, Step:    27400, Batch Loss:     1.214986, Batch Acc: 0.623544, Tokens per Sec:     1962, Lr: 0.000300
2026-05-24 13:26:35,538 - INFO - joeynmt.training - Epoch   7, Step:    27500, Batch Loss:     1.315593, Batch Acc: 0.625935, Tokens per Sec:     1207, Lr: 0.000300
2026-05-24 13:26:35,539 - INFO - joeynmt.prediction - Predicting 1003 example(s)... (Greedy decoding with min_output_length=1, max_output_length=100, return_prob='none', generate_unk=True, repetition_penalty=-1, no_repeat_ngram_size=-1)
2026-05-24 13:29:44,213 - INFO - joeynmt.metrics - nrefs:1|case:mixed|eff:no|tok:13a|smooth:exp|version:2.6.0
2026-05-24 13:29:44,213 - INFO - joeynmt.prediction - Evaluation result (greedy) bleu:  37.60, loss:   1.68, ppl:   5.35, acc:   0.53, generation: 188.0251[sec], evaluation: 0.6197[sec]
2026-05-24 13:29:44,218 - INFO - joeynmt.training - Hooray! New best validation result [ppl]!
2026-05-24 13:29:44,341 - INFO - joeynmt.helpers - delete output_bpe5000/24000.ckpt
2026-05-24 13:29:44,353 - INFO - joeynmt.training - Example #0
2026-05-24 13:29:44,354 - DEBUG - joeynmt.training - 	Tokenized source:     ['\ufeffLa@@', 'st', 'year', 'I', 'sho@@', 'we@@', 'd', 'thes@@', 'e', 'tw@@', 'o', 'sli@@', 'de@@', 's', 'so', 'that', 'de@@', 'mon@@', 'strate', 'that', 'the', 'ar@@', 'c@@', 'tic', 'ic@@', 'e', 'cap@@', ',', 'wh@@', 'ich', 'for', 'mo@@', 'st', 'of', 'the', 'la@@', 'st', 'th@@', 'ree', 'milli@@', 'on', 'year@@', 's', 'ha@@', 's', 'be@@', 'en', 'the', 'si@@', 'ze', 'of', 'the', 'lo@@', 'wer', '4@@', '8', 'stat@@', 'es@@', ',', 'ha@@', 's', 'sh@@', 'run@@', 'k', 'b@@', 'y', '4@@', '0', 'percen@@', 't@@', '.']
2026-05-24 13:29:44,354 - DEBUG - joeynmt.training - 	Tokenized reference:  ['\ufeffV@@', 'orig', 'j@@', 'aar', 'lie@@', 't', 'ik', 'de@@', 'ze', 'twee', 'dia@@', "'@@", 's', 'zi@@', 'en', 'om', 'aan', 'te', 'ton@@', 'en', 'dat', 'de', 'p@@', 'ool@@', 'ij@@', 'sk@@', 'ap@@', ',', 'die', 'de', 'af@@', 'gel@@', 'open', 'drie', 'miljo@@', 'en', 'j@@', 'aar', 'onge@@', 've@@', 'er', 'de', 'groot@@', 'te', 'had', 'van', 'het', 'va@@', 'stel@@', 'and', 'van', 'de', 'V@@', 'S@@', ',', 'met', '4@@', '0@@', '%', 'gek@@', 'ro@@', 'mp@@', 'en', 'was@@', '.']
2026-05-24 13:29:44,354 - DEBUG - joeynmt.training - 	Tokenized hypothesis: ['H@@', 'et', 'is', 'het', 'laat@@', 'ste', 'j@@', 'aar', 'lie@@', 't', 'ik', 'de@@', 'ze', 'twee', 'dia@@', "'@@", 's', 'zo@@', 'dat', 'de', 'ar@@', 'c@@', 't@@', 'isch@@', 'e', 'ij@@', 'fer@@', 's', 'van', 'de', 'laat@@', 'ste', 'drie', 'miljo@@', 'en', 'j@@', 'aar', 'is', 'de', 'groot@@', 'te', 'van', 'de', 'la@@', 'gere', '4@@', '0', 'pro@@', 'cen@@', 't@@', '<unk>', '</s>']
2026-05-24 13:29:44,354 - INFO - joeynmt.training - 	Source:     ﻿La@@ st year I sho@@ we@@ d thes@@ e tw@@ o sli@@ de@@ s so that de@@ mon@@ strate that the ar@@ c@@ tic ic@@ e cap@@ , wh@@ ich for mo@@ st of the la@@ st th@@ ree milli@@ on year@@ s ha@@ s be@@ en the si@@ ze of the lo@@ wer 4@@ 8 stat@@ es@@ , ha@@ s sh@@ run@@ k b@@ y 4@@ 0 percen@@ t@@ .
2026-05-24 13:29:44,354 - INFO - joeynmt.training - 	Reference:  ﻿V@@ orig j@@ aar lie@@ t ik de@@ ze twee dia@@ '@@ s zi@@ en om aan te ton@@ en dat de p@@ ool@@ ij@@ sk@@ ap@@ , die de af@@ gel@@ open drie miljo@@ en j@@ aar onge@@ ve@@ er de groot@@ te had van het va@@ stel@@ and van de V@@ S@@ , met 4@@ 0@@ % gek@@ ro@@ mp@@ en was@@ .
2026-05-24 13:29:44,355 - INFO - joeynmt.training - 	Hypothesis: H@@ et is het laat@@ ste j@@ aar lie@@ t ik de@@ ze twee dia@@ '@@ s zo@@ dat de ar@@ c@@ t@@ isch@@ e ij@@ fer@@ s van de laat@@ ste drie miljo@@ en j@@ aar is de groot@@ te van de la@@ gere 4@@ 0 pro@@ cen@@ t@@ <unk>
2026-05-24 13:29:44,355 - INFO - joeynmt.training - Example #1
2026-05-24 13:29:44,355 - DEBUG - joeynmt.training - 	Tokenized source:     ['Bu@@', 't', 'th@@', 'is', 'under@@', 'stat@@', 'es', 'the', 'ser@@', 'i@@', 'ou@@', 'sn@@', 'ess', 'of', 'th@@', 'is', 'particul@@', 'ar', 'proble@@', 'm', 'beca@@', 'us@@', 'e', 'it', 'does@@', 'n@@', "'@@", 't', 'sho@@', 'w', 'the', 'th@@', 'ic@@', 'kn@@', 'ess', 'of', 'the', 'ic@@', 'e@@', '.']
2026-05-24 13:29:44,355 - DEBUG - joeynmt.training - 	Tokenized reference:  ['M@@', 'aar', 'dit', 'onder@@', 'sch@@', 'at', 'eigen@@', 'lijk', 'de', 'ern@@', 'st', 'van', 'dit', 'specif@@', 'ie@@', 'ke', 'proble@@', 'em', 'om@@', 'dat', 'het', 'nie@@', 't', 'de', 'di@@', 'k@@', 'te', 'van', 'het', 'ij@@', 's', 'laat', 'zi@@', 'en@@', '.']
2026-05-24 13:29:44,355 - DEBUG - joeynmt.training - 	Tokenized hypothesis: ['M@@', 'aar', 'dit', 'onder@@', 'stat@@', 'en', 'de', 'ser@@', 'ie@@', 'us', 'van', 'dit', 'proble@@', 'em', 'om@@', 'dat', 'het', 'nie@@', 't', 'laat', 'zi@@', 'en@@', '<unk>', '</s>']
2026-05-24 13:29:44,355 - INFO - joeynmt.training - 	Source:     Bu@@ t th@@ is under@@ stat@@ es the ser@@ i@@ ou@@ sn@@ ess of th@@ is particul@@ ar proble@@ m beca@@ us@@ e it does@@ n@@ '@@ t sho@@ w the th@@ ic@@ kn@@ ess of the ic@@ e@@ .
2026-05-24 13:29:44,356 - INFO - joeynmt.training - 	Reference:  M@@ aar dit onder@@ sch@@ at eigen@@ lijk de ern@@ st van dit specif@@ ie@@ ke proble@@ em om@@ dat het nie@@ t de di@@ k@@ te van het ij@@ s laat zi@@ en@@ .
2026-05-24 13:29:44,356 - INFO - joeynmt.training - 	Hypothesis: M@@ aar dit onder@@ stat@@ en de ser@@ ie@@ us van dit proble@@ em om@@ dat het nie@@ t laat zi@@ en@@ <unk>
2026-05-24 13:29:44,356 - INFO - joeynmt.training - Example #2
2026-05-24 13:29:44,356 - DEBUG - joeynmt.training - 	Tokenized source:     ['The', 'ar@@', 'c@@', 'tic', 'ic@@', 'e', 'cap', 'is@@', ',', 'in', 'a', 'sen@@', 'se@@', ',', 'the', 'be@@', 'at@@', 'ing', 'hear@@', 't', 'of', 'the', 'glob@@', 'al', 'cli@@', 'mat@@', 'e', 'system@@', '.']
2026-05-24 13:29:44,356 - DEBUG - joeynmt.training - 	Tokenized reference:  ['De', 'ij@@', 'sk@@', 'ap', 'op', 'de', 'Noor@@', 'd@@', 'p@@', 'ool', 'is', 'in', 'ze@@', 'ker@@', 'e', 'zin', 'het', 'kl@@', 'op@@', 'pen@@', 'd', 'har@@', 't', 'van', 'ons', 'glob@@', 'aal', 'kli@@', 'maat@@', 'syste@@', 'em@@', '.']
2026-05-24 13:29:44,356 - DEBUG - joeynmt.training - 	Tokenized hypothesis: ['De', 'ar@@', 'c@@', 't@@', 'isch@@', 'e', 'ij@@', 'd@@', 's', 'is', 'in', 'ze@@', 'ker@@', 'e', 'zin', 'het', 'be@@', 'er@@', 'van', 'het', 'glob@@', 'al@@', 'e', 'kli@@', 'maat@@', 'syste@@', 'em@@', '<unk>', '</s>']
2026-05-24 13:29:44,356 - INFO - joeynmt.training - 	Source:     The ar@@ c@@ tic ic@@ e cap is@@ , in a sen@@ se@@ , the be@@ at@@ ing hear@@ t of the glob@@ al cli@@ mat@@ e system@@ .
2026-05-24 13:29:44,356 - INFO - joeynmt.training - 	Reference:  De ij@@ sk@@ ap op de Noor@@ d@@ p@@ ool is in ze@@ ker@@ e zin het kl@@ op@@ pen@@ d har@@ t van ons glob@@ aal kli@@ maat@@ syste@@ em@@ .
2026-05-24 13:29:44,357 - INFO - joeynmt.training - 	Hypothesis: De ar@@ c@@ t@@ isch@@ e ij@@ d@@ s is in ze@@ ker@@ e zin het be@@ er@@ van het glob@@ al@@ e kli@@ maat@@ syste@@ em@@ <unk>
2026-05-24 13:29:44,357 - INFO - joeynmt.training - Example #3
2026-05-24 13:29:44,357 - DEBUG - joeynmt.training - 	Tokenized source:     ['I@@', 't', 'ex@@', 'p@@', 'and@@', 's', 'in', 'w@@', 'inter', 'and', 'con@@', 'trac@@', 'ts', 'in', 'su@@', 'm@@', 'mer@@', '.']
2026-05-24 13:29:44,357 - DEBUG - joeynmt.training - 	Tokenized reference:  ['H@@', 'et', 'zet', 'uit', 'in', 'de', 'w@@', 'inter', 'en', 'k@@', 'ri@@', 'mp@@', 't', 'in', 'de', 'zom@@', 'er@@', '.']
2026-05-24 13:29:44,357 - DEBUG - joeynmt.training - 	Tokenized hypothesis: ['H@@', 'et', 'ex@@', 'p@@', 'and@@', 's', 'in', 'w@@', 'inter', 'en', 'con@@', 'trac@@', 'ten', 'in', 'zom@@', 'er@@', '<unk>', '</s>']
2026-05-24 13:29:44,357 - INFO - joeynmt.training - 	Source:     I@@ t ex@@ p@@ and@@ s in w@@ inter and con@@ trac@@ ts in su@@ m@@ mer@@ .
2026-05-24 13:29:44,357 - INFO - joeynmt.training - 	Reference:  H@@ et zet uit in de w@@ inter en k@@ ri@@ mp@@ t in de zom@@ er@@ .
2026-05-24 13:29:44,357 - INFO - joeynmt.training - 	Hypothesis: H@@ et ex@@ p@@ and@@ s in w@@ inter en con@@ trac@@ ten in zom@@ er@@ <unk>
2026-05-24 13:29:44,357 - INFO - joeynmt.training - Example #4
2026-05-24 13:29:44,358 - DEBUG - joeynmt.training - 	Tokenized source:     ['The', 'ne@@', 'x@@', 't', 'sli@@', 'de', 'I', 'sho@@', 'w', 'you', 'will', 'be', 'a', 'ra@@', 'p@@', 'id', 'fa@@', 'st-@@', 'for@@', 'war@@', 'd', 'of', 'what@@', "'@@", 's', 'happen@@', 'ed', 'over', 'the', 'la@@', 'st', '2@@', '5', 'year@@', 's@@', '.']
2026-05-24 13:29:44,358 - DEBUG - joeynmt.training - 	Tokenized reference:  ['De', 'volgen@@', 'de', 'dia', 'die', 'ik', 'laat', 'zi@@', 'en', 'is', 'een', 'ver@@', 'snel@@', 'de', 'vers@@', 'ie', 'van', 'wat', 'er', 'de', 'af@@', 'gel@@', 'open', '2@@', '5', 'j@@', 'aar', 'is', 'gebeur@@', 'd@@', '.']
2026-05-24 13:29:44,358 - DEBUG - joeynmt.training - 	Tokenized hypothesis: ['De', 'volgen@@', 'de', 'dia', 'die', 'ik', 'laat', 'zi@@', 'en', 'dat', 'ik', 'je', 'een', 'snel@@', 'le', 'fa@@', 'st-@@', 'vooruit@@', 'gan@@', 'g', 'zijn', 'van', 'wat', 'er', 'gebeur@@', 'de', 'is', 'van', 'wat', 'er', 'gebeur@@', 'de', 'is', 'in', 'de', 'laat@@', 'ste', '2@@', '5', 'j@@', 'aar@@', '<unk>', '</s>']
2026-05-24 13:29:44,358 - INFO - joeynmt.training - 	Source:     The ne@@ x@@ t sli@@ de I sho@@ w you will be a ra@@ p@@ id fa@@ st-@@ for@@ war@@ d of what@@ '@@ s happen@@ ed over the la@@ st 2@@ 5 year@@ s@@ .
2026-05-24 13:29:44,358 - INFO - joeynmt.training - 	Reference:  De volgen@@ de dia die ik laat zi@@ en is een ver@@ snel@@ de vers@@ ie van wat er de af@@ gel@@ open 2@@ 5 j@@ aar is gebeur@@ d@@ .
2026-05-24 13:29:44,358 - INFO - joeynmt.training - 	Hypothesis: De volgen@@ de dia die ik laat zi@@ en dat ik je een snel@@ le fa@@ st-@@ vooruit@@ gan@@ g zijn van wat er gebeur@@ de is van wat er gebeur@@ de is in de laat@@ ste 2@@ 5 j@@ aar@@ <unk>
2026-05-24 13:30:45,985 - INFO - joeynmt.training - Epoch   7, Step:    27600, Batch Loss:     1.333744, Batch Acc: 0.624350, Tokens per Sec:     1174, Lr: 0.000300
2026-05-24 13:31:49,981 - INFO - joeynmt.training - Epoch   7, Step:    27700, Batch Loss:     1.255309, Batch Acc: 0.622096, Tokens per Sec:     1154, Lr: 0.000300
2026-05-24 13:32:53,978 - INFO - joeynmt.training - Epoch   7, Step:    27800, Batch Loss:     1.352113, Batch Acc: 0.625865, Tokens per Sec:     1161, Lr: 0.000300
2026-05-24 13:33:53,050 - INFO - joeynmt.training - Epoch   7, Step:    27900, Batch Loss:     1.439643, Batch Acc: 0.623651, Tokens per Sec:     1270, Lr: 0.000300
2026-05-24 13:34:55,165 - INFO - joeynmt.training - Epoch   7, Step:    28000, Batch Loss:     1.272450, Batch Acc: 0.626744, Tokens per Sec:     1194, Lr: 0.000300
2026-05-24 13:34:55,166 - INFO - joeynmt.prediction - Predicting 1003 example(s)... (Greedy decoding with min_output_length=1, max_output_length=100, return_prob='none', generate_unk=True, repetition_penalty=-1, no_repeat_ngram_size=-1)
2026-05-24 13:38:27,008 - INFO - joeynmt.metrics - nrefs:1|case:mixed|eff:no|tok:13a|smooth:exp|version:2.6.0
2026-05-24 13:38:27,009 - INFO - joeynmt.prediction - Evaluation result (greedy) bleu:  36.71, loss:   1.67, ppl:   5.33, acc:   0.54, generation: 211.2333[sec], evaluation: 0.5920[sec]
2026-05-24 13:38:27,011 - INFO - joeynmt.training - Hooray! New best validation result [ppl]!
2026-05-24 13:38:27,094 - INFO - joeynmt.helpers - delete output_bpe5000/24500.ckpt
2026-05-24 13:38:27,096 - INFO - joeynmt.training - Example #0
2026-05-24 13:38:27,096 - DEBUG - joeynmt.training - 	Tokenized source:     ['\ufeffLa@@', 'st', 'year', 'I', 'sho@@', 'we@@', 'd', 'thes@@', 'e', 'tw@@', 'o', 'sli@@', 'de@@', 's', 'so', 'that', 'de@@', 'mon@@', 'strate', 'that', 'the', 'ar@@', 'c@@', 'tic', 'ic@@', 'e', 'cap@@', ',', 'wh@@', 'ich', 'for', 'mo@@', 'st', 'of', 'the', 'la@@', 'st', 'th@@', 'ree', 'milli@@', 'on', 'year@@', 's', 'ha@@', 's', 'be@@', 'en', 'the', 'si@@', 'ze', 'of', 'the', 'lo@@', 'wer', '4@@', '8', 'stat@@', 'es@@', ',', 'ha@@', 's', 'sh@@', 'run@@', 'k', 'b@@', 'y', '4@@', '0', 'percen@@', 't@@', '.']
2026-05-24 13:38:27,096 - DEBUG - joeynmt.training - 	Tokenized reference:  ['\ufeffV@@', 'orig', 'j@@', 'aar', 'lie@@', 't', 'ik', 'de@@', 'ze', 'twee', 'dia@@', "'@@", 's', 'zi@@', 'en', 'om', 'aan', 'te', 'ton@@', 'en', 'dat', 'de', 'p@@', 'ool@@', 'ij@@', 'sk@@', 'ap@@', ',', 'die', 'de', 'af@@', 'gel@@', 'open', 'drie', 'miljo@@', 'en', 'j@@', 'aar', 'onge@@', 've@@', 'er', 'de', 'groot@@', 'te', 'had', 'van', 'het', 'va@@', 'stel@@', 'and', 'van', 'de', 'V@@', 'S@@', ',', 'met', '4@@', '0@@', '%', 'gek@@', 'ro@@', 'mp@@', 'en', 'was@@', '.']
2026-05-24 13:38:27,096 - DEBUG - joeynmt.training - 	Tokenized hypothesis: ['H@@', 'et', 'is', 'het', 'laat@@', 'ste', 'j@@', 'aar', 'lie@@', 't', 'zi@@', 'en', 'zo@@', 'dat', 'de', 'ar@@', 'c@@', 't@@', 'isch@@', 'e', 'ij@@', 's', 'van', 'de', 'af@@', 'gel@@', 'open', 'drie', 'miljo@@', 'en', 'j@@', 'aar', 'is', 'de', 'groot@@', 'ste', 'drie', 'miljo@@', 'en', 'j@@', 'aar', 'is', 'gewe@@', 'est', 'de', 'groot@@', 'te', 'van', 'de', 'onder@@', 'onder@@', 'onder@@', 'onder@@', 'ste', '4@@', '0', 'pro@@', 'cen@@', 't', 'ge@@', 'zi@@', 'en@@', ',', 'is', 'door', '4@@', '0', 'pro@@', 'cen@@', 't', 'ge@@', 'zi@@', 'en@@', '<unk>', '</s>']
2026-05-24 13:38:27,097 - INFO - joeynmt.training - 	Source:     ﻿La@@ st year I sho@@ we@@ d thes@@ e tw@@ o sli@@ de@@ s so that de@@ mon@@ strate that the ar@@ c@@ tic ic@@ e cap@@ , wh@@ ich for mo@@ st of the la@@ st th@@ ree milli@@ on year@@ s ha@@ s be@@ en the si@@ ze of the lo@@ wer 4@@ 8 stat@@ es@@ , ha@@ s sh@@ run@@ k b@@ y 4@@ 0 percen@@ t@@ .
2026-05-24 13:38:27,097 - INFO - joeynmt.training - 	Reference:  ﻿V@@ orig j@@ aar lie@@ t ik de@@ ze twee dia@@ '@@ s zi@@ en om aan te ton@@ en dat de p@@ ool@@ ij@@ sk@@ ap@@ , die de af@@ gel@@ open drie miljo@@ en j@@ aar onge@@ ve@@ er de groot@@ te had van het va@@ stel@@ and van de V@@ S@@ , met 4@@ 0@@ % gek@@ ro@@ mp@@ en was@@ .
2026-05-24 13:38:27,097 - INFO - joeynmt.training - 	Hypothesis: H@@ et is het laat@@ ste j@@ aar lie@@ t zi@@ en zo@@ dat de ar@@ c@@ t@@ isch@@ e ij@@ s van de af@@ gel@@ open drie miljo@@ en j@@ aar is de groot@@ ste drie miljo@@ en j@@ aar is gewe@@ est de groot@@ te van de onder@@ onder@@ onder@@ onder@@ ste 4@@ 0 pro@@ cen@@ t ge@@ zi@@ en@@ , is door 4@@ 0 pro@@ cen@@ t ge@@ zi@@ en@@ <unk>
2026-05-24 13:38:27,097 - INFO - joeynmt.training - Example #1
2026-05-24 13:38:27,097 - DEBUG - joeynmt.training - 	Tokenized source:     ['Bu@@', 't', 'th@@', 'is', 'under@@', 'stat@@', 'es', 'the', 'ser@@', 'i@@', 'ou@@', 'sn@@', 'ess', 'of', 'th@@', 'is', 'particul@@', 'ar', 'proble@@', 'm', 'beca@@', 'us@@', 'e', 'it', 'does@@', 'n@@', "'@@", 't', 'sho@@', 'w', 'the', 'th@@', 'ic@@', 'kn@@', 'ess', 'of', 'the', 'ic@@', 'e@@', '.']
2026-05-24 13:38:27,097 - DEBUG - joeynmt.training - 	Tokenized reference:  ['M@@', 'aar', 'dit', 'onder@@', 'sch@@', 'at', 'eigen@@', 'lijk', 'de', 'ern@@', 'st', 'van', 'dit', 'specif@@', 'ie@@', 'ke', 'proble@@', 'em', 'om@@', 'dat', 'het', 'nie@@', 't', 'de', 'di@@', 'k@@', 'te', 'van', 'het', 'ij@@', 's', 'laat', 'zi@@', 'en@@', '.']
2026-05-24 13:38:27,097 - DEBUG - joeynmt.training - 	Tokenized hypothesis: ['M@@', 'aar', 'dit', 'onder@@', 'stat@@', 'en', 'de', 'ser@@', 'ie@@', 'us', 'van', 'dit', 'proble@@', 'em', 'om@@', 'dat', 'het', 'nie@@', 't', 'van', 'het', 'ij@@', 's', 'nie@@', 't', 'de', 'de@@', 'ze', 'ij@@', 's', 'nie@@', 't', 'laat', 'zi@@', 'en@@', '<unk>', '</s>']
2026-05-24 13:38:27,097 - INFO - joeynmt.training - 	Source:     Bu@@ t th@@ is under@@ stat@@ es the ser@@ i@@ ou@@ sn@@ ess of th@@ is particul@@ ar proble@@ m beca@@ us@@ e it does@@ n@@ '@@ t sho@@ w the th@@ ic@@ kn@@ ess of the ic@@ e@@ .
2026-05-24 13:38:27,097 - INFO - joeynmt.training - 	Reference:  M@@ aar dit onder@@ sch@@ at eigen@@ lijk de ern@@ st van dit specif@@ ie@@ ke proble@@ em om@@ dat het nie@@ t de di@@ k@@ te van het ij@@ s laat zi@@ en@@ .
2026-05-24 13:38:27,097 - INFO - joeynmt.training - 	Hypothesis: M@@ aar dit onder@@ stat@@ en de ser@@ ie@@ us van dit proble@@ em om@@ dat het nie@@ t van het ij@@ s nie@@ t de de@@ ze ij@@ s nie@@ t laat zi@@ en@@ <unk>
2026-05-24 13:38:27,097 - INFO - joeynmt.training - Example #2
2026-05-24 13:38:27,097 - DEBUG - joeynmt.training - 	Tokenized source:     ['The', 'ar@@', 'c@@', 'tic', 'ic@@', 'e', 'cap', 'is@@', ',', 'in', 'a', 'sen@@', 'se@@', ',', 'the', 'be@@', 'at@@', 'ing', 'hear@@', 't', 'of', 'the', 'glob@@', 'al', 'cli@@', 'mat@@', 'e', 'system@@', '.']
2026-05-24 13:38:27,097 - DEBUG - joeynmt.training - 	Tokenized reference:  ['De', 'ij@@', 'sk@@', 'ap', 'op', 'de', 'Noor@@', 'd@@', 'p@@', 'ool', 'is', 'in', 'ze@@', 'ker@@', 'e', 'zin', 'het', 'kl@@', 'op@@', 'pen@@', 'd', 'har@@', 't', 'van', 'ons', 'glob@@', 'aal', 'kli@@', 'maat@@', 'syste@@', 'em@@', '.']
2026-05-24 13:38:27,097 - DEBUG - joeynmt.training - 	Tokenized hypothesis: ['De', 'ar@@', 'c@@', 't@@', 'isch@@', 'e', 'ij@@', 'fer@@', 's', 'is', 'in', 'een', 'zin', 'het', 'be@@', 'ste@@', 'den', 'van', 'het', 'wereldwij@@', 'de', 'kli@@', 'maat@@', 'syste@@', 'em', 'van', 'het', 'wereldwij@@', 'de', 'kli@@', 'maat@@', 'syste@@', 'em@@', '<unk>', '</s>']
2026-05-24 13:38:27,098 - INFO - joeynmt.training - 	Source:     The ar@@ c@@ tic ic@@ e cap is@@ , in a sen@@ se@@ , the be@@ at@@ ing hear@@ t of the glob@@ al cli@@ mat@@ e system@@ .
2026-05-24 13:38:27,098 - INFO - joeynmt.training - 	Reference:  De ij@@ sk@@ ap op de Noor@@ d@@ p@@ ool is in ze@@ ker@@ e zin het kl@@ op@@ pen@@ d har@@ t van ons glob@@ aal kli@@ maat@@ syste@@ em@@ .
2026-05-24 13:38:27,098 - INFO - joeynmt.training - 	Hypothesis: De ar@@ c@@ t@@ isch@@ e ij@@ fer@@ s is in een zin het be@@ ste@@ den van het wereldwij@@ de kli@@ maat@@ syste@@ em van het wereldwij@@ de kli@@ maat@@ syste@@ em@@ <unk>
2026-05-24 13:38:27,098 - INFO - joeynmt.training - Example #3
2026-05-24 13:38:27,098 - DEBUG - joeynmt.training - 	Tokenized source:     ['I@@', 't', 'ex@@', 'p@@', 'and@@', 's', 'in', 'w@@', 'inter', 'and', 'con@@', 'trac@@', 'ts', 'in', 'su@@', 'm@@', 'mer@@', '.']
2026-05-24 13:38:27,098 - DEBUG - joeynmt.training - 	Tokenized reference:  ['H@@', 'et', 'zet', 'uit', 'in', 'de', 'w@@', 'inter', 'en', 'k@@', 'ri@@', 'mp@@', 't', 'in', 'de', 'zom@@', 'er@@', '.']
2026-05-24 13:38:27,098 - DEBUG - joeynmt.training - 	Tokenized hypothesis: ['H@@', 'et', 'ex@@', 'p@@', 'and@@', 's', 'in', 'w@@', 'inter', 'en', 'con@@', 'trac@@', 'ten', 'in', 'zom@@', 'er', 'in', 'zom@@', 'er', 'te', 'gaan@@', '<unk>', '</s>']
2026-05-24 13:38:27,098 - INFO - joeynmt.training - 	Source:     I@@ t ex@@ p@@ and@@ s in w@@ inter and con@@ trac@@ ts in su@@ m@@ mer@@ .
2026-05-24 13:38:27,098 - INFO - joeynmt.training - 	Reference:  H@@ et zet uit in de w@@ inter en k@@ ri@@ mp@@ t in de zom@@ er@@ .
2026-05-24 13:38:27,098 - INFO - joeynmt.training - 	Hypothesis: H@@ et ex@@ p@@ and@@ s in w@@ inter en con@@ trac@@ ten in zom@@ er in zom@@ er te gaan@@ <unk>
2026-05-24 13:38:27,098 - INFO - joeynmt.training - Example #4
2026-05-24 13:38:27,098 - DEBUG - joeynmt.training - 	Tokenized source:     ['The', 'ne@@', 'x@@', 't', 'sli@@', 'de', 'I', 'sho@@', 'w', 'you', 'will', 'be', 'a', 'ra@@', 'p@@', 'id', 'fa@@', 'st-@@', 'for@@', 'war@@', 'd', 'of', 'what@@', "'@@", 's', 'happen@@', 'ed', 'over', 'the', 'la@@', 'st', '2@@', '5', 'year@@', 's@@', '.']
2026-05-24 13:38:27,098 - DEBUG - joeynmt.training - 	Tokenized reference:  ['De', 'volgen@@', 'de', 'dia', 'die', 'ik', 'laat', 'zi@@', 'en', 'is', 'een', 'ver@@', 'snel@@', 'de', 'vers@@', 'ie', 'van', 'wat', 'er', 'de', 'af@@', 'gel@@', 'open', '2@@', '5', 'j@@', 'aar', 'is', 'gebeur@@', 'd@@', '.']
2026-05-24 13:38:27,100 - DEBUG - joeynmt.training - 	Tokenized hypothesis: ['De', 'volgen@@', 'de', 'dia', 'laat', 'ik', 'j@@', 'ul@@', 'lie', 'een', 'snel@@', 'le', 'snel@@', 'le', 'snel@@', 'le', 'snel@@', 'le', 'van', 'wat', 'er', 'gebeur@@', 'de', 'is', 'in', 'de', 'laat@@', 'ste', '2@@', '5', 'j@@', 'aar', 'gebeur@@', 'de', 'is', 'over@@', 'kom@@', 'en@@', '<unk>', '</s>']
2026-05-24 13:38:27,100 - INFO - joeynmt.training - 	Source:     The ne@@ x@@ t sli@@ de I sho@@ w you will be a ra@@ p@@ id fa@@ st-@@ for@@ war@@ d of what@@ '@@ s happen@@ ed over the la@@ st 2@@ 5 year@@ s@@ .
2026-05-24 13:38:27,100 - INFO - joeynmt.training - 	Reference:  De volgen@@ de dia die ik laat zi@@ en is een ver@@ snel@@ de vers@@ ie van wat er de af@@ gel@@ open 2@@ 5 j@@ aar is gebeur@@ d@@ .
2026-05-24 13:38:27,100 - INFO - joeynmt.training - 	Hypothesis: De volgen@@ de dia laat ik j@@ ul@@ lie een snel@@ le snel@@ le snel@@ le snel@@ le van wat er gebeur@@ de is in de laat@@ ste 2@@ 5 j@@ aar gebeur@@ de is over@@ kom@@ en@@ <unk>
2026-05-24 13:39:29,355 - INFO - joeynmt.training - Epoch   7, Step:    28100, Batch Loss:     1.301390, Batch Acc: 0.627385, Tokens per Sec:     1181, Lr: 0.000300
2026-05-24 13:40:31,471 - INFO - joeynmt.training - Epoch   7, Step:    28200, Batch Loss:     1.327422, Batch Acc: 0.627287, Tokens per Sec:     1189, Lr: 0.000300
2026-05-24 13:41:33,996 - INFO - joeynmt.training - Epoch   7, Step:    28300, Batch Loss:     1.291658, Batch Acc: 0.627209, Tokens per Sec:     1151, Lr: 0.000300
2026-05-24 13:42:38,655 - INFO - joeynmt.training - Epoch   7, Step:    28400, Batch Loss:     1.159045, Batch Acc: 0.626220, Tokens per Sec:     1171, Lr: 0.000300
2026-05-24 13:43:40,617 - INFO - joeynmt.training - Epoch   7, Step:    28500, Batch Loss:     1.205141, Batch Acc: 0.626719, Tokens per Sec:     1176, Lr: 0.000300
2026-05-24 13:43:40,618 - INFO - joeynmt.prediction - Predicting 1003 example(s)... (Greedy decoding with min_output_length=1, max_output_length=100, return_prob='none', generate_unk=True, repetition_penalty=-1, no_repeat_ngram_size=-1)
2026-05-24 13:46:47,729 - INFO - joeynmt.metrics - nrefs:1|case:mixed|eff:no|tok:13a|smooth:exp|version:2.6.0
2026-05-24 13:46:47,730 - INFO - joeynmt.prediction - Evaluation result (greedy) bleu:  38.21, loss:   1.67, ppl:   5.30, acc:   0.54, generation: 186.6140[sec], evaluation: 0.4825[sec]
2026-05-24 13:46:47,732 - INFO - joeynmt.training - Hooray! New best validation result [ppl]!
2026-05-24 13:46:48,288 - INFO - joeynmt.helpers - delete output_bpe5000/25500.ckpt
2026-05-24 13:46:48,290 - INFO - joeynmt.training - Example #0
2026-05-24 13:46:48,291 - DEBUG - joeynmt.training - 	Tokenized source:     ['\ufeffLa@@', 'st', 'year', 'I', 'sho@@', 'we@@', 'd', 'thes@@', 'e', 'tw@@', 'o', 'sli@@', 'de@@', 's', 'so', 'that', 'de@@', 'mon@@', 'strate', 'that', 'the', 'ar@@', 'c@@', 'tic', 'ic@@', 'e', 'cap@@', ',', 'wh@@', 'ich', 'for', 'mo@@', 'st', 'of', 'the', 'la@@', 'st', 'th@@', 'ree', 'milli@@', 'on', 'year@@', 's', 'ha@@', 's', 'be@@', 'en', 'the', 'si@@', 'ze', 'of', 'the', 'lo@@', 'wer', '4@@', '8', 'stat@@', 'es@@', ',', 'ha@@', 's', 'sh@@', 'run@@', 'k', 'b@@', 'y', '4@@', '0', 'percen@@', 't@@', '.']
2026-05-24 13:46:48,291 - DEBUG - joeynmt.training - 	Tokenized reference:  ['\ufeffV@@', 'orig', 'j@@', 'aar', 'lie@@', 't', 'ik', 'de@@', 'ze', 'twee', 'dia@@', "'@@", 's', 'zi@@', 'en', 'om', 'aan', 'te', 'ton@@', 'en', 'dat', 'de', 'p@@', 'ool@@', 'ij@@', 'sk@@', 'ap@@', ',', 'die', 'de', 'af@@', 'gel@@', 'open', 'drie', 'miljo@@', 'en', 'j@@', 'aar', 'onge@@', 've@@', 'er', 'de', 'groot@@', 'te', 'had', 'van', 'het', 'va@@', 'stel@@', 'and', 'van', 'de', 'V@@', 'S@@', ',', 'met', '4@@', '0@@', '%', 'gek@@', 'ro@@', 'mp@@', 'en', 'was@@', '.']
2026-05-24 13:46:48,291 - DEBUG - joeynmt.training - 	Tokenized hypothesis: ['I@@', 'k', 'lie@@', 't', 'j@@', 'aar', 'ik', 'de@@', 'ze', 'twee', 'dia@@', "'@@", 's', 'zo@@', 'dat', 'de@@', 'mon@@', 'str@@', 'er@@', 'kap@@', ',', 'die', 'de', 'af@@', 'gel@@', 'open', 'drie', 'miljo@@', 'en', 'j@@', 'aar', 'de', 'groot@@', 'te', 'van', 'de', 'la@@', 'gere', '4@@', '8', 'miljo@@', 'en', 'j@@', 'aar', 'is', 'de', 'groot@@', 'te', 'van', 'de', 'la@@', 'gere', '4@@', '8', 'stat@@', 'en@@', ',', 'heef@@', 't', 'door', '4@@', '0', 'pro@@', 'cen@@', 't', 'ge@@', 'to@@', 'ond@@', '<unk>', '</s>']
2026-05-24 13:46:48,292 - INFO - joeynmt.training - 	Source:     ﻿La@@ st year I sho@@ we@@ d thes@@ e tw@@ o sli@@ de@@ s so that de@@ mon@@ strate that the ar@@ c@@ tic ic@@ e cap@@ , wh@@ ich for mo@@ st of the la@@ st th@@ ree milli@@ on year@@ s ha@@ s be@@ en the si@@ ze of the lo@@ wer 4@@ 8 stat@@ es@@ , ha@@ s sh@@ run@@ k b@@ y 4@@ 0 percen@@ t@@ .
2026-05-24 13:46:48,292 - INFO - joeynmt.training - 	Reference:  ﻿V@@ orig j@@ aar lie@@ t ik de@@ ze twee dia@@ '@@ s zi@@ en om aan te ton@@ en dat de p@@ ool@@ ij@@ sk@@ ap@@ , die de af@@ gel@@ open drie miljo@@ en j@@ aar onge@@ ve@@ er de groot@@ te had van het va@@ stel@@ and van de V@@ S@@ , met 4@@ 0@@ % gek@@ ro@@ mp@@ en was@@ .
2026-05-24 13:46:48,293 - INFO - joeynmt.training - 	Hypothesis: I@@ k lie@@ t j@@ aar ik de@@ ze twee dia@@ '@@ s zo@@ dat de@@ mon@@ str@@ er@@ kap@@ , die de af@@ gel@@ open drie miljo@@ en j@@ aar de groot@@ te van de la@@ gere 4@@ 8 miljo@@ en j@@ aar is de groot@@ te van de la@@ gere 4@@ 8 stat@@ en@@ , heef@@ t door 4@@ 0 pro@@ cen@@ t ge@@ to@@ ond@@ <unk>
2026-05-24 13:46:48,293 - INFO - joeynmt.training - Example #1
2026-05-24 13:46:48,293 - DEBUG - joeynmt.training - 	Tokenized source:     ['Bu@@', 't', 'th@@', 'is', 'under@@', 'stat@@', 'es', 'the', 'ser@@', 'i@@', 'ou@@', 'sn@@', 'ess', 'of', 'th@@', 'is', 'particul@@', 'ar', 'proble@@', 'm', 'beca@@', 'us@@', 'e', 'it', 'does@@', 'n@@', "'@@", 't', 'sho@@', 'w', 'the', 'th@@', 'ic@@', 'kn@@', 'ess', 'of', 'the', 'ic@@', 'e@@', '.']
2026-05-24 13:46:48,293 - DEBUG - joeynmt.training - 	Tokenized reference:  ['M@@', 'aar', 'dit', 'onder@@', 'sch@@', 'at', 'eigen@@', 'lijk', 'de', 'ern@@', 'st', 'van', 'dit', 'specif@@', 'ie@@', 'ke', 'proble@@', 'em', 'om@@', 'dat', 'het', 'nie@@', 't', 'de', 'di@@', 'k@@', 'te', 'van', 'het', 'ij@@', 's', 'laat', 'zi@@', 'en@@', '.']
2026-05-24 13:46:48,293 - DEBUG - joeynmt.training - 	Tokenized hypothesis: ['M@@', 'aar', 'dit', 'onder@@', 'ste', 'stat@@', 'en', 'de', 'ser@@', 'ie@@', 'us', 'van', 'dit', 'proble@@', 'em', 'om@@', 'dat', 'het', 'nie@@', 't', 'van', 'het', 'ij@@', 's', 'nie@@', 't', 'to@@', 'en', 'het', 'ij@@', 's@@', '<unk>', '</s>']
2026-05-24 13:46:48,293 - INFO - joeynmt.training - 	Source:     Bu@@ t th@@ is under@@ stat@@ es the ser@@ i@@ ou@@ sn@@ ess of th@@ is particul@@ ar proble@@ m beca@@ us@@ e it does@@ n@@ '@@ t sho@@ w the th@@ ic@@ kn@@ ess of the ic@@ e@@ .
2026-05-24 13:46:48,293 - INFO - joeynmt.training - 	Reference:  M@@ aar dit onder@@ sch@@ at eigen@@ lijk de ern@@ st van dit specif@@ ie@@ ke proble@@ em om@@ dat het nie@@ t de di@@ k@@ te van het ij@@ s laat zi@@ en@@ .
2026-05-24 13:46:48,295 - INFO - joeynmt.training - 	Hypothesis: M@@ aar dit onder@@ ste stat@@ en de ser@@ ie@@ us van dit proble@@ em om@@ dat het nie@@ t van het ij@@ s nie@@ t to@@ en het ij@@ s@@ <unk>
2026-05-24 13:46:48,295 - INFO - joeynmt.training - Example #2
2026-05-24 13:46:48,295 - DEBUG - joeynmt.training - 	Tokenized source:     ['The', 'ar@@', 'c@@', 'tic', 'ic@@', 'e', 'cap', 'is@@', ',', 'in', 'a', 'sen@@', 'se@@', ',', 'the', 'be@@', 'at@@', 'ing', 'hear@@', 't', 'of', 'the', 'glob@@', 'al', 'cli@@', 'mat@@', 'e', 'system@@', '.']
2026-05-24 13:46:48,295 - DEBUG - joeynmt.training - 	Tokenized reference:  ['De', 'ij@@', 'sk@@', 'ap', 'op', 'de', 'Noor@@', 'd@@', 'p@@', 'ool', 'is', 'in', 'ze@@', 'ker@@', 'e', 'zin', 'het', 'kl@@', 'op@@', 'pen@@', 'd', 'har@@', 't', 'van', 'ons', 'glob@@', 'aal', 'kli@@', 'maat@@', 'syste@@', 'em@@', '.']
2026-05-24 13:46:48,295 - DEBUG - joeynmt.training - 	Tokenized hypothesis: ['De', 'ar@@', 'c@@', 't@@', 'isch@@', 'e', 'ij@@', 'fer@@', 's', 'is', 'in', 'ze@@', 'ker@@', 'e', 'zin', 'het', 'be@@', 'er@@', 'en', 'van', 'het', 'glob@@', 'al@@', 'e', 'kli@@', 'maat@@', 'syste@@', 'em@@', '<unk>', '</s>']
2026-05-24 13:46:48,295 - INFO - joeynmt.training - 	Source:     The ar@@ c@@ tic ic@@ e cap is@@ , in a sen@@ se@@ , the be@@ at@@ ing hear@@ t of the glob@@ al cli@@ mat@@ e system@@ .
2026-05-24 13:46:48,295 - INFO - joeynmt.training - 	Reference:  De ij@@ sk@@ ap op de Noor@@ d@@ p@@ ool is in ze@@ ker@@ e zin het kl@@ op@@ pen@@ d har@@ t van ons glob@@ aal kli@@ maat@@ syste@@ em@@ .
2026-05-24 13:46:48,295 - INFO - joeynmt.training - 	Hypothesis: De ar@@ c@@ t@@ isch@@ e ij@@ fer@@ s is in ze@@ ker@@ e zin het be@@ er@@ en van het glob@@ al@@ e kli@@ maat@@ syste@@ em@@ <unk>
2026-05-24 13:46:48,295 - INFO - joeynmt.training - Example #3
2026-05-24 13:46:48,296 - DEBUG - joeynmt.training - 	Tokenized source:     ['I@@', 't', 'ex@@', 'p@@', 'and@@', 's', 'in', 'w@@', 'inter', 'and', 'con@@', 'trac@@', 'ts', 'in', 'su@@', 'm@@', 'mer@@', '.']
2026-05-24 13:46:48,296 - DEBUG - joeynmt.training - 	Tokenized reference:  ['H@@', 'et', 'zet', 'uit', 'in', 'de', 'w@@', 'inter', 'en', 'k@@', 'ri@@', 'mp@@', 't', 'in', 'de', 'zom@@', 'er@@', '.']
2026-05-24 13:46:48,296 - DEBUG - joeynmt.training - 	Tokenized hypothesis: ['H@@', 'et', 'ex@@', 'p@@', 'and@@', 's', 'in', 'w@@', 'inter', 'en', 'con@@', 'trac@@', 'ten', 'in', 'zom@@', 'er@@', '<unk>', '</s>']
2026-05-24 13:46:48,296 - INFO - joeynmt.training - 	Source:     I@@ t ex@@ p@@ and@@ s in w@@ inter and con@@ trac@@ ts in su@@ m@@ mer@@ .
2026-05-24 13:46:48,296 - INFO - joeynmt.training - 	Reference:  H@@ et zet uit in de w@@ inter en k@@ ri@@ mp@@ t in de zom@@ er@@ .
2026-05-24 13:46:48,297 - INFO - joeynmt.training - 	Hypothesis: H@@ et ex@@ p@@ and@@ s in w@@ inter en con@@ trac@@ ten in zom@@ er@@ <unk>
2026-05-24 13:46:48,297 - INFO - joeynmt.training - Example #4
2026-05-24 13:46:48,297 - DEBUG - joeynmt.training - 	Tokenized source:     ['The', 'ne@@', 'x@@', 't', 'sli@@', 'de', 'I', 'sho@@', 'w', 'you', 'will', 'be', 'a', 'ra@@', 'p@@', 'id', 'fa@@', 'st-@@', 'for@@', 'war@@', 'd', 'of', 'what@@', "'@@", 's', 'happen@@', 'ed', 'over', 'the', 'la@@', 'st', '2@@', '5', 'year@@', 's@@', '.']
2026-05-24 13:46:48,297 - DEBUG - joeynmt.training - 	Tokenized reference:  ['De', 'volgen@@', 'de', 'dia', 'die', 'ik', 'laat', 'zi@@', 'en', 'is', 'een', 'ver@@', 'snel@@', 'de', 'vers@@', 'ie', 'van', 'wat', 'er', 'de', 'af@@', 'gel@@', 'open', '2@@', '5', 'j@@', 'aar', 'is', 'gebeur@@', 'd@@', '.']
2026-05-24 13:46:48,297 - DEBUG - joeynmt.training - 	Tokenized hypothesis: ['De', 'volgen@@', 'de', 'dia', 'die', 'ik', 'laat', 'j@@', 'ul@@', 'lie', 'een', 'snel@@', 'le', 'snel@@', 'le', 'snel@@', 'heid', 'van', 'wat', 'er', 'is', 'gebeur@@', 'd@@', '<unk>', '</s>']
2026-05-24 13:46:48,297 - INFO - joeynmt.training - 	Source:     The ne@@ x@@ t sli@@ de I sho@@ w you will be a ra@@ p@@ id fa@@ st-@@ for@@ war@@ d of what@@ '@@ s happen@@ ed over the la@@ st 2@@ 5 year@@ s@@ .
2026-05-24 13:46:48,297 - INFO - joeynmt.training - 	Reference:  De volgen@@ de dia die ik laat zi@@ en is een ver@@ snel@@ de vers@@ ie van wat er de af@@ gel@@ open 2@@ 5 j@@ aar is gebeur@@ d@@ .
2026-05-24 13:46:48,297 - INFO - joeynmt.training - 	Hypothesis: De volgen@@ de dia die ik laat j@@ ul@@ lie een snel@@ le snel@@ le snel@@ heid van wat er is gebeur@@ d@@ <unk>
2026-05-24 13:47:49,924 - INFO - joeynmt.training - Epoch   7, Step:    28600, Batch Loss:     1.330085, Batch Acc: 0.623679, Tokens per Sec:     1210, Lr: 0.000300
2026-05-24 13:48:52,415 - INFO - joeynmt.training - Epoch   7, Step:    28700, Batch Loss:     1.308223, Batch Acc: 0.627571, Tokens per Sec:     1162, Lr: 0.000300
2026-05-24 13:49:43,767 - INFO - joeynmt.training - Epoch   7: total training loss 5267.93
2026-05-24 13:49:43,767 - INFO - joeynmt.training - EPOCH 8
2026-05-24 13:49:55,097 - INFO - joeynmt.training - Epoch   8, Step:    28800, Batch Loss:     1.110972, Batch Acc: 0.646384, Tokens per Sec:     1216, Lr: 0.000300
2026-05-24 13:50:57,320 - INFO - joeynmt.training - Epoch   8, Step:    28900, Batch Loss:     1.175817, Batch Acc: 0.649543, Tokens per Sec:     1188, Lr: 0.000300
2026-05-24 13:51:59,079 - INFO - joeynmt.training - Epoch   8, Step:    29000, Batch Loss:     1.191188, Batch Acc: 0.647410, Tokens per Sec:     1183, Lr: 0.000300
2026-05-24 13:51:59,079 - INFO - joeynmt.prediction - Predicting 1003 example(s)... (Greedy decoding with min_output_length=1, max_output_length=100, return_prob='none', generate_unk=True, repetition_penalty=-1, no_repeat_ngram_size=-1)
2026-05-24 13:55:17,517 - INFO - joeynmt.metrics - nrefs:1|case:mixed|eff:no|tok:13a|smooth:exp|version:2.6.0
2026-05-24 13:55:17,518 - INFO - joeynmt.prediction - Evaluation result (greedy) bleu:  38.09, loss:   1.68, ppl:   5.35, acc:   0.54, generation: 197.8833[sec], evaluation: 0.5397[sec]
2026-05-24 13:55:17,589 - INFO - joeynmt.helpers - delete output_bpe5000/27000.ckpt
2026-05-24 13:55:17,593 - INFO - joeynmt.training - Example #0
2026-05-24 13:55:17,593 - DEBUG - joeynmt.training - 	Tokenized source:     ['\ufeffLa@@', 'st', 'year', 'I', 'sho@@', 'we@@', 'd', 'thes@@', 'e', 'tw@@', 'o', 'sli@@', 'de@@', 's', 'so', 'that', 'de@@', 'mon@@', 'strate', 'that', 'the', 'ar@@', 'c@@', 'tic', 'ic@@', 'e', 'cap@@', ',', 'wh@@', 'ich', 'for', 'mo@@', 'st', 'of', 'the', 'la@@', 'st', 'th@@', 'ree', 'milli@@', 'on', 'year@@', 's', 'ha@@', 's', 'be@@', 'en', 'the', 'si@@', 'ze', 'of', 'the', 'lo@@', 'wer', '4@@', '8', 'stat@@', 'es@@', ',', 'ha@@', 's', 'sh@@', 'run@@', 'k', 'b@@', 'y', '4@@', '0', 'percen@@', 't@@', '.']
2026-05-24 13:55:17,593 - DEBUG - joeynmt.training - 	Tokenized reference:  ['\ufeffV@@', 'orig', 'j@@', 'aar', 'lie@@', 't', 'ik', 'de@@', 'ze', 'twee', 'dia@@', "'@@", 's', 'zi@@', 'en', 'om', 'aan', 'te', 'ton@@', 'en', 'dat', 'de', 'p@@', 'ool@@', 'ij@@', 'sk@@', 'ap@@', ',', 'die', 'de', 'af@@', 'gel@@', 'open', 'drie', 'miljo@@', 'en', 'j@@', 'aar', 'onge@@', 've@@', 'er', 'de', 'groot@@', 'te', 'had', 'van', 'het', 'va@@', 'stel@@', 'and', 'van', 'de', 'V@@', 'S@@', ',', 'met', '4@@', '0@@', '%', 'gek@@', 'ro@@', 'mp@@', 'en', 'was@@', '.']
2026-05-24 13:55:17,593 - DEBUG - joeynmt.training - 	Tokenized hypothesis: ['H@@', 'et', 'laat@@', 'ste', 'j@@', 'aar', 'toon@@', 'de', 'ik', 'de@@', 'ze', 'twee', 'dia@@', "'@@", 's', 'zo@@', 'dat', 'de@@', 'mon@@', 'c@@', 't@@', 'isch@@', 'e', 'ij@@', 'fer@@', 'cap@@', ',', 'wat', 'voor', 'het', 'groot@@', 'ste', 'drie', 'miljo@@', 'en', 'j@@', 'aar', 'is', 'gewe@@', 'est', 'de', 'groot@@', 'te', 'van', 'de', 'la@@', 'gere', '4@@', '0', 'pro@@', 'cen@@', 't@@', '<unk>', '</s>']
2026-05-24 13:55:17,594 - INFO - joeynmt.training - 	Source:     ﻿La@@ st year I sho@@ we@@ d thes@@ e tw@@ o sli@@ de@@ s so that de@@ mon@@ strate that the ar@@ c@@ tic ic@@ e cap@@ , wh@@ ich for mo@@ st of the la@@ st th@@ ree milli@@ on year@@ s ha@@ s be@@ en the si@@ ze of the lo@@ wer 4@@ 8 stat@@ es@@ , ha@@ s sh@@ run@@ k b@@ y 4@@ 0 percen@@ t@@ .
2026-05-24 13:55:17,594 - INFO - joeynmt.training - 	Reference:  ﻿V@@ orig j@@ aar lie@@ t ik de@@ ze twee dia@@ '@@ s zi@@ en om aan te ton@@ en dat de p@@ ool@@ ij@@ sk@@ ap@@ , die de af@@ gel@@ open drie miljo@@ en j@@ aar onge@@ ve@@ er de groot@@ te had van het va@@ stel@@ and van de V@@ S@@ , met 4@@ 0@@ % gek@@ ro@@ mp@@ en was@@ .
2026-05-24 13:55:17,594 - INFO - joeynmt.training - 	Hypothesis: H@@ et laat@@ ste j@@ aar toon@@ de ik de@@ ze twee dia@@ '@@ s zo@@ dat de@@ mon@@ c@@ t@@ isch@@ e ij@@ fer@@ cap@@ , wat voor het groot@@ ste drie miljo@@ en j@@ aar is gewe@@ est de groot@@ te van de la@@ gere 4@@ 0 pro@@ cen@@ t@@ <unk>
2026-05-24 13:55:17,594 - INFO - joeynmt.training - Example #1
2026-05-24 13:55:17,594 - DEBUG - joeynmt.training - 	Tokenized source:     ['Bu@@', 't', 'th@@', 'is', 'under@@', 'stat@@', 'es', 'the', 'ser@@', 'i@@', 'ou@@', 'sn@@', 'ess', 'of', 'th@@', 'is', 'particul@@', 'ar', 'proble@@', 'm', 'beca@@', 'us@@', 'e', 'it', 'does@@', 'n@@', "'@@", 't', 'sho@@', 'w', 'the', 'th@@', 'ic@@', 'kn@@', 'ess', 'of', 'the', 'ic@@', 'e@@', '.']
2026-05-24 13:55:17,594 - DEBUG - joeynmt.training - 	Tokenized reference:  ['M@@', 'aar', 'dit', 'onder@@', 'sch@@', 'at', 'eigen@@', 'lijk', 'de', 'ern@@', 'st', 'van', 'dit', 'specif@@', 'ie@@', 'ke', 'proble@@', 'em', 'om@@', 'dat', 'het', 'nie@@', 't', 'de', 'di@@', 'k@@', 'te', 'van', 'het', 'ij@@', 's', 'laat', 'zi@@', 'en@@', '.']
2026-05-24 13:55:17,595 - DEBUG - joeynmt.training - 	Tokenized hypothesis: ['M@@', 'aar', 'de@@', 'ze', 'onder@@', 'del@@', 'en', 'de', 'ser@@', 'ieu@@', 'ze', 'voor@@', 'nam@@', 'elijk', 'proble@@', 'em', 'om@@', 'dat', 'het', 'nie@@', 't', 'zo', 'di@@', 'k@@', 'ker', 'nie@@', 't', 'to@@', 'ont', 'dat', 'het', 'di@@', 'k@@', 'ker', 'nie@@', 't@@', '<unk>', '</s>']
2026-05-24 13:55:17,595 - INFO - joeynmt.training - 	Source:     Bu@@ t th@@ is under@@ stat@@ es the ser@@ i@@ ou@@ sn@@ ess of th@@ is particul@@ ar proble@@ m beca@@ us@@ e it does@@ n@@ '@@ t sho@@ w the th@@ ic@@ kn@@ ess of the ic@@ e@@ .
2026-05-24 13:55:17,595 - INFO - joeynmt.training - 	Reference:  M@@ aar dit onder@@ sch@@ at eigen@@ lijk de ern@@ st van dit specif@@ ie@@ ke proble@@ em om@@ dat het nie@@ t de di@@ k@@ te van het ij@@ s laat zi@@ en@@ .
2026-05-24 13:55:17,595 - INFO - joeynmt.training - 	Hypothesis: M@@ aar de@@ ze onder@@ del@@ en de ser@@ ieu@@ ze voor@@ nam@@ elijk proble@@ em om@@ dat het nie@@ t zo di@@ k@@ ker nie@@ t to@@ ont dat het di@@ k@@ ker nie@@ t@@ <unk>
2026-05-24 13:55:17,595 - INFO - joeynmt.training - Example #2
2026-05-24 13:55:17,595 - DEBUG - joeynmt.training - 	Tokenized source:     ['The', 'ar@@', 'c@@', 'tic', 'ic@@', 'e', 'cap', 'is@@', ',', 'in', 'a', 'sen@@', 'se@@', ',', 'the', 'be@@', 'at@@', 'ing', 'hear@@', 't', 'of', 'the', 'glob@@', 'al', 'cli@@', 'mat@@', 'e', 'system@@', '.']
2026-05-24 13:55:17,595 - DEBUG - joeynmt.training - 	Tokenized reference:  ['De', 'ij@@', 'sk@@', 'ap', 'op', 'de', 'Noor@@', 'd@@', 'p@@', 'ool', 'is', 'in', 'ze@@', 'ker@@', 'e', 'zin', 'het', 'kl@@', 'op@@', 'pen@@', 'd', 'har@@', 't', 'van', 'ons', 'glob@@', 'aal', 'kli@@', 'maat@@', 'syste@@', 'em@@', '.']
2026-05-24 13:55:17,595 - DEBUG - joeynmt.training - 	Tokenized hypothesis: ['De', 'ar@@', 'c@@', 't@@', 'isch@@', 'e', 'ij@@', 'fer@@', 's', 'is', 'in', 'ze@@', 'ker@@', 'e', 'zin', 'het', 'be@@', 'ste', 'van', 'het', 'glob@@', 'al@@', 'e', 'kli@@', 'maat@@', 'syste@@', 'em', 'is@@', '<unk>', '</s>']
2026-05-24 13:55:17,596 - INFO - joeynmt.training - 	Source:     The ar@@ c@@ tic ic@@ e cap is@@ , in a sen@@ se@@ , the be@@ at@@ ing hear@@ t of the glob@@ al cli@@ mat@@ e system@@ .
2026-05-24 13:55:17,596 - INFO - joeynmt.training - 	Reference:  De ij@@ sk@@ ap op de Noor@@ d@@ p@@ ool is in ze@@ ker@@ e zin het kl@@ op@@ pen@@ d har@@ t van ons glob@@ aal kli@@ maat@@ syste@@ em@@ .
2026-05-24 13:55:17,596 - INFO - joeynmt.training - 	Hypothesis: De ar@@ c@@ t@@ isch@@ e ij@@ fer@@ s is in ze@@ ker@@ e zin het be@@ ste van het glob@@ al@@ e kli@@ maat@@ syste@@ em is@@ <unk>
2026-05-24 13:55:17,596 - INFO - joeynmt.training - Example #3
2026-05-24 13:55:17,596 - DEBUG - joeynmt.training - 	Tokenized source:     ['I@@', 't', 'ex@@', 'p@@', 'and@@', 's', 'in', 'w@@', 'inter', 'and', 'con@@', 'trac@@', 'ts', 'in', 'su@@', 'm@@', 'mer@@', '.']
2026-05-24 13:55:17,596 - DEBUG - joeynmt.training - 	Tokenized reference:  ['H@@', 'et', 'zet', 'uit', 'in', 'de', 'w@@', 'inter', 'en', 'k@@', 'ri@@', 'mp@@', 't', 'in', 'de', 'zom@@', 'er@@', '.']
2026-05-24 13:55:17,597 - DEBUG - joeynmt.training - 	Tokenized hypothesis: ['H@@', 'et', 'ex@@', 'p@@', 'and@@', 's', 'in', 'w@@', 'inter', 'en', 'con@@', 'trac@@', 'ten', 'in', 'zom@@', 'er@@', '<unk>', '</s>']
2026-05-24 13:55:17,598 - INFO - joeynmt.training - 	Source:     I@@ t ex@@ p@@ and@@ s in w@@ inter and con@@ trac@@ ts in su@@ m@@ mer@@ .
2026-05-24 13:55:17,598 - INFO - joeynmt.training - 	Reference:  H@@ et zet uit in de w@@ inter en k@@ ri@@ mp@@ t in de zom@@ er@@ .
2026-05-24 13:55:17,599 - INFO - joeynmt.training - 	Hypothesis: H@@ et ex@@ p@@ and@@ s in w@@ inter en con@@ trac@@ ten in zom@@ er@@ <unk>
2026-05-24 13:55:17,599 - INFO - joeynmt.training - Example #4
2026-05-24 13:55:17,599 - DEBUG - joeynmt.training - 	Tokenized source:     ['The', 'ne@@', 'x@@', 't', 'sli@@', 'de', 'I', 'sho@@', 'w', 'you', 'will', 'be', 'a', 'ra@@', 'p@@', 'id', 'fa@@', 'st-@@', 'for@@', 'war@@', 'd', 'of', 'what@@', "'@@", 's', 'happen@@', 'ed', 'over', 'the', 'la@@', 'st', '2@@', '5', 'year@@', 's@@', '.']
2026-05-24 13:55:17,599 - DEBUG - joeynmt.training - 	Tokenized reference:  ['De', 'volgen@@', 'de', 'dia', 'die', 'ik', 'laat', 'zi@@', 'en', 'is', 'een', 'ver@@', 'snel@@', 'de', 'vers@@', 'ie', 'van', 'wat', 'er', 'de', 'af@@', 'gel@@', 'open', '2@@', '5', 'j@@', 'aar', 'is', 'gebeur@@', 'd@@', '.']
2026-05-24 13:55:17,599 - DEBUG - joeynmt.training - 	Tokenized hypothesis: ['De', 'volgen@@', 'de', 'dia', 'die', 'ik', 'laat', 'je', 'een', 'snel@@', 'le', 'fa@@', 'st@@', 'for@@', 'oor@@', 'lo@@', 'gen', 'van', 'wat', 'er', 'gebeur@@', 'de', 'de', 'laat@@', 'ste', '2@@', '5', 'j@@', 'aar', 'gebeur@@', 'de@@', '<unk>', '</s>']
2026-05-24 13:55:17,600 - INFO - joeynmt.training - 	Source:     The ne@@ x@@ t sli@@ de I sho@@ w you will be a ra@@ p@@ id fa@@ st-@@ for@@ war@@ d of what@@ '@@ s happen@@ ed over the la@@ st 2@@ 5 year@@ s@@ .
2026-05-24 13:55:17,600 - INFO - joeynmt.training - 	Reference:  De volgen@@ de dia die ik laat zi@@ en is een ver@@ snel@@ de vers@@ ie van wat er de af@@ gel@@ open 2@@ 5 j@@ aar is gebeur@@ d@@ .
2026-05-24 13:55:17,600 - INFO - joeynmt.training - 	Hypothesis: De volgen@@ de dia die ik laat je een snel@@ le fa@@ st@@ for@@ oor@@ lo@@ gen van wat er gebeur@@ de de laat@@ ste 2@@ 5 j@@ aar gebeur@@ de@@ <unk>
2026-05-24 13:56:20,334 - INFO - joeynmt.training - Epoch   8, Step:    29100, Batch Loss:     1.253252, Batch Acc: 0.650109, Tokens per Sec:     1207, Lr: 0.000300
2026-05-24 13:57:21,629 - INFO - joeynmt.training - Epoch   8, Step:    29200, Batch Loss:     1.167829, Batch Acc: 0.647725, Tokens per Sec:     1209, Lr: 0.000300
2026-05-24 13:58:23,088 - INFO - joeynmt.training - Epoch   8, Step:    29300, Batch Loss:     1.210339, Batch Acc: 0.643168, Tokens per Sec:     1217, Lr: 0.000300
2026-05-24 13:59:26,105 - INFO - joeynmt.training - Epoch   8, Step:    29400, Batch Loss:     1.314377, Batch Acc: 0.643163, Tokens per Sec:     1166, Lr: 0.000300
2026-05-24 14:00:31,480 - INFO - joeynmt.training - Epoch   8, Step:    29500, Batch Loss:     1.312399, Batch Acc: 0.636343, Tokens per Sec:     1133, Lr: 0.000300
2026-05-24 14:00:31,481 - INFO - joeynmt.prediction - Predicting 1003 example(s)... (Greedy decoding with min_output_length=1, max_output_length=100, return_prob='none', generate_unk=True, repetition_penalty=-1, no_repeat_ngram_size=-1)
2026-05-24 14:03:48,786 - INFO - joeynmt.metrics - nrefs:1|case:mixed|eff:no|tok:13a|smooth:exp|version:2.6.0
2026-05-24 14:03:48,787 - INFO - joeynmt.prediction - Evaluation result (greedy) bleu:  38.20, loss:   1.67, ppl:   5.31, acc:   0.54, generation: 196.8001[sec], evaluation: 0.4892[sec]
2026-05-24 14:03:48,853 - INFO - joeynmt.helpers - delete output_bpe5000/26500.ckpt
2026-05-24 14:03:48,855 - INFO - joeynmt.training - Example #0
2026-05-24 14:03:48,855 - DEBUG - joeynmt.training - 	Tokenized source:     ['\ufeffLa@@', 'st', 'year', 'I', 'sho@@', 'we@@', 'd', 'thes@@', 'e', 'tw@@', 'o', 'sli@@', 'de@@', 's', 'so', 'that', 'de@@', 'mon@@', 'strate', 'that', 'the', 'ar@@', 'c@@', 'tic', 'ic@@', 'e', 'cap@@', ',', 'wh@@', 'ich', 'for', 'mo@@', 'st', 'of', 'the', 'la@@', 'st', 'th@@', 'ree', 'milli@@', 'on', 'year@@', 's', 'ha@@', 's', 'be@@', 'en', 'the', 'si@@', 'ze', 'of', 'the', 'lo@@', 'wer', '4@@', '8', 'stat@@', 'es@@', ',', 'ha@@', 's', 'sh@@', 'run@@', 'k', 'b@@', 'y', '4@@', '0', 'percen@@', 't@@', '.']
2026-05-24 14:03:48,855 - DEBUG - joeynmt.training - 	Tokenized reference:  ['\ufeffV@@', 'orig', 'j@@', 'aar', 'lie@@', 't', 'ik', 'de@@', 'ze', 'twee', 'dia@@', "'@@", 's', 'zi@@', 'en', 'om', 'aan', 'te', 'ton@@', 'en', 'dat', 'de', 'p@@', 'ool@@', 'ij@@', 'sk@@', 'ap@@', ',', 'die', 'de', 'af@@', 'gel@@', 'open', 'drie', 'miljo@@', 'en', 'j@@', 'aar', 'onge@@', 've@@', 'er', 'de', 'groot@@', 'te', 'had', 'van', 'het', 'va@@', 'stel@@', 'and', 'van', 'de', 'V@@', 'S@@', ',', 'met', '4@@', '0@@', '%', 'gek@@', 'ro@@', 'mp@@', 'en', 'was@@', '.']
2026-05-24 14:03:48,855 - DEBUG - joeynmt.training - 	Tokenized hypothesis: ['I@@', 'k', 'lie@@', 't', 'j@@', 'aar', 'lie@@', 't', 'ik', 'de@@', 'ze', 'twee', 'dia@@', "'@@", 's', 'zo@@', 'dat', 'de', 'ar@@', 'c@@', 't@@', 'isch@@', 'e', 'ij@@', 'e', 'ij@@', 's@@', 'cap@@', ',', 'die', 'voor', 'de', 'mee@@', 'ste', 'drie', 'miljo@@', 'en', 'j@@', 'aar', 'is', 'gewe@@', 'est', 'de', 'groot@@', 'te', 'van', 'de', 'la@@', 'gere', '4@@', '0', 'pro@@', 'cen@@', 't@@', '<unk>', '</s>']
2026-05-24 14:03:48,856 - INFO - joeynmt.training - 	Source:     ﻿La@@ st year I sho@@ we@@ d thes@@ e tw@@ o sli@@ de@@ s so that de@@ mon@@ strate that the ar@@ c@@ tic ic@@ e cap@@ , wh@@ ich for mo@@ st of the la@@ st th@@ ree milli@@ on year@@ s ha@@ s be@@ en the si@@ ze of the lo@@ wer 4@@ 8 stat@@ es@@ , ha@@ s sh@@ run@@ k b@@ y 4@@ 0 percen@@ t@@ .
2026-05-24 14:03:48,856 - INFO - joeynmt.training - 	Reference:  ﻿V@@ orig j@@ aar lie@@ t ik de@@ ze twee dia@@ '@@ s zi@@ en om aan te ton@@ en dat de p@@ ool@@ ij@@ sk@@ ap@@ , die de af@@ gel@@ open drie miljo@@ en j@@ aar onge@@ ve@@ er de groot@@ te had van het va@@ stel@@ and van de V@@ S@@ , met 4@@ 0@@ % gek@@ ro@@ mp@@ en was@@ .
2026-05-24 14:03:48,856 - INFO - joeynmt.training - 	Hypothesis: I@@ k lie@@ t j@@ aar lie@@ t ik de@@ ze twee dia@@ '@@ s zo@@ dat de ar@@ c@@ t@@ isch@@ e ij@@ e ij@@ s@@ cap@@ , die voor de mee@@ ste drie miljo@@ en j@@ aar is gewe@@ est de groot@@ te van de la@@ gere 4@@ 0 pro@@ cen@@ t@@ <unk>
2026-05-24 14:03:48,856 - INFO - joeynmt.training - Example #1
2026-05-24 14:03:48,856 - DEBUG - joeynmt.training - 	Tokenized source:     ['Bu@@', 't', 'th@@', 'is', 'under@@', 'stat@@', 'es', 'the', 'ser@@', 'i@@', 'ou@@', 'sn@@', 'ess', 'of', 'th@@', 'is', 'particul@@', 'ar', 'proble@@', 'm', 'beca@@', 'us@@', 'e', 'it', 'does@@', 'n@@', "'@@", 't', 'sho@@', 'w', 'the', 'th@@', 'ic@@', 'kn@@', 'ess', 'of', 'the', 'ic@@', 'e@@', '.']
2026-05-24 14:03:48,856 - DEBUG - joeynmt.training - 	Tokenized reference:  ['M@@', 'aar', 'dit', 'onder@@', 'sch@@', 'at', 'eigen@@', 'lijk', 'de', 'ern@@', 'st', 'van', 'dit', 'specif@@', 'ie@@', 'ke', 'proble@@', 'em', 'om@@', 'dat', 'het', 'nie@@', 't', 'de', 'di@@', 'k@@', 'te', 'van', 'het', 'ij@@', 's', 'laat', 'zi@@', 'en@@', '.']
2026-05-24 14:03:48,856 - DEBUG - joeynmt.training - 	Tokenized hypothesis: ['M@@', 'aar', 'dit', 'onder@@', 'ste', 'stat@@', 'en', 'de', 'ser@@', 'ie', 'van', 'dit', 'specif@@', 'ie@@', 'ke', 'proble@@', 'em', 'om@@', 'dat', 'het', 'di@@', 'k@@', 'te', 'nie@@', 't', 'to@@', 'ont', 'de', 'di@@', 'k@@', 'ker', 'nie@@', 't', 'laat', 'zi@@', 'en@@', '<unk>', '</s>']
2026-05-24 14:03:48,856 - INFO - joeynmt.training - 	Source:     Bu@@ t th@@ is under@@ stat@@ es the ser@@ i@@ ou@@ sn@@ ess of th@@ is particul@@ ar proble@@ m beca@@ us@@ e it does@@ n@@ '@@ t sho@@ w the th@@ ic@@ kn@@ ess of the ic@@ e@@ .
2026-05-24 14:03:48,856 - INFO - joeynmt.training - 	Reference:  M@@ aar dit onder@@ sch@@ at eigen@@ lijk de ern@@ st van dit specif@@ ie@@ ke proble@@ em om@@ dat het nie@@ t de di@@ k@@ te van het ij@@ s laat zi@@ en@@ .
2026-05-24 14:03:48,856 - INFO - joeynmt.training - 	Hypothesis: M@@ aar dit onder@@ ste stat@@ en de ser@@ ie van dit specif@@ ie@@ ke proble@@ em om@@ dat het di@@ k@@ te nie@@ t to@@ ont de di@@ k@@ ker nie@@ t laat zi@@ en@@ <unk>
2026-05-24 14:03:48,856 - INFO - joeynmt.training - Example #2
2026-05-24 14:03:48,858 - DEBUG - joeynmt.training - 	Tokenized source:     ['The', 'ar@@', 'c@@', 'tic', 'ic@@', 'e', 'cap', 'is@@', ',', 'in', 'a', 'sen@@', 'se@@', ',', 'the', 'be@@', 'at@@', 'ing', 'hear@@', 't', 'of', 'the', 'glob@@', 'al', 'cli@@', 'mat@@', 'e', 'system@@', '.']
2026-05-24 14:03:48,858 - DEBUG - joeynmt.training - 	Tokenized reference:  ['De', 'ij@@', 'sk@@', 'ap', 'op', 'de', 'Noor@@', 'd@@', 'p@@', 'ool', 'is', 'in', 'ze@@', 'ker@@', 'e', 'zin', 'het', 'kl@@', 'op@@', 'pen@@', 'd', 'har@@', 't', 'van', 'ons', 'glob@@', 'aal', 'kli@@', 'maat@@', 'syste@@', 'em@@', '.']
2026-05-24 14:03:48,858 - DEBUG - joeynmt.training - 	Tokenized hypothesis: ['De', 'ar@@', 'c@@', 't@@', 'isch@@', 'e', 'ij@@', 'e', 'ij@@', 's', 'is', 'het', 'be@@', 'er@@', 'gen@@', 'de', 'har@@', 't', 'van', 'het', 'glob@@', 'al@@', 'e', 'kli@@', 'maat@@', 'syste@@', 'em@@', '<unk>', '</s>']
2026-05-24 14:03:48,858 - INFO - joeynmt.training - 	Source:     The ar@@ c@@ tic ic@@ e cap is@@ , in a sen@@ se@@ , the be@@ at@@ ing hear@@ t of the glob@@ al cli@@ mat@@ e system@@ .
2026-05-24 14:03:48,858 - INFO - joeynmt.training - 	Reference:  De ij@@ sk@@ ap op de Noor@@ d@@ p@@ ool is in ze@@ ker@@ e zin het kl@@ op@@ pen@@ d har@@ t van ons glob@@ aal kli@@ maat@@ syste@@ em@@ .
2026-05-24 14:03:48,859 - INFO - joeynmt.training - 	Hypothesis: De ar@@ c@@ t@@ isch@@ e ij@@ e ij@@ s is het be@@ er@@ gen@@ de har@@ t van het glob@@ al@@ e kli@@ maat@@ syste@@ em@@ <unk>
2026-05-24 14:03:48,859 - INFO - joeynmt.training - Example #3
2026-05-24 14:03:48,859 - DEBUG - joeynmt.training - 	Tokenized source:     ['I@@', 't', 'ex@@', 'p@@', 'and@@', 's', 'in', 'w@@', 'inter', 'and', 'con@@', 'trac@@', 'ts', 'in', 'su@@', 'm@@', 'mer@@', '.']
2026-05-24 14:03:48,859 - DEBUG - joeynmt.training - 	Tokenized reference:  ['H@@', 'et', 'zet', 'uit', 'in', 'de', 'w@@', 'inter', 'en', 'k@@', 'ri@@', 'mp@@', 't', 'in', 'de', 'zom@@', 'er@@', '.']
2026-05-24 14:03:48,859 - DEBUG - joeynmt.training - 	Tokenized hypothesis: ['H@@', 'et', 'ver@@', 'p@@', 'licht', 'in', 'w@@', 'inter', 'en', 'con@@', 'trac@@', 'ten', 'in', 'su@@', 'm@@', 'mer@@', '<unk>', '</s>']
2026-05-24 14:03:48,860 - INFO - joeynmt.training - 	Source:     I@@ t ex@@ p@@ and@@ s in w@@ inter and con@@ trac@@ ts in su@@ m@@ mer@@ .
2026-05-24 14:03:48,860 - INFO - joeynmt.training - 	Reference:  H@@ et zet uit in de w@@ inter en k@@ ri@@ mp@@ t in de zom@@ er@@ .
2026-05-24 14:03:48,860 - INFO - joeynmt.training - 	Hypothesis: H@@ et ver@@ p@@ licht in w@@ inter en con@@ trac@@ ten in su@@ m@@ mer@@ <unk>
2026-05-24 14:03:48,860 - INFO - joeynmt.training - Example #4
2026-05-24 14:03:48,860 - DEBUG - joeynmt.training - 	Tokenized source:     ['The', 'ne@@', 'x@@', 't', 'sli@@', 'de', 'I', 'sho@@', 'w', 'you', 'will', 'be', 'a', 'ra@@', 'p@@', 'id', 'fa@@', 'st-@@', 'for@@', 'war@@', 'd', 'of', 'what@@', "'@@", 's', 'happen@@', 'ed', 'over', 'the', 'la@@', 'st', '2@@', '5', 'year@@', 's@@', '.']
2026-05-24 14:03:48,860 - DEBUG - joeynmt.training - 	Tokenized reference:  ['De', 'volgen@@', 'de', 'dia', 'die', 'ik', 'laat', 'zi@@', 'en', 'is', 'een', 'ver@@', 'snel@@', 'de', 'vers@@', 'ie', 'van', 'wat', 'er', 'de', 'af@@', 'gel@@', 'open', '2@@', '5', 'j@@', 'aar', 'is', 'gebeur@@', 'd@@', '.']
2026-05-24 14:03:48,860 - DEBUG - joeynmt.training - 	Tokenized hypothesis: ['De', 'volgen@@', 'de', 'dia', 'die', 'ik', 'laat', 'je', 'een', 'snel@@', 'le', 'snel@@', 'le', 'snel@@', 'heid', 'van', 'wat', 'er', 'gebeur@@', 't', 'is', 'van', 'wat', 'er', 'gebeur@@', 'd', 'is', 'in', 'de', 'laat@@', 'ste', '2@@', '5', 'j@@', 'aar', 'gebeur@@', 'd@@', '<unk>', '</s>']
2026-05-24 14:03:48,861 - INFO - joeynmt.training - 	Source:     The ne@@ x@@ t sli@@ de I sho@@ w you will be a ra@@ p@@ id fa@@ st-@@ for@@ war@@ d of what@@ '@@ s happen@@ ed over the la@@ st 2@@ 5 year@@ s@@ .
2026-05-24 14:03:48,861 - INFO - joeynmt.training - 	Reference:  De volgen@@ de dia die ik laat zi@@ en is een ver@@ snel@@ de vers@@ ie van wat er de af@@ gel@@ open 2@@ 5 j@@ aar is gebeur@@ d@@ .
2026-05-24 14:03:48,861 - INFO - joeynmt.training - 	Hypothesis: De volgen@@ de dia die ik laat je een snel@@ le snel@@ le snel@@ heid van wat er gebeur@@ t is van wat er gebeur@@ d is in de laat@@ ste 2@@ 5 j@@ aar gebeur@@ d@@ <unk>
2026-05-24 14:04:51,816 - INFO - joeynmt.training - Epoch   8, Step:    29600, Batch Loss:     1.274658, Batch Acc: 0.641735, Tokens per Sec:     1189, Lr: 0.000300
2026-05-24 14:05:56,610 - INFO - joeynmt.training - Epoch   8, Step:    29700, Batch Loss:     1.270644, Batch Acc: 0.637051, Tokens per Sec:     1145, Lr: 0.000300
2026-05-24 14:07:00,977 - INFO - joeynmt.training - Epoch   8, Step:    29800, Batch Loss:     1.267198, Batch Acc: 0.640539, Tokens per Sec:     1148, Lr: 0.000300
2026-05-24 14:08:05,847 - INFO - joeynmt.training - Epoch   8, Step:    29900, Batch Loss:     1.245412, Batch Acc: 0.642953, Tokens per Sec:     1143, Lr: 0.000300
2026-05-24 14:09:09,496 - INFO - joeynmt.training - Epoch   8, Step:    30000, Batch Loss:     1.222308, Batch Acc: 0.638498, Tokens per Sec:     1167, Lr: 0.000300
2026-05-24 14:09:09,497 - INFO - joeynmt.prediction - Predicting 1003 example(s)... (Greedy decoding with min_output_length=1, max_output_length=100, return_prob='none', generate_unk=True, repetition_penalty=-1, no_repeat_ngram_size=-1)
2026-05-24 14:12:23,447 - INFO - joeynmt.metrics - nrefs:1|case:mixed|eff:no|tok:13a|smooth:exp|version:2.6.0
2026-05-24 14:12:23,447 - INFO - joeynmt.prediction - Evaluation result (greedy) bleu:  37.63, loss:   1.67, ppl:   5.32, acc:   0.53, generation: 193.4167[sec], evaluation: 0.5179[sec]
2026-05-24 14:12:23,528 - INFO - joeynmt.helpers - delete output_bpe5000/27500.ckpt
2026-05-24 14:12:23,540 - INFO - joeynmt.training - Example #0
2026-05-24 14:12:23,540 - DEBUG - joeynmt.training - 	Tokenized source:     ['\ufeffLa@@', 'st', 'year', 'I', 'sho@@', 'we@@', 'd', 'thes@@', 'e', 'tw@@', 'o', 'sli@@', 'de@@', 's', 'so', 'that', 'de@@', 'mon@@', 'strate', 'that', 'the', 'ar@@', 'c@@', 'tic', 'ic@@', 'e', 'cap@@', ',', 'wh@@', 'ich', 'for', 'mo@@', 'st', 'of', 'the', 'la@@', 'st', 'th@@', 'ree', 'milli@@', 'on', 'year@@', 's', 'ha@@', 's', 'be@@', 'en', 'the', 'si@@', 'ze', 'of', 'the', 'lo@@', 'wer', '4@@', '8', 'stat@@', 'es@@', ',', 'ha@@', 's', 'sh@@', 'run@@', 'k', 'b@@', 'y', '4@@', '0', 'percen@@', 't@@', '.']
2026-05-24 14:12:23,540 - DEBUG - joeynmt.training - 	Tokenized reference:  ['\ufeffV@@', 'orig', 'j@@', 'aar', 'lie@@', 't', 'ik', 'de@@', 'ze', 'twee', 'dia@@', "'@@", 's', 'zi@@', 'en', 'om', 'aan', 'te', 'ton@@', 'en', 'dat', 'de', 'p@@', 'ool@@', 'ij@@', 'sk@@', 'ap@@', ',', 'die', 'de', 'af@@', 'gel@@', 'open', 'drie', 'miljo@@', 'en', 'j@@', 'aar', 'onge@@', 've@@', 'er', 'de', 'groot@@', 'te', 'had', 'van', 'het', 'va@@', 'stel@@', 'and', 'van', 'de', 'V@@', 'S@@', ',', 'met', '4@@', '0@@', '%', 'gek@@', 'ro@@', 'mp@@', 'en', 'was@@', '.']
2026-05-24 14:12:23,541 - DEBUG - joeynmt.training - 	Tokenized hypothesis: ['H@@', 'et', 'laat@@', 'ste', 'j@@', 'aar', 'lie@@', 't', 'ik', 'de@@', 'ze', 'twee', 'dia@@', "'@@", 's', 'zo@@', 'dat', 'de', 'ar@@', 'c@@', 't@@', 'isch@@', 'e', 'ij@@', 's', 'zi@@', 'en', 'dat', 'de', 'af@@', 'gel@@', 'open', 'drie', 'miljo@@', 'en', 'j@@', 'aar', 'de', 'groot@@', 'ste', 'drie', 'miljo@@', 'en', 'j@@', 'aar', 'zijn', 'de', 'groot@@', 'te', 'van', 'de', 'la@@', 'gere', '4@@', '0', 'pro@@', 'cen@@', 't@@', '<unk>', '</s>']
2026-05-24 14:12:23,541 - INFO - joeynmt.training - 	Source:     ﻿La@@ st year I sho@@ we@@ d thes@@ e tw@@ o sli@@ de@@ s so that de@@ mon@@ strate that the ar@@ c@@ tic ic@@ e cap@@ , wh@@ ich for mo@@ st of the la@@ st th@@ ree milli@@ on year@@ s ha@@ s be@@ en the si@@ ze of the lo@@ wer 4@@ 8 stat@@ es@@ , ha@@ s sh@@ run@@ k b@@ y 4@@ 0 percen@@ t@@ .
2026-05-24 14:12:23,541 - INFO - joeynmt.training - 	Reference:  ﻿V@@ orig j@@ aar lie@@ t ik de@@ ze twee dia@@ '@@ s zi@@ en om aan te ton@@ en dat de p@@ ool@@ ij@@ sk@@ ap@@ , die de af@@ gel@@ open drie miljo@@ en j@@ aar onge@@ ve@@ er de groot@@ te had van het va@@ stel@@ and van de V@@ S@@ , met 4@@ 0@@ % gek@@ ro@@ mp@@ en was@@ .
2026-05-24 14:12:23,541 - INFO - joeynmt.training - 	Hypothesis: H@@ et laat@@ ste j@@ aar lie@@ t ik de@@ ze twee dia@@ '@@ s zo@@ dat de ar@@ c@@ t@@ isch@@ e ij@@ s zi@@ en dat de af@@ gel@@ open drie miljo@@ en j@@ aar de groot@@ ste drie miljo@@ en j@@ aar zijn de groot@@ te van de la@@ gere 4@@ 0 pro@@ cen@@ t@@ <unk>
2026-05-24 14:12:23,542 - INFO - joeynmt.training - Example #1
2026-05-24 14:12:23,542 - DEBUG - joeynmt.training - 	Tokenized source:     ['Bu@@', 't', 'th@@', 'is', 'under@@', 'stat@@', 'es', 'the', 'ser@@', 'i@@', 'ou@@', 'sn@@', 'ess', 'of', 'th@@', 'is', 'particul@@', 'ar', 'proble@@', 'm', 'beca@@', 'us@@', 'e', 'it', 'does@@', 'n@@', "'@@", 't', 'sho@@', 'w', 'the', 'th@@', 'ic@@', 'kn@@', 'ess', 'of', 'the', 'ic@@', 'e@@', '.']
2026-05-24 14:12:23,542 - DEBUG - joeynmt.training - 	Tokenized reference:  ['M@@', 'aar', 'dit', 'onder@@', 'sch@@', 'at', 'eigen@@', 'lijk', 'de', 'ern@@', 'st', 'van', 'dit', 'specif@@', 'ie@@', 'ke', 'proble@@', 'em', 'om@@', 'dat', 'het', 'nie@@', 't', 'de', 'di@@', 'k@@', 'te', 'van', 'het', 'ij@@', 's', 'laat', 'zi@@', 'en@@', '.']
2026-05-24 14:12:23,542 - DEBUG - joeynmt.training - 	Tokenized hypothesis: ['M@@', 'aar', 'dit', 'onder@@', 'ste', 'stat@@', 'en', 'de', 'ser@@', 'ie@@', 'us', 'van', 'dit', 'specif@@', 'ie@@', 'ke', 'proble@@', 'em', 'om@@', 'dat', 'het', 'di@@', 'k@@', 'te', 'nie@@', 't', 'di@@', 'k@@', 'ker', 'de', 'di@@', 'k@@', 'te', 'van', 'het', 'ij@@', 's@@', '<unk>', '</s>']
2026-05-24 14:12:23,542 - INFO - joeynmt.training - 	Source:     Bu@@ t th@@ is under@@ stat@@ es the ser@@ i@@ ou@@ sn@@ ess of th@@ is particul@@ ar proble@@ m beca@@ us@@ e it does@@ n@@ '@@ t sho@@ w the th@@ ic@@ kn@@ ess of the ic@@ e@@ .
2026-05-24 14:12:23,542 - INFO - joeynmt.training - 	Reference:  M@@ aar dit onder@@ sch@@ at eigen@@ lijk de ern@@ st van dit specif@@ ie@@ ke proble@@ em om@@ dat het nie@@ t de di@@ k@@ te van het ij@@ s laat zi@@ en@@ .
2026-05-24 14:12:23,543 - INFO - joeynmt.training - 	Hypothesis: M@@ aar dit onder@@ ste stat@@ en de ser@@ ie@@ us van dit specif@@ ie@@ ke proble@@ em om@@ dat het di@@ k@@ te nie@@ t di@@ k@@ ker de di@@ k@@ te van het ij@@ s@@ <unk>
2026-05-24 14:12:23,543 - INFO - joeynmt.training - Example #2
2026-05-24 14:12:23,543 - DEBUG - joeynmt.training - 	Tokenized source:     ['The', 'ar@@', 'c@@', 'tic', 'ic@@', 'e', 'cap', 'is@@', ',', 'in', 'a', 'sen@@', 'se@@', ',', 'the', 'be@@', 'at@@', 'ing', 'hear@@', 't', 'of', 'the', 'glob@@', 'al', 'cli@@', 'mat@@', 'e', 'system@@', '.']
2026-05-24 14:12:23,543 - DEBUG - joeynmt.training - 	Tokenized reference:  ['De', 'ij@@', 'sk@@', 'ap', 'op', 'de', 'Noor@@', 'd@@', 'p@@', 'ool', 'is', 'in', 'ze@@', 'ker@@', 'e', 'zin', 'het', 'kl@@', 'op@@', 'pen@@', 'd', 'har@@', 't', 'van', 'ons', 'glob@@', 'aal', 'kli@@', 'maat@@', 'syste@@', 'em@@', '.']
2026-05-24 14:12:23,543 - DEBUG - joeynmt.training - 	Tokenized hypothesis: ['De', 'ar@@', 'c@@', 't@@', 'isch@@', 'e', 'ij@@', 's', 'is', 'in', 'ze@@', 'ker@@', 'e', 'zin', 'het', 'be@@', 'er@@', 'gen@@', 'd', 'van', 'het', 'wereldwij@@', 'de', 'kli@@', 'maat@@', 'syste@@', 'em', 'is@@', '<unk>', '</s>']
2026-05-24 14:12:23,544 - INFO - joeynmt.training - 	Source:     The ar@@ c@@ tic ic@@ e cap is@@ , in a sen@@ se@@ , the be@@ at@@ ing hear@@ t of the glob@@ al cli@@ mat@@ e system@@ .
2026-05-24 14:12:23,544 - INFO - joeynmt.training - 	Reference:  De ij@@ sk@@ ap op de Noor@@ d@@ p@@ ool is in ze@@ ker@@ e zin het kl@@ op@@ pen@@ d har@@ t van ons glob@@ aal kli@@ maat@@ syste@@ em@@ .
2026-05-24 14:12:23,544 - INFO - joeynmt.training - 	Hypothesis: De ar@@ c@@ t@@ isch@@ e ij@@ s is in ze@@ ker@@ e zin het be@@ er@@ gen@@ d van het wereldwij@@ de kli@@ maat@@ syste@@ em is@@ <unk>
2026-05-24 14:12:23,545 - INFO - joeynmt.training - Example #3
2026-05-24 14:12:23,545 - DEBUG - joeynmt.training - 	Tokenized source:     ['I@@', 't', 'ex@@', 'p@@', 'and@@', 's', 'in', 'w@@', 'inter', 'and', 'con@@', 'trac@@', 'ts', 'in', 'su@@', 'm@@', 'mer@@', '.']
2026-05-24 14:12:23,545 - DEBUG - joeynmt.training - 	Tokenized reference:  ['H@@', 'et', 'zet', 'uit', 'in', 'de', 'w@@', 'inter', 'en', 'k@@', 'ri@@', 'mp@@', 't', 'in', 'de', 'zom@@', 'er@@', '.']
2026-05-24 14:12:23,545 - DEBUG - joeynmt.training - 	Tokenized hypothesis: ['H@@', 'et', 'ex@@', 'p@@', 'pl@@', 'and@@', 's', 'in', 'w@@', 'inter', 'en', 'con@@', 'trac@@', 'ten', 'in', 'zom@@', 'er@@', '<unk>', '</s>']
2026-05-24 14:12:23,545 - INFO - joeynmt.training - 	Source:     I@@ t ex@@ p@@ and@@ s in w@@ inter and con@@ trac@@ ts in su@@ m@@ mer@@ .
2026-05-24 14:12:23,545 - INFO - joeynmt.training - 	Reference:  H@@ et zet uit in de w@@ inter en k@@ ri@@ mp@@ t in de zom@@ er@@ .
2026-05-24 14:12:23,545 - INFO - joeynmt.training - 	Hypothesis: H@@ et ex@@ p@@ pl@@ and@@ s in w@@ inter en con@@ trac@@ ten in zom@@ er@@ <unk>
2026-05-24 14:12:23,545 - INFO - joeynmt.training - Example #4
2026-05-24 14:12:23,547 - DEBUG - joeynmt.training - 	Tokenized source:     ['The', 'ne@@', 'x@@', 't', 'sli@@', 'de', 'I', 'sho@@', 'w', 'you', 'will', 'be', 'a', 'ra@@', 'p@@', 'id', 'fa@@', 'st-@@', 'for@@', 'war@@', 'd', 'of', 'what@@', "'@@", 's', 'happen@@', 'ed', 'over', 'the', 'la@@', 'st', '2@@', '5', 'year@@', 's@@', '.']
2026-05-24 14:12:23,547 - DEBUG - joeynmt.training - 	Tokenized reference:  ['De', 'volgen@@', 'de', 'dia', 'die', 'ik', 'laat', 'zi@@', 'en', 'is', 'een', 'ver@@', 'snel@@', 'de', 'vers@@', 'ie', 'van', 'wat', 'er', 'de', 'af@@', 'gel@@', 'open', '2@@', '5', 'j@@', 'aar', 'is', 'gebeur@@', 'd@@', '.']
2026-05-24 14:12:23,547 - DEBUG - joeynmt.training - 	Tokenized hypothesis: ['De', 'volgen@@', 'de', 'dia', 'die', 'ik', 'laat', 'je', 'een', 'snel@@', 'le', 'snel@@', 'le', 'snel@@', 'le', 'snel@@', 'le', 'vooruit@@', 'gaan@@', ',', 'van', 'wat', 'er', 'gebeur@@', 't', 'is', 'ged@@', 'ur@@', 'en@@', 'de', 'de', 'laat@@', 'ste', '2@@', '5', 'j@@', 'aar@@', '<unk>', '</s>']
2026-05-24 14:12:23,547 - INFO - joeynmt.training - 	Source:     The ne@@ x@@ t sli@@ de I sho@@ w you will be a ra@@ p@@ id fa@@ st-@@ for@@ war@@ d of what@@ '@@ s happen@@ ed over the la@@ st 2@@ 5 year@@ s@@ .
2026-05-24 14:12:23,547 - INFO - joeynmt.training - 	Reference:  De volgen@@ de dia die ik laat zi@@ en is een ver@@ snel@@ de vers@@ ie van wat er de af@@ gel@@ open 2@@ 5 j@@ aar is gebeur@@ d@@ .
2026-05-24 14:12:23,547 - INFO - joeynmt.training - 	Hypothesis: De volgen@@ de dia die ik laat je een snel@@ le snel@@ le snel@@ le snel@@ le vooruit@@ gaan@@ , van wat er gebeur@@ t is ged@@ ur@@ en@@ de de laat@@ ste 2@@ 5 j@@ aar@@ <unk>
2026-05-24 14:13:28,391 - INFO - joeynmt.training - Epoch   8, Step:    30100, Batch Loss:     1.150469, Batch Acc: 0.634568, Tokens per Sec:     1145, Lr: 0.000300
2026-05-24 14:14:33,903 - INFO - joeynmt.training - Epoch   8, Step:    30200, Batch Loss:     1.324395, Batch Acc: 0.636840, Tokens per Sec:     1141, Lr: 0.000300
2026-05-24 14:15:35,306 - INFO - joeynmt.training - Epoch   8, Step:    30300, Batch Loss:     1.347018, Batch Acc: 0.635221, Tokens per Sec:     1185, Lr: 0.000300
2026-05-24 14:16:37,103 - INFO - joeynmt.training - Epoch   8, Step:    30400, Batch Loss:     1.266738, Batch Acc: 0.634411, Tokens per Sec:     1189, Lr: 0.000300
2026-05-24 14:17:41,194 - INFO - joeynmt.training - Epoch   8, Step:    30500, Batch Loss:     1.228846, Batch Acc: 0.638024, Tokens per Sec:     1123, Lr: 0.000300
2026-05-24 14:17:41,195 - INFO - joeynmt.prediction - Predicting 1003 example(s)... (Greedy decoding with min_output_length=1, max_output_length=100, return_prob='none', generate_unk=True, repetition_penalty=-1, no_repeat_ngram_size=-1)
2026-05-24 14:20:53,117 - INFO - joeynmt.metrics - nrefs:1|case:mixed|eff:no|tok:13a|smooth:exp|version:2.6.0
2026-05-24 14:20:53,118 - INFO - joeynmt.prediction - Evaluation result (greedy) bleu:  38.40, loss:   1.67, ppl:   5.32, acc:   0.54, generation: 191.3638[sec], evaluation: 0.5433[sec]
2026-05-24 14:20:53,188 - INFO - joeynmt.helpers - delete output_bpe5000/29000.ckpt
2026-05-24 14:20:53,197 - INFO - joeynmt.training - Example #0
2026-05-24 14:20:53,197 - DEBUG - joeynmt.training - 	Tokenized source:     ['\ufeffLa@@', 'st', 'year', 'I', 'sho@@', 'we@@', 'd', 'thes@@', 'e', 'tw@@', 'o', 'sli@@', 'de@@', 's', 'so', 'that', 'de@@', 'mon@@', 'strate', 'that', 'the', 'ar@@', 'c@@', 'tic', 'ic@@', 'e', 'cap@@', ',', 'wh@@', 'ich', 'for', 'mo@@', 'st', 'of', 'the', 'la@@', 'st', 'th@@', 'ree', 'milli@@', 'on', 'year@@', 's', 'ha@@', 's', 'be@@', 'en', 'the', 'si@@', 'ze', 'of', 'the', 'lo@@', 'wer', '4@@', '8', 'stat@@', 'es@@', ',', 'ha@@', 's', 'sh@@', 'run@@', 'k', 'b@@', 'y', '4@@', '0', 'percen@@', 't@@', '.']
2026-05-24 14:20:53,197 - DEBUG - joeynmt.training - 	Tokenized reference:  ['\ufeffV@@', 'orig', 'j@@', 'aar', 'lie@@', 't', 'ik', 'de@@', 'ze', 'twee', 'dia@@', "'@@", 's', 'zi@@', 'en', 'om', 'aan', 'te', 'ton@@', 'en', 'dat', 'de', 'p@@', 'ool@@', 'ij@@', 'sk@@', 'ap@@', ',', 'die', 'de', 'af@@', 'gel@@', 'open', 'drie', 'miljo@@', 'en', 'j@@', 'aar', 'onge@@', 've@@', 'er', 'de', 'groot@@', 'te', 'had', 'van', 'het', 'va@@', 'stel@@', 'and', 'van', 'de', 'V@@', 'S@@', ',', 'met', '4@@', '0@@', '%', 'gek@@', 'ro@@', 'mp@@', 'en', 'was@@', '.']
2026-05-24 14:20:53,197 - DEBUG - joeynmt.training - 	Tokenized hypothesis: ['I@@', 'k', 'lie@@', 't', 'j@@', 'aar', 'lie@@', 't', 'ik', 'de@@', 'ze', 'twee', 'dia@@', "'@@", 's', 'zo@@', 'dat', 'de', 'ar@@', 'c@@', 't@@', 'isch@@', 'e', 'ij@@', 's', 'in', 'de', 'laat@@', 'ste', 'drie', 'miljo@@', 'en', 'j@@', 'aar', 'de', 'laat@@', 'ste', 'drie', 'miljo@@', 'en', 'j@@', 'aar', 'is', 'de', 'groot@@', 'ste', 'drie', 'miljo@@', 'en', 'j@@', 'aar', 'is', 'gewe@@', 'est', 'door', '4@@', '0', 'pro@@', 'cen@@', 't@@', '<unk>', '</s>']
2026-05-24 14:20:53,198 - INFO - joeynmt.training - 	Source:     ﻿La@@ st year I sho@@ we@@ d thes@@ e tw@@ o sli@@ de@@ s so that de@@ mon@@ strate that the ar@@ c@@ tic ic@@ e cap@@ , wh@@ ich for mo@@ st of the la@@ st th@@ ree milli@@ on year@@ s ha@@ s be@@ en the si@@ ze of the lo@@ wer 4@@ 8 stat@@ es@@ , ha@@ s sh@@ run@@ k b@@ y 4@@ 0 percen@@ t@@ .
2026-05-24 14:20:53,198 - INFO - joeynmt.training - 	Reference:  ﻿V@@ orig j@@ aar lie@@ t ik de@@ ze twee dia@@ '@@ s zi@@ en om aan te ton@@ en dat de p@@ ool@@ ij@@ sk@@ ap@@ , die de af@@ gel@@ open drie miljo@@ en j@@ aar onge@@ ve@@ er de groot@@ te had van het va@@ stel@@ and van de V@@ S@@ , met 4@@ 0@@ % gek@@ ro@@ mp@@ en was@@ .
2026-05-24 14:20:53,198 - INFO - joeynmt.training - 	Hypothesis: I@@ k lie@@ t j@@ aar lie@@ t ik de@@ ze twee dia@@ '@@ s zo@@ dat de ar@@ c@@ t@@ isch@@ e ij@@ s in de laat@@ ste drie miljo@@ en j@@ aar de laat@@ ste drie miljo@@ en j@@ aar is de groot@@ ste drie miljo@@ en j@@ aar is gewe@@ est door 4@@ 0 pro@@ cen@@ t@@ <unk>
2026-05-24 14:20:53,198 - INFO - joeynmt.training - Example #1
2026-05-24 14:20:53,199 - DEBUG - joeynmt.training - 	Tokenized source:     ['Bu@@', 't', 'th@@', 'is', 'under@@', 'stat@@', 'es', 'the', 'ser@@', 'i@@', 'ou@@', 'sn@@', 'ess', 'of', 'th@@', 'is', 'particul@@', 'ar', 'proble@@', 'm', 'beca@@', 'us@@', 'e', 'it', 'does@@', 'n@@', "'@@", 't', 'sho@@', 'w', 'the', 'th@@', 'ic@@', 'kn@@', 'ess', 'of', 'the', 'ic@@', 'e@@', '.']
2026-05-24 14:20:53,199 - DEBUG - joeynmt.training - 	Tokenized reference:  ['M@@', 'aar', 'dit', 'onder@@', 'sch@@', 'at', 'eigen@@', 'lijk', 'de', 'ern@@', 'st', 'van', 'dit', 'specif@@', 'ie@@', 'ke', 'proble@@', 'em', 'om@@', 'dat', 'het', 'nie@@', 't', 'de', 'di@@', 'k@@', 'te', 'van', 'het', 'ij@@', 's', 'laat', 'zi@@', 'en@@', '.']
2026-05-24 14:20:53,199 - DEBUG - joeynmt.training - 	Tokenized hypothesis: ['M@@', 'aar', 'de@@', 'ze', 'onder@@', 'ste', 'stat@@', 'en', 'de', 'ser@@', 'ie@@', 'us', 'van', 'dit', 'proble@@', 'em', 'om@@', 'dat', 'het', 'di@@', 'k@@', 'te', 'nie@@', 't', 'laat', 'zi@@', 'en', 'van', 'het', 'ij@@', 's@@', '<unk>', '</s>']
2026-05-24 14:20:53,199 - INFO - joeynmt.training - 	Source:     Bu@@ t th@@ is under@@ stat@@ es the ser@@ i@@ ou@@ sn@@ ess of th@@ is particul@@ ar proble@@ m beca@@ us@@ e it does@@ n@@ '@@ t sho@@ w the th@@ ic@@ kn@@ ess of the ic@@ e@@ .
2026-05-24 14:20:53,199 - INFO - joeynmt.training - 	Reference:  M@@ aar dit onder@@ sch@@ at eigen@@ lijk de ern@@ st van dit specif@@ ie@@ ke proble@@ em om@@ dat het nie@@ t de di@@ k@@ te van het ij@@ s laat zi@@ en@@ .
2026-05-24 14:20:53,199 - INFO - joeynmt.training - 	Hypothesis: M@@ aar de@@ ze onder@@ ste stat@@ en de ser@@ ie@@ us van dit proble@@ em om@@ dat het di@@ k@@ te nie@@ t laat zi@@ en van het ij@@ s@@ <unk>
2026-05-24 14:20:53,200 - INFO - joeynmt.training - Example #2
2026-05-24 14:20:53,200 - DEBUG - joeynmt.training - 	Tokenized source:     ['The', 'ar@@', 'c@@', 'tic', 'ic@@', 'e', 'cap', 'is@@', ',', 'in', 'a', 'sen@@', 'se@@', ',', 'the', 'be@@', 'at@@', 'ing', 'hear@@', 't', 'of', 'the', 'glob@@', 'al', 'cli@@', 'mat@@', 'e', 'system@@', '.']
2026-05-24 14:20:53,200 - DEBUG - joeynmt.training - 	Tokenized reference:  ['De', 'ij@@', 'sk@@', 'ap', 'op', 'de', 'Noor@@', 'd@@', 'p@@', 'ool', 'is', 'in', 'ze@@', 'ker@@', 'e', 'zin', 'het', 'kl@@', 'op@@', 'pen@@', 'd', 'har@@', 't', 'van', 'ons', 'glob@@', 'aal', 'kli@@', 'maat@@', 'syste@@', 'em@@', '.']
2026-05-24 14:20:53,200 - DEBUG - joeynmt.training - 	Tokenized hypothesis: ['De', 'ar@@', 'c@@', 't@@', 'isch@@', 'e', 'ij@@', 'l@@', 'ing', 'in', 'ze@@', 'ker@@', 'e', 'zin@@', ',', 'het', 'we@@', 'et', 'het', 'har@@', 't', 'van', 'het', 'wereldwij@@', 'de', 'kli@@', 'maat@@', 'syste@@', 'em', 'van', 'het', 'kli@@', 'maat@@', 'syste@@', 'em', 'is@@', '<unk>', '</s>']
2026-05-24 14:20:53,200 - INFO - joeynmt.training - 	Source:     The ar@@ c@@ tic ic@@ e cap is@@ , in a sen@@ se@@ , the be@@ at@@ ing hear@@ t of the glob@@ al cli@@ mat@@ e system@@ .
2026-05-24 14:20:53,200 - INFO - joeynmt.training - 	Reference:  De ij@@ sk@@ ap op de Noor@@ d@@ p@@ ool is in ze@@ ker@@ e zin het kl@@ op@@ pen@@ d har@@ t van ons glob@@ aal kli@@ maat@@ syste@@ em@@ .
2026-05-24 14:20:53,201 - INFO - joeynmt.training - 	Hypothesis: De ar@@ c@@ t@@ isch@@ e ij@@ l@@ ing in ze@@ ker@@ e zin@@ , het we@@ et het har@@ t van het wereldwij@@ de kli@@ maat@@ syste@@ em van het kli@@ maat@@ syste@@ em is@@ <unk>
2026-05-24 14:20:53,201 - INFO - joeynmt.training - Example #3
2026-05-24 14:20:53,201 - DEBUG - joeynmt.training - 	Tokenized source:     ['I@@', 't', 'ex@@', 'p@@', 'and@@', 's', 'in', 'w@@', 'inter', 'and', 'con@@', 'trac@@', 'ts', 'in', 'su@@', 'm@@', 'mer@@', '.']
2026-05-24 14:20:53,201 - DEBUG - joeynmt.training - 	Tokenized reference:  ['H@@', 'et', 'zet', 'uit', 'in', 'de', 'w@@', 'inter', 'en', 'k@@', 'ri@@', 'mp@@', 't', 'in', 'de', 'zom@@', 'er@@', '.']
2026-05-24 14:20:53,201 - DEBUG - joeynmt.training - 	Tokenized hypothesis: ['H@@', 'et', 'ex@@', 'p@@', 'and@@', 's', 'in', 'w@@', 'inter', 'en', 'con@@', 'trac@@', 'ten', 'in', 'su@@', 'm@@', 'mer@@', '<unk>', '</s>']
2026-05-24 14:20:53,201 - INFO - joeynmt.training - 	Source:     I@@ t ex@@ p@@ and@@ s in w@@ inter and con@@ trac@@ ts in su@@ m@@ mer@@ .
2026-05-24 14:20:53,201 - INFO - joeynmt.training - 	Reference:  H@@ et zet uit in de w@@ inter en k@@ ri@@ mp@@ t in de zom@@ er@@ .
2026-05-24 14:20:53,202 - INFO - joeynmt.training - 	Hypothesis: H@@ et ex@@ p@@ and@@ s in w@@ inter en con@@ trac@@ ten in su@@ m@@ mer@@ <unk>
2026-05-24 14:20:53,202 - INFO - joeynmt.training - Example #4
2026-05-24 14:20:53,202 - DEBUG - joeynmt.training - 	Tokenized source:     ['The', 'ne@@', 'x@@', 't', 'sli@@', 'de', 'I', 'sho@@', 'w', 'you', 'will', 'be', 'a', 'ra@@', 'p@@', 'id', 'fa@@', 'st-@@', 'for@@', 'war@@', 'd', 'of', 'what@@', "'@@", 's', 'happen@@', 'ed', 'over', 'the', 'la@@', 'st', '2@@', '5', 'year@@', 's@@', '.']
2026-05-24 14:20:53,202 - DEBUG - joeynmt.training - 	Tokenized reference:  ['De', 'volgen@@', 'de', 'dia', 'die', 'ik', 'laat', 'zi@@', 'en', 'is', 'een', 'ver@@', 'snel@@', 'de', 'vers@@', 'ie', 'van', 'wat', 'er', 'de', 'af@@', 'gel@@', 'open', '2@@', '5', 'j@@', 'aar', 'is', 'gebeur@@', 'd@@', '.']
2026-05-24 14:20:53,202 - DEBUG - joeynmt.training - 	Tokenized hypothesis: ['De', 'volgen@@', 'de', 'dia', 'laat', 'ik', 'u', 'een', 'snel@@', 'le', 'snel@@', 'le', 'snel@@', 'le', 'vooruit@@', 'gaan@@', 'de', 'van', 'wat', 'er', 'gebeur@@', 'd', 'is', 'van', 'wat', 'er', 'gebeur@@', 'd', 'is', 'van', 'de', 'laat@@', 'ste', '2@@', '5', 'j@@', 'aar', 'gebeur@@', 'd@@', '<unk>', '</s>']
2026-05-24 14:20:53,202 - INFO - joeynmt.training - 	Source:     The ne@@ x@@ t sli@@ de I sho@@ w you will be a ra@@ p@@ id fa@@ st-@@ for@@ war@@ d of what@@ '@@ s happen@@ ed over the la@@ st 2@@ 5 year@@ s@@ .
2026-05-24 14:20:53,202 - INFO - joeynmt.training - 	Reference:  De volgen@@ de dia die ik laat zi@@ en is een ver@@ snel@@ de vers@@ ie van wat er de af@@ gel@@ open 2@@ 5 j@@ aar is gebeur@@ d@@ .
2026-05-24 14:20:53,202 - INFO - joeynmt.training - 	Hypothesis: De volgen@@ de dia laat ik u een snel@@ le snel@@ le snel@@ le vooruit@@ gaan@@ de van wat er gebeur@@ d is van wat er gebeur@@ d is van de laat@@ ste 2@@ 5 j@@ aar gebeur@@ d@@ <unk>
2026-05-24 14:21:55,243 - INFO - joeynmt.training - Epoch   8, Step:    30600, Batch Loss:     1.132810, Batch Acc: 0.633769, Tokens per Sec:     1168, Lr: 0.000300
2026-05-24 14:22:57,671 - INFO - joeynmt.training - Epoch   8, Step:    30700, Batch Loss:     1.229784, Batch Acc: 0.638812, Tokens per Sec:     1178, Lr: 0.000300
2026-05-24 14:24:02,545 - INFO - joeynmt.training - Epoch   8, Step:    30800, Batch Loss:     1.419466, Batch Acc: 0.638998, Tokens per Sec:     1144, Lr: 0.000300
2026-05-24 14:25:06,156 - INFO - joeynmt.training - Epoch   8, Step:    30900, Batch Loss:     1.257396, Batch Acc: 0.637355, Tokens per Sec:     1178, Lr: 0.000300
2026-05-24 14:26:09,567 - INFO - joeynmt.training - Epoch   8, Step:    31000, Batch Loss:     1.224253, Batch Acc: 0.634908, Tokens per Sec:     1155, Lr: 0.000300
2026-05-24 14:26:09,567 - INFO - joeynmt.prediction - Predicting 1003 example(s)... (Greedy decoding with min_output_length=1, max_output_length=100, return_prob='none', generate_unk=True, repetition_penalty=-1, no_repeat_ngram_size=-1)
2026-05-24 14:29:29,381 - INFO - joeynmt.metrics - nrefs:1|case:mixed|eff:no|tok:13a|smooth:exp|version:2.6.0
2026-05-24 14:29:29,381 - INFO - joeynmt.prediction - Evaluation result (greedy) bleu:  36.85, loss:   1.67, ppl:   5.29, acc:   0.54, generation: 199.3215[sec], evaluation: 0.4740[sec]
2026-05-24 14:29:29,382 - INFO - joeynmt.training - Hooray! New best validation result [ppl]!
2026-05-24 14:29:29,451 - INFO - joeynmt.helpers - delete output_bpe5000/28000.ckpt
2026-05-24 14:29:29,462 - INFO - joeynmt.training - Example #0
2026-05-24 14:29:29,462 - DEBUG - joeynmt.training - 	Tokenized source:     ['\ufeffLa@@', 'st', 'year', 'I', 'sho@@', 'we@@', 'd', 'thes@@', 'e', 'tw@@', 'o', 'sli@@', 'de@@', 's', 'so', 'that', 'de@@', 'mon@@', 'strate', 'that', 'the', 'ar@@', 'c@@', 'tic', 'ic@@', 'e', 'cap@@', ',', 'wh@@', 'ich', 'for', 'mo@@', 'st', 'of', 'the', 'la@@', 'st', 'th@@', 'ree', 'milli@@', 'on', 'year@@', 's', 'ha@@', 's', 'be@@', 'en', 'the', 'si@@', 'ze', 'of', 'the', 'lo@@', 'wer', '4@@', '8', 'stat@@', 'es@@', ',', 'ha@@', 's', 'sh@@', 'run@@', 'k', 'b@@', 'y', '4@@', '0', 'percen@@', 't@@', '.']
2026-05-24 14:29:29,462 - DEBUG - joeynmt.training - 	Tokenized reference:  ['\ufeffV@@', 'orig', 'j@@', 'aar', 'lie@@', 't', 'ik', 'de@@', 'ze', 'twee', 'dia@@', "'@@", 's', 'zi@@', 'en', 'om', 'aan', 'te', 'ton@@', 'en', 'dat', 'de', 'p@@', 'ool@@', 'ij@@', 'sk@@', 'ap@@', ',', 'die', 'de', 'af@@', 'gel@@', 'open', 'drie', 'miljo@@', 'en', 'j@@', 'aar', 'onge@@', 've@@', 'er', 'de', 'groot@@', 'te', 'had', 'van', 'het', 'va@@', 'stel@@', 'and', 'van', 'de', 'V@@', 'S@@', ',', 'met', '4@@', '0@@', '%', 'gek@@', 'ro@@', 'mp@@', 'en', 'was@@', '.']
2026-05-24 14:29:29,462 - DEBUG - joeynmt.training - 	Tokenized hypothesis: ['H@@', 'et', 'laat@@', 'ste', 'j@@', 'aar', 'lie@@', 't', 'ik', 'de@@', 'ze', 'twee', 'dia@@', "'@@", 's', 'zo@@', 'dat', 'de', 'ar@@', 'c@@', 't@@', 'isch@@', 'e', 'ic@@', 'e', 'ij@@', 'sk@@', 'ap@@', ',', 'wat', 'voor', 'de', 'mee@@', 'ste', 'drie', 'miljo@@', 'en', 'j@@', 'aar', 'is', 'de', 'groot@@', 'ste', 'drie', 'miljo@@', 'en', 'j@@', 'aar', 'is', 'de', 'groot@@', 'ste', 'drie', 'miljo@@', 'en', 'j@@', 'aar', 'is', 'de', 'groot@@', 'ste', 'drie', 'miljo@@', 'en', 'j@@', 'aar', 'is', 'gewe@@', 'est@@', ',', 'door', '4@@', '0', 'pro@@', 'cen@@', 't@@', '<unk>', '</s>']
2026-05-24 14:29:29,463 - INFO - joeynmt.training - 	Source:     ﻿La@@ st year I sho@@ we@@ d thes@@ e tw@@ o sli@@ de@@ s so that de@@ mon@@ strate that the ar@@ c@@ tic ic@@ e cap@@ , wh@@ ich for mo@@ st of the la@@ st th@@ ree milli@@ on year@@ s ha@@ s be@@ en the si@@ ze of the lo@@ wer 4@@ 8 stat@@ es@@ , ha@@ s sh@@ run@@ k b@@ y 4@@ 0 percen@@ t@@ .
2026-05-24 14:29:29,464 - INFO - joeynmt.training - 	Reference:  ﻿V@@ orig j@@ aar lie@@ t ik de@@ ze twee dia@@ '@@ s zi@@ en om aan te ton@@ en dat de p@@ ool@@ ij@@ sk@@ ap@@ , die de af@@ gel@@ open drie miljo@@ en j@@ aar onge@@ ve@@ er de groot@@ te had van het va@@ stel@@ and van de V@@ S@@ , met 4@@ 0@@ % gek@@ ro@@ mp@@ en was@@ .
2026-05-24 14:29:29,464 - INFO - joeynmt.training - 	Hypothesis: H@@ et laat@@ ste j@@ aar lie@@ t ik de@@ ze twee dia@@ '@@ s zo@@ dat de ar@@ c@@ t@@ isch@@ e ic@@ e ij@@ sk@@ ap@@ , wat voor de mee@@ ste drie miljo@@ en j@@ aar is de groot@@ ste drie miljo@@ en j@@ aar is de groot@@ ste drie miljo@@ en j@@ aar is de groot@@ ste drie miljo@@ en j@@ aar is gewe@@ est@@ , door 4@@ 0 pro@@ cen@@ t@@ <unk>
2026-05-24 14:29:29,464 - INFO - joeynmt.training - Example #1
2026-05-24 14:29:29,464 - DEBUG - joeynmt.training - 	Tokenized source:     ['Bu@@', 't', 'th@@', 'is', 'under@@', 'stat@@', 'es', 'the', 'ser@@', 'i@@', 'ou@@', 'sn@@', 'ess', 'of', 'th@@', 'is', 'particul@@', 'ar', 'proble@@', 'm', 'beca@@', 'us@@', 'e', 'it', 'does@@', 'n@@', "'@@", 't', 'sho@@', 'w', 'the', 'th@@', 'ic@@', 'kn@@', 'ess', 'of', 'the', 'ic@@', 'e@@', '.']
2026-05-24 14:29:29,464 - DEBUG - joeynmt.training - 	Tokenized reference:  ['M@@', 'aar', 'dit', 'onder@@', 'sch@@', 'at', 'eigen@@', 'lijk', 'de', 'ern@@', 'st', 'van', 'dit', 'specif@@', 'ie@@', 'ke', 'proble@@', 'em', 'om@@', 'dat', 'het', 'nie@@', 't', 'de', 'di@@', 'k@@', 'te', 'van', 'het', 'ij@@', 's', 'laat', 'zi@@', 'en@@', '.']
2026-05-24 14:29:29,464 - DEBUG - joeynmt.training - 	Tokenized hypothesis: ['M@@', 'aar', 'dit', 'beg@@', 'ri@@', 'p', 'van', 'dit', 'specif@@', 'ie@@', 'ke', 'proble@@', 'em', 'om@@', 'dat', 'het', 'di@@', 'k@@', 'te', 'van', 'dit', 'specif@@', 'ie@@', 'k', 'van', 'het', 'ij@@', 's', 'nie@@', 't', 'to@@', 'en', 'zi@@', 'en', 'van', 'het', 'ij@@', 's@@', '<unk>', '</s>']
2026-05-24 14:29:29,465 - INFO - joeynmt.training - 	Source:     Bu@@ t th@@ is under@@ stat@@ es the ser@@ i@@ ou@@ sn@@ ess of th@@ is particul@@ ar proble@@ m beca@@ us@@ e it does@@ n@@ '@@ t sho@@ w the th@@ ic@@ kn@@ ess of the ic@@ e@@ .
2026-05-24 14:29:29,485 - INFO - joeynmt.training - 	Reference:  M@@ aar dit onder@@ sch@@ at eigen@@ lijk de ern@@ st van dit specif@@ ie@@ ke proble@@ em om@@ dat het nie@@ t de di@@ k@@ te van het ij@@ s laat zi@@ en@@ .
2026-05-24 14:29:29,485 - INFO - joeynmt.training - 	Hypothesis: M@@ aar dit beg@@ ri@@ p van dit specif@@ ie@@ ke proble@@ em om@@ dat het di@@ k@@ te van dit specif@@ ie@@ k van het ij@@ s nie@@ t to@@ en zi@@ en van het ij@@ s@@ <unk>
2026-05-24 14:29:29,485 - INFO - joeynmt.training - Example #2
2026-05-24 14:29:29,485 - DEBUG - joeynmt.training - 	Tokenized source:     ['The', 'ar@@', 'c@@', 'tic', 'ic@@', 'e', 'cap', 'is@@', ',', 'in', 'a', 'sen@@', 'se@@', ',', 'the', 'be@@', 'at@@', 'ing', 'hear@@', 't', 'of', 'the', 'glob@@', 'al', 'cli@@', 'mat@@', 'e', 'system@@', '.']
2026-05-24 14:29:29,486 - DEBUG - joeynmt.training - 	Tokenized reference:  ['De', 'ij@@', 'sk@@', 'ap', 'op', 'de', 'Noor@@', 'd@@', 'p@@', 'ool', 'is', 'in', 'ze@@', 'ker@@', 'e', 'zin', 'het', 'kl@@', 'op@@', 'pen@@', 'd', 'har@@', 't', 'van', 'ons', 'glob@@', 'aal', 'kli@@', 'maat@@', 'syste@@', 'em@@', '.']
2026-05-24 14:29:29,486 - DEBUG - joeynmt.training - 	Tokenized hypothesis: ['De', 'ar@@', 'c@@', 't@@', 'isch@@', 'e', 'ij@@', 'sk@@', 'ap', 'in', 'ze@@', 'ker@@', 'e', 'zin@@', ',', 'het', 'we@@', 'et', 'het', 'har@@', 't', 'van', 'de', 'glob@@', 'al@@', 'e', 'kli@@', 'maat@@', 'syste@@', 'em@@', '<unk>', '</s>']
2026-05-24 14:29:29,486 - INFO - joeynmt.training - 	Source:     The ar@@ c@@ tic ic@@ e cap is@@ , in a sen@@ se@@ , the be@@ at@@ ing hear@@ t of the glob@@ al cli@@ mat@@ e system@@ .
2026-05-24 14:29:29,486 - INFO - joeynmt.training - 	Reference:  De ij@@ sk@@ ap op de Noor@@ d@@ p@@ ool is in ze@@ ker@@ e zin het kl@@ op@@ pen@@ d har@@ t van ons glob@@ aal kli@@ maat@@ syste@@ em@@ .
2026-05-24 14:29:29,487 - INFO - joeynmt.training - 	Hypothesis: De ar@@ c@@ t@@ isch@@ e ij@@ sk@@ ap in ze@@ ker@@ e zin@@ , het we@@ et het har@@ t van de glob@@ al@@ e kli@@ maat@@ syste@@ em@@ <unk>
2026-05-24 14:29:29,487 - INFO - joeynmt.training - Example #3
2026-05-24 14:29:29,487 - DEBUG - joeynmt.training - 	Tokenized source:     ['I@@', 't', 'ex@@', 'p@@', 'and@@', 's', 'in', 'w@@', 'inter', 'and', 'con@@', 'trac@@', 'ts', 'in', 'su@@', 'm@@', 'mer@@', '.']
2026-05-24 14:29:29,487 - DEBUG - joeynmt.training - 	Tokenized reference:  ['H@@', 'et', 'zet', 'uit', 'in', 'de', 'w@@', 'inter', 'en', 'k@@', 'ri@@', 'mp@@', 't', 'in', 'de', 'zom@@', 'er@@', '.']
2026-05-24 14:29:29,487 - DEBUG - joeynmt.training - 	Tokenized hypothesis: ['H@@', 'et', 'uit@@', 'zet@@', 'ten', 'in', 'w@@', 'inter', 'en', 'con@@', 'trac@@', 'ten', 'in', 'de', 'zom@@', 'er', 'te', 'zijn@@', '<unk>', '</s>']
2026-05-24 14:29:29,488 - INFO - joeynmt.training - 	Source:     I@@ t ex@@ p@@ and@@ s in w@@ inter and con@@ trac@@ ts in su@@ m@@ mer@@ .
2026-05-24 14:29:29,488 - INFO - joeynmt.training - 	Reference:  H@@ et zet uit in de w@@ inter en k@@ ri@@ mp@@ t in de zom@@ er@@ .
2026-05-24 14:29:29,488 - INFO - joeynmt.training - 	Hypothesis: H@@ et uit@@ zet@@ ten in w@@ inter en con@@ trac@@ ten in de zom@@ er te zijn@@ <unk>
2026-05-24 14:29:29,489 - INFO - joeynmt.training - Example #4
2026-05-24 14:29:29,489 - DEBUG - joeynmt.training - 	Tokenized source:     ['The', 'ne@@', 'x@@', 't', 'sli@@', 'de', 'I', 'sho@@', 'w', 'you', 'will', 'be', 'a', 'ra@@', 'p@@', 'id', 'fa@@', 'st-@@', 'for@@', 'war@@', 'd', 'of', 'what@@', "'@@", 's', 'happen@@', 'ed', 'over', 'the', 'la@@', 'st', '2@@', '5', 'year@@', 's@@', '.']
2026-05-24 14:29:29,490 - DEBUG - joeynmt.training - 	Tokenized reference:  ['De', 'volgen@@', 'de', 'dia', 'die', 'ik', 'laat', 'zi@@', 'en', 'is', 'een', 'ver@@', 'snel@@', 'de', 'vers@@', 'ie', 'van', 'wat', 'er', 'de', 'af@@', 'gel@@', 'open', '2@@', '5', 'j@@', 'aar', 'is', 'gebeur@@', 'd@@', '.']
2026-05-24 14:29:29,490 - DEBUG - joeynmt.training - 	Tokenized hypothesis: ['De', 'volgen@@', 'de', 'dia', 'die', 'ik', 'laat', 'j@@', 'ul@@', 'lie', 'een', 'snel', 'snel@@', 'le', 'ver@@', 'kra@@', 'cht', 'van', 'wat', 'er', 'gebeur@@', 'd', 'is', 'van', 'wat', 'er', 'gebeur@@', 'd', 'is', 'over', 'de', 'laat@@', 'ste', '2@@', '5', 'j@@', 'aar', 'gebeur@@', 'd@@', '<unk>', '</s>']
2026-05-24 14:29:29,490 - INFO - joeynmt.training - 	Source:     The ne@@ x@@ t sli@@ de I sho@@ w you will be a ra@@ p@@ id fa@@ st-@@ for@@ war@@ d of what@@ '@@ s happen@@ ed over the la@@ st 2@@ 5 year@@ s@@ .
2026-05-24 14:29:29,490 - INFO - joeynmt.training - 	Reference:  De volgen@@ de dia die ik laat zi@@ en is een ver@@ snel@@ de vers@@ ie van wat er de af@@ gel@@ open 2@@ 5 j@@ aar is gebeur@@ d@@ .
2026-05-24 14:29:29,491 - INFO - joeynmt.training - 	Hypothesis: De volgen@@ de dia die ik laat j@@ ul@@ lie een snel snel@@ le ver@@ kra@@ cht van wat er gebeur@@ d is van wat er gebeur@@ d is over de laat@@ ste 2@@ 5 j@@ aar gebeur@@ d@@ <unk>
2026-05-24 14:30:33,919 - INFO - joeynmt.training - Epoch   8, Step:    31100, Batch Loss:     1.251125, Batch Acc: 0.634595, Tokens per Sec:     1137, Lr: 0.000300
2026-05-24 14:31:38,062 - INFO - joeynmt.training - Epoch   8, Step:    31200, Batch Loss:     1.353263, Batch Acc: 0.631623, Tokens per Sec:     1140, Lr: 0.000300
2026-05-24 14:32:42,216 - INFO - joeynmt.training - Epoch   8, Step:    31300, Batch Loss:     1.153432, Batch Acc: 0.631322, Tokens per Sec:     1147, Lr: 0.000300
2026-05-24 14:33:45,185 - INFO - joeynmt.training - Epoch   8, Step:    31400, Batch Loss:     1.505320, Batch Acc: 0.630724, Tokens per Sec:     1163, Lr: 0.000300
2026-05-24 14:34:45,782 - INFO - joeynmt.training - Epoch   8, Step:    31500, Batch Loss:     1.180139, Batch Acc: 0.636755, Tokens per Sec:     1216, Lr: 0.000300
2026-05-24 14:34:45,782 - INFO - joeynmt.prediction - Predicting 1003 example(s)... (Greedy decoding with min_output_length=1, max_output_length=100, return_prob='none', generate_unk=True, repetition_penalty=-1, no_repeat_ngram_size=-1)
2026-05-24 14:37:59,160 - INFO - joeynmt.metrics - nrefs:1|case:mixed|eff:no|tok:13a|smooth:exp|version:2.6.0
2026-05-24 14:37:59,160 - INFO - joeynmt.prediction - Evaluation result (greedy) bleu:  38.78, loss:   1.67, ppl:   5.30, acc:   0.54, generation: 192.8176[sec], evaluation: 0.5443[sec]
2026-05-24 14:37:59,245 - INFO - joeynmt.helpers - delete output_bpe5000/30000.ckpt
2026-05-24 14:37:59,255 - INFO - joeynmt.training - Example #0
2026-05-24 14:37:59,256 - DEBUG - joeynmt.training - 	Tokenized source:     ['\ufeffLa@@', 'st', 'year', 'I', 'sho@@', 'we@@', 'd', 'thes@@', 'e', 'tw@@', 'o', 'sli@@', 'de@@', 's', 'so', 'that', 'de@@', 'mon@@', 'strate', 'that', 'the', 'ar@@', 'c@@', 'tic', 'ic@@', 'e', 'cap@@', ',', 'wh@@', 'ich', 'for', 'mo@@', 'st', 'of', 'the', 'la@@', 'st', 'th@@', 'ree', 'milli@@', 'on', 'year@@', 's', 'ha@@', 's', 'be@@', 'en', 'the', 'si@@', 'ze', 'of', 'the', 'lo@@', 'wer', '4@@', '8', 'stat@@', 'es@@', ',', 'ha@@', 's', 'sh@@', 'run@@', 'k', 'b@@', 'y', '4@@', '0', 'percen@@', 't@@', '.']
2026-05-24 14:37:59,256 - DEBUG - joeynmt.training - 	Tokenized reference:  ['\ufeffV@@', 'orig', 'j@@', 'aar', 'lie@@', 't', 'ik', 'de@@', 'ze', 'twee', 'dia@@', "'@@", 's', 'zi@@', 'en', 'om', 'aan', 'te', 'ton@@', 'en', 'dat', 'de', 'p@@', 'ool@@', 'ij@@', 'sk@@', 'ap@@', ',', 'die', 'de', 'af@@', 'gel@@', 'open', 'drie', 'miljo@@', 'en', 'j@@', 'aar', 'onge@@', 've@@', 'er', 'de', 'groot@@', 'te', 'had', 'van', 'het', 'va@@', 'stel@@', 'and', 'van', 'de', 'V@@', 'S@@', ',', 'met', '4@@', '0@@', '%', 'gek@@', 'ro@@', 'mp@@', 'en', 'was@@', '.']
2026-05-24 14:37:59,256 - DEBUG - joeynmt.training - 	Tokenized hypothesis: ['I@@', 'k', 'lie@@', 't', 'j@@', 'aar', 'lie@@', 't', 'ik', 'de@@', 'ze', 'twee', 'dia@@', "'@@", 's', 'zo@@', 'dat', 'de', 'ar@@', 'c@@', 't@@', 'isch@@', 'e', 'ij@@', 'fer@@', 's', 'ton@@', 'en@@', ',', 'dat', 'de', 'mee@@', 'ste', 'drie', 'miljo@@', 'en', 'j@@', 'aar', 'is', 'de', 'groot@@', 'ste', 'drie', 'miljo@@', 'en', 'j@@', 'aar', 'is', 'de', 'groot@@', 'te', 'van', 'de', 'la@@', 'gere', '4@@', '8', 'stat@@', 'en@@', ',', 'is', 'door', '4@@', '0', 'pro@@', 'cen@@', 't', 'ge@@', 't@@', '<unk>', '</s>']
2026-05-24 14:37:59,256 - INFO - joeynmt.training - 	Source:     ﻿La@@ st year I sho@@ we@@ d thes@@ e tw@@ o sli@@ de@@ s so that de@@ mon@@ strate that the ar@@ c@@ tic ic@@ e cap@@ , wh@@ ich for mo@@ st of the la@@ st th@@ ree milli@@ on year@@ s ha@@ s be@@ en the si@@ ze of the lo@@ wer 4@@ 8 stat@@ es@@ , ha@@ s sh@@ run@@ k b@@ y 4@@ 0 percen@@ t@@ .
2026-05-24 14:37:59,256 - INFO - joeynmt.training - 	Reference:  ﻿V@@ orig j@@ aar lie@@ t ik de@@ ze twee dia@@ '@@ s zi@@ en om aan te ton@@ en dat de p@@ ool@@ ij@@ sk@@ ap@@ , die de af@@ gel@@ open drie miljo@@ en j@@ aar onge@@ ve@@ er de groot@@ te had van het va@@ stel@@ and van de V@@ S@@ , met 4@@ 0@@ % gek@@ ro@@ mp@@ en was@@ .
2026-05-24 14:37:59,257 - INFO - joeynmt.training - 	Hypothesis: I@@ k lie@@ t j@@ aar lie@@ t ik de@@ ze twee dia@@ '@@ s zo@@ dat de ar@@ c@@ t@@ isch@@ e ij@@ fer@@ s ton@@ en@@ , dat de mee@@ ste drie miljo@@ en j@@ aar is de groot@@ ste drie miljo@@ en j@@ aar is de groot@@ te van de la@@ gere 4@@ 8 stat@@ en@@ , is door 4@@ 0 pro@@ cen@@ t ge@@ t@@ <unk>
2026-05-24 14:37:59,257 - INFO - joeynmt.training - Example #1
2026-05-24 14:37:59,257 - DEBUG - joeynmt.training - 	Tokenized source:     ['Bu@@', 't', 'th@@', 'is', 'under@@', 'stat@@', 'es', 'the', 'ser@@', 'i@@', 'ou@@', 'sn@@', 'ess', 'of', 'th@@', 'is', 'particul@@', 'ar', 'proble@@', 'm', 'beca@@', 'us@@', 'e', 'it', 'does@@', 'n@@', "'@@", 't', 'sho@@', 'w', 'the', 'th@@', 'ic@@', 'kn@@', 'ess', 'of', 'the', 'ic@@', 'e@@', '.']
2026-05-24 14:37:59,257 - DEBUG - joeynmt.training - 	Tokenized reference:  ['M@@', 'aar', 'dit', 'onder@@', 'sch@@', 'at', 'eigen@@', 'lijk', 'de', 'ern@@', 'st', 'van', 'dit', 'specif@@', 'ie@@', 'ke', 'proble@@', 'em', 'om@@', 'dat', 'het', 'nie@@', 't', 'de', 'di@@', 'k@@', 'te', 'van', 'het', 'ij@@', 's', 'laat', 'zi@@', 'en@@', '.']
2026-05-24 14:37:59,257 - DEBUG - joeynmt.training - 	Tokenized hypothesis: ['M@@', 'aar', 'dit', 'onder@@', 'ste', 'stat@@', 'en', 'de', 'ser@@', 'ie@@', 'us', 'van', 'dit', 'proble@@', 'em', 'om@@', 'dat', 'het', 'nie@@', 't', 'de', 'di@@', 'k@@', 'te', 'van', 'het', 'ij@@', 's@@', '<unk>', '</s>']
2026-05-24 14:37:59,258 - INFO - joeynmt.training - 	Source:     Bu@@ t th@@ is under@@ stat@@ es the ser@@ i@@ ou@@ sn@@ ess of th@@ is particul@@ ar proble@@ m beca@@ us@@ e it does@@ n@@ '@@ t sho@@ w the th@@ ic@@ kn@@ ess of the ic@@ e@@ .
2026-05-24 14:37:59,258 - INFO - joeynmt.training - 	Reference:  M@@ aar dit onder@@ sch@@ at eigen@@ lijk de ern@@ st van dit specif@@ ie@@ ke proble@@ em om@@ dat het nie@@ t de di@@ k@@ te van het ij@@ s laat zi@@ en@@ .
2026-05-24 14:37:59,258 - INFO - joeynmt.training - 	Hypothesis: M@@ aar dit onder@@ ste stat@@ en de ser@@ ie@@ us van dit proble@@ em om@@ dat het nie@@ t de di@@ k@@ te van het ij@@ s@@ <unk>
2026-05-24 14:37:59,258 - INFO - joeynmt.training - Example #2
2026-05-24 14:37:59,259 - DEBUG - joeynmt.training - 	Tokenized source:     ['The', 'ar@@', 'c@@', 'tic', 'ic@@', 'e', 'cap', 'is@@', ',', 'in', 'a', 'sen@@', 'se@@', ',', 'the', 'be@@', 'at@@', 'ing', 'hear@@', 't', 'of', 'the', 'glob@@', 'al', 'cli@@', 'mat@@', 'e', 'system@@', '.']
2026-05-24 14:37:59,259 - DEBUG - joeynmt.training - 	Tokenized reference:  ['De', 'ij@@', 'sk@@', 'ap', 'op', 'de', 'Noor@@', 'd@@', 'p@@', 'ool', 'is', 'in', 'ze@@', 'ker@@', 'e', 'zin', 'het', 'kl@@', 'op@@', 'pen@@', 'd', 'har@@', 't', 'van', 'ons', 'glob@@', 'aal', 'kli@@', 'maat@@', 'syste@@', 'em@@', '.']
2026-05-24 14:37:59,259 - DEBUG - joeynmt.training - 	Tokenized hypothesis: ['De', 'ar@@', 'c@@', 't@@', 'isch@@', 'e', 'ij@@', 'fer@@', 's@@', ',', 'in', 'ze@@', 'ker@@', 'e', 'zin', 'het', 'we@@', 'et', 'het', 'har@@', 't', 'van', 'het', 'mon@@', 'di@@', 'al@@', 'e', 'kli@@', 'maat@@', 'syste@@', 'em@@', '<unk>', '</s>']
2026-05-24 14:37:59,259 - INFO - joeynmt.training - 	Source:     The ar@@ c@@ tic ic@@ e cap is@@ , in a sen@@ se@@ , the be@@ at@@ ing hear@@ t of the glob@@ al cli@@ mat@@ e system@@ .
2026-05-24 14:37:59,261 - INFO - joeynmt.training - 	Reference:  De ij@@ sk@@ ap op de Noor@@ d@@ p@@ ool is in ze@@ ker@@ e zin het kl@@ op@@ pen@@ d har@@ t van ons glob@@ aal kli@@ maat@@ syste@@ em@@ .
2026-05-24 14:37:59,261 - INFO - joeynmt.training - 	Hypothesis: De ar@@ c@@ t@@ isch@@ e ij@@ fer@@ s@@ , in ze@@ ker@@ e zin het we@@ et het har@@ t van het mon@@ di@@ al@@ e kli@@ maat@@ syste@@ em@@ <unk>
2026-05-24 14:37:59,261 - INFO - joeynmt.training - Example #3
2026-05-24 14:37:59,261 - DEBUG - joeynmt.training - 	Tokenized source:     ['I@@', 't', 'ex@@', 'p@@', 'and@@', 's', 'in', 'w@@', 'inter', 'and', 'con@@', 'trac@@', 'ts', 'in', 'su@@', 'm@@', 'mer@@', '.']
2026-05-24 14:37:59,261 - DEBUG - joeynmt.training - 	Tokenized reference:  ['H@@', 'et', 'zet', 'uit', 'in', 'de', 'w@@', 'inter', 'en', 'k@@', 'ri@@', 'mp@@', 't', 'in', 'de', 'zom@@', 'er@@', '.']
2026-05-24 14:37:59,262 - DEBUG - joeynmt.training - 	Tokenized hypothesis: ['H@@', 'et', 'uit@@', 'bre@@', 'id@@', 't', 'in', 'w@@', 'inter', 'en', 'con@@', 'trac@@', 'ten', 'in', 'de', 'zom@@', 'er@@', '<unk>', '</s>']
2026-05-24 14:37:59,262 - INFO - joeynmt.training - 	Source:     I@@ t ex@@ p@@ and@@ s in w@@ inter and con@@ trac@@ ts in su@@ m@@ mer@@ .
2026-05-24 14:37:59,262 - INFO - joeynmt.training - 	Reference:  H@@ et zet uit in de w@@ inter en k@@ ri@@ mp@@ t in de zom@@ er@@ .
2026-05-24 14:37:59,263 - INFO - joeynmt.training - 	Hypothesis: H@@ et uit@@ bre@@ id@@ t in w@@ inter en con@@ trac@@ ten in de zom@@ er@@ <unk>
2026-05-24 14:37:59,263 - INFO - joeynmt.training - Example #4
2026-05-24 14:37:59,263 - DEBUG - joeynmt.training - 	Tokenized source:     ['The', 'ne@@', 'x@@', 't', 'sli@@', 'de', 'I', 'sho@@', 'w', 'you', 'will', 'be', 'a', 'ra@@', 'p@@', 'id', 'fa@@', 'st-@@', 'for@@', 'war@@', 'd', 'of', 'what@@', "'@@", 's', 'happen@@', 'ed', 'over', 'the', 'la@@', 'st', '2@@', '5', 'year@@', 's@@', '.']
2026-05-24 14:37:59,263 - DEBUG - joeynmt.training - 	Tokenized reference:  ['De', 'volgen@@', 'de', 'dia', 'die', 'ik', 'laat', 'zi@@', 'en', 'is', 'een', 'ver@@', 'snel@@', 'de', 'vers@@', 'ie', 'van', 'wat', 'er', 'de', 'af@@', 'gel@@', 'open', '2@@', '5', 'j@@', 'aar', 'is', 'gebeur@@', 'd@@', '.']
2026-05-24 14:37:59,263 - DEBUG - joeynmt.training - 	Tokenized hypothesis: ['De', 'volgen@@', 'de', 'dia', 'die', 'ik', 'laat', 'zi@@', 'en', 'dat', 'ik', 'laat', 'zi@@', 'en', 'dat', 'ik', 'laat', 'zi@@', 'en', 'van', 'wat', 'er', 'gebeur@@', 'de', 'over', 'de', 'laat@@', 'ste', '2@@', '5', 'j@@', 'aar', 'gebeur@@', 'de@@', '<unk>', '</s>']
2026-05-24 14:37:59,264 - INFO - joeynmt.training - 	Source:     The ne@@ x@@ t sli@@ de I sho@@ w you will be a ra@@ p@@ id fa@@ st-@@ for@@ war@@ d of what@@ '@@ s happen@@ ed over the la@@ st 2@@ 5 year@@ s@@ .
2026-05-24 14:37:59,264 - INFO - joeynmt.training - 	Reference:  De volgen@@ de dia die ik laat zi@@ en is een ver@@ snel@@ de vers@@ ie van wat er de af@@ gel@@ open 2@@ 5 j@@ aar is gebeur@@ d@@ .
2026-05-24 14:37:59,265 - INFO - joeynmt.training - 	Hypothesis: De volgen@@ de dia die ik laat zi@@ en dat ik laat zi@@ en dat ik laat zi@@ en van wat er gebeur@@ de over de laat@@ ste 2@@ 5 j@@ aar gebeur@@ de@@ <unk>
2026-05-24 14:39:03,644 - INFO - joeynmt.training - Epoch   8, Step:    31600, Batch Loss:     1.345842, Batch Acc: 0.634491, Tokens per Sec:     1138, Lr: 0.000300
2026-05-24 14:40:07,612 - INFO - joeynmt.training - Epoch   8, Step:    31700, Batch Loss:     1.437366, Batch Acc: 0.631506, Tokens per Sec:     1157, Lr: 0.000300
2026-05-24 14:41:11,493 - INFO - joeynmt.training - Epoch   8, Step:    31800, Batch Loss:     1.077545, Batch Acc: 0.637112, Tokens per Sec:     1171, Lr: 0.000300
2026-05-24 14:42:17,353 - INFO - joeynmt.training - Epoch   8, Step:    31900, Batch Loss:     1.187423, Batch Acc: 0.633859, Tokens per Sec:     1127, Lr: 0.000300
2026-05-24 14:43:21,813 - INFO - joeynmt.training - Epoch   8, Step:    32000, Batch Loss:     1.204789, Batch Acc: 0.632205, Tokens per Sec:     1159, Lr: 0.000300
2026-05-24 14:43:21,814 - INFO - joeynmt.prediction - Predicting 1003 example(s)... (Greedy decoding with min_output_length=1, max_output_length=100, return_prob='none', generate_unk=True, repetition_penalty=-1, no_repeat_ngram_size=-1)
2026-05-24 14:46:40,171 - INFO - joeynmt.metrics - nrefs:1|case:mixed|eff:no|tok:13a|smooth:exp|version:2.6.0
2026-05-24 14:46:40,172 - INFO - joeynmt.prediction - Evaluation result (greedy) bleu:  37.43, loss:   1.66, ppl:   5.24, acc:   0.54, generation: 197.8598[sec], evaluation: 0.4824[sec]
2026-05-24 14:46:40,173 - INFO - joeynmt.training - Hooray! New best validation result [ppl]!
2026-05-24 14:46:40,269 - INFO - joeynmt.helpers - delete output_bpe5000/30500.ckpt
2026-05-24 14:46:40,282 - INFO - joeynmt.training - Example #0
2026-05-24 14:46:40,282 - DEBUG - joeynmt.training - 	Tokenized source:     ['\ufeffLa@@', 'st', 'year', 'I', 'sho@@', 'we@@', 'd', 'thes@@', 'e', 'tw@@', 'o', 'sli@@', 'de@@', 's', 'so', 'that', 'de@@', 'mon@@', 'strate', 'that', 'the', 'ar@@', 'c@@', 'tic', 'ic@@', 'e', 'cap@@', ',', 'wh@@', 'ich', 'for', 'mo@@', 'st', 'of', 'the', 'la@@', 'st', 'th@@', 'ree', 'milli@@', 'on', 'year@@', 's', 'ha@@', 's', 'be@@', 'en', 'the', 'si@@', 'ze', 'of', 'the', 'lo@@', 'wer', '4@@', '8', 'stat@@', 'es@@', ',', 'ha@@', 's', 'sh@@', 'run@@', 'k', 'b@@', 'y', '4@@', '0', 'percen@@', 't@@', '.']
2026-05-24 14:46:40,282 - DEBUG - joeynmt.training - 	Tokenized reference:  ['\ufeffV@@', 'orig', 'j@@', 'aar', 'lie@@', 't', 'ik', 'de@@', 'ze', 'twee', 'dia@@', "'@@", 's', 'zi@@', 'en', 'om', 'aan', 'te', 'ton@@', 'en', 'dat', 'de', 'p@@', 'ool@@', 'ij@@', 'sk@@', 'ap@@', ',', 'die', 'de', 'af@@', 'gel@@', 'open', 'drie', 'miljo@@', 'en', 'j@@', 'aar', 'onge@@', 've@@', 'er', 'de', 'groot@@', 'te', 'had', 'van', 'het', 'va@@', 'stel@@', 'and', 'van', 'de', 'V@@', 'S@@', ',', 'met', '4@@', '0@@', '%', 'gek@@', 'ro@@', 'mp@@', 'en', 'was@@', '.']
2026-05-24 14:46:40,282 - DEBUG - joeynmt.training - 	Tokenized hypothesis: ['H@@', 'et', 'laat@@', 'ste', 'j@@', 'aar', 'lie@@', 't', 'ik', 'de@@', 'ze', 'twee', 'dia@@', "'@@", 's', 'zo@@', 'dat', 'de', 'ar@@', 'c@@', 't@@', 'isch@@', 'e', 'ij@@', 'fer@@', 's', 'dat', 'de', 'af@@', 'gel@@', 'open', 'drie', 'miljo@@', 'en', 'j@@', 'aar', 'de', 'groot@@', 'ste', 'drie', 'miljo@@', 'en', 'j@@', 'aar', 'de', 'groot@@', 'te', 'van', 'de', 'la@@', 'gere', '4@@', '0', 'pro@@', 'cen@@', 't@@', '<unk>', '</s>']
2026-05-24 14:46:40,283 - INFO - joeynmt.training - 	Source:     ﻿La@@ st year I sho@@ we@@ d thes@@ e tw@@ o sli@@ de@@ s so that de@@ mon@@ strate that the ar@@ c@@ tic ic@@ e cap@@ , wh@@ ich for mo@@ st of the la@@ st th@@ ree milli@@ on year@@ s ha@@ s be@@ en the si@@ ze of the lo@@ wer 4@@ 8 stat@@ es@@ , ha@@ s sh@@ run@@ k b@@ y 4@@ 0 percen@@ t@@ .
2026-05-24 14:46:40,283 - INFO - joeynmt.training - 	Reference:  ﻿V@@ orig j@@ aar lie@@ t ik de@@ ze twee dia@@ '@@ s zi@@ en om aan te ton@@ en dat de p@@ ool@@ ij@@ sk@@ ap@@ , die de af@@ gel@@ open drie miljo@@ en j@@ aar onge@@ ve@@ er de groot@@ te had van het va@@ stel@@ and van de V@@ S@@ , met 4@@ 0@@ % gek@@ ro@@ mp@@ en was@@ .
2026-05-24 14:46:40,283 - INFO - joeynmt.training - 	Hypothesis: H@@ et laat@@ ste j@@ aar lie@@ t ik de@@ ze twee dia@@ '@@ s zo@@ dat de ar@@ c@@ t@@ isch@@ e ij@@ fer@@ s dat de af@@ gel@@ open drie miljo@@ en j@@ aar de groot@@ ste drie miljo@@ en j@@ aar de groot@@ te van de la@@ gere 4@@ 0 pro@@ cen@@ t@@ <unk>
2026-05-24 14:46:40,283 - INFO - joeynmt.training - Example #1
2026-05-24 14:46:40,283 - DEBUG - joeynmt.training - 	Tokenized source:     ['Bu@@', 't', 'th@@', 'is', 'under@@', 'stat@@', 'es', 'the', 'ser@@', 'i@@', 'ou@@', 'sn@@', 'ess', 'of', 'th@@', 'is', 'particul@@', 'ar', 'proble@@', 'm', 'beca@@', 'us@@', 'e', 'it', 'does@@', 'n@@', "'@@", 't', 'sho@@', 'w', 'the', 'th@@', 'ic@@', 'kn@@', 'ess', 'of', 'the', 'ic@@', 'e@@', '.']
2026-05-24 14:46:40,283 - DEBUG - joeynmt.training - 	Tokenized reference:  ['M@@', 'aar', 'dit', 'onder@@', 'sch@@', 'at', 'eigen@@', 'lijk', 'de', 'ern@@', 'st', 'van', 'dit', 'specif@@', 'ie@@', 'ke', 'proble@@', 'em', 'om@@', 'dat', 'het', 'nie@@', 't', 'de', 'di@@', 'k@@', 'te', 'van', 'het', 'ij@@', 's', 'laat', 'zi@@', 'en@@', '.']
2026-05-24 14:46:40,283 - DEBUG - joeynmt.training - 	Tokenized hypothesis: ['M@@', 'aar', 'dit', 'onder@@', 'stat@@', 'en', 'de', 'ser@@', 'ie@@', 'us', 'van', 'dit', 'proble@@', 'em', 'om@@', 'dat', 'het', 'di@@', 'k@@', 'te', 'van', 'het', 'ij@@', 's@@', '<unk>', '</s>']
2026-05-24 14:46:40,283 - INFO - joeynmt.training - 	Source:     Bu@@ t th@@ is under@@ stat@@ es the ser@@ i@@ ou@@ sn@@ ess of th@@ is particul@@ ar proble@@ m beca@@ us@@ e it does@@ n@@ '@@ t sho@@ w the th@@ ic@@ kn@@ ess of the ic@@ e@@ .
2026-05-24 14:46:40,284 - INFO - joeynmt.training - 	Reference:  M@@ aar dit onder@@ sch@@ at eigen@@ lijk de ern@@ st van dit specif@@ ie@@ ke proble@@ em om@@ dat het nie@@ t de di@@ k@@ te van het ij@@ s laat zi@@ en@@ .
2026-05-24 14:46:40,284 - INFO - joeynmt.training - 	Hypothesis: M@@ aar dit onder@@ stat@@ en de ser@@ ie@@ us van dit proble@@ em om@@ dat het di@@ k@@ te van het ij@@ s@@ <unk>
2026-05-24 14:46:40,284 - INFO - joeynmt.training - Example #2
2026-05-24 14:46:40,284 - DEBUG - joeynmt.training - 	Tokenized source:     ['The', 'ar@@', 'c@@', 'tic', 'ic@@', 'e', 'cap', 'is@@', ',', 'in', 'a', 'sen@@', 'se@@', ',', 'the', 'be@@', 'at@@', 'ing', 'hear@@', 't', 'of', 'the', 'glob@@', 'al', 'cli@@', 'mat@@', 'e', 'system@@', '.']
2026-05-24 14:46:40,284 - DEBUG - joeynmt.training - 	Tokenized reference:  ['De', 'ij@@', 'sk@@', 'ap', 'op', 'de', 'Noor@@', 'd@@', 'p@@', 'ool', 'is', 'in', 'ze@@', 'ker@@', 'e', 'zin', 'het', 'kl@@', 'op@@', 'pen@@', 'd', 'har@@', 't', 'van', 'ons', 'glob@@', 'aal', 'kli@@', 'maat@@', 'syste@@', 'em@@', '.']
2026-05-24 14:46:40,284 - DEBUG - joeynmt.training - 	Tokenized hypothesis: ['De', 'ar@@', 'c@@', 't@@', 'isch@@', 'e', 'ij@@', 'fer@@', 's', 'in', 'een', 'zin@@', 'e', 'ij@@', 's@@', ',', 'het', 'be@@', 'er@@', 'en', 'van', 'het', 'kli@@', 'maat', 'van', 'het', 'kli@@', 'maat', 'van', 'het', 'kli@@', 'maat@@', 'syste@@', 'em', 'aan', 'het', 'onder@@', 'sche@@', 'id@@', 's@@', 'syste@@', 'em@@', '<unk>', '</s>']
2026-05-24 14:46:40,284 - INFO - joeynmt.training - 	Source:     The ar@@ c@@ tic ic@@ e cap is@@ , in a sen@@ se@@ , the be@@ at@@ ing hear@@ t of the glob@@ al cli@@ mat@@ e system@@ .
2026-05-24 14:46:40,285 - INFO - joeynmt.training - 	Reference:  De ij@@ sk@@ ap op de Noor@@ d@@ p@@ ool is in ze@@ ker@@ e zin het kl@@ op@@ pen@@ d har@@ t van ons glob@@ aal kli@@ maat@@ syste@@ em@@ .
2026-05-24 14:46:40,285 - INFO - joeynmt.training - 	Hypothesis: De ar@@ c@@ t@@ isch@@ e ij@@ fer@@ s in een zin@@ e ij@@ s@@ , het be@@ er@@ en van het kli@@ maat van het kli@@ maat van het kli@@ maat@@ syste@@ em aan het onder@@ sche@@ id@@ s@@ syste@@ em@@ <unk>
2026-05-24 14:46:40,285 - INFO - joeynmt.training - Example #3
2026-05-24 14:46:40,285 - DEBUG - joeynmt.training - 	Tokenized source:     ['I@@', 't', 'ex@@', 'p@@', 'and@@', 's', 'in', 'w@@', 'inter', 'and', 'con@@', 'trac@@', 'ts', 'in', 'su@@', 'm@@', 'mer@@', '.']
2026-05-24 14:46:40,285 - DEBUG - joeynmt.training - 	Tokenized reference:  ['H@@', 'et', 'zet', 'uit', 'in', 'de', 'w@@', 'inter', 'en', 'k@@', 'ri@@', 'mp@@', 't', 'in', 'de', 'zom@@', 'er@@', '.']
2026-05-24 14:46:40,285 - DEBUG - joeynmt.training - 	Tokenized hypothesis: ['H@@', 'et', 'ver@@', 'hal@@', 'en', 'in', 'w@@', 'inter', 'en', 'con@@', 'trac@@', 'ten', 'in', 'de', 'zom@@', 'er@@', '<unk>', '</s>']
2026-05-24 14:46:40,286 - INFO - joeynmt.training - 	Source:     I@@ t ex@@ p@@ and@@ s in w@@ inter and con@@ trac@@ ts in su@@ m@@ mer@@ .
2026-05-24 14:46:40,286 - INFO - joeynmt.training - 	Reference:  H@@ et zet uit in de w@@ inter en k@@ ri@@ mp@@ t in de zom@@ er@@ .
2026-05-24 14:46:40,286 - INFO - joeynmt.training - 	Hypothesis: H@@ et ver@@ hal@@ en in w@@ inter en con@@ trac@@ ten in de zom@@ er@@ <unk>
2026-05-24 14:46:40,286 - INFO - joeynmt.training - Example #4
2026-05-24 14:46:40,286 - DEBUG - joeynmt.training - 	Tokenized source:     ['The', 'ne@@', 'x@@', 't', 'sli@@', 'de', 'I', 'sho@@', 'w', 'you', 'will', 'be', 'a', 'ra@@', 'p@@', 'id', 'fa@@', 'st-@@', 'for@@', 'war@@', 'd', 'of', 'what@@', "'@@", 's', 'happen@@', 'ed', 'over', 'the', 'la@@', 'st', '2@@', '5', 'year@@', 's@@', '.']
2026-05-24 14:46:40,286 - DEBUG - joeynmt.training - 	Tokenized reference:  ['De', 'volgen@@', 'de', 'dia', 'die', 'ik', 'laat', 'zi@@', 'en', 'is', 'een', 'ver@@', 'snel@@', 'de', 'vers@@', 'ie', 'van', 'wat', 'er', 'de', 'af@@', 'gel@@', 'open', '2@@', '5', 'j@@', 'aar', 'is', 'gebeur@@', 'd@@', '.']
2026-05-24 14:46:40,287 - DEBUG - joeynmt.training - 	Tokenized hypothesis: ['De', 'volgen@@', 'de', 'dia', 'die', 'ik', 'laat', 'zi@@', 'en', 'dat', 'ik', 'laat', 'zi@@', 'en', 'dat', 'de', 'laat@@', 'ste', '2@@', '5', 'j@@', 'aar', 'gebeur@@', 'de', 'er', 'is', 'gebeur@@', 'd@@', '<unk>', '</s>']
2026-05-24 14:46:40,287 - INFO - joeynmt.training - 	Source:     The ne@@ x@@ t sli@@ de I sho@@ w you will be a ra@@ p@@ id fa@@ st-@@ for@@ war@@ d of what@@ '@@ s happen@@ ed over the la@@ st 2@@ 5 year@@ s@@ .
2026-05-24 14:46:40,287 - INFO - joeynmt.training - 	Reference:  De volgen@@ de dia die ik laat zi@@ en is een ver@@ snel@@ de vers@@ ie van wat er de af@@ gel@@ open 2@@ 5 j@@ aar is gebeur@@ d@@ .
2026-05-24 14:46:40,287 - INFO - joeynmt.training - 	Hypothesis: De volgen@@ de dia die ik laat zi@@ en dat ik laat zi@@ en dat de laat@@ ste 2@@ 5 j@@ aar gebeur@@ de er is gebeur@@ d@@ <unk>
2026-05-24 14:47:44,274 - INFO - joeynmt.training - Epoch   8, Step:    32100, Batch Loss:     1.340630, Batch Acc: 0.636520, Tokens per Sec:     1178, Lr: 0.000300
2026-05-24 14:48:48,682 - INFO - joeynmt.training - Epoch   8, Step:    32200, Batch Loss:     1.158627, Batch Acc: 0.638563, Tokens per Sec:     1166, Lr: 0.000300
2026-05-24 14:49:54,327 - INFO - joeynmt.training - Epoch   8, Step:    32300, Batch Loss:     1.460778, Batch Acc: 0.631203, Tokens per Sec:     1118, Lr: 0.000300
2026-05-24 14:50:57,314 - INFO - joeynmt.training - Epoch   8, Step:    32400, Batch Loss:     1.189029, Batch Acc: 0.631434, Tokens per Sec:     1157, Lr: 0.000300
2026-05-24 14:51:57,783 - INFO - joeynmt.training - Epoch   8, Step:    32500, Batch Loss:     1.270550, Batch Acc: 0.636957, Tokens per Sec:     1208, Lr: 0.000300
2026-05-24 14:51:57,784 - INFO - joeynmt.prediction - Predicting 1003 example(s)... (Greedy decoding with min_output_length=1, max_output_length=100, return_prob='none', generate_unk=True, repetition_penalty=-1, no_repeat_ngram_size=-1)
2026-05-24 14:55:23,178 - INFO - joeynmt.metrics - nrefs:1|case:mixed|eff:no|tok:13a|smooth:exp|version:2.6.0
2026-05-24 14:55:23,179 - INFO - joeynmt.prediction - Evaluation result (greedy) bleu:  37.48, loss:   1.65, ppl:   5.21, acc:   0.54, generation: 204.8270[sec], evaluation: 0.5505[sec]
2026-05-24 14:55:23,180 - INFO - joeynmt.training - Hooray! New best validation result [ppl]!
2026-05-24 14:55:23,269 - INFO - joeynmt.helpers - delete output_bpe5000/29500.ckpt
2026-05-24 14:55:23,282 - INFO - joeynmt.training - Example #0
2026-05-24 14:55:23,283 - DEBUG - joeynmt.training - 	Tokenized source:     ['\ufeffLa@@', 'st', 'year', 'I', 'sho@@', 'we@@', 'd', 'thes@@', 'e', 'tw@@', 'o', 'sli@@', 'de@@', 's', 'so', 'that', 'de@@', 'mon@@', 'strate', 'that', 'the', 'ar@@', 'c@@', 'tic', 'ic@@', 'e', 'cap@@', ',', 'wh@@', 'ich', 'for', 'mo@@', 'st', 'of', 'the', 'la@@', 'st', 'th@@', 'ree', 'milli@@', 'on', 'year@@', 's', 'ha@@', 's', 'be@@', 'en', 'the', 'si@@', 'ze', 'of', 'the', 'lo@@', 'wer', '4@@', '8', 'stat@@', 'es@@', ',', 'ha@@', 's', 'sh@@', 'run@@', 'k', 'b@@', 'y', '4@@', '0', 'percen@@', 't@@', '.']
2026-05-24 14:55:23,283 - DEBUG - joeynmt.training - 	Tokenized reference:  ['\ufeffV@@', 'orig', 'j@@', 'aar', 'lie@@', 't', 'ik', 'de@@', 'ze', 'twee', 'dia@@', "'@@", 's', 'zi@@', 'en', 'om', 'aan', 'te', 'ton@@', 'en', 'dat', 'de', 'p@@', 'ool@@', 'ij@@', 'sk@@', 'ap@@', ',', 'die', 'de', 'af@@', 'gel@@', 'open', 'drie', 'miljo@@', 'en', 'j@@', 'aar', 'onge@@', 've@@', 'er', 'de', 'groot@@', 'te', 'had', 'van', 'het', 'va@@', 'stel@@', 'and', 'van', 'de', 'V@@', 'S@@', ',', 'met', '4@@', '0@@', '%', 'gek@@', 'ro@@', 'mp@@', 'en', 'was@@', '.']
2026-05-24 14:55:23,283 - DEBUG - joeynmt.training - 	Tokenized hypothesis: ['I@@', 'k', 'lie@@', 't', 'de@@', 'ze', 'twee', 'dia@@', "'@@", 's', 'zo@@', 'dat', 'de@@', 'mon@@', 'str@@', 'oom', 'to@@', 'en', 'dat', 'de', 'ar@@', 'c@@', 't@@', 'isch@@', 'e', 'ic@@', 'e', 'ij@@', 's', 'lat@@', 'en', 'zi@@', 'en', 'dat', 'de', 'groot@@', 'ste', 'drie', 'miljo@@', 'en', 'j@@', 'aar', 'is', 'de', 'groot@@', 'te', 'van', 'de', 'la@@', 'gere', '4@@', '0', 'pro@@', 'cen@@', 't', 'ge@@', 'gaan@@', ',', 'heef@@', 't', 'onge@@', 've@@', 'er', '4@@', '0', 'pro@@', 'cen@@', 't', 'ge@@', 'wor@@', 'den@@', '<unk>', '</s>']
2026-05-24 14:55:23,284 - INFO - joeynmt.training - 	Source:     ﻿La@@ st year I sho@@ we@@ d thes@@ e tw@@ o sli@@ de@@ s so that de@@ mon@@ strate that the ar@@ c@@ tic ic@@ e cap@@ , wh@@ ich for mo@@ st of the la@@ st th@@ ree milli@@ on year@@ s ha@@ s be@@ en the si@@ ze of the lo@@ wer 4@@ 8 stat@@ es@@ , ha@@ s sh@@ run@@ k b@@ y 4@@ 0 percen@@ t@@ .
2026-05-24 14:55:23,285 - INFO - joeynmt.training - 	Reference:  ﻿V@@ orig j@@ aar lie@@ t ik de@@ ze twee dia@@ '@@ s zi@@ en om aan te ton@@ en dat de p@@ ool@@ ij@@ sk@@ ap@@ , die de af@@ gel@@ open drie miljo@@ en j@@ aar onge@@ ve@@ er de groot@@ te had van het va@@ stel@@ and van de V@@ S@@ , met 4@@ 0@@ % gek@@ ro@@ mp@@ en was@@ .
2026-05-24 14:55:23,285 - INFO - joeynmt.training - 	Hypothesis: I@@ k lie@@ t de@@ ze twee dia@@ '@@ s zo@@ dat de@@ mon@@ str@@ oom to@@ en dat de ar@@ c@@ t@@ isch@@ e ic@@ e ij@@ s lat@@ en zi@@ en dat de groot@@ ste drie miljo@@ en j@@ aar is de groot@@ te van de la@@ gere 4@@ 0 pro@@ cen@@ t ge@@ gaan@@ , heef@@ t onge@@ ve@@ er 4@@ 0 pro@@ cen@@ t ge@@ wor@@ den@@ <unk>
2026-05-24 14:55:23,285 - INFO - joeynmt.training - Example #1
2026-05-24 14:55:23,286 - DEBUG - joeynmt.training - 	Tokenized source:     ['Bu@@', 't', 'th@@', 'is', 'under@@', 'stat@@', 'es', 'the', 'ser@@', 'i@@', 'ou@@', 'sn@@', 'ess', 'of', 'th@@', 'is', 'particul@@', 'ar', 'proble@@', 'm', 'beca@@', 'us@@', 'e', 'it', 'does@@', 'n@@', "'@@", 't', 'sho@@', 'w', 'the', 'th@@', 'ic@@', 'kn@@', 'ess', 'of', 'the', 'ic@@', 'e@@', '.']
2026-05-24 14:55:23,286 - DEBUG - joeynmt.training - 	Tokenized reference:  ['M@@', 'aar', 'dit', 'onder@@', 'sch@@', 'at', 'eigen@@', 'lijk', 'de', 'ern@@', 'st', 'van', 'dit', 'specif@@', 'ie@@', 'ke', 'proble@@', 'em', 'om@@', 'dat', 'het', 'nie@@', 't', 'de', 'di@@', 'k@@', 'te', 'van', 'het', 'ij@@', 's', 'laat', 'zi@@', 'en@@', '.']
2026-05-24 14:55:23,287 - DEBUG - joeynmt.training - 	Tokenized hypothesis: ['M@@', 'aar', 'dit', 'onder@@', 'stat@@', 'en', 'de', 'ser@@', 'ie@@', 'us', 'van', 'dit', 'proble@@', 'em', 'om@@', 'dat', 'het', 'di@@', 'k@@', 'te', 'nie@@', 't', 'de', 'di@@', 'k@@', 'te', 'van', 'het', 'ij@@', 's@@', '<unk>', '</s>']
2026-05-24 14:55:23,287 - INFO - joeynmt.training - 	Source:     Bu@@ t th@@ is under@@ stat@@ es the ser@@ i@@ ou@@ sn@@ ess of th@@ is particul@@ ar proble@@ m beca@@ us@@ e it does@@ n@@ '@@ t sho@@ w the th@@ ic@@ kn@@ ess of the ic@@ e@@ .
2026-05-24 14:55:23,289 - INFO - joeynmt.training - 	Reference:  M@@ aar dit onder@@ sch@@ at eigen@@ lijk de ern@@ st van dit specif@@ ie@@ ke proble@@ em om@@ dat het nie@@ t de di@@ k@@ te van het ij@@ s laat zi@@ en@@ .
2026-05-24 14:55:23,289 - INFO - joeynmt.training - 	Hypothesis: M@@ aar dit onder@@ stat@@ en de ser@@ ie@@ us van dit proble@@ em om@@ dat het di@@ k@@ te nie@@ t de di@@ k@@ te van het ij@@ s@@ <unk>
2026-05-24 14:55:23,289 - INFO - joeynmt.training - Example #2
2026-05-24 14:55:23,289 - DEBUG - joeynmt.training - 	Tokenized source:     ['The', 'ar@@', 'c@@', 'tic', 'ic@@', 'e', 'cap', 'is@@', ',', 'in', 'a', 'sen@@', 'se@@', ',', 'the', 'be@@', 'at@@', 'ing', 'hear@@', 't', 'of', 'the', 'glob@@', 'al', 'cli@@', 'mat@@', 'e', 'system@@', '.']
2026-05-24 14:55:23,290 - DEBUG - joeynmt.training - 	Tokenized reference:  ['De', 'ij@@', 'sk@@', 'ap', 'op', 'de', 'Noor@@', 'd@@', 'p@@', 'ool', 'is', 'in', 'ze@@', 'ker@@', 'e', 'zin', 'het', 'kl@@', 'op@@', 'pen@@', 'd', 'har@@', 't', 'van', 'ons', 'glob@@', 'aal', 'kli@@', 'maat@@', 'syste@@', 'em@@', '.']
2026-05-24 14:55:23,290 - DEBUG - joeynmt.training - 	Tokenized hypothesis: ['De', 'ar@@', 'c@@', 't@@', 'isch@@', 'e', 'ij@@', 's@@', ',', 'in', 'ze@@', 'ker@@', 'e', 'zin', 'het', 'we@@', 't@@', ',', 'het', 'be@@', 'er@@', 'en', 'van', 'het', 'wereldwij@@', 'de', 'kli@@', 'maat@@', 'syste@@', 'em@@', '<unk>', '</s>']
2026-05-24 14:55:23,290 - INFO - joeynmt.training - 	Source:     The ar@@ c@@ tic ic@@ e cap is@@ , in a sen@@ se@@ , the be@@ at@@ ing hear@@ t of the glob@@ al cli@@ mat@@ e system@@ .
2026-05-24 14:55:23,291 - INFO - joeynmt.training - 	Reference:  De ij@@ sk@@ ap op de Noor@@ d@@ p@@ ool is in ze@@ ker@@ e zin het kl@@ op@@ pen@@ d har@@ t van ons glob@@ aal kli@@ maat@@ syste@@ em@@ .
2026-05-24 14:55:23,297 - INFO - joeynmt.training - 	Hypothesis: De ar@@ c@@ t@@ isch@@ e ij@@ s@@ , in ze@@ ker@@ e zin het we@@ t@@ , het be@@ er@@ en van het wereldwij@@ de kli@@ maat@@ syste@@ em@@ <unk>
2026-05-24 14:55:23,297 - INFO - joeynmt.training - Example #3
2026-05-24 14:55:23,297 - DEBUG - joeynmt.training - 	Tokenized source:     ['I@@', 't', 'ex@@', 'p@@', 'and@@', 's', 'in', 'w@@', 'inter', 'and', 'con@@', 'trac@@', 'ts', 'in', 'su@@', 'm@@', 'mer@@', '.']
2026-05-24 14:55:23,297 - DEBUG - joeynmt.training - 	Tokenized reference:  ['H@@', 'et', 'zet', 'uit', 'in', 'de', 'w@@', 'inter', 'en', 'k@@', 'ri@@', 'mp@@', 't', 'in', 'de', 'zom@@', 'er@@', '.']
2026-05-24 14:55:23,297 - DEBUG - joeynmt.training - 	Tokenized hypothesis: ['H@@', 'et', 'ex@@', 'p@@', 'and@@', 's', 'in', 'w@@', 'inter', 'en', 'con@@', 'trac@@', 't', 'in', 'su@@', 'm@@', 'mer@@', '<unk>', '</s>']
2026-05-24 14:55:23,298 - INFO - joeynmt.training - 	Source:     I@@ t ex@@ p@@ and@@ s in w@@ inter and con@@ trac@@ ts in su@@ m@@ mer@@ .
2026-05-24 14:55:23,298 - INFO - joeynmt.training - 	Reference:  H@@ et zet uit in de w@@ inter en k@@ ri@@ mp@@ t in de zom@@ er@@ .
2026-05-24 14:55:23,298 - INFO - joeynmt.training - 	Hypothesis: H@@ et ex@@ p@@ and@@ s in w@@ inter en con@@ trac@@ t in su@@ m@@ mer@@ <unk>
2026-05-24 14:55:23,298 - INFO - joeynmt.training - Example #4
2026-05-24 14:55:23,298 - DEBUG - joeynmt.training - 	Tokenized source:     ['The', 'ne@@', 'x@@', 't', 'sli@@', 'de', 'I', 'sho@@', 'w', 'you', 'will', 'be', 'a', 'ra@@', 'p@@', 'id', 'fa@@', 'st-@@', 'for@@', 'war@@', 'd', 'of', 'what@@', "'@@", 's', 'happen@@', 'ed', 'over', 'the', 'la@@', 'st', '2@@', '5', 'year@@', 's@@', '.']
2026-05-24 14:55:23,298 - DEBUG - joeynmt.training - 	Tokenized reference:  ['De', 'volgen@@', 'de', 'dia', 'die', 'ik', 'laat', 'zi@@', 'en', 'is', 'een', 'ver@@', 'snel@@', 'de', 'vers@@', 'ie', 'van', 'wat', 'er', 'de', 'af@@', 'gel@@', 'open', '2@@', '5', 'j@@', 'aar', 'is', 'gebeur@@', 'd@@', '.']
2026-05-24 14:55:23,299 - DEBUG - joeynmt.training - 	Tokenized hypothesis: ['De', 'volgen@@', 'de', 'dia', 'laat', 'ik', 'j@@', 'ul@@', 'lie', 'een', 'snel@@', 'le', 'snel@@', 'le', 'vooruit@@', 'gan@@', 'g', 'van', 'wat', 'er', 'gebeur@@', 'de', 'is', 'over', 'de', 'laat@@', 'ste', '2@@', '5', 'j@@', 'aar', 'gebeur@@', 'd@@', '<unk>', '</s>']
2026-05-24 14:55:23,299 - INFO - joeynmt.training - 	Source:     The ne@@ x@@ t sli@@ de I sho@@ w you will be a ra@@ p@@ id fa@@ st-@@ for@@ war@@ d of what@@ '@@ s happen@@ ed over the la@@ st 2@@ 5 year@@ s@@ .
2026-05-24 14:55:23,299 - INFO - joeynmt.training - 	Reference:  De volgen@@ de dia die ik laat zi@@ en is een ver@@ snel@@ de vers@@ ie van wat er de af@@ gel@@ open 2@@ 5 j@@ aar is gebeur@@ d@@ .
2026-05-24 14:55:23,299 - INFO - joeynmt.training - 	Hypothesis: De volgen@@ de dia laat ik j@@ ul@@ lie een snel@@ le snel@@ le vooruit@@ gan@@ g van wat er gebeur@@ de is over de laat@@ ste 2@@ 5 j@@ aar gebeur@@ d@@ <unk>
2026-05-24 14:56:25,982 - INFO - joeynmt.training - Epoch   8, Step:    32600, Batch Loss:     1.343336, Batch Acc: 0.631593, Tokens per Sec:     1186, Lr: 0.000300
2026-05-24 14:57:27,960 - INFO - joeynmt.training - Epoch   8, Step:    32700, Batch Loss:     1.209660, Batch Acc: 0.635645, Tokens per Sec:     1205, Lr: 0.000300
2026-05-24 14:58:31,067 - INFO - joeynmt.training - Epoch   8, Step:    32800, Batch Loss:     1.413484, Batch Acc: 0.634195, Tokens per Sec:     1185, Lr: 0.000300
2026-05-24 14:59:29,358 - INFO - joeynmt.training - Epoch   8: total training loss 5123.42
2026-05-24 14:59:29,360 - INFO - joeynmt.training - EPOCH 9
2026-05-24 14:59:34,427 - INFO - joeynmt.training - Epoch   9, Step:    32900, Batch Loss:     1.193655, Batch Acc: 0.657878, Tokens per Sec:     1236, Lr: 0.000300
2026-05-24 15:00:40,243 - INFO - joeynmt.training - Epoch   9, Step:    33000, Batch Loss:     0.952693, Batch Acc: 0.656261, Tokens per Sec:     1125, Lr: 0.000300
2026-05-24 15:00:40,244 - INFO - joeynmt.prediction - Predicting 1003 example(s)... (Greedy decoding with min_output_length=1, max_output_length=100, return_prob='none', generate_unk=True, repetition_penalty=-1, no_repeat_ngram_size=-1)
2026-05-24 15:04:02,423 - INFO - joeynmt.metrics - nrefs:1|case:mixed|eff:no|tok:13a|smooth:exp|version:2.6.0
2026-05-24 15:04:02,424 - INFO - joeynmt.prediction - Evaluation result (greedy) bleu:  38.29, loss:   1.65, ppl:   5.23, acc:   0.54, generation: 201.6318[sec], evaluation: 0.5304[sec]
2026-05-24 15:04:02,504 - INFO - joeynmt.helpers - delete output_bpe5000/31500.ckpt
2026-05-24 15:04:02,515 - INFO - joeynmt.training - Example #0
2026-05-24 15:04:02,515 - DEBUG - joeynmt.training - 	Tokenized source:     ['\ufeffLa@@', 'st', 'year', 'I', 'sho@@', 'we@@', 'd', 'thes@@', 'e', 'tw@@', 'o', 'sli@@', 'de@@', 's', 'so', 'that', 'de@@', 'mon@@', 'strate', 'that', 'the', 'ar@@', 'c@@', 'tic', 'ic@@', 'e', 'cap@@', ',', 'wh@@', 'ich', 'for', 'mo@@', 'st', 'of', 'the', 'la@@', 'st', 'th@@', 'ree', 'milli@@', 'on', 'year@@', 's', 'ha@@', 's', 'be@@', 'en', 'the', 'si@@', 'ze', 'of', 'the', 'lo@@', 'wer', '4@@', '8', 'stat@@', 'es@@', ',', 'ha@@', 's', 'sh@@', 'run@@', 'k', 'b@@', 'y', '4@@', '0', 'percen@@', 't@@', '.']
2026-05-24 15:04:02,516 - DEBUG - joeynmt.training - 	Tokenized reference:  ['\ufeffV@@', 'orig', 'j@@', 'aar', 'lie@@', 't', 'ik', 'de@@', 'ze', 'twee', 'dia@@', "'@@", 's', 'zi@@', 'en', 'om', 'aan', 'te', 'ton@@', 'en', 'dat', 'de', 'p@@', 'ool@@', 'ij@@', 'sk@@', 'ap@@', ',', 'die', 'de', 'af@@', 'gel@@', 'open', 'drie', 'miljo@@', 'en', 'j@@', 'aar', 'onge@@', 've@@', 'er', 'de', 'groot@@', 'te', 'had', 'van', 'het', 'va@@', 'stel@@', 'and', 'van', 'de', 'V@@', 'S@@', ',', 'met', '4@@', '0@@', '%', 'gek@@', 'ro@@', 'mp@@', 'en', 'was@@', '.']
2026-05-24 15:04:02,516 - DEBUG - joeynmt.training - 	Tokenized hypothesis: ['I@@', 'k', 'lie@@', 't', 'j@@', 'aar', 'de@@', 'ze', 'twee', 'dia@@', "'@@", 's', 'zo@@', 'dat', 'de@@', 'mon@@', 'str@@', 'er@@', 'en', 'dat', 'ik', 'de', 'ar@@', 'c@@', 't@@', 'isch@@', 'e', 'ij@@', 'fer@@', 's', 'z@@', 'ou', 'zijn', 'de', 'groot@@', 'ste', 'drie', 'miljo@@', 'en', 'j@@', 'aar', 'de', 'la@@', 'gere', '4@@', '0', 'pro@@', 'cen@@', 't@@', ',', 'is', 'door', '4@@', '0', 'pro@@', 'cen@@', 't@@', '<unk>', '</s>']
2026-05-24 15:04:02,516 - INFO - joeynmt.training - 	Source:     ﻿La@@ st year I sho@@ we@@ d thes@@ e tw@@ o sli@@ de@@ s so that de@@ mon@@ strate that the ar@@ c@@ tic ic@@ e cap@@ , wh@@ ich for mo@@ st of the la@@ st th@@ ree milli@@ on year@@ s ha@@ s be@@ en the si@@ ze of the lo@@ wer 4@@ 8 stat@@ es@@ , ha@@ s sh@@ run@@ k b@@ y 4@@ 0 percen@@ t@@ .
2026-05-24 15:04:02,517 - INFO - joeynmt.training - 	Reference:  ﻿V@@ orig j@@ aar lie@@ t ik de@@ ze twee dia@@ '@@ s zi@@ en om aan te ton@@ en dat de p@@ ool@@ ij@@ sk@@ ap@@ , die de af@@ gel@@ open drie miljo@@ en j@@ aar onge@@ ve@@ er de groot@@ te had van het va@@ stel@@ and van de V@@ S@@ , met 4@@ 0@@ % gek@@ ro@@ mp@@ en was@@ .
2026-05-24 15:04:02,517 - INFO - joeynmt.training - 	Hypothesis: I@@ k lie@@ t j@@ aar de@@ ze twee dia@@ '@@ s zo@@ dat de@@ mon@@ str@@ er@@ en dat ik de ar@@ c@@ t@@ isch@@ e ij@@ fer@@ s z@@ ou zijn de groot@@ ste drie miljo@@ en j@@ aar de la@@ gere 4@@ 0 pro@@ cen@@ t@@ , is door 4@@ 0 pro@@ cen@@ t@@ <unk>
2026-05-24 15:04:02,517 - INFO - joeynmt.training - Example #1
2026-05-24 15:04:02,517 - DEBUG - joeynmt.training - 	Tokenized source:     ['Bu@@', 't', 'th@@', 'is', 'under@@', 'stat@@', 'es', 'the', 'ser@@', 'i@@', 'ou@@', 'sn@@', 'ess', 'of', 'th@@', 'is', 'particul@@', 'ar', 'proble@@', 'm', 'beca@@', 'us@@', 'e', 'it', 'does@@', 'n@@', "'@@", 't', 'sho@@', 'w', 'the', 'th@@', 'ic@@', 'kn@@', 'ess', 'of', 'the', 'ic@@', 'e@@', '.']
2026-05-24 15:04:02,517 - DEBUG - joeynmt.training - 	Tokenized reference:  ['M@@', 'aar', 'dit', 'onder@@', 'sch@@', 'at', 'eigen@@', 'lijk', 'de', 'ern@@', 'st', 'van', 'dit', 'specif@@', 'ie@@', 'ke', 'proble@@', 'em', 'om@@', 'dat', 'het', 'nie@@', 't', 'de', 'di@@', 'k@@', 'te', 'van', 'het', 'ij@@', 's', 'laat', 'zi@@', 'en@@', '.']
2026-05-24 15:04:02,517 - DEBUG - joeynmt.training - 	Tokenized hypothesis: ['M@@', 'aar', 'dit', 'onder@@', 'stat@@', 'en', 'de', 'ser@@', 'ie@@', 'us', 'van', 'dit', 'proble@@', 'em', 'om@@', 'dat', 'het', 'di@@', 'k@@', 'ke', 'proble@@', 'em', 'om@@', 'dat', 'het', 'de', 'di@@', 'k@@', 'te', 'van', 'het', 'ij@@', 's@@', '<unk>', '</s>']
2026-05-24 15:04:02,518 - INFO - joeynmt.training - 	Source:     Bu@@ t th@@ is under@@ stat@@ es the ser@@ i@@ ou@@ sn@@ ess of th@@ is particul@@ ar proble@@ m beca@@ us@@ e it does@@ n@@ '@@ t sho@@ w the th@@ ic@@ kn@@ ess of the ic@@ e@@ .
2026-05-24 15:04:02,518 - INFO - joeynmt.training - 	Reference:  M@@ aar dit onder@@ sch@@ at eigen@@ lijk de ern@@ st van dit specif@@ ie@@ ke proble@@ em om@@ dat het nie@@ t de di@@ k@@ te van het ij@@ s laat zi@@ en@@ .
2026-05-24 15:04:02,518 - INFO - joeynmt.training - 	Hypothesis: M@@ aar dit onder@@ stat@@ en de ser@@ ie@@ us van dit proble@@ em om@@ dat het di@@ k@@ ke proble@@ em om@@ dat het de di@@ k@@ te van het ij@@ s@@ <unk>
2026-05-24 15:04:02,518 - INFO - joeynmt.training - Example #2
2026-05-24 15:04:02,518 - DEBUG - joeynmt.training - 	Tokenized source:     ['The', 'ar@@', 'c@@', 'tic', 'ic@@', 'e', 'cap', 'is@@', ',', 'in', 'a', 'sen@@', 'se@@', ',', 'the', 'be@@', 'at@@', 'ing', 'hear@@', 't', 'of', 'the', 'glob@@', 'al', 'cli@@', 'mat@@', 'e', 'system@@', '.']
2026-05-24 15:04:02,518 - DEBUG - joeynmt.training - 	Tokenized reference:  ['De', 'ij@@', 'sk@@', 'ap', 'op', 'de', 'Noor@@', 'd@@', 'p@@', 'ool', 'is', 'in', 'ze@@', 'ker@@', 'e', 'zin', 'het', 'kl@@', 'op@@', 'pen@@', 'd', 'har@@', 't', 'van', 'ons', 'glob@@', 'aal', 'kli@@', 'maat@@', 'syste@@', 'em@@', '.']
2026-05-24 15:04:02,518 - DEBUG - joeynmt.training - 	Tokenized hypothesis: ['De', 'ar@@', 'c@@', 't@@', 'isch@@', 'e', 'ij@@', 'fer@@', 's', 'in', 'ze@@', 'ker@@', 'e', 'zin', 'het', 'be@@', 'ste', 'van', 'het', 'wereldwij@@', 'de', 'kli@@', 'maat@@', 'syste@@', 'em@@', '<unk>', '</s>']
2026-05-24 15:04:02,519 - INFO - joeynmt.training - 	Source:     The ar@@ c@@ tic ic@@ e cap is@@ , in a sen@@ se@@ , the be@@ at@@ ing hear@@ t of the glob@@ al cli@@ mat@@ e system@@ .
2026-05-24 15:04:02,519 - INFO - joeynmt.training - 	Reference:  De ij@@ sk@@ ap op de Noor@@ d@@ p@@ ool is in ze@@ ker@@ e zin het kl@@ op@@ pen@@ d har@@ t van ons glob@@ aal kli@@ maat@@ syste@@ em@@ .
2026-05-24 15:04:02,519 - INFO - joeynmt.training - 	Hypothesis: De ar@@ c@@ t@@ isch@@ e ij@@ fer@@ s in ze@@ ker@@ e zin het be@@ ste van het wereldwij@@ de kli@@ maat@@ syste@@ em@@ <unk>
2026-05-24 15:04:02,519 - INFO - joeynmt.training - Example #3
2026-05-24 15:04:02,519 - DEBUG - joeynmt.training - 	Tokenized source:     ['I@@', 't', 'ex@@', 'p@@', 'and@@', 's', 'in', 'w@@', 'inter', 'and', 'con@@', 'trac@@', 'ts', 'in', 'su@@', 'm@@', 'mer@@', '.']
2026-05-24 15:04:02,520 - DEBUG - joeynmt.training - 	Tokenized reference:  ['H@@', 'et', 'zet', 'uit', 'in', 'de', 'w@@', 'inter', 'en', 'k@@', 'ri@@', 'mp@@', 't', 'in', 'de', 'zom@@', 'er@@', '.']
2026-05-24 15:04:02,520 - DEBUG - joeynmt.training - 	Tokenized hypothesis: ['H@@', 'et', 'uit@@', 'bre@@', 'id@@', 't', 'in', 'w@@', 'inter', 'en', 'con@@', 'trac@@', 't', 'in', 'zom@@', 'er', 'en', 'con@@', 'trac@@', 't@@', 'j@@', 'es', 'in', 'zom@@', 'er@@', '<unk>', '</s>']
2026-05-24 15:04:02,520 - INFO - joeynmt.training - 	Source:     I@@ t ex@@ p@@ and@@ s in w@@ inter and con@@ trac@@ ts in su@@ m@@ mer@@ .
2026-05-24 15:04:02,520 - INFO - joeynmt.training - 	Reference:  H@@ et zet uit in de w@@ inter en k@@ ri@@ mp@@ t in de zom@@ er@@ .
2026-05-24 15:04:02,520 - INFO - joeynmt.training - 	Hypothesis: H@@ et uit@@ bre@@ id@@ t in w@@ inter en con@@ trac@@ t in zom@@ er en con@@ trac@@ t@@ j@@ es in zom@@ er@@ <unk>
2026-05-24 15:04:02,520 - INFO - joeynmt.training - Example #4
2026-05-24 15:04:02,520 - DEBUG - joeynmt.training - 	Tokenized source:     ['The', 'ne@@', 'x@@', 't', 'sli@@', 'de', 'I', 'sho@@', 'w', 'you', 'will', 'be', 'a', 'ra@@', 'p@@', 'id', 'fa@@', 'st-@@', 'for@@', 'war@@', 'd', 'of', 'what@@', "'@@", 's', 'happen@@', 'ed', 'over', 'the', 'la@@', 'st', '2@@', '5', 'year@@', 's@@', '.']
2026-05-24 15:04:02,520 - DEBUG - joeynmt.training - 	Tokenized reference:  ['De', 'volgen@@', 'de', 'dia', 'die', 'ik', 'laat', 'zi@@', 'en', 'is', 'een', 'ver@@', 'snel@@', 'de', 'vers@@', 'ie', 'van', 'wat', 'er', 'de', 'af@@', 'gel@@', 'open', '2@@', '5', 'j@@', 'aar', 'is', 'gebeur@@', 'd@@', '.']
2026-05-24 15:04:02,521 - DEBUG - joeynmt.training - 	Tokenized hypothesis: ['De', 'volgen@@', 'de', 'dia', 'die', 'ik', 'laat', 'j@@', 'ul@@', 'lie', 'een', 'snel@@', 'le', 'snel@@', 'le', 'vooruit@@', 'gan@@', 'g', 'zijn', 'van', 'wat', 'er', 'gebeur@@', 'de', 'is', 'van', 'wat', 'er', 'gebeur@@', 'd', 'is@@', '<unk>', '</s>']
2026-05-24 15:04:02,521 - INFO - joeynmt.training - 	Source:     The ne@@ x@@ t sli@@ de I sho@@ w you will be a ra@@ p@@ id fa@@ st-@@ for@@ war@@ d of what@@ '@@ s happen@@ ed over the la@@ st 2@@ 5 year@@ s@@ .
2026-05-24 15:04:02,521 - INFO - joeynmt.training - 	Reference:  De volgen@@ de dia die ik laat zi@@ en is een ver@@ snel@@ de vers@@ ie van wat er de af@@ gel@@ open 2@@ 5 j@@ aar is gebeur@@ d@@ .
2026-05-24 15:04:02,521 - INFO - joeynmt.training - 	Hypothesis: De volgen@@ de dia die ik laat j@@ ul@@ lie een snel@@ le snel@@ le vooruit@@ gan@@ g zijn van wat er gebeur@@ de is van wat er gebeur@@ d is@@ <unk>
2026-05-24 15:05:05,321 - INFO - joeynmt.training - Epoch   9, Step:    33100, Batch Loss:     1.257509, Batch Acc: 0.658747, Tokens per Sec:     1198, Lr: 0.000300
2026-05-24 15:06:09,620 - INFO - joeynmt.training - Epoch   9, Step:    33200, Batch Loss:     1.086015, Batch Acc: 0.654318, Tokens per Sec:     1143, Lr: 0.000300
2026-05-24 15:07:13,241 - INFO - joeynmt.training - Epoch   9, Step:    33300, Batch Loss:     1.263762, Batch Acc: 0.654622, Tokens per Sec:     1161, Lr: 0.000300
2026-05-24 15:08:17,153 - INFO - joeynmt.training - Epoch   9, Step:    33400, Batch Loss:     1.260203, Batch Acc: 0.649012, Tokens per Sec:     1116, Lr: 0.000300
2026-05-24 15:09:20,001 - INFO - joeynmt.training - Epoch   9, Step:    33500, Batch Loss:     1.105383, Batch Acc: 0.652126, Tokens per Sec:     1165, Lr: 0.000300
2026-05-24 15:09:20,002 - INFO - joeynmt.prediction - Predicting 1003 example(s)... (Greedy decoding with min_output_length=1, max_output_length=100, return_prob='none', generate_unk=True, repetition_penalty=-1, no_repeat_ngram_size=-1)
2026-05-24 15:12:41,312 - INFO - joeynmt.metrics - nrefs:1|case:mixed|eff:no|tok:13a|smooth:exp|version:2.6.0
2026-05-24 15:12:41,312 - INFO - joeynmt.prediction - Evaluation result (greedy) bleu:  37.60, loss:   1.66, ppl:   5.27, acc:   0.54, generation: 200.7514[sec], evaluation: 0.5408[sec]
2026-05-24 15:12:41,384 - INFO - joeynmt.helpers - delete output_bpe5000/28500.ckpt
2026-05-24 15:12:41,396 - INFO - joeynmt.training - Example #0
2026-05-24 15:12:41,397 - DEBUG - joeynmt.training - 	Tokenized source:     ['\ufeffLa@@', 'st', 'year', 'I', 'sho@@', 'we@@', 'd', 'thes@@', 'e', 'tw@@', 'o', 'sli@@', 'de@@', 's', 'so', 'that', 'de@@', 'mon@@', 'strate', 'that', 'the', 'ar@@', 'c@@', 'tic', 'ic@@', 'e', 'cap@@', ',', 'wh@@', 'ich', 'for', 'mo@@', 'st', 'of', 'the', 'la@@', 'st', 'th@@', 'ree', 'milli@@', 'on', 'year@@', 's', 'ha@@', 's', 'be@@', 'en', 'the', 'si@@', 'ze', 'of', 'the', 'lo@@', 'wer', '4@@', '8', 'stat@@', 'es@@', ',', 'ha@@', 's', 'sh@@', 'run@@', 'k', 'b@@', 'y', '4@@', '0', 'percen@@', 't@@', '.']
2026-05-24 15:12:41,397 - DEBUG - joeynmt.training - 	Tokenized reference:  ['\ufeffV@@', 'orig', 'j@@', 'aar', 'lie@@', 't', 'ik', 'de@@', 'ze', 'twee', 'dia@@', "'@@", 's', 'zi@@', 'en', 'om', 'aan', 'te', 'ton@@', 'en', 'dat', 'de', 'p@@', 'ool@@', 'ij@@', 'sk@@', 'ap@@', ',', 'die', 'de', 'af@@', 'gel@@', 'open', 'drie', 'miljo@@', 'en', 'j@@', 'aar', 'onge@@', 've@@', 'er', 'de', 'groot@@', 'te', 'had', 'van', 'het', 'va@@', 'stel@@', 'and', 'van', 'de', 'V@@', 'S@@', ',', 'met', '4@@', '0@@', '%', 'gek@@', 'ro@@', 'mp@@', 'en', 'was@@', '.']
2026-05-24 15:12:41,397 - DEBUG - joeynmt.training - 	Tokenized hypothesis: ['I@@', 'k', 'lie@@', 't', 'j@@', 'aar', 'de@@', 'ze', 'twee', 'dia@@', "'@@", 's', 'lie@@', 't', 'zi@@', 'en', 'zo@@', 'dat', 'de', 'ar@@', 'c@@', 't@@', 'isch@@', 'e', 'ic@@', 'e', 'ij@@', 's@@', 'cap@@', ',', 'die', 'de', 'mee@@', 'ste', 'drie', 'miljo@@', 'en', 'j@@', 'aar', 'de', 'groot@@', 'te', 'van', 'de', 'la@@', 'gere', '4@@', '0', 'pro@@', 'cen@@', 't', 'gewe@@', 'est@@', ',', 'door', '4@@', '0', 'pro@@', 'cen@@', 't@@', '<unk>', '</s>']
2026-05-24 15:12:41,397 - INFO - joeynmt.training - 	Source:     ﻿La@@ st year I sho@@ we@@ d thes@@ e tw@@ o sli@@ de@@ s so that de@@ mon@@ strate that the ar@@ c@@ tic ic@@ e cap@@ , wh@@ ich for mo@@ st of the la@@ st th@@ ree milli@@ on year@@ s ha@@ s be@@ en the si@@ ze of the lo@@ wer 4@@ 8 stat@@ es@@ , ha@@ s sh@@ run@@ k b@@ y 4@@ 0 percen@@ t@@ .
2026-05-24 15:12:41,397 - INFO - joeynmt.training - 	Reference:  ﻿V@@ orig j@@ aar lie@@ t ik de@@ ze twee dia@@ '@@ s zi@@ en om aan te ton@@ en dat de p@@ ool@@ ij@@ sk@@ ap@@ , die de af@@ gel@@ open drie miljo@@ en j@@ aar onge@@ ve@@ er de groot@@ te had van het va@@ stel@@ and van de V@@ S@@ , met 4@@ 0@@ % gek@@ ro@@ mp@@ en was@@ .
2026-05-24 15:12:41,398 - INFO - joeynmt.training - 	Hypothesis: I@@ k lie@@ t j@@ aar de@@ ze twee dia@@ '@@ s lie@@ t zi@@ en zo@@ dat de ar@@ c@@ t@@ isch@@ e ic@@ e ij@@ s@@ cap@@ , die de mee@@ ste drie miljo@@ en j@@ aar de groot@@ te van de la@@ gere 4@@ 0 pro@@ cen@@ t gewe@@ est@@ , door 4@@ 0 pro@@ cen@@ t@@ <unk>
2026-05-24 15:12:41,398 - INFO - joeynmt.training - Example #1
2026-05-24 15:12:41,398 - DEBUG - joeynmt.training - 	Tokenized source:     ['Bu@@', 't', 'th@@', 'is', 'under@@', 'stat@@', 'es', 'the', 'ser@@', 'i@@', 'ou@@', 'sn@@', 'ess', 'of', 'th@@', 'is', 'particul@@', 'ar', 'proble@@', 'm', 'beca@@', 'us@@', 'e', 'it', 'does@@', 'n@@', "'@@", 't', 'sho@@', 'w', 'the', 'th@@', 'ic@@', 'kn@@', 'ess', 'of', 'the', 'ic@@', 'e@@', '.']
2026-05-24 15:12:41,398 - DEBUG - joeynmt.training - 	Tokenized reference:  ['M@@', 'aar', 'dit', 'onder@@', 'sch@@', 'at', 'eigen@@', 'lijk', 'de', 'ern@@', 'st', 'van', 'dit', 'specif@@', 'ie@@', 'ke', 'proble@@', 'em', 'om@@', 'dat', 'het', 'nie@@', 't', 'de', 'di@@', 'k@@', 'te', 'van', 'het', 'ij@@', 's', 'laat', 'zi@@', 'en@@', '.']
2026-05-24 15:12:41,398 - DEBUG - joeynmt.training - 	Tokenized hypothesis: ['M@@', 'aar', 'de@@', 'ze', 'onder@@', 'stat@@', 'en', 'de', 'ser@@', 'ie@@', 'us', 'van', 'dit', 'proble@@', 'em', 'om@@', 'dat', 'het', 'di@@', 'k', 'nie@@', 't', 'to@@', 'ch', 'de', 'di@@', 'k@@', 'ke', 'ij@@', 's@@', '<unk>', '</s>']
2026-05-24 15:12:41,398 - INFO - joeynmt.training - 	Source:     Bu@@ t th@@ is under@@ stat@@ es the ser@@ i@@ ou@@ sn@@ ess of th@@ is particul@@ ar proble@@ m beca@@ us@@ e it does@@ n@@ '@@ t sho@@ w the th@@ ic@@ kn@@ ess of the ic@@ e@@ .
2026-05-24 15:12:41,398 - INFO - joeynmt.training - 	Reference:  M@@ aar dit onder@@ sch@@ at eigen@@ lijk de ern@@ st van dit specif@@ ie@@ ke proble@@ em om@@ dat het nie@@ t de di@@ k@@ te van het ij@@ s laat zi@@ en@@ .
2026-05-24 15:12:41,398 - INFO - joeynmt.training - 	Hypothesis: M@@ aar de@@ ze onder@@ stat@@ en de ser@@ ie@@ us van dit proble@@ em om@@ dat het di@@ k nie@@ t to@@ ch de di@@ k@@ ke ij@@ s@@ <unk>
2026-05-24 15:12:41,399 - INFO - joeynmt.training - Example #2
2026-05-24 15:12:41,399 - DEBUG - joeynmt.training - 	Tokenized source:     ['The', 'ar@@', 'c@@', 'tic', 'ic@@', 'e', 'cap', 'is@@', ',', 'in', 'a', 'sen@@', 'se@@', ',', 'the', 'be@@', 'at@@', 'ing', 'hear@@', 't', 'of', 'the', 'glob@@', 'al', 'cli@@', 'mat@@', 'e', 'system@@', '.']
2026-05-24 15:12:41,399 - DEBUG - joeynmt.training - 	Tokenized reference:  ['De', 'ij@@', 'sk@@', 'ap', 'op', 'de', 'Noor@@', 'd@@', 'p@@', 'ool', 'is', 'in', 'ze@@', 'ker@@', 'e', 'zin', 'het', 'kl@@', 'op@@', 'pen@@', 'd', 'har@@', 't', 'van', 'ons', 'glob@@', 'aal', 'kli@@', 'maat@@', 'syste@@', 'em@@', '.']
2026-05-24 15:12:41,399 - DEBUG - joeynmt.training - 	Tokenized hypothesis: ['De', 'ar@@', 'c@@', 't@@', 'isch@@', 'e', 'ij@@', 'fer@@', 's@@', ',', 'in', 'ze@@', 'ker@@', 'e', 'zin', 'het', 'be@@', 'er@@', 'van', 'het', 'wereldwij@@', 'de', 'kli@@', 'maat@@', 'syste@@', 'em@@', '<unk>', '</s>']
2026-05-24 15:12:41,399 - INFO - joeynmt.training - 	Source:     The ar@@ c@@ tic ic@@ e cap is@@ , in a sen@@ se@@ , the be@@ at@@ ing hear@@ t of the glob@@ al cli@@ mat@@ e system@@ .
2026-05-24 15:12:41,399 - INFO - joeynmt.training - 	Reference:  De ij@@ sk@@ ap op de Noor@@ d@@ p@@ ool is in ze@@ ker@@ e zin het kl@@ op@@ pen@@ d har@@ t van ons glob@@ aal kli@@ maat@@ syste@@ em@@ .
2026-05-24 15:12:41,399 - INFO - joeynmt.training - 	Hypothesis: De ar@@ c@@ t@@ isch@@ e ij@@ fer@@ s@@ , in ze@@ ker@@ e zin het be@@ er@@ van het wereldwij@@ de kli@@ maat@@ syste@@ em@@ <unk>
2026-05-24 15:12:41,399 - INFO - joeynmt.training - Example #3
2026-05-24 15:12:41,400 - DEBUG - joeynmt.training - 	Tokenized source:     ['I@@', 't', 'ex@@', 'p@@', 'and@@', 's', 'in', 'w@@', 'inter', 'and', 'con@@', 'trac@@', 'ts', 'in', 'su@@', 'm@@', 'mer@@', '.']
2026-05-24 15:12:41,400 - DEBUG - joeynmt.training - 	Tokenized reference:  ['H@@', 'et', 'zet', 'uit', 'in', 'de', 'w@@', 'inter', 'en', 'k@@', 'ri@@', 'mp@@', 't', 'in', 'de', 'zom@@', 'er@@', '.']
2026-05-24 15:12:41,400 - DEBUG - joeynmt.training - 	Tokenized hypothesis: ['H@@', 'et', 'ver@@', 'bre@@', 'den', 'in', 'w@@', 'inter', 'en', 'con@@', 'trac@@', 'ten', 'in', 'de', 'zom@@', 'er@@', '<unk>', '</s>']
2026-05-24 15:12:41,400 - INFO - joeynmt.training - 	Source:     I@@ t ex@@ p@@ and@@ s in w@@ inter and con@@ trac@@ ts in su@@ m@@ mer@@ .
2026-05-24 15:12:41,400 - INFO - joeynmt.training - 	Reference:  H@@ et zet uit in de w@@ inter en k@@ ri@@ mp@@ t in de zom@@ er@@ .
2026-05-24 15:12:41,400 - INFO - joeynmt.training - 	Hypothesis: H@@ et ver@@ bre@@ den in w@@ inter en con@@ trac@@ ten in de zom@@ er@@ <unk>
2026-05-24 15:12:41,400 - INFO - joeynmt.training - Example #4
2026-05-24 15:12:41,401 - DEBUG - joeynmt.training - 	Tokenized source:     ['The', 'ne@@', 'x@@', 't', 'sli@@', 'de', 'I', 'sho@@', 'w', 'you', 'will', 'be', 'a', 'ra@@', 'p@@', 'id', 'fa@@', 'st-@@', 'for@@', 'war@@', 'd', 'of', 'what@@', "'@@", 's', 'happen@@', 'ed', 'over', 'the', 'la@@', 'st', '2@@', '5', 'year@@', 's@@', '.']
2026-05-24 15:12:41,401 - DEBUG - joeynmt.training - 	Tokenized reference:  ['De', 'volgen@@', 'de', 'dia', 'die', 'ik', 'laat', 'zi@@', 'en', 'is', 'een', 'ver@@', 'snel@@', 'de', 'vers@@', 'ie', 'van', 'wat', 'er', 'de', 'af@@', 'gel@@', 'open', '2@@', '5', 'j@@', 'aar', 'is', 'gebeur@@', 'd@@', '.']
2026-05-24 15:12:41,401 - DEBUG - joeynmt.training - 	Tokenized hypothesis: ['De', 'volgen@@', 'de', 'dia@@', ',', 'die', 'ik', 'laat', 'zi@@', 'en', 'dat', 'ik', 'laat', 'zi@@', 'en', 'dat', 'de', 'laat@@', 'ste', '2@@', '5', 'j@@', 'aar', 'gebeur@@', 'd', 'is', 'ged@@', 'ur@@', 'en@@', 'de', 'de', 'de', 'laat@@', 'ste', '2@@', '5', 'j@@', 'aar', 'gebeur@@', 'd', 'is@@', '<unk>', '</s>']
2026-05-24 15:12:41,401 - INFO - joeynmt.training - 	Source:     The ne@@ x@@ t sli@@ de I sho@@ w you will be a ra@@ p@@ id fa@@ st-@@ for@@ war@@ d of what@@ '@@ s happen@@ ed over the la@@ st 2@@ 5 year@@ s@@ .
2026-05-24 15:12:41,401 - INFO - joeynmt.training - 	Reference:  De volgen@@ de dia die ik laat zi@@ en is een ver@@ snel@@ de vers@@ ie van wat er de af@@ gel@@ open 2@@ 5 j@@ aar is gebeur@@ d@@ .
2026-05-24 15:12:41,402 - INFO - joeynmt.training - 	Hypothesis: De volgen@@ de dia@@ , die ik laat zi@@ en dat ik laat zi@@ en dat de laat@@ ste 2@@ 5 j@@ aar gebeur@@ d is ged@@ ur@@ en@@ de de de laat@@ ste 2@@ 5 j@@ aar gebeur@@ d is@@ <unk>
2026-05-24 15:13:45,538 - INFO - joeynmt.training - Epoch   9, Step:    33600, Batch Loss:     1.159601, Batch Acc: 0.652984, Tokens per Sec:     1185, Lr: 0.000300
2026-05-24 15:14:51,278 - INFO - joeynmt.training - Epoch   9, Step:    33700, Batch Loss:     1.199256, Batch Acc: 0.650427, Tokens per Sec:     1073, Lr: 0.000300
2026-05-24 15:15:53,202 - INFO - joeynmt.training - Epoch   9, Step:    33800, Batch Loss:     1.324007, Batch Acc: 0.649756, Tokens per Sec:     1207, Lr: 0.000300
2026-05-24 15:16:55,990 - INFO - joeynmt.training - Epoch   9, Step:    33900, Batch Loss:     1.232604, Batch Acc: 0.648558, Tokens per Sec:     1190, Lr: 0.000300
2026-05-24 15:18:00,730 - INFO - joeynmt.training - Epoch   9, Step:    34000, Batch Loss:     1.138476, Batch Acc: 0.648354, Tokens per Sec:     1177, Lr: 0.000300
2026-05-24 15:18:00,733 - INFO - joeynmt.prediction - Predicting 1003 example(s)... (Greedy decoding with min_output_length=1, max_output_length=100, return_prob='none', generate_unk=True, repetition_penalty=-1, no_repeat_ngram_size=-1)
2026-05-24 15:21:14,488 - INFO - joeynmt.metrics - nrefs:1|case:mixed|eff:no|tok:13a|smooth:exp|version:2.6.0
2026-05-24 15:21:14,489 - INFO - joeynmt.prediction - Evaluation result (greedy) bleu:  38.25, loss:   1.66, ppl:   5.26, acc:   0.54, generation: 193.0302[sec], evaluation: 0.7116[sec]
2026-05-24 15:21:14,602 - INFO - joeynmt.helpers - delete output_bpe5000/31000.ckpt
2026-05-24 15:21:14,618 - INFO - joeynmt.training - Example #0
2026-05-24 15:21:14,619 - DEBUG - joeynmt.training - 	Tokenized source:     ['\ufeffLa@@', 'st', 'year', 'I', 'sho@@', 'we@@', 'd', 'thes@@', 'e', 'tw@@', 'o', 'sli@@', 'de@@', 's', 'so', 'that', 'de@@', 'mon@@', 'strate', 'that', 'the', 'ar@@', 'c@@', 'tic', 'ic@@', 'e', 'cap@@', ',', 'wh@@', 'ich', 'for', 'mo@@', 'st', 'of', 'the', 'la@@', 'st', 'th@@', 'ree', 'milli@@', 'on', 'year@@', 's', 'ha@@', 's', 'be@@', 'en', 'the', 'si@@', 'ze', 'of', 'the', 'lo@@', 'wer', '4@@', '8', 'stat@@', 'es@@', ',', 'ha@@', 's', 'sh@@', 'run@@', 'k', 'b@@', 'y', '4@@', '0', 'percen@@', 't@@', '.']
2026-05-24 15:21:14,619 - DEBUG - joeynmt.training - 	Tokenized reference:  ['\ufeffV@@', 'orig', 'j@@', 'aar', 'lie@@', 't', 'ik', 'de@@', 'ze', 'twee', 'dia@@', "'@@", 's', 'zi@@', 'en', 'om', 'aan', 'te', 'ton@@', 'en', 'dat', 'de', 'p@@', 'ool@@', 'ij@@', 'sk@@', 'ap@@', ',', 'die', 'de', 'af@@', 'gel@@', 'open', 'drie', 'miljo@@', 'en', 'j@@', 'aar', 'onge@@', 've@@', 'er', 'de', 'groot@@', 'te', 'had', 'van', 'het', 'va@@', 'stel@@', 'and', 'van', 'de', 'V@@', 'S@@', ',', 'met', '4@@', '0@@', '%', 'gek@@', 'ro@@', 'mp@@', 'en', 'was@@', '.']
2026-05-24 15:21:14,619 - DEBUG - joeynmt.training - 	Tokenized hypothesis: ['I@@', 'k', 'lie@@', 't', 'j@@', 'aar', 'lie@@', 't', 'ik', 'de@@', 'ze', 'twee', 'dia@@', "'@@", 's', 'zo@@', 'dat', 'de', 'ar@@', 'c@@', 't@@', 'isch@@', 'e', 'ij@@', 'fer@@', 's', 'zi@@', 'en', 'dat', 'de', 'mee@@', 'ste', 'drie', 'miljo@@', 'en', 'j@@', 'aar', 'is', 'de', 'groot@@', 'ste', 'drie', 'miljo@@', 'en', 'j@@', 'aar', 'is', 'de', 'groot@@', 'te', 'van', 'de', 'la@@', 'gere', '4@@', '0', 'pro@@', 'cen@@', 't@@', '<unk>', '</s>']
2026-05-24 15:21:14,620 - INFO - joeynmt.training - 	Source:     ﻿La@@ st year I sho@@ we@@ d thes@@ e tw@@ o sli@@ de@@ s so that de@@ mon@@ strate that the ar@@ c@@ tic ic@@ e cap@@ , wh@@ ich for mo@@ st of the la@@ st th@@ ree milli@@ on year@@ s ha@@ s be@@ en the si@@ ze of the lo@@ wer 4@@ 8 stat@@ es@@ , ha@@ s sh@@ run@@ k b@@ y 4@@ 0 percen@@ t@@ .
2026-05-24 15:21:14,620 - INFO - joeynmt.training - 	Reference:  ﻿V@@ orig j@@ aar lie@@ t ik de@@ ze twee dia@@ '@@ s zi@@ en om aan te ton@@ en dat de p@@ ool@@ ij@@ sk@@ ap@@ , die de af@@ gel@@ open drie miljo@@ en j@@ aar onge@@ ve@@ er de groot@@ te had van het va@@ stel@@ and van de V@@ S@@ , met 4@@ 0@@ % gek@@ ro@@ mp@@ en was@@ .
2026-05-24 15:21:14,623 - INFO - joeynmt.training - 	Hypothesis: I@@ k lie@@ t j@@ aar lie@@ t ik de@@ ze twee dia@@ '@@ s zo@@ dat de ar@@ c@@ t@@ isch@@ e ij@@ fer@@ s zi@@ en dat de mee@@ ste drie miljo@@ en j@@ aar is de groot@@ ste drie miljo@@ en j@@ aar is de groot@@ te van de la@@ gere 4@@ 0 pro@@ cen@@ t@@ <unk>
2026-05-24 15:21:14,624 - INFO - joeynmt.training - Example #1
2026-05-24 15:21:14,625 - DEBUG - joeynmt.training - 	Tokenized source:     ['Bu@@', 't', 'th@@', 'is', 'under@@', 'stat@@', 'es', 'the', 'ser@@', 'i@@', 'ou@@', 'sn@@', 'ess', 'of', 'th@@', 'is', 'particul@@', 'ar', 'proble@@', 'm', 'beca@@', 'us@@', 'e', 'it', 'does@@', 'n@@', "'@@", 't', 'sho@@', 'w', 'the', 'th@@', 'ic@@', 'kn@@', 'ess', 'of', 'the', 'ic@@', 'e@@', '.']
2026-05-24 15:21:14,626 - DEBUG - joeynmt.training - 	Tokenized reference:  ['M@@', 'aar', 'dit', 'onder@@', 'sch@@', 'at', 'eigen@@', 'lijk', 'de', 'ern@@', 'st', 'van', 'dit', 'specif@@', 'ie@@', 'ke', 'proble@@', 'em', 'om@@', 'dat', 'het', 'nie@@', 't', 'de', 'di@@', 'k@@', 'te', 'van', 'het', 'ij@@', 's', 'laat', 'zi@@', 'en@@', '.']
2026-05-24 15:21:14,626 - DEBUG - joeynmt.training - 	Tokenized hypothesis: ['M@@', 'aar', 'de@@', 'ze', 'onder@@', 'del@@', 'en', 'de', 'ser@@', 'ie@@', 'us', 'van', 'dit', 'proble@@', 'em', 'om@@', 'dat', 'het', 'di@@', 'k', 'nie@@', 't', 'zo', 'di@@', 'k', 'van', 'het', 'ij@@', 's', 'zi@@', 'en', 'van', 'het', 'ij@@', 's', 'zi@@', 'en@@', '<unk>', '</s>']
2026-05-24 15:21:14,627 - INFO - joeynmt.training - 	Source:     Bu@@ t th@@ is under@@ stat@@ es the ser@@ i@@ ou@@ sn@@ ess of th@@ is particul@@ ar proble@@ m beca@@ us@@ e it does@@ n@@ '@@ t sho@@ w the th@@ ic@@ kn@@ ess of the ic@@ e@@ .
2026-05-24 15:21:14,627 - INFO - joeynmt.training - 	Reference:  M@@ aar dit onder@@ sch@@ at eigen@@ lijk de ern@@ st van dit specif@@ ie@@ ke proble@@ em om@@ dat het nie@@ t de di@@ k@@ te van het ij@@ s laat zi@@ en@@ .
2026-05-24 15:21:14,627 - INFO - joeynmt.training - 	Hypothesis: M@@ aar de@@ ze onder@@ del@@ en de ser@@ ie@@ us van dit proble@@ em om@@ dat het di@@ k nie@@ t zo di@@ k van het ij@@ s zi@@ en van het ij@@ s zi@@ en@@ <unk>
2026-05-24 15:21:14,627 - INFO - joeynmt.training - Example #2
2026-05-24 15:21:14,628 - DEBUG - joeynmt.training - 	Tokenized source:     ['The', 'ar@@', 'c@@', 'tic', 'ic@@', 'e', 'cap', 'is@@', ',', 'in', 'a', 'sen@@', 'se@@', ',', 'the', 'be@@', 'at@@', 'ing', 'hear@@', 't', 'of', 'the', 'glob@@', 'al', 'cli@@', 'mat@@', 'e', 'system@@', '.']
2026-05-24 15:21:14,628 - DEBUG - joeynmt.training - 	Tokenized reference:  ['De', 'ij@@', 'sk@@', 'ap', 'op', 'de', 'Noor@@', 'd@@', 'p@@', 'ool', 'is', 'in', 'ze@@', 'ker@@', 'e', 'zin', 'het', 'kl@@', 'op@@', 'pen@@', 'd', 'har@@', 't', 'van', 'ons', 'glob@@', 'aal', 'kli@@', 'maat@@', 'syste@@', 'em@@', '.']
2026-05-24 15:21:14,628 - DEBUG - joeynmt.training - 	Tokenized hypothesis: ['De', 'ar@@', 'c@@', 't@@', 'isch@@', 'e', 'ij@@', 's@@', ',', 'in', 'ze@@', 'ker@@', 'e', 'zin@@', ',', 'het', 'be@@', 'er@@', 't', 'het', 'har@@', 't', 'van', 'het', 'glob@@', 'al@@', 'e', 'kli@@', 'maat@@', 'syste@@', 'em@@', '<unk>', '</s>']
2026-05-24 15:21:14,628 - INFO - joeynmt.training - 	Source:     The ar@@ c@@ tic ic@@ e cap is@@ , in a sen@@ se@@ , the be@@ at@@ ing hear@@ t of the glob@@ al cli@@ mat@@ e system@@ .
2026-05-24 15:21:14,629 - INFO - joeynmt.training - 	Reference:  De ij@@ sk@@ ap op de Noor@@ d@@ p@@ ool is in ze@@ ker@@ e zin het kl@@ op@@ pen@@ d har@@ t van ons glob@@ aal kli@@ maat@@ syste@@ em@@ .
2026-05-24 15:21:14,629 - INFO - joeynmt.training - 	Hypothesis: De ar@@ c@@ t@@ isch@@ e ij@@ s@@ , in ze@@ ker@@ e zin@@ , het be@@ er@@ t het har@@ t van het glob@@ al@@ e kli@@ maat@@ syste@@ em@@ <unk>
2026-05-24 15:21:14,629 - INFO - joeynmt.training - Example #3
2026-05-24 15:21:14,629 - DEBUG - joeynmt.training - 	Tokenized source:     ['I@@', 't', 'ex@@', 'p@@', 'and@@', 's', 'in', 'w@@', 'inter', 'and', 'con@@', 'trac@@', 'ts', 'in', 'su@@', 'm@@', 'mer@@', '.']
2026-05-24 15:21:14,629 - DEBUG - joeynmt.training - 	Tokenized reference:  ['H@@', 'et', 'zet', 'uit', 'in', 'de', 'w@@', 'inter', 'en', 'k@@', 'ri@@', 'mp@@', 't', 'in', 'de', 'zom@@', 'er@@', '.']
2026-05-24 15:21:14,629 - DEBUG - joeynmt.training - 	Tokenized hypothesis: ['H@@', 'et', 'ver@@', 'bre@@', 'id@@', 't', 'in', 'w@@', 'inter', 'en', 'con@@', 'trac@@', 't', 'in', 'de', 'zom@@', 'er@@', '<unk>', '</s>']
2026-05-24 15:21:14,629 - INFO - joeynmt.training - 	Source:     I@@ t ex@@ p@@ and@@ s in w@@ inter and con@@ trac@@ ts in su@@ m@@ mer@@ .
2026-05-24 15:21:14,631 - INFO - joeynmt.training - 	Reference:  H@@ et zet uit in de w@@ inter en k@@ ri@@ mp@@ t in de zom@@ er@@ .
2026-05-24 15:21:14,631 - INFO - joeynmt.training - 	Hypothesis: H@@ et ver@@ bre@@ id@@ t in w@@ inter en con@@ trac@@ t in de zom@@ er@@ <unk>
2026-05-24 15:21:14,631 - INFO - joeynmt.training - Example #4
2026-05-24 15:21:14,631 - DEBUG - joeynmt.training - 	Tokenized source:     ['The', 'ne@@', 'x@@', 't', 'sli@@', 'de', 'I', 'sho@@', 'w', 'you', 'will', 'be', 'a', 'ra@@', 'p@@', 'id', 'fa@@', 'st-@@', 'for@@', 'war@@', 'd', 'of', 'what@@', "'@@", 's', 'happen@@', 'ed', 'over', 'the', 'la@@', 'st', '2@@', '5', 'year@@', 's@@', '.']
2026-05-24 15:21:14,632 - DEBUG - joeynmt.training - 	Tokenized reference:  ['De', 'volgen@@', 'de', 'dia', 'die', 'ik', 'laat', 'zi@@', 'en', 'is', 'een', 'ver@@', 'snel@@', 'de', 'vers@@', 'ie', 'van', 'wat', 'er', 'de', 'af@@', 'gel@@', 'open', '2@@', '5', 'j@@', 'aar', 'is', 'gebeur@@', 'd@@', '.']
2026-05-24 15:21:14,632 - DEBUG - joeynmt.training - 	Tokenized hypothesis: ['De', 'volgen@@', 'de', 'dia', 'die', 'ik', 'laat', 'zi@@', 'en', 'dat', 'ik', 'laat', 'zi@@', 'en', 'dat', 'een', 'snel@@', 'le', 'voor@@', 'waar@@', 'ts', 'is', 'gebeur@@', 'd', 'van', 'wat', 'er', 'gebeur@@', 't', 'is', 'in', 'de', 'laat@@', 'ste', '2@@', '5', 'j@@', 'aar@@', '<unk>', '</s>']
2026-05-24 15:21:14,633 - INFO - joeynmt.training - 	Source:     The ne@@ x@@ t sli@@ de I sho@@ w you will be a ra@@ p@@ id fa@@ st-@@ for@@ war@@ d of what@@ '@@ s happen@@ ed over the la@@ st 2@@ 5 year@@ s@@ .
2026-05-24 15:21:14,634 - INFO - joeynmt.training - 	Reference:  De volgen@@ de dia die ik laat zi@@ en is een ver@@ snel@@ de vers@@ ie van wat er de af@@ gel@@ open 2@@ 5 j@@ aar is gebeur@@ d@@ .
2026-05-24 15:21:14,636 - INFO - joeynmt.training - 	Hypothesis: De volgen@@ de dia die ik laat zi@@ en dat ik laat zi@@ en dat een snel@@ le voor@@ waar@@ ts is gebeur@@ d van wat er gebeur@@ t is in de laat@@ ste 2@@ 5 j@@ aar@@ <unk>
2026-05-24 15:22:17,056 - INFO - joeynmt.training - Epoch   9, Step:    34100, Batch Loss:     1.190837, Batch Acc: 0.639269, Tokens per Sec:     1146, Lr: 0.000300
2026-05-24 15:23:19,619 - INFO - joeynmt.training - Epoch   9, Step:    34200, Batch Loss:     1.172121, Batch Acc: 0.643835, Tokens per Sec:     1186, Lr: 0.000300
2026-05-24 15:24:24,861 - INFO - joeynmt.training - Epoch   9, Step:    34300, Batch Loss:     1.245399, Batch Acc: 0.651252, Tokens per Sec:     1137, Lr: 0.000300
2026-05-24 15:25:29,282 - INFO - joeynmt.training - Epoch   9, Step:    34400, Batch Loss:     1.332849, Batch Acc: 0.645261, Tokens per Sec:     1136, Lr: 0.000300
2026-05-24 15:26:35,567 - INFO - joeynmt.training - Epoch   9, Step:    34500, Batch Loss:     1.059232, Batch Acc: 0.648972, Tokens per Sec:     1127, Lr: 0.000300
2026-05-24 15:26:35,569 - INFO - joeynmt.prediction - Predicting 1003 example(s)... (Greedy decoding with min_output_length=1, max_output_length=100, return_prob='none', generate_unk=True, repetition_penalty=-1, no_repeat_ngram_size=-1)
2026-05-24 15:29:34,740 - INFO - joeynmt.metrics - nrefs:1|case:mixed|eff:no|tok:13a|smooth:exp|version:2.6.0
2026-05-24 15:29:34,741 - INFO - joeynmt.prediction - Evaluation result (greedy) bleu:  38.52, loss:   1.66, ppl:   5.28, acc:   0.54, generation: 178.6237[sec], evaluation: 0.5349[sec]
2026-05-24 15:29:34,747 - INFO - joeynmt.training - Example #0
2026-05-24 15:29:34,747 - DEBUG - joeynmt.training - 	Tokenized source:     ['\ufeffLa@@', 'st', 'year', 'I', 'sho@@', 'we@@', 'd', 'thes@@', 'e', 'tw@@', 'o', 'sli@@', 'de@@', 's', 'so', 'that', 'de@@', 'mon@@', 'strate', 'that', 'the', 'ar@@', 'c@@', 'tic', 'ic@@', 'e', 'cap@@', ',', 'wh@@', 'ich', 'for', 'mo@@', 'st', 'of', 'the', 'la@@', 'st', 'th@@', 'ree', 'milli@@', 'on', 'year@@', 's', 'ha@@', 's', 'be@@', 'en', 'the', 'si@@', 'ze', 'of', 'the', 'lo@@', 'wer', '4@@', '8', 'stat@@', 'es@@', ',', 'ha@@', 's', 'sh@@', 'run@@', 'k', 'b@@', 'y', '4@@', '0', 'percen@@', 't@@', '.']
2026-05-24 15:29:34,747 - DEBUG - joeynmt.training - 	Tokenized reference:  ['\ufeffV@@', 'orig', 'j@@', 'aar', 'lie@@', 't', 'ik', 'de@@', 'ze', 'twee', 'dia@@', "'@@", 's', 'zi@@', 'en', 'om', 'aan', 'te', 'ton@@', 'en', 'dat', 'de', 'p@@', 'ool@@', 'ij@@', 'sk@@', 'ap@@', ',', 'die', 'de', 'af@@', 'gel@@', 'open', 'drie', 'miljo@@', 'en', 'j@@', 'aar', 'onge@@', 've@@', 'er', 'de', 'groot@@', 'te', 'had', 'van', 'het', 'va@@', 'stel@@', 'and', 'van', 'de', 'V@@', 'S@@', ',', 'met', '4@@', '0@@', '%', 'gek@@', 'ro@@', 'mp@@', 'en', 'was@@', '.']
2026-05-24 15:29:34,747 - DEBUG - joeynmt.training - 	Tokenized hypothesis: ['I@@', 'k', 'lie@@', 't', 'ik', 'de@@', 'ze', 'twee', 'dia@@', "'@@", 's', 'zo@@', 'dat', 'de@@', 'mon@@', 'str@@', 'er@@', 'en', 'dat', 'de', 'ar@@', 'c@@', 't@@', 'isch@@', 'e', 'ij@@', 'fer@@', 's', 'die', 'de', 'mee@@', 'ste', 'drie', 'miljo@@', 'en', 'j@@', 'aar', 'is', 'de', 'groot@@', 'te', 'van', 'de', 'la@@', 'gere', '4@@', '0', 'pro@@', 'cen@@', 't@@', '<unk>', '</s>']
2026-05-24 15:29:34,747 - INFO - joeynmt.training - 	Source:     ﻿La@@ st year I sho@@ we@@ d thes@@ e tw@@ o sli@@ de@@ s so that de@@ mon@@ strate that the ar@@ c@@ tic ic@@ e cap@@ , wh@@ ich for mo@@ st of the la@@ st th@@ ree milli@@ on year@@ s ha@@ s be@@ en the si@@ ze of the lo@@ wer 4@@ 8 stat@@ es@@ , ha@@ s sh@@ run@@ k b@@ y 4@@ 0 percen@@ t@@ .
2026-05-24 15:29:34,749 - INFO - joeynmt.training - 	Reference:  ﻿V@@ orig j@@ aar lie@@ t ik de@@ ze twee dia@@ '@@ s zi@@ en om aan te ton@@ en dat de p@@ ool@@ ij@@ sk@@ ap@@ , die de af@@ gel@@ open drie miljo@@ en j@@ aar onge@@ ve@@ er de groot@@ te had van het va@@ stel@@ and van de V@@ S@@ , met 4@@ 0@@ % gek@@ ro@@ mp@@ en was@@ .
2026-05-24 15:29:34,749 - INFO - joeynmt.training - 	Hypothesis: I@@ k lie@@ t ik de@@ ze twee dia@@ '@@ s zo@@ dat de@@ mon@@ str@@ er@@ en dat de ar@@ c@@ t@@ isch@@ e ij@@ fer@@ s die de mee@@ ste drie miljo@@ en j@@ aar is de groot@@ te van de la@@ gere 4@@ 0 pro@@ cen@@ t@@ <unk>
2026-05-24 15:29:34,749 - INFO - joeynmt.training - Example #1
2026-05-24 15:29:34,749 - DEBUG - joeynmt.training - 	Tokenized source:     ['Bu@@', 't', 'th@@', 'is', 'under@@', 'stat@@', 'es', 'the', 'ser@@', 'i@@', 'ou@@', 'sn@@', 'ess', 'of', 'th@@', 'is', 'particul@@', 'ar', 'proble@@', 'm', 'beca@@', 'us@@', 'e', 'it', 'does@@', 'n@@', "'@@", 't', 'sho@@', 'w', 'the', 'th@@', 'ic@@', 'kn@@', 'ess', 'of', 'the', 'ic@@', 'e@@', '.']
2026-05-24 15:29:34,749 - DEBUG - joeynmt.training - 	Tokenized reference:  ['M@@', 'aar', 'dit', 'onder@@', 'sch@@', 'at', 'eigen@@', 'lijk', 'de', 'ern@@', 'st', 'van', 'dit', 'specif@@', 'ie@@', 'ke', 'proble@@', 'em', 'om@@', 'dat', 'het', 'nie@@', 't', 'de', 'di@@', 'k@@', 'te', 'van', 'het', 'ij@@', 's', 'laat', 'zi@@', 'en@@', '.']
2026-05-24 15:29:34,750 - DEBUG - joeynmt.training - 	Tokenized hypothesis: ['M@@', 'aar', 'dit', 'beg@@', 'on@@', 'n@@', 'en', 'de', 'ser@@', 'ie@@', 'us', 'van', 'dit', 'proble@@', 'em', 'om@@', 'dat', 'het', 'de', 'di@@', 'k@@', 'ker', 'nie@@', 't', 'de', 'di@@', 'k@@', 'te', 'van', 'het', 'ij@@', 's', 'ge@@', 'en', 'di@@', 'k@@', 'ker', 'van', 'het', 'ij@@', 's@@', '<unk>', '</s>']
2026-05-24 15:29:34,750 - INFO - joeynmt.training - 	Source:     Bu@@ t th@@ is under@@ stat@@ es the ser@@ i@@ ou@@ sn@@ ess of th@@ is particul@@ ar proble@@ m beca@@ us@@ e it does@@ n@@ '@@ t sho@@ w the th@@ ic@@ kn@@ ess of the ic@@ e@@ .
2026-05-24 15:29:34,751 - INFO - joeynmt.training - 	Reference:  M@@ aar dit onder@@ sch@@ at eigen@@ lijk de ern@@ st van dit specif@@ ie@@ ke proble@@ em om@@ dat het nie@@ t de di@@ k@@ te van het ij@@ s laat zi@@ en@@ .
2026-05-24 15:29:34,751 - INFO - joeynmt.training - 	Hypothesis: M@@ aar dit beg@@ on@@ n@@ en de ser@@ ie@@ us van dit proble@@ em om@@ dat het de di@@ k@@ ker nie@@ t de di@@ k@@ te van het ij@@ s ge@@ en di@@ k@@ ker van het ij@@ s@@ <unk>
2026-05-24 15:29:34,752 - INFO - joeynmt.training - Example #2
2026-05-24 15:29:34,752 - DEBUG - joeynmt.training - 	Tokenized source:     ['The', 'ar@@', 'c@@', 'tic', 'ic@@', 'e', 'cap', 'is@@', ',', 'in', 'a', 'sen@@', 'se@@', ',', 'the', 'be@@', 'at@@', 'ing', 'hear@@', 't', 'of', 'the', 'glob@@', 'al', 'cli@@', 'mat@@', 'e', 'system@@', '.']
2026-05-24 15:29:34,753 - DEBUG - joeynmt.training - 	Tokenized reference:  ['De', 'ij@@', 'sk@@', 'ap', 'op', 'de', 'Noor@@', 'd@@', 'p@@', 'ool', 'is', 'in', 'ze@@', 'ker@@', 'e', 'zin', 'het', 'kl@@', 'op@@', 'pen@@', 'd', 'har@@', 't', 'van', 'ons', 'glob@@', 'aal', 'kli@@', 'maat@@', 'syste@@', 'em@@', '.']
2026-05-24 15:29:34,753 - DEBUG - joeynmt.training - 	Tokenized hypothesis: ['De', 'ar@@', 'c@@', 't@@', 'isch@@', 'e', 'ij@@', 'fer@@', 's', 'is', 'het', 'het', 'be@@', 'er@@', 'en', 'har@@', 't@@', ',', 'het', 'we@@', 'et', 'har@@', 't@@', ',', 'het', 'be@@', 'vin@@', 'den', 'van', 'het', 'glob@@', 'al@@', 'e', 'kli@@', 'maat@@', 'syste@@', 'em@@', '<unk>', '</s>']
2026-05-24 15:29:34,754 - INFO - joeynmt.training - 	Source:     The ar@@ c@@ tic ic@@ e cap is@@ , in a sen@@ se@@ , the be@@ at@@ ing hear@@ t of the glob@@ al cli@@ mat@@ e system@@ .
2026-05-24 15:29:34,756 - INFO - joeynmt.training - 	Reference:  De ij@@ sk@@ ap op de Noor@@ d@@ p@@ ool is in ze@@ ker@@ e zin het kl@@ op@@ pen@@ d har@@ t van ons glob@@ aal kli@@ maat@@ syste@@ em@@ .
2026-05-24 15:29:34,760 - INFO - joeynmt.training - 	Hypothesis: De ar@@ c@@ t@@ isch@@ e ij@@ fer@@ s is het het be@@ er@@ en har@@ t@@ , het we@@ et har@@ t@@ , het be@@ vin@@ den van het glob@@ al@@ e kli@@ maat@@ syste@@ em@@ <unk>
2026-05-24 15:29:34,761 - INFO - joeynmt.training - Example #3
2026-05-24 15:29:34,761 - DEBUG - joeynmt.training - 	Tokenized source:     ['I@@', 't', 'ex@@', 'p@@', 'and@@', 's', 'in', 'w@@', 'inter', 'and', 'con@@', 'trac@@', 'ts', 'in', 'su@@', 'm@@', 'mer@@', '.']
2026-05-24 15:29:34,761 - DEBUG - joeynmt.training - 	Tokenized reference:  ['H@@', 'et', 'zet', 'uit', 'in', 'de', 'w@@', 'inter', 'en', 'k@@', 'ri@@', 'mp@@', 't', 'in', 'de', 'zom@@', 'er@@', '.']
2026-05-24 15:29:34,761 - DEBUG - joeynmt.training - 	Tokenized hypothesis: ['H@@', 'et', 'ex@@', 'p@@', 'and@@', 's', 'in', 'w@@', 'inter', 'en', 'con@@', 'trac@@', 'ten', 'in', 'su@@', 'm@@', 'er@@', '<unk>', '</s>']
2026-05-24 15:29:34,762 - INFO - joeynmt.training - 	Source:     I@@ t ex@@ p@@ and@@ s in w@@ inter and con@@ trac@@ ts in su@@ m@@ mer@@ .
2026-05-24 15:29:34,762 - INFO - joeynmt.training - 	Reference:  H@@ et zet uit in de w@@ inter en k@@ ri@@ mp@@ t in de zom@@ er@@ .
2026-05-24 15:29:34,763 - INFO - joeynmt.training - 	Hypothesis: H@@ et ex@@ p@@ and@@ s in w@@ inter en con@@ trac@@ ten in su@@ m@@ er@@ <unk>
2026-05-24 15:29:34,765 - INFO - joeynmt.training - Example #4
2026-05-24 15:29:34,765 - DEBUG - joeynmt.training - 	Tokenized source:     ['The', 'ne@@', 'x@@', 't', 'sli@@', 'de', 'I', 'sho@@', 'w', 'you', 'will', 'be', 'a', 'ra@@', 'p@@', 'id', 'fa@@', 'st-@@', 'for@@', 'war@@', 'd', 'of', 'what@@', "'@@", 's', 'happen@@', 'ed', 'over', 'the', 'la@@', 'st', '2@@', '5', 'year@@', 's@@', '.']
2026-05-24 15:29:34,765 - DEBUG - joeynmt.training - 	Tokenized reference:  ['De', 'volgen@@', 'de', 'dia', 'die', 'ik', 'laat', 'zi@@', 'en', 'is', 'een', 'ver@@', 'snel@@', 'de', 'vers@@', 'ie', 'van', 'wat', 'er', 'de', 'af@@', 'gel@@', 'open', '2@@', '5', 'j@@', 'aar', 'is', 'gebeur@@', 'd@@', '.']
2026-05-24 15:29:34,766 - DEBUG - joeynmt.training - 	Tokenized hypothesis: ['De', 'volgen@@', 'de', 'dia', 'die', 'ik', 'laat', 'j@@', 'ul@@', 'lie', 'een', 'snel@@', 'le', 'f@@', 'al@@', 'en', 'voor@@', 'waar@@', 'd', 'zijn', 'van', 'wat', 'er', 'gebeur@@', 'de', 'is', 'van', 'wat', 'er', 'gebeur@@', 'd@@', '<unk>', '</s>']
2026-05-24 15:29:34,767 - INFO - joeynmt.training - 	Source:     The ne@@ x@@ t sli@@ de I sho@@ w you will be a ra@@ p@@ id fa@@ st-@@ for@@ war@@ d of what@@ '@@ s happen@@ ed over the la@@ st 2@@ 5 year@@ s@@ .
2026-05-24 15:29:34,767 - INFO - joeynmt.training - 	Reference:  De volgen@@ de dia die ik laat zi@@ en is een ver@@ snel@@ de vers@@ ie van wat er de af@@ gel@@ open 2@@ 5 j@@ aar is gebeur@@ d@@ .
2026-05-24 15:29:34,767 - INFO - joeynmt.training - 	Hypothesis: De volgen@@ de dia die ik laat j@@ ul@@ lie een snel@@ le f@@ al@@ en voor@@ waar@@ d zijn van wat er gebeur@@ de is van wat er gebeur@@ d@@ <unk>
2026-05-24 15:30:39,438 - INFO - joeynmt.training - Epoch   9, Step:    34600, Batch Loss:     1.143926, Batch Acc: 0.645372, Tokens per Sec:     1133, Lr: 0.000300
2026-05-24 15:31:42,197 - INFO - joeynmt.training - Epoch   9, Step:    34700, Batch Loss:     1.143906, Batch Acc: 0.649113, Tokens per Sec:     1196, Lr: 0.000300
2026-05-24 15:32:46,973 - INFO - joeynmt.training - Epoch   9, Step:    34800, Batch Loss:     1.105003, Batch Acc: 0.645520, Tokens per Sec:     1129, Lr: 0.000300
2026-05-24 15:33:48,378 - INFO - joeynmt.training - Epoch   9, Step:    34900, Batch Loss:     1.086283, Batch Acc: 0.645765, Tokens per Sec:     1194, Lr: 0.000300
2026-05-24 15:34:50,664 - INFO - joeynmt.training - Epoch   9, Step:    35000, Batch Loss:     1.322888, Batch Acc: 0.642004, Tokens per Sec:     1191, Lr: 0.000300
2026-05-24 15:34:50,669 - INFO - joeynmt.prediction - Predicting 1003 example(s)... (Greedy decoding with min_output_length=1, max_output_length=100, return_prob='none', generate_unk=True, repetition_penalty=-1, no_repeat_ngram_size=-1)
2026-05-24 15:38:17,950 - INFO - joeynmt.metrics - nrefs:1|case:mixed|eff:no|tok:13a|smooth:exp|version:2.6.0
2026-05-24 15:38:17,951 - INFO - joeynmt.prediction - Evaluation result (greedy) bleu:  38.29, loss:   1.66, ppl:   5.23, acc:   0.54, generation: 206.7571[sec], evaluation: 0.4880[sec]
2026-05-24 15:38:18,027 - INFO - joeynmt.helpers - delete output_bpe5000/33500.ckpt
2026-05-24 15:38:18,037 - INFO - joeynmt.training - Example #0
2026-05-24 15:38:18,037 - DEBUG - joeynmt.training - 	Tokenized source:     ['\ufeffLa@@', 'st', 'year', 'I', 'sho@@', 'we@@', 'd', 'thes@@', 'e', 'tw@@', 'o', 'sli@@', 'de@@', 's', 'so', 'that', 'de@@', 'mon@@', 'strate', 'that', 'the', 'ar@@', 'c@@', 'tic', 'ic@@', 'e', 'cap@@', ',', 'wh@@', 'ich', 'for', 'mo@@', 'st', 'of', 'the', 'la@@', 'st', 'th@@', 'ree', 'milli@@', 'on', 'year@@', 's', 'ha@@', 's', 'be@@', 'en', 'the', 'si@@', 'ze', 'of', 'the', 'lo@@', 'wer', '4@@', '8', 'stat@@', 'es@@', ',', 'ha@@', 's', 'sh@@', 'run@@', 'k', 'b@@', 'y', '4@@', '0', 'percen@@', 't@@', '.']
2026-05-24 15:38:18,037 - DEBUG - joeynmt.training - 	Tokenized reference:  ['\ufeffV@@', 'orig', 'j@@', 'aar', 'lie@@', 't', 'ik', 'de@@', 'ze', 'twee', 'dia@@', "'@@", 's', 'zi@@', 'en', 'om', 'aan', 'te', 'ton@@', 'en', 'dat', 'de', 'p@@', 'ool@@', 'ij@@', 'sk@@', 'ap@@', ',', 'die', 'de', 'af@@', 'gel@@', 'open', 'drie', 'miljo@@', 'en', 'j@@', 'aar', 'onge@@', 've@@', 'er', 'de', 'groot@@', 'te', 'had', 'van', 'het', 'va@@', 'stel@@', 'and', 'van', 'de', 'V@@', 'S@@', ',', 'met', '4@@', '0@@', '%', 'gek@@', 'ro@@', 'mp@@', 'en', 'was@@', '.']
2026-05-24 15:38:18,037 - DEBUG - joeynmt.training - 	Tokenized hypothesis: ['H@@', 'et', 'laat@@', 'ste', 'j@@', 'aar', 'dat', 'ik', 'de@@', 'ze', 'twee', 'dia@@', "'@@", 's', 'zo@@', 'dat', 'de@@', 'mon@@', 'str@@', 'er@@', 'en', 'dat', 'de', 'ar@@', 'c@@', 't@@', 'isch@@', 'e', 'ij@@', 'fer@@', 's', 'van', 'de', 'laat@@', 'ste', 'drie', 'miljo@@', 'en', 'j@@', 'aar', 'is', 'de', 'groot@@', 'ste', 'van', 'de', 'la@@', 'gere', '4@@', '0', 'pro@@', 'cen@@', 't', 'is', 'de', 'groot@@', 'te', 'van', 'de', 'la@@', 'gere', '4@@', '0', 'pro@@', 'cen@@', 't', 'ge@@', 't@@', '<unk>', '</s>']
2026-05-24 15:38:18,038 - INFO - joeynmt.training - 	Source:     ﻿La@@ st year I sho@@ we@@ d thes@@ e tw@@ o sli@@ de@@ s so that de@@ mon@@ strate that the ar@@ c@@ tic ic@@ e cap@@ , wh@@ ich for mo@@ st of the la@@ st th@@ ree milli@@ on year@@ s ha@@ s be@@ en the si@@ ze of the lo@@ wer 4@@ 8 stat@@ es@@ , ha@@ s sh@@ run@@ k b@@ y 4@@ 0 percen@@ t@@ .
2026-05-24 15:38:18,038 - INFO - joeynmt.training - 	Reference:  ﻿V@@ orig j@@ aar lie@@ t ik de@@ ze twee dia@@ '@@ s zi@@ en om aan te ton@@ en dat de p@@ ool@@ ij@@ sk@@ ap@@ , die de af@@ gel@@ open drie miljo@@ en j@@ aar onge@@ ve@@ er de groot@@ te had van het va@@ stel@@ and van de V@@ S@@ , met 4@@ 0@@ % gek@@ ro@@ mp@@ en was@@ .
2026-05-24 15:38:18,038 - INFO - joeynmt.training - 	Hypothesis: H@@ et laat@@ ste j@@ aar dat ik de@@ ze twee dia@@ '@@ s zo@@ dat de@@ mon@@ str@@ er@@ en dat de ar@@ c@@ t@@ isch@@ e ij@@ fer@@ s van de laat@@ ste drie miljo@@ en j@@ aar is de groot@@ ste van de la@@ gere 4@@ 0 pro@@ cen@@ t is de groot@@ te van de la@@ gere 4@@ 0 pro@@ cen@@ t ge@@ t@@ <unk>
2026-05-24 15:38:18,038 - INFO - joeynmt.training - Example #1
2026-05-24 15:38:18,038 - DEBUG - joeynmt.training - 	Tokenized source:     ['Bu@@', 't', 'th@@', 'is', 'under@@', 'stat@@', 'es', 'the', 'ser@@', 'i@@', 'ou@@', 'sn@@', 'ess', 'of', 'th@@', 'is', 'particul@@', 'ar', 'proble@@', 'm', 'beca@@', 'us@@', 'e', 'it', 'does@@', 'n@@', "'@@", 't', 'sho@@', 'w', 'the', 'th@@', 'ic@@', 'kn@@', 'ess', 'of', 'the', 'ic@@', 'e@@', '.']
2026-05-24 15:38:18,040 - DEBUG - joeynmt.training - 	Tokenized reference:  ['M@@', 'aar', 'dit', 'onder@@', 'sch@@', 'at', 'eigen@@', 'lijk', 'de', 'ern@@', 'st', 'van', 'dit', 'specif@@', 'ie@@', 'ke', 'proble@@', 'em', 'om@@', 'dat', 'het', 'nie@@', 't', 'de', 'di@@', 'k@@', 'te', 'van', 'het', 'ij@@', 's', 'laat', 'zi@@', 'en@@', '.']
2026-05-24 15:38:18,040 - DEBUG - joeynmt.training - 	Tokenized hypothesis: ['M@@', 'aar', 'dit', 'beg@@', 'on@@', 'n@@', 'en', 'van', 'dit', 'proble@@', 'em', 'van', 'dit', 'proble@@', 'em', 'om@@', 'dat', 'het', 'nie@@', 't', 'de', 'di@@', 'k@@', 'ker', 'nie@@', 't', 'de', 'di@@', 'k@@', 'te', 'van', 'het', 'ij@@', 's@@', '<unk>', '</s>']
2026-05-24 15:38:18,040 - INFO - joeynmt.training - 	Source:     Bu@@ t th@@ is under@@ stat@@ es the ser@@ i@@ ou@@ sn@@ ess of th@@ is particul@@ ar proble@@ m beca@@ us@@ e it does@@ n@@ '@@ t sho@@ w the th@@ ic@@ kn@@ ess of the ic@@ e@@ .
2026-05-24 15:38:18,040 - INFO - joeynmt.training - 	Reference:  M@@ aar dit onder@@ sch@@ at eigen@@ lijk de ern@@ st van dit specif@@ ie@@ ke proble@@ em om@@ dat het nie@@ t de di@@ k@@ te van het ij@@ s laat zi@@ en@@ .
2026-05-24 15:38:18,040 - INFO - joeynmt.training - 	Hypothesis: M@@ aar dit beg@@ on@@ n@@ en van dit proble@@ em van dit proble@@ em om@@ dat het nie@@ t de di@@ k@@ ker nie@@ t de di@@ k@@ te van het ij@@ s@@ <unk>
2026-05-24 15:38:18,041 - INFO - joeynmt.training - Example #2
2026-05-24 15:38:18,041 - DEBUG - joeynmt.training - 	Tokenized source:     ['The', 'ar@@', 'c@@', 'tic', 'ic@@', 'e', 'cap', 'is@@', ',', 'in', 'a', 'sen@@', 'se@@', ',', 'the', 'be@@', 'at@@', 'ing', 'hear@@', 't', 'of', 'the', 'glob@@', 'al', 'cli@@', 'mat@@', 'e', 'system@@', '.']
2026-05-24 15:38:18,041 - DEBUG - joeynmt.training - 	Tokenized reference:  ['De', 'ij@@', 'sk@@', 'ap', 'op', 'de', 'Noor@@', 'd@@', 'p@@', 'ool', 'is', 'in', 'ze@@', 'ker@@', 'e', 'zin', 'het', 'kl@@', 'op@@', 'pen@@', 'd', 'har@@', 't', 'van', 'ons', 'glob@@', 'aal', 'kli@@', 'maat@@', 'syste@@', 'em@@', '.']
2026-05-24 15:38:18,041 - DEBUG - joeynmt.training - 	Tokenized hypothesis: ['De', 'ar@@', 'c@@', 't@@', 'isch@@', 'e', 'ij@@', 'fer@@', 's@@', ',', 'in', 'ze@@', 'ker@@', 'e', 'zin@@', ',', 'het', 'be@@', 'ken@@', 'de', 'har@@', 't', 'van', 'het', 'glob@@', 'al@@', 'e', 'kli@@', 'maat@@', 'syste@@', 'em@@', '<unk>', '</s>']
2026-05-24 15:38:18,041 - INFO - joeynmt.training - 	Source:     The ar@@ c@@ tic ic@@ e cap is@@ , in a sen@@ se@@ , the be@@ at@@ ing hear@@ t of the glob@@ al cli@@ mat@@ e system@@ .
2026-05-24 15:38:18,042 - INFO - joeynmt.training - 	Reference:  De ij@@ sk@@ ap op de Noor@@ d@@ p@@ ool is in ze@@ ker@@ e zin het kl@@ op@@ pen@@ d har@@ t van ons glob@@ aal kli@@ maat@@ syste@@ em@@ .
2026-05-24 15:38:18,042 - INFO - joeynmt.training - 	Hypothesis: De ar@@ c@@ t@@ isch@@ e ij@@ fer@@ s@@ , in ze@@ ker@@ e zin@@ , het be@@ ken@@ de har@@ t van het glob@@ al@@ e kli@@ maat@@ syste@@ em@@ <unk>
2026-05-24 15:38:18,042 - INFO - joeynmt.training - Example #3
2026-05-24 15:38:18,042 - DEBUG - joeynmt.training - 	Tokenized source:     ['I@@', 't', 'ex@@', 'p@@', 'and@@', 's', 'in', 'w@@', 'inter', 'and', 'con@@', 'trac@@', 'ts', 'in', 'su@@', 'm@@', 'mer@@', '.']
2026-05-24 15:38:18,042 - DEBUG - joeynmt.training - 	Tokenized reference:  ['H@@', 'et', 'zet', 'uit', 'in', 'de', 'w@@', 'inter', 'en', 'k@@', 'ri@@', 'mp@@', 't', 'in', 'de', 'zom@@', 'er@@', '.']
2026-05-24 15:38:18,042 - DEBUG - joeynmt.training - 	Tokenized hypothesis: ['H@@', 'et', 'ex@@', 'p@@', 'pl@@', 'and@@', 't', 'in', 'w@@', 'inter', 'en', 'con@@', 'trac@@', 'ten', 'in', 'zom@@', 'er@@', '<unk>', '</s>']
2026-05-24 15:38:18,042 - INFO - joeynmt.training - 	Source:     I@@ t ex@@ p@@ and@@ s in w@@ inter and con@@ trac@@ ts in su@@ m@@ mer@@ .
2026-05-24 15:38:18,042 - INFO - joeynmt.training - 	Reference:  H@@ et zet uit in de w@@ inter en k@@ ri@@ mp@@ t in de zom@@ er@@ .
2026-05-24 15:38:18,042 - INFO - joeynmt.training - 	Hypothesis: H@@ et ex@@ p@@ pl@@ and@@ t in w@@ inter en con@@ trac@@ ten in zom@@ er@@ <unk>
2026-05-24 15:38:18,042 - INFO - joeynmt.training - Example #4
2026-05-24 15:38:18,043 - DEBUG - joeynmt.training - 	Tokenized source:     ['The', 'ne@@', 'x@@', 't', 'sli@@', 'de', 'I', 'sho@@', 'w', 'you', 'will', 'be', 'a', 'ra@@', 'p@@', 'id', 'fa@@', 'st-@@', 'for@@', 'war@@', 'd', 'of', 'what@@', "'@@", 's', 'happen@@', 'ed', 'over', 'the', 'la@@', 'st', '2@@', '5', 'year@@', 's@@', '.']
2026-05-24 15:38:18,043 - DEBUG - joeynmt.training - 	Tokenized reference:  ['De', 'volgen@@', 'de', 'dia', 'die', 'ik', 'laat', 'zi@@', 'en', 'is', 'een', 'ver@@', 'snel@@', 'de', 'vers@@', 'ie', 'van', 'wat', 'er', 'de', 'af@@', 'gel@@', 'open', '2@@', '5', 'j@@', 'aar', 'is', 'gebeur@@', 'd@@', '.']
2026-05-24 15:38:18,043 - DEBUG - joeynmt.training - 	Tokenized hypothesis: ['De', 'volgen@@', 'de', 'dia', 'die', 'ik', 'laat', 'j@@', 'ul@@', 'lie', 'een', 'snel@@', 'le', 'fa@@', 'st@@', 'for@@', 'waar@@', 'waar@@', 'ts', 'is', 'gebeur@@', 'd@@', 's', 'in', 'de', 'laat@@', 'ste', '2@@', '5', 'j@@', 'aar', 'gebeur@@', 'de', 'er', 'in', 'de', 'laat@@', 'ste', '2@@', '5', 'j@@', 'aar', 'gebeur@@', 'de@@', '<unk>', '</s>']
2026-05-24 15:38:18,043 - INFO - joeynmt.training - 	Source:     The ne@@ x@@ t sli@@ de I sho@@ w you will be a ra@@ p@@ id fa@@ st-@@ for@@ war@@ d of what@@ '@@ s happen@@ ed over the la@@ st 2@@ 5 year@@ s@@ .
2026-05-24 15:38:18,046 - INFO - joeynmt.training - 	Reference:  De volgen@@ de dia die ik laat zi@@ en is een ver@@ snel@@ de vers@@ ie van wat er de af@@ gel@@ open 2@@ 5 j@@ aar is gebeur@@ d@@ .
2026-05-24 15:38:18,046 - INFO - joeynmt.training - 	Hypothesis: De volgen@@ de dia die ik laat j@@ ul@@ lie een snel@@ le fa@@ st@@ for@@ waar@@ waar@@ ts is gebeur@@ d@@ s in de laat@@ ste 2@@ 5 j@@ aar gebeur@@ de er in de laat@@ ste 2@@ 5 j@@ aar gebeur@@ de@@ <unk>
2026-05-24 15:39:21,704 - INFO - joeynmt.training - Epoch   9, Step:    35100, Batch Loss:     1.234188, Batch Acc: 0.642513, Tokens per Sec:     1138, Lr: 0.000300
2026-05-24 15:40:23,161 - INFO - joeynmt.training - Epoch   9, Step:    35200, Batch Loss:     1.408297, Batch Acc: 0.641607, Tokens per Sec:     1191, Lr: 0.000300
2026-05-24 15:41:26,717 - INFO - joeynmt.training - Epoch   9, Step:    35300, Batch Loss:     1.151474, Batch Acc: 0.640992, Tokens per Sec:     1144, Lr: 0.000300
2026-05-24 15:42:31,414 - INFO - joeynmt.training - Epoch   9, Step:    35400, Batch Loss:     1.238035, Batch Acc: 0.642513, Tokens per Sec:     1106, Lr: 0.000300
2026-05-24 15:43:35,600 - INFO - joeynmt.training - Epoch   9, Step:    35500, Batch Loss:     1.347987, Batch Acc: 0.641577, Tokens per Sec:     1156, Lr: 0.000300
2026-05-24 15:43:35,600 - INFO - joeynmt.prediction - Predicting 1003 example(s)... (Greedy decoding with min_output_length=1, max_output_length=100, return_prob='none', generate_unk=True, repetition_penalty=-1, no_repeat_ngram_size=-1)
2026-05-24 15:46:44,950 - INFO - joeynmt.metrics - nrefs:1|case:mixed|eff:no|tok:13a|smooth:exp|version:2.6.0
2026-05-24 15:46:44,950 - INFO - joeynmt.prediction - Evaluation result (greedy) bleu:  38.74, loss:   1.65, ppl:   5.23, acc:   0.54, generation: 188.8390[sec], evaluation: 0.4955[sec]
2026-05-24 15:46:45,054 - INFO - joeynmt.helpers - delete output_bpe5000/34000.ckpt
2026-05-24 15:46:45,064 - INFO - joeynmt.training - Example #0
2026-05-24 15:46:45,064 - DEBUG - joeynmt.training - 	Tokenized source:     ['\ufeffLa@@', 'st', 'year', 'I', 'sho@@', 'we@@', 'd', 'thes@@', 'e', 'tw@@', 'o', 'sli@@', 'de@@', 's', 'so', 'that', 'de@@', 'mon@@', 'strate', 'that', 'the', 'ar@@', 'c@@', 'tic', 'ic@@', 'e', 'cap@@', ',', 'wh@@', 'ich', 'for', 'mo@@', 'st', 'of', 'the', 'la@@', 'st', 'th@@', 'ree', 'milli@@', 'on', 'year@@', 's', 'ha@@', 's', 'be@@', 'en', 'the', 'si@@', 'ze', 'of', 'the', 'lo@@', 'wer', '4@@', '8', 'stat@@', 'es@@', ',', 'ha@@', 's', 'sh@@', 'run@@', 'k', 'b@@', 'y', '4@@', '0', 'percen@@', 't@@', '.']
2026-05-24 15:46:45,064 - DEBUG - joeynmt.training - 	Tokenized reference:  ['\ufeffV@@', 'orig', 'j@@', 'aar', 'lie@@', 't', 'ik', 'de@@', 'ze', 'twee', 'dia@@', "'@@", 's', 'zi@@', 'en', 'om', 'aan', 'te', 'ton@@', 'en', 'dat', 'de', 'p@@', 'ool@@', 'ij@@', 'sk@@', 'ap@@', ',', 'die', 'de', 'af@@', 'gel@@', 'open', 'drie', 'miljo@@', 'en', 'j@@', 'aar', 'onge@@', 've@@', 'er', 'de', 'groot@@', 'te', 'had', 'van', 'het', 'va@@', 'stel@@', 'and', 'van', 'de', 'V@@', 'S@@', ',', 'met', '4@@', '0@@', '%', 'gek@@', 'ro@@', 'mp@@', 'en', 'was@@', '.']
2026-05-24 15:46:45,064 - DEBUG - joeynmt.training - 	Tokenized hypothesis: ['I@@', 'k', 'lie@@', 't', 'j@@', 'aar', 'lie@@', 't', 'ik', 'de@@', 'ze', 'twee', 'dia@@', "'@@", 's', 'zo@@', 'dat', 'de', 'ar@@', 'c@@', 't@@', 'isch@@', 'e', 'ij@@', 's', 'ton@@', 'en', 'dat', 'de', 'af@@', 'gel@@', 'open', 'drie', 'miljo@@', 'en', 'j@@', 'aar', 'is', 'de', 'groot@@', 'ste', 'drie', 'miljo@@', 'en', 'j@@', 'aar', 'is', 'de', 'groot@@', 'te', 'van', 'de', 'la@@', 'gere', '4@@', '0', 'pro@@', 'cen@@', 't@@', '<unk>', '</s>']
2026-05-24 15:46:45,065 - INFO - joeynmt.training - 	Source:     ﻿La@@ st year I sho@@ we@@ d thes@@ e tw@@ o sli@@ de@@ s so that de@@ mon@@ strate that the ar@@ c@@ tic ic@@ e cap@@ , wh@@ ich for mo@@ st of the la@@ st th@@ ree milli@@ on year@@ s ha@@ s be@@ en the si@@ ze of the lo@@ wer 4@@ 8 stat@@ es@@ , ha@@ s sh@@ run@@ k b@@ y 4@@ 0 percen@@ t@@ .
2026-05-24 15:46:45,065 - INFO - joeynmt.training - 	Reference:  ﻿V@@ orig j@@ aar lie@@ t ik de@@ ze twee dia@@ '@@ s zi@@ en om aan te ton@@ en dat de p@@ ool@@ ij@@ sk@@ ap@@ , die de af@@ gel@@ open drie miljo@@ en j@@ aar onge@@ ve@@ er de groot@@ te had van het va@@ stel@@ and van de V@@ S@@ , met 4@@ 0@@ % gek@@ ro@@ mp@@ en was@@ .
2026-05-24 15:46:45,065 - INFO - joeynmt.training - 	Hypothesis: I@@ k lie@@ t j@@ aar lie@@ t ik de@@ ze twee dia@@ '@@ s zo@@ dat de ar@@ c@@ t@@ isch@@ e ij@@ s ton@@ en dat de af@@ gel@@ open drie miljo@@ en j@@ aar is de groot@@ ste drie miljo@@ en j@@ aar is de groot@@ te van de la@@ gere 4@@ 0 pro@@ cen@@ t@@ <unk>
2026-05-24 15:46:45,066 - INFO - joeynmt.training - Example #1
2026-05-24 15:46:45,066 - DEBUG - joeynmt.training - 	Tokenized source:     ['Bu@@', 't', 'th@@', 'is', 'under@@', 'stat@@', 'es', 'the', 'ser@@', 'i@@', 'ou@@', 'sn@@', 'ess', 'of', 'th@@', 'is', 'particul@@', 'ar', 'proble@@', 'm', 'beca@@', 'us@@', 'e', 'it', 'does@@', 'n@@', "'@@", 't', 'sho@@', 'w', 'the', 'th@@', 'ic@@', 'kn@@', 'ess', 'of', 'the', 'ic@@', 'e@@', '.']
2026-05-24 15:46:45,066 - DEBUG - joeynmt.training - 	Tokenized reference:  ['M@@', 'aar', 'dit', 'onder@@', 'sch@@', 'at', 'eigen@@', 'lijk', 'de', 'ern@@', 'st', 'van', 'dit', 'specif@@', 'ie@@', 'ke', 'proble@@', 'em', 'om@@', 'dat', 'het', 'nie@@', 't', 'de', 'di@@', 'k@@', 'te', 'van', 'het', 'ij@@', 's', 'laat', 'zi@@', 'en@@', '.']
2026-05-24 15:46:45,066 - DEBUG - joeynmt.training - 	Tokenized hypothesis: ['M@@', 'aar', 'de@@', 'ze', 'onder@@', 'stat@@', 'en', 'de', 'ser@@', 'ie@@', 'us', 'van', 'dit', 'proble@@', 'em', 'om@@', 'dat', 'het', 'nie@@', 't', 'de', 'di@@', 'k@@', 'ker', 'nie@@', 't', 'to@@', 'ch', 'de', 'ij@@', 's@@', '<unk>', '</s>']
2026-05-24 15:46:45,066 - INFO - joeynmt.training - 	Source:     Bu@@ t th@@ is under@@ stat@@ es the ser@@ i@@ ou@@ sn@@ ess of th@@ is particul@@ ar proble@@ m beca@@ us@@ e it does@@ n@@ '@@ t sho@@ w the th@@ ic@@ kn@@ ess of the ic@@ e@@ .
2026-05-24 15:46:45,066 - INFO - joeynmt.training - 	Reference:  M@@ aar dit onder@@ sch@@ at eigen@@ lijk de ern@@ st van dit specif@@ ie@@ ke proble@@ em om@@ dat het nie@@ t de di@@ k@@ te van het ij@@ s laat zi@@ en@@ .
2026-05-24 15:46:45,066 - INFO - joeynmt.training - 	Hypothesis: M@@ aar de@@ ze onder@@ stat@@ en de ser@@ ie@@ us van dit proble@@ em om@@ dat het nie@@ t de di@@ k@@ ker nie@@ t to@@ ch de ij@@ s@@ <unk>
2026-05-24 15:46:45,066 - INFO - joeynmt.training - Example #2
2026-05-24 15:46:45,067 - DEBUG - joeynmt.training - 	Tokenized source:     ['The', 'ar@@', 'c@@', 'tic', 'ic@@', 'e', 'cap', 'is@@', ',', 'in', 'a', 'sen@@', 'se@@', ',', 'the', 'be@@', 'at@@', 'ing', 'hear@@', 't', 'of', 'the', 'glob@@', 'al', 'cli@@', 'mat@@', 'e', 'system@@', '.']
2026-05-24 15:46:45,067 - DEBUG - joeynmt.training - 	Tokenized reference:  ['De', 'ij@@', 'sk@@', 'ap', 'op', 'de', 'Noor@@', 'd@@', 'p@@', 'ool', 'is', 'in', 'ze@@', 'ker@@', 'e', 'zin', 'het', 'kl@@', 'op@@', 'pen@@', 'd', 'har@@', 't', 'van', 'ons', 'glob@@', 'aal', 'kli@@', 'maat@@', 'syste@@', 'em@@', '.']
2026-05-24 15:46:45,067 - DEBUG - joeynmt.training - 	Tokenized hypothesis: ['De', 'ar@@', 'c@@', 't@@', 'isch@@', 'e', 'ij@@', 's', 'is', 'een', 'zin@@', ',', 'in', 'ze@@', 'ker@@', 'e', 'zin', 'het', 'be@@', 'er@@', 'van', 'het', 'wereldwij@@', 'de', 'kli@@', 'maat@@', 'syste@@', 'em@@', '<unk>', '</s>']
2026-05-24 15:46:45,067 - INFO - joeynmt.training - 	Source:     The ar@@ c@@ tic ic@@ e cap is@@ , in a sen@@ se@@ , the be@@ at@@ ing hear@@ t of the glob@@ al cli@@ mat@@ e system@@ .
2026-05-24 15:46:45,067 - INFO - joeynmt.training - 	Reference:  De ij@@ sk@@ ap op de Noor@@ d@@ p@@ ool is in ze@@ ker@@ e zin het kl@@ op@@ pen@@ d har@@ t van ons glob@@ aal kli@@ maat@@ syste@@ em@@ .
2026-05-24 15:46:45,067 - INFO - joeynmt.training - 	Hypothesis: De ar@@ c@@ t@@ isch@@ e ij@@ s is een zin@@ , in ze@@ ker@@ e zin het be@@ er@@ van het wereldwij@@ de kli@@ maat@@ syste@@ em@@ <unk>
2026-05-24 15:46:45,067 - INFO - joeynmt.training - Example #3
2026-05-24 15:46:45,067 - DEBUG - joeynmt.training - 	Tokenized source:     ['I@@', 't', 'ex@@', 'p@@', 'and@@', 's', 'in', 'w@@', 'inter', 'and', 'con@@', 'trac@@', 'ts', 'in', 'su@@', 'm@@', 'mer@@', '.']
2026-05-24 15:46:45,067 - DEBUG - joeynmt.training - 	Tokenized reference:  ['H@@', 'et', 'zet', 'uit', 'in', 'de', 'w@@', 'inter', 'en', 'k@@', 'ri@@', 'mp@@', 't', 'in', 'de', 'zom@@', 'er@@', '.']
2026-05-24 15:46:45,067 - DEBUG - joeynmt.training - 	Tokenized hypothesis: ['H@@', 'et', 'uit@@', 'bre@@', 'id@@', 'ing', 'in', 'w@@', 'inter', 'en', 'con@@', 'trac@@', 'ten', 'in', 'de', 'zom@@', 'er@@', '<unk>', '</s>']
2026-05-24 15:46:45,068 - INFO - joeynmt.training - 	Source:     I@@ t ex@@ p@@ and@@ s in w@@ inter and con@@ trac@@ ts in su@@ m@@ mer@@ .
2026-05-24 15:46:45,068 - INFO - joeynmt.training - 	Reference:  H@@ et zet uit in de w@@ inter en k@@ ri@@ mp@@ t in de zom@@ er@@ .
2026-05-24 15:46:45,069 - INFO - joeynmt.training - 	Hypothesis: H@@ et uit@@ bre@@ id@@ ing in w@@ inter en con@@ trac@@ ten in de zom@@ er@@ <unk>
2026-05-24 15:46:45,069 - INFO - joeynmt.training - Example #4
2026-05-24 15:46:45,069 - DEBUG - joeynmt.training - 	Tokenized source:     ['The', 'ne@@', 'x@@', 't', 'sli@@', 'de', 'I', 'sho@@', 'w', 'you', 'will', 'be', 'a', 'ra@@', 'p@@', 'id', 'fa@@', 'st-@@', 'for@@', 'war@@', 'd', 'of', 'what@@', "'@@", 's', 'happen@@', 'ed', 'over', 'the', 'la@@', 'st', '2@@', '5', 'year@@', 's@@', '.']
2026-05-24 15:46:45,069 - DEBUG - joeynmt.training - 	Tokenized reference:  ['De', 'volgen@@', 'de', 'dia', 'die', 'ik', 'laat', 'zi@@', 'en', 'is', 'een', 'ver@@', 'snel@@', 'de', 'vers@@', 'ie', 'van', 'wat', 'er', 'de', 'af@@', 'gel@@', 'open', '2@@', '5', 'j@@', 'aar', 'is', 'gebeur@@', 'd@@', '.']
2026-05-24 15:46:45,069 - DEBUG - joeynmt.training - 	Tokenized hypothesis: ['De', 'volgen@@', 'de', 'dia', 'die', 'ik', 'laat', 'zi@@', 'en', 'dat', 'je', 'een', 'snel', 'voor@@', 'waar@@', 'ts', 'is', 'van', 'de', 'laat@@', 'ste', '2@@', '5', 'j@@', 'aar', 'gebeur@@', 'de', 'in', 'de', 'laat@@', 'ste', '2@@', '5', 'j@@', 'aar', 'gebeur@@', 'd@@', '<unk>', '</s>']
2026-05-24 15:46:45,069 - INFO - joeynmt.training - 	Source:     The ne@@ x@@ t sli@@ de I sho@@ w you will be a ra@@ p@@ id fa@@ st-@@ for@@ war@@ d of what@@ '@@ s happen@@ ed over the la@@ st 2@@ 5 year@@ s@@ .
2026-05-24 15:46:45,069 - INFO - joeynmt.training - 	Reference:  De volgen@@ de dia die ik laat zi@@ en is een ver@@ snel@@ de vers@@ ie van wat er de af@@ gel@@ open 2@@ 5 j@@ aar is gebeur@@ d@@ .
2026-05-24 15:46:45,069 - INFO - joeynmt.training - 	Hypothesis: De volgen@@ de dia die ik laat zi@@ en dat je een snel voor@@ waar@@ ts is van de laat@@ ste 2@@ 5 j@@ aar gebeur@@ de in de laat@@ ste 2@@ 5 j@@ aar gebeur@@ d@@ <unk>
2026-05-24 15:47:49,352 - INFO - joeynmt.training - Epoch   9, Step:    35600, Batch Loss:     1.237474, Batch Acc: 0.640573, Tokens per Sec:     1148, Lr: 0.000300
2026-05-24 15:48:52,236 - INFO - joeynmt.training - Epoch   9, Step:    35700, Batch Loss:     1.238727, Batch Acc: 0.640478, Tokens per Sec:     1166, Lr: 0.000300
2026-05-24 15:49:57,082 - INFO - joeynmt.training - Epoch   9, Step:    35800, Batch Loss:     1.286660, Batch Acc: 0.643784, Tokens per Sec:     1125, Lr: 0.000300
2026-05-24 15:50:51,138 - INFO - joeynmt.training - Epoch   9, Step:    35900, Batch Loss:     1.240563, Batch Acc: 0.638548, Tokens per Sec:     1392, Lr: 0.000300
2026-05-24 15:51:25,656 - INFO - joeynmt.training - Epoch   9, Step:    36000, Batch Loss:     1.230071, Batch Acc: 0.638967, Tokens per Sec:     2130, Lr: 0.000300
2026-05-24 15:51:25,657 - INFO - joeynmt.prediction - Predicting 1003 example(s)... (Greedy decoding with min_output_length=1, max_output_length=100, return_prob='none', generate_unk=True, repetition_penalty=-1, no_repeat_ngram_size=-1)
2026-05-24 15:52:55,906 - INFO - joeynmt.metrics - nrefs:1|case:mixed|eff:no|tok:13a|smooth:exp|version:2.6.0
2026-05-24 15:52:55,906 - INFO - joeynmt.prediction - Evaluation result (greedy) bleu:  38.71, loss:   1.66, ppl:   5.24, acc:   0.54, generation: 89.9432[sec], evaluation: 0.2954[sec]
2026-05-24 15:52:55,907 - INFO - joeynmt.training - Example #0
2026-05-24 15:52:55,907 - DEBUG - joeynmt.training - 	Tokenized source:     ['\ufeffLa@@', 'st', 'year', 'I', 'sho@@', 'we@@', 'd', 'thes@@', 'e', 'tw@@', 'o', 'sli@@', 'de@@', 's', 'so', 'that', 'de@@', 'mon@@', 'strate', 'that', 'the', 'ar@@', 'c@@', 'tic', 'ic@@', 'e', 'cap@@', ',', 'wh@@', 'ich', 'for', 'mo@@', 'st', 'of', 'the', 'la@@', 'st', 'th@@', 'ree', 'milli@@', 'on', 'year@@', 's', 'ha@@', 's', 'be@@', 'en', 'the', 'si@@', 'ze', 'of', 'the', 'lo@@', 'wer', '4@@', '8', 'stat@@', 'es@@', ',', 'ha@@', 's', 'sh@@', 'run@@', 'k', 'b@@', 'y', '4@@', '0', 'percen@@', 't@@', '.']
2026-05-24 15:52:55,907 - DEBUG - joeynmt.training - 	Tokenized reference:  ['\ufeffV@@', 'orig', 'j@@', 'aar', 'lie@@', 't', 'ik', 'de@@', 'ze', 'twee', 'dia@@', "'@@", 's', 'zi@@', 'en', 'om', 'aan', 'te', 'ton@@', 'en', 'dat', 'de', 'p@@', 'ool@@', 'ij@@', 'sk@@', 'ap@@', ',', 'die', 'de', 'af@@', 'gel@@', 'open', 'drie', 'miljo@@', 'en', 'j@@', 'aar', 'onge@@', 've@@', 'er', 'de', 'groot@@', 'te', 'had', 'van', 'het', 'va@@', 'stel@@', 'and', 'van', 'de', 'V@@', 'S@@', ',', 'met', '4@@', '0@@', '%', 'gek@@', 'ro@@', 'mp@@', 'en', 'was@@', '.']
2026-05-24 15:52:55,907 - DEBUG - joeynmt.training - 	Tokenized hypothesis: ['I@@', 'k', 'lie@@', 't', 'j@@', 'aar', 'lie@@', 't', 'ik', 'de@@', 'ze', 'twee', 'dia@@', "'@@", 's', 'zo@@', 'dat', 'de@@', 'mon@@', 'str@@', 'er@@', 'en', 'dat', 'de', 'ar@@', 'c@@', 't@@', 'isch@@', 'e', 'ij@@', 's', 'van', 'de', 'laat@@', 'ste', 'drie', 'miljo@@', 'en', 'j@@', 'aar', 'de', 'groot@@', 'ste', 'deel', 'van', 'de', 'la@@', 'gere', '4@@', '0', 'pro@@', 'cen@@', 't@@', '<unk>', '</s>']
2026-05-24 15:52:55,908 - INFO - joeynmt.training - 	Source:     ﻿La@@ st year I sho@@ we@@ d thes@@ e tw@@ o sli@@ de@@ s so that de@@ mon@@ strate that the ar@@ c@@ tic ic@@ e cap@@ , wh@@ ich for mo@@ st of the la@@ st th@@ ree milli@@ on year@@ s ha@@ s be@@ en the si@@ ze of the lo@@ wer 4@@ 8 stat@@ es@@ , ha@@ s sh@@ run@@ k b@@ y 4@@ 0 percen@@ t@@ .
2026-05-24 15:52:55,908 - INFO - joeynmt.training - 	Reference:  ﻿V@@ orig j@@ aar lie@@ t ik de@@ ze twee dia@@ '@@ s zi@@ en om aan te ton@@ en dat de p@@ ool@@ ij@@ sk@@ ap@@ , die de af@@ gel@@ open drie miljo@@ en j@@ aar onge@@ ve@@ er de groot@@ te had van het va@@ stel@@ and van de V@@ S@@ , met 4@@ 0@@ % gek@@ ro@@ mp@@ en was@@ .
2026-05-24 15:52:55,908 - INFO - joeynmt.training - 	Hypothesis: I@@ k lie@@ t j@@ aar lie@@ t ik de@@ ze twee dia@@ '@@ s zo@@ dat de@@ mon@@ str@@ er@@ en dat de ar@@ c@@ t@@ isch@@ e ij@@ s van de laat@@ ste drie miljo@@ en j@@ aar de groot@@ ste deel van de la@@ gere 4@@ 0 pro@@ cen@@ t@@ <unk>
2026-05-24 15:52:55,908 - INFO - joeynmt.training - Example #1
2026-05-24 15:52:55,908 - DEBUG - joeynmt.training - 	Tokenized source:     ['Bu@@', 't', 'th@@', 'is', 'under@@', 'stat@@', 'es', 'the', 'ser@@', 'i@@', 'ou@@', 'sn@@', 'ess', 'of', 'th@@', 'is', 'particul@@', 'ar', 'proble@@', 'm', 'beca@@', 'us@@', 'e', 'it', 'does@@', 'n@@', "'@@", 't', 'sho@@', 'w', 'the', 'th@@', 'ic@@', 'kn@@', 'ess', 'of', 'the', 'ic@@', 'e@@', '.']
2026-05-24 15:52:55,908 - DEBUG - joeynmt.training - 	Tokenized reference:  ['M@@', 'aar', 'dit', 'onder@@', 'sch@@', 'at', 'eigen@@', 'lijk', 'de', 'ern@@', 'st', 'van', 'dit', 'specif@@', 'ie@@', 'ke', 'proble@@', 'em', 'om@@', 'dat', 'het', 'nie@@', 't', 'de', 'di@@', 'k@@', 'te', 'van', 'het', 'ij@@', 's', 'laat', 'zi@@', 'en@@', '.']
2026-05-24 15:52:55,908 - DEBUG - joeynmt.training - 	Tokenized hypothesis: ['M@@', 'aar', 'dit', 'onder@@', 'ste@@', 'den', 'de', 'ser@@', 'ie@@', 'us', 'van', 'dit', 'specif@@', 'ie@@', 'ke', 'proble@@', 'em', 'om@@', 'dat', 'het', 'nie@@', 't', 'de', 'di@@', 'k@@', 'ker', 'nie@@', 't', 'to@@', 'ont', 'de', 'ij@@', 's@@', '<unk>', '</s>']
2026-05-24 15:52:55,909 - INFO - joeynmt.training - 	Source:     Bu@@ t th@@ is under@@ stat@@ es the ser@@ i@@ ou@@ sn@@ ess of th@@ is particul@@ ar proble@@ m beca@@ us@@ e it does@@ n@@ '@@ t sho@@ w the th@@ ic@@ kn@@ ess of the ic@@ e@@ .
2026-05-24 15:52:55,909 - INFO - joeynmt.training - 	Reference:  M@@ aar dit onder@@ sch@@ at eigen@@ lijk de ern@@ st van dit specif@@ ie@@ ke proble@@ em om@@ dat het nie@@ t de di@@ k@@ te van het ij@@ s laat zi@@ en@@ .
2026-05-24 15:52:55,909 - INFO - joeynmt.training - 	Hypothesis: M@@ aar dit onder@@ ste@@ den de ser@@ ie@@ us van dit specif@@ ie@@ ke proble@@ em om@@ dat het nie@@ t de di@@ k@@ ker nie@@ t to@@ ont de ij@@ s@@ <unk>
2026-05-24 15:52:55,909 - INFO - joeynmt.training - Example #2
2026-05-24 15:52:55,909 - DEBUG - joeynmt.training - 	Tokenized source:     ['The', 'ar@@', 'c@@', 'tic', 'ic@@', 'e', 'cap', 'is@@', ',', 'in', 'a', 'sen@@', 'se@@', ',', 'the', 'be@@', 'at@@', 'ing', 'hear@@', 't', 'of', 'the', 'glob@@', 'al', 'cli@@', 'mat@@', 'e', 'system@@', '.']
2026-05-24 15:52:55,909 - DEBUG - joeynmt.training - 	Tokenized reference:  ['De', 'ij@@', 'sk@@', 'ap', 'op', 'de', 'Noor@@', 'd@@', 'p@@', 'ool', 'is', 'in', 'ze@@', 'ker@@', 'e', 'zin', 'het', 'kl@@', 'op@@', 'pen@@', 'd', 'har@@', 't', 'van', 'ons', 'glob@@', 'aal', 'kli@@', 'maat@@', 'syste@@', 'em@@', '.']
2026-05-24 15:52:55,909 - DEBUG - joeynmt.training - 	Tokenized hypothesis: ['De', 'ar@@', 'c@@', 't@@', 'isch@@', 'e', 'ij@@', 's', 'is', 'het', 'be@@', 'zig', 'met', 'het', 'be@@', 'vel@@', 'd', 'van', 'het', 'glob@@', 'al@@', 'e', 'kli@@', 'maat@@', 'syste@@', 'em@@', '<unk>', '</s>']
2026-05-24 15:52:55,909 - INFO - joeynmt.training - 	Source:     The ar@@ c@@ tic ic@@ e cap is@@ , in a sen@@ se@@ , the be@@ at@@ ing hear@@ t of the glob@@ al cli@@ mat@@ e system@@ .
2026-05-24 15:52:55,909 - INFO - joeynmt.training - 	Reference:  De ij@@ sk@@ ap op de Noor@@ d@@ p@@ ool is in ze@@ ker@@ e zin het kl@@ op@@ pen@@ d har@@ t van ons glob@@ aal kli@@ maat@@ syste@@ em@@ .
2026-05-24 15:52:55,909 - INFO - joeynmt.training - 	Hypothesis: De ar@@ c@@ t@@ isch@@ e ij@@ s is het be@@ zig met het be@@ vel@@ d van het glob@@ al@@ e kli@@ maat@@ syste@@ em@@ <unk>
2026-05-24 15:52:55,909 - INFO - joeynmt.training - Example #3
2026-05-24 15:52:55,909 - DEBUG - joeynmt.training - 	Tokenized source:     ['I@@', 't', 'ex@@', 'p@@', 'and@@', 's', 'in', 'w@@', 'inter', 'and', 'con@@', 'trac@@', 'ts', 'in', 'su@@', 'm@@', 'mer@@', '.']
2026-05-24 15:52:55,909 - DEBUG - joeynmt.training - 	Tokenized reference:  ['H@@', 'et', 'zet', 'uit', 'in', 'de', 'w@@', 'inter', 'en', 'k@@', 'ri@@', 'mp@@', 't', 'in', 'de', 'zom@@', 'er@@', '.']
2026-05-24 15:52:55,909 - DEBUG - joeynmt.training - 	Tokenized hypothesis: ['H@@', 'et', 'ver@@', 'p@@', 't', 'in', 'w@@', 'inter', 'en', 'con@@', 'trac@@', 'ten', 'in', 'su@@', 'm@@', 'mer@@', '<unk>', '</s>']
2026-05-24 15:52:55,910 - INFO - joeynmt.training - 	Source:     I@@ t ex@@ p@@ and@@ s in w@@ inter and con@@ trac@@ ts in su@@ m@@ mer@@ .
2026-05-24 15:52:55,910 - INFO - joeynmt.training - 	Reference:  H@@ et zet uit in de w@@ inter en k@@ ri@@ mp@@ t in de zom@@ er@@ .
2026-05-24 15:52:55,910 - INFO - joeynmt.training - 	Hypothesis: H@@ et ver@@ p@@ t in w@@ inter en con@@ trac@@ ten in su@@ m@@ mer@@ <unk>
2026-05-24 15:52:55,910 - INFO - joeynmt.training - Example #4
2026-05-24 15:52:55,910 - DEBUG - joeynmt.training - 	Tokenized source:     ['The', 'ne@@', 'x@@', 't', 'sli@@', 'de', 'I', 'sho@@', 'w', 'you', 'will', 'be', 'a', 'ra@@', 'p@@', 'id', 'fa@@', 'st-@@', 'for@@', 'war@@', 'd', 'of', 'what@@', "'@@", 's', 'happen@@', 'ed', 'over', 'the', 'la@@', 'st', '2@@', '5', 'year@@', 's@@', '.']
2026-05-24 15:52:55,910 - DEBUG - joeynmt.training - 	Tokenized reference:  ['De', 'volgen@@', 'de', 'dia', 'die', 'ik', 'laat', 'zi@@', 'en', 'is', 'een', 'ver@@', 'snel@@', 'de', 'vers@@', 'ie', 'van', 'wat', 'er', 'de', 'af@@', 'gel@@', 'open', '2@@', '5', 'j@@', 'aar', 'is', 'gebeur@@', 'd@@', '.']
2026-05-24 15:52:55,910 - DEBUG - joeynmt.training - 	Tokenized hypothesis: ['De', 'volgen@@', 'de', 'dia', 'die', 'ik', 'laat', 'je', 'snel', 'snel', 'voor@@', 'waar@@', 'ts', 'van', 'wat', 'er', 'gebeur@@', 'de', 'is', 'van', 'wat', 'er', 'gebeur@@', 'd', 'is', 'van', 'wat', 'er', 'gebeur@@', 'd', 'is', 'in', 'de', 'laat@@', 'ste', '2@@', '5', 'j@@', 'aar', 'gebeur@@', 'd', 'is@@', '<unk>', '</s>']
2026-05-24 15:52:55,910 - INFO - joeynmt.training - 	Source:     The ne@@ x@@ t sli@@ de I sho@@ w you will be a ra@@ p@@ id fa@@ st-@@ for@@ war@@ d of what@@ '@@ s happen@@ ed over the la@@ st 2@@ 5 year@@ s@@ .
2026-05-24 15:52:55,910 - INFO - joeynmt.training - 	Reference:  De volgen@@ de dia die ik laat zi@@ en is een ver@@ snel@@ de vers@@ ie van wat er de af@@ gel@@ open 2@@ 5 j@@ aar is gebeur@@ d@@ .
2026-05-24 15:52:55,910 - INFO - joeynmt.training - 	Hypothesis: De volgen@@ de dia die ik laat je snel snel voor@@ waar@@ ts van wat er gebeur@@ de is van wat er gebeur@@ d is van wat er gebeur@@ d is in de laat@@ ste 2@@ 5 j@@ aar gebeur@@ d is@@ <unk>
2026-05-24 15:53:30,451 - INFO - joeynmt.training - Epoch   9, Step:    36100, Batch Loss:     1.173223, Batch Acc: 0.637762, Tokens per Sec:     2155, Lr: 0.000300
2026-05-24 15:54:05,039 - INFO - joeynmt.training - Epoch   9, Step:    36200, Batch Loss:     1.260379, Batch Acc: 0.642306, Tokens per Sec:     2090, Lr: 0.000300
2026-05-24 15:54:39,483 - INFO - joeynmt.training - Epoch   9, Step:    36300, Batch Loss:     1.214381, Batch Acc: 0.634991, Tokens per Sec:     2216, Lr: 0.000300
2026-05-24 15:55:13,689 - INFO - joeynmt.training - Epoch   9, Step:    36400, Batch Loss:     1.197298, Batch Acc: 0.641116, Tokens per Sec:     2228, Lr: 0.000300
2026-05-24 15:55:48,038 - INFO - joeynmt.training - Epoch   9, Step:    36500, Batch Loss:     1.184868, Batch Acc: 0.640155, Tokens per Sec:     2151, Lr: 0.000300
2026-05-24 15:55:48,039 - INFO - joeynmt.prediction - Predicting 1003 example(s)... (Greedy decoding with min_output_length=1, max_output_length=100, return_prob='none', generate_unk=True, repetition_penalty=-1, no_repeat_ngram_size=-1)
2026-05-24 15:57:18,413 - INFO - joeynmt.metrics - nrefs:1|case:mixed|eff:no|tok:13a|smooth:exp|version:2.6.0
2026-05-24 15:57:18,413 - INFO - joeynmt.prediction - Evaluation result (greedy) bleu:  37.71, loss:   1.65, ppl:   5.21, acc:   0.54, generation: 90.0571[sec], evaluation: 0.3053[sec]
2026-05-24 15:57:18,455 - INFO - joeynmt.helpers - delete output_bpe5000/32000.ckpt
2026-05-24 15:57:18,460 - INFO - joeynmt.training - Example #0
2026-05-24 15:57:18,460 - DEBUG - joeynmt.training - 	Tokenized source:     ['\ufeffLa@@', 'st', 'year', 'I', 'sho@@', 'we@@', 'd', 'thes@@', 'e', 'tw@@', 'o', 'sli@@', 'de@@', 's', 'so', 'that', 'de@@', 'mon@@', 'strate', 'that', 'the', 'ar@@', 'c@@', 'tic', 'ic@@', 'e', 'cap@@', ',', 'wh@@', 'ich', 'for', 'mo@@', 'st', 'of', 'the', 'la@@', 'st', 'th@@', 'ree', 'milli@@', 'on', 'year@@', 's', 'ha@@', 's', 'be@@', 'en', 'the', 'si@@', 'ze', 'of', 'the', 'lo@@', 'wer', '4@@', '8', 'stat@@', 'es@@', ',', 'ha@@', 's', 'sh@@', 'run@@', 'k', 'b@@', 'y', '4@@', '0', 'percen@@', 't@@', '.']
2026-05-24 15:57:18,460 - DEBUG - joeynmt.training - 	Tokenized reference:  ['\ufeffV@@', 'orig', 'j@@', 'aar', 'lie@@', 't', 'ik', 'de@@', 'ze', 'twee', 'dia@@', "'@@", 's', 'zi@@', 'en', 'om', 'aan', 'te', 'ton@@', 'en', 'dat', 'de', 'p@@', 'ool@@', 'ij@@', 'sk@@', 'ap@@', ',', 'die', 'de', 'af@@', 'gel@@', 'open', 'drie', 'miljo@@', 'en', 'j@@', 'aar', 'onge@@', 've@@', 'er', 'de', 'groot@@', 'te', 'had', 'van', 'het', 'va@@', 'stel@@', 'and', 'van', 'de', 'V@@', 'S@@', ',', 'met', '4@@', '0@@', '%', 'gek@@', 'ro@@', 'mp@@', 'en', 'was@@', '.']
2026-05-24 15:57:18,460 - DEBUG - joeynmt.training - 	Tokenized hypothesis: ['I@@', 'k', 'lie@@', 't', 'j@@', 'aar', 'de@@', 'ze', 'twee', 'dia@@', "'@@", 's', 'zo@@', 'dat', 'de@@', 'mon@@', 'str@@', 'er@@', 'en', 'dat', 'de', 'ar@@', 'c@@', 't@@', 'isch@@', 'e', 'ij@@', 'e', 'kap@@', 'pen@@', ',', 'die', 'voor', 'de', 'mee@@', 'ste', 'drie', 'miljo@@', 'en', 'j@@', 'aar', 'de', 'groot@@', 'te', 'van', 'de', 'la@@', 'gere', '4@@', '0', 'pro@@', 'cen@@', 't', 'ge@@', 'gaan@@', ',', 'is', 'door', '4@@', '0', 'pro@@', 'cen@@', 't', 'ge@@', 'gaan@@', '<unk>', '</s>']
2026-05-24 15:57:18,460 - INFO - joeynmt.training - 	Source:     ﻿La@@ st year I sho@@ we@@ d thes@@ e tw@@ o sli@@ de@@ s so that de@@ mon@@ strate that the ar@@ c@@ tic ic@@ e cap@@ , wh@@ ich for mo@@ st of the la@@ st th@@ ree milli@@ on year@@ s ha@@ s be@@ en the si@@ ze of the lo@@ wer 4@@ 8 stat@@ es@@ , ha@@ s sh@@ run@@ k b@@ y 4@@ 0 percen@@ t@@ .
2026-05-24 15:57:18,461 - INFO - joeynmt.training - 	Reference:  ﻿V@@ orig j@@ aar lie@@ t ik de@@ ze twee dia@@ '@@ s zi@@ en om aan te ton@@ en dat de p@@ ool@@ ij@@ sk@@ ap@@ , die de af@@ gel@@ open drie miljo@@ en j@@ aar onge@@ ve@@ er de groot@@ te had van het va@@ stel@@ and van de V@@ S@@ , met 4@@ 0@@ % gek@@ ro@@ mp@@ en was@@ .
2026-05-24 15:57:18,461 - INFO - joeynmt.training - 	Hypothesis: I@@ k lie@@ t j@@ aar de@@ ze twee dia@@ '@@ s zo@@ dat de@@ mon@@ str@@ er@@ en dat de ar@@ c@@ t@@ isch@@ e ij@@ e kap@@ pen@@ , die voor de mee@@ ste drie miljo@@ en j@@ aar de groot@@ te van de la@@ gere 4@@ 0 pro@@ cen@@ t ge@@ gaan@@ , is door 4@@ 0 pro@@ cen@@ t ge@@ gaan@@ <unk>
2026-05-24 15:57:18,461 - INFO - joeynmt.training - Example #1
2026-05-24 15:57:18,461 - DEBUG - joeynmt.training - 	Tokenized source:     ['Bu@@', 't', 'th@@', 'is', 'under@@', 'stat@@', 'es', 'the', 'ser@@', 'i@@', 'ou@@', 'sn@@', 'ess', 'of', 'th@@', 'is', 'particul@@', 'ar', 'proble@@', 'm', 'beca@@', 'us@@', 'e', 'it', 'does@@', 'n@@', "'@@", 't', 'sho@@', 'w', 'the', 'th@@', 'ic@@', 'kn@@', 'ess', 'of', 'the', 'ic@@', 'e@@', '.']
2026-05-24 15:57:18,461 - DEBUG - joeynmt.training - 	Tokenized reference:  ['M@@', 'aar', 'dit', 'onder@@', 'sch@@', 'at', 'eigen@@', 'lijk', 'de', 'ern@@', 'st', 'van', 'dit', 'specif@@', 'ie@@', 'ke', 'proble@@', 'em', 'om@@', 'dat', 'het', 'nie@@', 't', 'de', 'di@@', 'k@@', 'te', 'van', 'het', 'ij@@', 's', 'laat', 'zi@@', 'en@@', '.']
2026-05-24 15:57:18,461 - DEBUG - joeynmt.training - 	Tokenized hypothesis: ['M@@', 'aar', 'dit', 'onder@@', 'ste', 'stat@@', 'en', 'de', 'ser@@', 'ie@@', 'us', 'van', 'dit', 'proble@@', 'em', 'om@@', 'dat', 'het', 'di@@', 'k@@', 'te', 'van', 'het', 'ij@@', 's', 'nie@@', 't', 'de', 'di@@', 'k@@', 'te', 'van', 'het', 'ij@@', 's', 'van', 'het', 'ij@@', 's', 'van', 'het', 'ij@@', 's', 'ge@@', 'en', 'toe@@', '<unk>', '</s>']
2026-05-24 15:57:18,461 - INFO - joeynmt.training - 	Source:     Bu@@ t th@@ is under@@ stat@@ es the ser@@ i@@ ou@@ sn@@ ess of th@@ is particul@@ ar proble@@ m beca@@ us@@ e it does@@ n@@ '@@ t sho@@ w the th@@ ic@@ kn@@ ess of the ic@@ e@@ .
2026-05-24 15:57:18,461 - INFO - joeynmt.training - 	Reference:  M@@ aar dit onder@@ sch@@ at eigen@@ lijk de ern@@ st van dit specif@@ ie@@ ke proble@@ em om@@ dat het nie@@ t de di@@ k@@ te van het ij@@ s laat zi@@ en@@ .
2026-05-24 15:57:18,461 - INFO - joeynmt.training - 	Hypothesis: M@@ aar dit onder@@ ste stat@@ en de ser@@ ie@@ us van dit proble@@ em om@@ dat het di@@ k@@ te van het ij@@ s nie@@ t de di@@ k@@ te van het ij@@ s van het ij@@ s van het ij@@ s ge@@ en toe@@ <unk>
2026-05-24 15:57:18,461 - INFO - joeynmt.training - Example #2
2026-05-24 15:57:18,461 - DEBUG - joeynmt.training - 	Tokenized source:     ['The', 'ar@@', 'c@@', 'tic', 'ic@@', 'e', 'cap', 'is@@', ',', 'in', 'a', 'sen@@', 'se@@', ',', 'the', 'be@@', 'at@@', 'ing', 'hear@@', 't', 'of', 'the', 'glob@@', 'al', 'cli@@', 'mat@@', 'e', 'system@@', '.']
2026-05-24 15:57:18,461 - DEBUG - joeynmt.training - 	Tokenized reference:  ['De', 'ij@@', 'sk@@', 'ap', 'op', 'de', 'Noor@@', 'd@@', 'p@@', 'ool', 'is', 'in', 'ze@@', 'ker@@', 'e', 'zin', 'het', 'kl@@', 'op@@', 'pen@@', 'd', 'har@@', 't', 'van', 'ons', 'glob@@', 'aal', 'kli@@', 'maat@@', 'syste@@', 'em@@', '.']
2026-05-24 15:57:18,461 - DEBUG - joeynmt.training - 	Tokenized hypothesis: ['De', 'ar@@', 'c@@', 't@@', 'isch@@', 'e', 'ij@@', 'fer@@', 's', 'in', 'ze@@', 'ker@@', 'e', 'zin', 'van', 'het', 'wereldwij@@', 'de', 'kli@@', 'maat@@', 'syste@@', 'em@@', '<unk>', '</s>']
2026-05-24 15:57:18,462 - INFO - joeynmt.training - 	Source:     The ar@@ c@@ tic ic@@ e cap is@@ , in a sen@@ se@@ , the be@@ at@@ ing hear@@ t of the glob@@ al cli@@ mat@@ e system@@ .
2026-05-24 15:57:18,462 - INFO - joeynmt.training - 	Reference:  De ij@@ sk@@ ap op de Noor@@ d@@ p@@ ool is in ze@@ ker@@ e zin het kl@@ op@@ pen@@ d har@@ t van ons glob@@ aal kli@@ maat@@ syste@@ em@@ .
2026-05-24 15:57:18,462 - INFO - joeynmt.training - 	Hypothesis: De ar@@ c@@ t@@ isch@@ e ij@@ fer@@ s in ze@@ ker@@ e zin van het wereldwij@@ de kli@@ maat@@ syste@@ em@@ <unk>
2026-05-24 15:57:18,462 - INFO - joeynmt.training - Example #3
2026-05-24 15:57:18,462 - DEBUG - joeynmt.training - 	Tokenized source:     ['I@@', 't', 'ex@@', 'p@@', 'and@@', 's', 'in', 'w@@', 'inter', 'and', 'con@@', 'trac@@', 'ts', 'in', 'su@@', 'm@@', 'mer@@', '.']
2026-05-24 15:57:18,462 - DEBUG - joeynmt.training - 	Tokenized reference:  ['H@@', 'et', 'zet', 'uit', 'in', 'de', 'w@@', 'inter', 'en', 'k@@', 'ri@@', 'mp@@', 't', 'in', 'de', 'zom@@', 'er@@', '.']
2026-05-24 15:57:18,462 - DEBUG - joeynmt.training - 	Tokenized hypothesis: ['H@@', 'et', 'ver@@', 'volgen@@', 's', 'in', 'w@@', 'inter', 'en', 'con@@', 'trac@@', 'ten', 'in', 'de', 'zom@@', 'er', 'en', 'in', 'zom@@', 'er', 'te', 'bren@@', 'gen@@', '<unk>', '</s>']
2026-05-24 15:57:18,462 - INFO - joeynmt.training - 	Source:     I@@ t ex@@ p@@ and@@ s in w@@ inter and con@@ trac@@ ts in su@@ m@@ mer@@ .
2026-05-24 15:57:18,462 - INFO - joeynmt.training - 	Reference:  H@@ et zet uit in de w@@ inter en k@@ ri@@ mp@@ t in de zom@@ er@@ .
2026-05-24 15:57:18,462 - INFO - joeynmt.training - 	Hypothesis: H@@ et ver@@ volgen@@ s in w@@ inter en con@@ trac@@ ten in de zom@@ er en in zom@@ er te bren@@ gen@@ <unk>
2026-05-24 15:57:18,462 - INFO - joeynmt.training - Example #4
2026-05-24 15:57:18,462 - DEBUG - joeynmt.training - 	Tokenized source:     ['The', 'ne@@', 'x@@', 't', 'sli@@', 'de', 'I', 'sho@@', 'w', 'you', 'will', 'be', 'a', 'ra@@', 'p@@', 'id', 'fa@@', 'st-@@', 'for@@', 'war@@', 'd', 'of', 'what@@', "'@@", 's', 'happen@@', 'ed', 'over', 'the', 'la@@', 'st', '2@@', '5', 'year@@', 's@@', '.']
2026-05-24 15:57:18,462 - DEBUG - joeynmt.training - 	Tokenized reference:  ['De', 'volgen@@', 'de', 'dia', 'die', 'ik', 'laat', 'zi@@', 'en', 'is', 'een', 'ver@@', 'snel@@', 'de', 'vers@@', 'ie', 'van', 'wat', 'er', 'de', 'af@@', 'gel@@', 'open', '2@@', '5', 'j@@', 'aar', 'is', 'gebeur@@', 'd@@', '.']
2026-05-24 15:57:18,462 - DEBUG - joeynmt.training - 	Tokenized hypothesis: ['De', 'volgen@@', 'de', 'dia', 'die', 'ik', 'laat', 'j@@', 'ul@@', 'lie', 'snel', 'een', 'snel@@', 'le', 'vooruit@@', 'gan@@', 'g', 'zijn', 'van', 'wat', 'er', 'gebeur@@', 'de', 'is', 'van', 'wat', 'er', 'gebeur@@', 'de', 'in', 'de', 'laat@@', 'ste', '2@@', '5', 'j@@', 'aar', 'gebeur@@', 'de', 'in', 'de', 'laat@@', 'ste', '2@@', '5', 'j@@', 'aar', 'gebeur@@', 'de@@', '<unk>', '</s>']
2026-05-24 15:57:18,463 - INFO - joeynmt.training - 	Source:     The ne@@ x@@ t sli@@ de I sho@@ w you will be a ra@@ p@@ id fa@@ st-@@ for@@ war@@ d of what@@ '@@ s happen@@ ed over the la@@ st 2@@ 5 year@@ s@@ .
2026-05-24 15:57:18,463 - INFO - joeynmt.training - 	Reference:  De volgen@@ de dia die ik laat zi@@ en is een ver@@ snel@@ de vers@@ ie van wat er de af@@ gel@@ open 2@@ 5 j@@ aar is gebeur@@ d@@ .
2026-05-24 15:57:18,463 - INFO - joeynmt.training - 	Hypothesis: De volgen@@ de dia die ik laat j@@ ul@@ lie snel een snel@@ le vooruit@@ gan@@ g zijn van wat er gebeur@@ de is van wat er gebeur@@ de in de laat@@ ste 2@@ 5 j@@ aar gebeur@@ de in de laat@@ ste 2@@ 5 j@@ aar gebeur@@ de@@ <unk>
2026-05-24 15:57:53,717 - INFO - joeynmt.training - Epoch   9, Step:    36600, Batch Loss:     1.219945, Batch Acc: 0.638183, Tokens per Sec:     2076, Lr: 0.000300
2026-05-24 15:58:28,829 - INFO - joeynmt.training - Epoch   9, Step:    36700, Batch Loss:     1.189383, Batch Acc: 0.640818, Tokens per Sec:     2136, Lr: 0.000300
2026-05-24 15:59:03,966 - INFO - joeynmt.training - Epoch   9, Step:    36800, Batch Loss:     1.282551, Batch Acc: 0.642007, Tokens per Sec:     2115, Lr: 0.000300
2026-05-24 15:59:38,680 - INFO - joeynmt.training - Epoch   9, Step:    36900, Batch Loss:     1.154405, Batch Acc: 0.643105, Tokens per Sec:     2085, Lr: 0.000300
2026-05-24 16:00:13,853 - INFO - joeynmt.training - Epoch   9, Step:    37000, Batch Loss:     1.249311, Batch Acc: 0.640512, Tokens per Sec:     2084, Lr: 0.000300
2026-05-24 16:00:13,853 - INFO - joeynmt.prediction - Predicting 1003 example(s)... (Greedy decoding with min_output_length=1, max_output_length=100, return_prob='none', generate_unk=True, repetition_penalty=-1, no_repeat_ngram_size=-1)
2026-05-24 16:01:45,605 - INFO - joeynmt.metrics - nrefs:1|case:mixed|eff:no|tok:13a|smooth:exp|version:2.6.0
2026-05-24 16:01:45,605 - INFO - joeynmt.prediction - Evaluation result (greedy) bleu:  38.80, loss:   1.64, ppl:   5.18, acc:   0.54, generation: 91.4440[sec], evaluation: 0.2970[sec]
2026-05-24 16:01:45,606 - INFO - joeynmt.training - Hooray! New best validation result [ppl]!
2026-05-24 16:01:45,646 - INFO - joeynmt.helpers - delete output_bpe5000/35000.ckpt
2026-05-24 16:01:45,652 - INFO - joeynmt.training - Example #0
2026-05-24 16:01:45,652 - DEBUG - joeynmt.training - 	Tokenized source:     ['\ufeffLa@@', 'st', 'year', 'I', 'sho@@', 'we@@', 'd', 'thes@@', 'e', 'tw@@', 'o', 'sli@@', 'de@@', 's', 'so', 'that', 'de@@', 'mon@@', 'strate', 'that', 'the', 'ar@@', 'c@@', 'tic', 'ic@@', 'e', 'cap@@', ',', 'wh@@', 'ich', 'for', 'mo@@', 'st', 'of', 'the', 'la@@', 'st', 'th@@', 'ree', 'milli@@', 'on', 'year@@', 's', 'ha@@', 's', 'be@@', 'en', 'the', 'si@@', 'ze', 'of', 'the', 'lo@@', 'wer', '4@@', '8', 'stat@@', 'es@@', ',', 'ha@@', 's', 'sh@@', 'run@@', 'k', 'b@@', 'y', '4@@', '0', 'percen@@', 't@@', '.']
2026-05-24 16:01:45,652 - DEBUG - joeynmt.training - 	Tokenized reference:  ['\ufeffV@@', 'orig', 'j@@', 'aar', 'lie@@', 't', 'ik', 'de@@', 'ze', 'twee', 'dia@@', "'@@", 's', 'zi@@', 'en', 'om', 'aan', 'te', 'ton@@', 'en', 'dat', 'de', 'p@@', 'ool@@', 'ij@@', 'sk@@', 'ap@@', ',', 'die', 'de', 'af@@', 'gel@@', 'open', 'drie', 'miljo@@', 'en', 'j@@', 'aar', 'onge@@', 've@@', 'er', 'de', 'groot@@', 'te', 'had', 'van', 'het', 'va@@', 'stel@@', 'and', 'van', 'de', 'V@@', 'S@@', ',', 'met', '4@@', '0@@', '%', 'gek@@', 'ro@@', 'mp@@', 'en', 'was@@', '.']
2026-05-24 16:01:45,652 - DEBUG - joeynmt.training - 	Tokenized hypothesis: ['I@@', 'k', 'lie@@', 't', 'j@@', 'ul@@', 'lie', 'de@@', 'ze', 'twee', 'dia@@', "'@@", 's', 'zo@@', 'dat', 'de', 'ar@@', 'c@@', 't@@', 'isch@@', 'e', 'ij@@', 'fer@@', 's', 'ton@@', 'en', 'dat', 'de', 'ar@@', 'c@@', 't@@', 'isch@@', 'e', 'ij@@', 'fer@@', 's', 'van', 'de', 'la@@', 'gere', '4@@', '0', 'pro@@', 'cen@@', 't@@', '<unk>', '</s>']
2026-05-24 16:01:45,652 - INFO - joeynmt.training - 	Source:     ﻿La@@ st year I sho@@ we@@ d thes@@ e tw@@ o sli@@ de@@ s so that de@@ mon@@ strate that the ar@@ c@@ tic ic@@ e cap@@ , wh@@ ich for mo@@ st of the la@@ st th@@ ree milli@@ on year@@ s ha@@ s be@@ en the si@@ ze of the lo@@ wer 4@@ 8 stat@@ es@@ , ha@@ s sh@@ run@@ k b@@ y 4@@ 0 percen@@ t@@ .
2026-05-24 16:01:45,652 - INFO - joeynmt.training - 	Reference:  ﻿V@@ orig j@@ aar lie@@ t ik de@@ ze twee dia@@ '@@ s zi@@ en om aan te ton@@ en dat de p@@ ool@@ ij@@ sk@@ ap@@ , die de af@@ gel@@ open drie miljo@@ en j@@ aar onge@@ ve@@ er de groot@@ te had van het va@@ stel@@ and van de V@@ S@@ , met 4@@ 0@@ % gek@@ ro@@ mp@@ en was@@ .
2026-05-24 16:01:45,652 - INFO - joeynmt.training - 	Hypothesis: I@@ k lie@@ t j@@ ul@@ lie de@@ ze twee dia@@ '@@ s zo@@ dat de ar@@ c@@ t@@ isch@@ e ij@@ fer@@ s ton@@ en dat de ar@@ c@@ t@@ isch@@ e ij@@ fer@@ s van de la@@ gere 4@@ 0 pro@@ cen@@ t@@ <unk>
2026-05-24 16:01:45,652 - INFO - joeynmt.training - Example #1
2026-05-24 16:01:45,652 - DEBUG - joeynmt.training - 	Tokenized source:     ['Bu@@', 't', 'th@@', 'is', 'under@@', 'stat@@', 'es', 'the', 'ser@@', 'i@@', 'ou@@', 'sn@@', 'ess', 'of', 'th@@', 'is', 'particul@@', 'ar', 'proble@@', 'm', 'beca@@', 'us@@', 'e', 'it', 'does@@', 'n@@', "'@@", 't', 'sho@@', 'w', 'the', 'th@@', 'ic@@', 'kn@@', 'ess', 'of', 'the', 'ic@@', 'e@@', '.']
2026-05-24 16:01:45,652 - DEBUG - joeynmt.training - 	Tokenized reference:  ['M@@', 'aar', 'dit', 'onder@@', 'sch@@', 'at', 'eigen@@', 'lijk', 'de', 'ern@@', 'st', 'van', 'dit', 'specif@@', 'ie@@', 'ke', 'proble@@', 'em', 'om@@', 'dat', 'het', 'nie@@', 't', 'de', 'di@@', 'k@@', 'te', 'van', 'het', 'ij@@', 's', 'laat', 'zi@@', 'en@@', '.']
2026-05-24 16:01:45,652 - DEBUG - joeynmt.training - 	Tokenized hypothesis: ['M@@', 'aar', 'dit', 'onder@@', 'lig@@', 'gen@@', 'de', 'ser@@', 'ie@@', 'us', 'van', 'dit', 'proble@@', 'em', 'om@@', 'dat', 'het', 'di@@', 'k@@', 'te', 'van', 'het', 'ij@@', 's@@', 'be@@', 'ken@@', 'd@@', 'heid', 'van', 'het', 'ij@@', 's@@', '<unk>', '</s>']
2026-05-24 16:01:45,653 - INFO - joeynmt.training - 	Source:     Bu@@ t th@@ is under@@ stat@@ es the ser@@ i@@ ou@@ sn@@ ess of th@@ is particul@@ ar proble@@ m beca@@ us@@ e it does@@ n@@ '@@ t sho@@ w the th@@ ic@@ kn@@ ess of the ic@@ e@@ .
2026-05-24 16:01:45,653 - INFO - joeynmt.training - 	Reference:  M@@ aar dit onder@@ sch@@ at eigen@@ lijk de ern@@ st van dit specif@@ ie@@ ke proble@@ em om@@ dat het nie@@ t de di@@ k@@ te van het ij@@ s laat zi@@ en@@ .
2026-05-24 16:01:45,653 - INFO - joeynmt.training - 	Hypothesis: M@@ aar dit onder@@ lig@@ gen@@ de ser@@ ie@@ us van dit proble@@ em om@@ dat het di@@ k@@ te van het ij@@ s@@ be@@ ken@@ d@@ heid van het ij@@ s@@ <unk>
2026-05-24 16:01:45,653 - INFO - joeynmt.training - Example #2
2026-05-24 16:01:45,653 - DEBUG - joeynmt.training - 	Tokenized source:     ['The', 'ar@@', 'c@@', 'tic', 'ic@@', 'e', 'cap', 'is@@', ',', 'in', 'a', 'sen@@', 'se@@', ',', 'the', 'be@@', 'at@@', 'ing', 'hear@@', 't', 'of', 'the', 'glob@@', 'al', 'cli@@', 'mat@@', 'e', 'system@@', '.']
2026-05-24 16:01:45,653 - DEBUG - joeynmt.training - 	Tokenized reference:  ['De', 'ij@@', 'sk@@', 'ap', 'op', 'de', 'Noor@@', 'd@@', 'p@@', 'ool', 'is', 'in', 'ze@@', 'ker@@', 'e', 'zin', 'het', 'kl@@', 'op@@', 'pen@@', 'd', 'har@@', 't', 'van', 'ons', 'glob@@', 'aal', 'kli@@', 'maat@@', 'syste@@', 'em@@', '.']
2026-05-24 16:01:45,653 - DEBUG - joeynmt.training - 	Tokenized hypothesis: ['De', 'ar@@', 'c@@', 't@@', 'isch@@', 'e', 'ij@@', 'fer@@', 's@@', ',', 'in', 'een', 'zin@@', ',', 'het', 'we@@', 'et', 'het', 'har@@', 't', 'van', 'het', 'mon@@', 'di@@', 'al@@', 'e', 'kli@@', 'maat@@', 'syste@@', 'em@@', '<unk>', '</s>']
2026-05-24 16:01:45,653 - INFO - joeynmt.training - 	Source:     The ar@@ c@@ tic ic@@ e cap is@@ , in a sen@@ se@@ , the be@@ at@@ ing hear@@ t of the glob@@ al cli@@ mat@@ e system@@ .
2026-05-24 16:01:45,653 - INFO - joeynmt.training - 	Reference:  De ij@@ sk@@ ap op de Noor@@ d@@ p@@ ool is in ze@@ ker@@ e zin het kl@@ op@@ pen@@ d har@@ t van ons glob@@ aal kli@@ maat@@ syste@@ em@@ .
2026-05-24 16:01:45,653 - INFO - joeynmt.training - 	Hypothesis: De ar@@ c@@ t@@ isch@@ e ij@@ fer@@ s@@ , in een zin@@ , het we@@ et het har@@ t van het mon@@ di@@ al@@ e kli@@ maat@@ syste@@ em@@ <unk>
2026-05-24 16:01:45,653 - INFO - joeynmt.training - Example #3
2026-05-24 16:01:45,653 - DEBUG - joeynmt.training - 	Tokenized source:     ['I@@', 't', 'ex@@', 'p@@', 'and@@', 's', 'in', 'w@@', 'inter', 'and', 'con@@', 'trac@@', 'ts', 'in', 'su@@', 'm@@', 'mer@@', '.']
2026-05-24 16:01:45,653 - DEBUG - joeynmt.training - 	Tokenized reference:  ['H@@', 'et', 'zet', 'uit', 'in', 'de', 'w@@', 'inter', 'en', 'k@@', 'ri@@', 'mp@@', 't', 'in', 'de', 'zom@@', 'er@@', '.']
2026-05-24 16:01:45,653 - DEBUG - joeynmt.training - 	Tokenized hypothesis: ['H@@', 'et', 'ver@@', 'bre@@', 'id@@', 'ing', 'in', 'w@@', 'inter', 'en', 'con@@', 'trac@@', 'ten', 'in', 'zom@@', 'er@@', '<unk>', '</s>']
2026-05-24 16:01:45,654 - INFO - joeynmt.training - 	Source:     I@@ t ex@@ p@@ and@@ s in w@@ inter and con@@ trac@@ ts in su@@ m@@ mer@@ .
2026-05-24 16:01:45,654 - INFO - joeynmt.training - 	Reference:  H@@ et zet uit in de w@@ inter en k@@ ri@@ mp@@ t in de zom@@ er@@ .
2026-05-24 16:01:45,654 - INFO - joeynmt.training - 	Hypothesis: H@@ et ver@@ bre@@ id@@ ing in w@@ inter en con@@ trac@@ ten in zom@@ er@@ <unk>
2026-05-24 16:01:45,654 - INFO - joeynmt.training - Example #4
2026-05-24 16:01:45,654 - DEBUG - joeynmt.training - 	Tokenized source:     ['The', 'ne@@', 'x@@', 't', 'sli@@', 'de', 'I', 'sho@@', 'w', 'you', 'will', 'be', 'a', 'ra@@', 'p@@', 'id', 'fa@@', 'st-@@', 'for@@', 'war@@', 'd', 'of', 'what@@', "'@@", 's', 'happen@@', 'ed', 'over', 'the', 'la@@', 'st', '2@@', '5', 'year@@', 's@@', '.']
2026-05-24 16:01:45,654 - DEBUG - joeynmt.training - 	Tokenized reference:  ['De', 'volgen@@', 'de', 'dia', 'die', 'ik', 'laat', 'zi@@', 'en', 'is', 'een', 'ver@@', 'snel@@', 'de', 'vers@@', 'ie', 'van', 'wat', 'er', 'de', 'af@@', 'gel@@', 'open', '2@@', '5', 'j@@', 'aar', 'is', 'gebeur@@', 'd@@', '.']
2026-05-24 16:01:45,654 - DEBUG - joeynmt.training - 	Tokenized hypothesis: ['De', 'volgen@@', 'de', 'dia', 'die', 'ik', 'laat', 'zi@@', 'en', 'dat', 'ik', 'laat', 'zi@@', 'en', 'dat', 'de', 'laat@@', 'ste', '2@@', '5', 'j@@', 'aar', 'gebeur@@', 'de', 'er', 'in', 'de', 'laat@@', 'ste', '2@@', '5', 'j@@', 'aar', 'gebeur@@', 'de', 'in', 'de', 'laat@@', 'ste', '2@@', '5', 'j@@', 'aar', 'gebeur@@', 'de', 'in', 'de', 'af@@', 'gel@@', 'open', '2@@', '5', 'j@@', 'aar', 'z@@', 'al', 'zijn', 'van', 'wat', 'er', 'gebeur@@', 'de', 'in', 'de', 'laat@@', 'ste', '2@@', '5', 'j@@', 'aar', 'gebeur@@', 'de', 'in', 'de', 'laat@@', 'ste', '2@@', '5', 'j@@', 'aar', 'gebeur@@', 'de', 'ged@@', 'ur@@', 'en@@', 'de', 'de', 'de', 'laat@@', 'ste', '2@@', '5', 'j@@', 'aar', 'gebeur@@', 'de', 'er', 'in', 'de', 'laat@@']
2026-05-24 16:01:45,654 - INFO - joeynmt.training - 	Source:     The ne@@ x@@ t sli@@ de I sho@@ w you will be a ra@@ p@@ id fa@@ st-@@ for@@ war@@ d of what@@ '@@ s happen@@ ed over the la@@ st 2@@ 5 year@@ s@@ .
2026-05-24 16:01:45,654 - INFO - joeynmt.training - 	Reference:  De volgen@@ de dia die ik laat zi@@ en is een ver@@ snel@@ de vers@@ ie van wat er de af@@ gel@@ open 2@@ 5 j@@ aar is gebeur@@ d@@ .
2026-05-24 16:01:45,655 - INFO - joeynmt.training - 	Hypothesis: De volgen@@ de dia die ik laat zi@@ en dat ik laat zi@@ en dat de laat@@ ste 2@@ 5 j@@ aar gebeur@@ de er in de laat@@ ste 2@@ 5 j@@ aar gebeur@@ de in de laat@@ ste 2@@ 5 j@@ aar gebeur@@ de in de af@@ gel@@ open 2@@ 5 j@@ aar z@@ al zijn van wat er gebeur@@ de in de laat@@ ste 2@@ 5 j@@ aar gebeur@@ de in de laat@@ ste 2@@ 5 j@@ aar gebeur@@ de ged@@ ur@@ en@@ de de de laat@@ ste 2@@ 5 j@@ aar gebeur@@ de er in de laat@@
2026-05-24 16:01:49,189 - INFO - joeynmt.training - Epoch   9: total training loss 5008.83
2026-05-24 16:01:49,190 - INFO - joeynmt.training - EPOCH 10
2026-05-24 16:02:19,976 - INFO - joeynmt.training - Epoch  10, Step:    37100, Batch Loss:     1.096440, Batch Acc: 0.664018, Tokens per Sec:     2187, Lr: 0.000300
2026-05-24 16:02:55,015 - INFO - joeynmt.training - Epoch  10, Step:    37200, Batch Loss:     1.179548, Batch Acc: 0.663938, Tokens per Sec:     2068, Lr: 0.000300
2026-05-24 16:03:30,337 - INFO - joeynmt.training - Epoch  10, Step:    37300, Batch Loss:     1.145957, Batch Acc: 0.662001, Tokens per Sec:     2085, Lr: 0.000300
2026-05-24 16:04:05,068 - INFO - joeynmt.training - Epoch  10, Step:    37400, Batch Loss:     1.181654, Batch Acc: 0.665696, Tokens per Sec:     2126, Lr: 0.000300
2026-05-24 16:04:40,106 - INFO - joeynmt.training - Epoch  10, Step:    37500, Batch Loss:     1.228945, Batch Acc: 0.656937, Tokens per Sec:     2124, Lr: 0.000300
2026-05-24 16:04:40,106 - INFO - joeynmt.prediction - Predicting 1003 example(s)... (Greedy decoding with min_output_length=1, max_output_length=100, return_prob='none', generate_unk=True, repetition_penalty=-1, no_repeat_ngram_size=-1)
2026-05-24 16:06:11,111 - INFO - joeynmt.metrics - nrefs:1|case:mixed|eff:no|tok:13a|smooth:exp|version:2.6.0
2026-05-24 16:06:11,112 - INFO - joeynmt.prediction - Evaluation result (greedy) bleu:  38.69, loss:   1.65, ppl:   5.23, acc:   0.54, generation: 90.6888[sec], evaluation: 0.3043[sec]
2026-05-24 16:06:11,154 - INFO - joeynmt.helpers - delete output_bpe5000/35500.ckpt
2026-05-24 16:06:11,158 - INFO - joeynmt.training - Example #0
2026-05-24 16:06:11,158 - DEBUG - joeynmt.training - 	Tokenized source:     ['\ufeffLa@@', 'st', 'year', 'I', 'sho@@', 'we@@', 'd', 'thes@@', 'e', 'tw@@', 'o', 'sli@@', 'de@@', 's', 'so', 'that', 'de@@', 'mon@@', 'strate', 'that', 'the', 'ar@@', 'c@@', 'tic', 'ic@@', 'e', 'cap@@', ',', 'wh@@', 'ich', 'for', 'mo@@', 'st', 'of', 'the', 'la@@', 'st', 'th@@', 'ree', 'milli@@', 'on', 'year@@', 's', 'ha@@', 's', 'be@@', 'en', 'the', 'si@@', 'ze', 'of', 'the', 'lo@@', 'wer', '4@@', '8', 'stat@@', 'es@@', ',', 'ha@@', 's', 'sh@@', 'run@@', 'k', 'b@@', 'y', '4@@', '0', 'percen@@', 't@@', '.']
2026-05-24 16:06:11,159 - DEBUG - joeynmt.training - 	Tokenized reference:  ['\ufeffV@@', 'orig', 'j@@', 'aar', 'lie@@', 't', 'ik', 'de@@', 'ze', 'twee', 'dia@@', "'@@", 's', 'zi@@', 'en', 'om', 'aan', 'te', 'ton@@', 'en', 'dat', 'de', 'p@@', 'ool@@', 'ij@@', 'sk@@', 'ap@@', ',', 'die', 'de', 'af@@', 'gel@@', 'open', 'drie', 'miljo@@', 'en', 'j@@', 'aar', 'onge@@', 've@@', 'er', 'de', 'groot@@', 'te', 'had', 'van', 'het', 'va@@', 'stel@@', 'and', 'van', 'de', 'V@@', 'S@@', ',', 'met', '4@@', '0@@', '%', 'gek@@', 'ro@@', 'mp@@', 'en', 'was@@', '.']
2026-05-24 16:06:11,159 - DEBUG - joeynmt.training - 	Tokenized hypothesis: ['I@@', 'k', 'lie@@', 't', 'j@@', 'aar', 'lie@@', 't', 'ik', 'de@@', 'ze', 'twee', 'dia@@', "'@@", 's', 'zo@@', 'dat', 'de', 'ar@@', 'c@@', 't@@', 'isch@@', 'e', 'ij@@', 's@@', 'cap@@', ',', 'die', 'voor', 'de', 'mee@@', 'ste', 'van', 'de', 'la@@', 'i@@', 're', '4@@', '8', 'stat@@', 'en@@', ',', 'die', 'voor', 'de', 'groot@@', 'te', 'van', 'de', 'la@@', 'gere', '4@@', '8', 'stat@@', 'en@@', ',', 'heef@@', 't', 'ge@@', 'kre@@', 'gen', 'door', '4@@', '0', 'pro@@', 'cen@@', 't', 'heef@@', 't@@', '<unk>', '</s>']
2026-05-24 16:06:11,159 - INFO - joeynmt.training - 	Source:     ﻿La@@ st year I sho@@ we@@ d thes@@ e tw@@ o sli@@ de@@ s so that de@@ mon@@ strate that the ar@@ c@@ tic ic@@ e cap@@ , wh@@ ich for mo@@ st of the la@@ st th@@ ree milli@@ on year@@ s ha@@ s be@@ en the si@@ ze of the lo@@ wer 4@@ 8 stat@@ es@@ , ha@@ s sh@@ run@@ k b@@ y 4@@ 0 percen@@ t@@ .
2026-05-24 16:06:11,159 - INFO - joeynmt.training - 	Reference:  ﻿V@@ orig j@@ aar lie@@ t ik de@@ ze twee dia@@ '@@ s zi@@ en om aan te ton@@ en dat de p@@ ool@@ ij@@ sk@@ ap@@ , die de af@@ gel@@ open drie miljo@@ en j@@ aar onge@@ ve@@ er de groot@@ te had van het va@@ stel@@ and van de V@@ S@@ , met 4@@ 0@@ % gek@@ ro@@ mp@@ en was@@ .
2026-05-24 16:06:11,159 - INFO - joeynmt.training - 	Hypothesis: I@@ k lie@@ t j@@ aar lie@@ t ik de@@ ze twee dia@@ '@@ s zo@@ dat de ar@@ c@@ t@@ isch@@ e ij@@ s@@ cap@@ , die voor de mee@@ ste van de la@@ i@@ re 4@@ 8 stat@@ en@@ , die voor de groot@@ te van de la@@ gere 4@@ 8 stat@@ en@@ , heef@@ t ge@@ kre@@ gen door 4@@ 0 pro@@ cen@@ t heef@@ t@@ <unk>
2026-05-24 16:06:11,159 - INFO - joeynmt.training - Example #1
2026-05-24 16:06:11,159 - DEBUG - joeynmt.training - 	Tokenized source:     ['Bu@@', 't', 'th@@', 'is', 'under@@', 'stat@@', 'es', 'the', 'ser@@', 'i@@', 'ou@@', 'sn@@', 'ess', 'of', 'th@@', 'is', 'particul@@', 'ar', 'proble@@', 'm', 'beca@@', 'us@@', 'e', 'it', 'does@@', 'n@@', "'@@", 't', 'sho@@', 'w', 'the', 'th@@', 'ic@@', 'kn@@', 'ess', 'of', 'the', 'ic@@', 'e@@', '.']
2026-05-24 16:06:11,159 - DEBUG - joeynmt.training - 	Tokenized reference:  ['M@@', 'aar', 'dit', 'onder@@', 'sch@@', 'at', 'eigen@@', 'lijk', 'de', 'ern@@', 'st', 'van', 'dit', 'specif@@', 'ie@@', 'ke', 'proble@@', 'em', 'om@@', 'dat', 'het', 'nie@@', 't', 'de', 'di@@', 'k@@', 'te', 'van', 'het', 'ij@@', 's', 'laat', 'zi@@', 'en@@', '.']
2026-05-24 16:06:11,159 - DEBUG - joeynmt.training - 	Tokenized hypothesis: ['M@@', 'aar', 'de@@', 'ze', 'onder@@', 'stat@@', 'en', 'de', 'ser@@', 'ie@@', 'us', 'van', 'dit', 'proble@@', 'em', 'om@@', 'dat', 'het', 'di@@', 'k', 'nie@@', 't', 'de', 'di@@', 'k@@', 'te', 'van', 'het', 'ij@@', 's@@', '<unk>', '</s>']
2026-05-24 16:06:11,159 - INFO - joeynmt.training - 	Source:     Bu@@ t th@@ is under@@ stat@@ es the ser@@ i@@ ou@@ sn@@ ess of th@@ is particul@@ ar proble@@ m beca@@ us@@ e it does@@ n@@ '@@ t sho@@ w the th@@ ic@@ kn@@ ess of the ic@@ e@@ .
2026-05-24 16:06:11,159 - INFO - joeynmt.training - 	Reference:  M@@ aar dit onder@@ sch@@ at eigen@@ lijk de ern@@ st van dit specif@@ ie@@ ke proble@@ em om@@ dat het nie@@ t de di@@ k@@ te van het ij@@ s laat zi@@ en@@ .
2026-05-24 16:06:11,159 - INFO - joeynmt.training - 	Hypothesis: M@@ aar de@@ ze onder@@ stat@@ en de ser@@ ie@@ us van dit proble@@ em om@@ dat het di@@ k nie@@ t de di@@ k@@ te van het ij@@ s@@ <unk>
2026-05-24 16:06:11,159 - INFO - joeynmt.training - Example #2
2026-05-24 16:06:11,159 - DEBUG - joeynmt.training - 	Tokenized source:     ['The', 'ar@@', 'c@@', 'tic', 'ic@@', 'e', 'cap', 'is@@', ',', 'in', 'a', 'sen@@', 'se@@', ',', 'the', 'be@@', 'at@@', 'ing', 'hear@@', 't', 'of', 'the', 'glob@@', 'al', 'cli@@', 'mat@@', 'e', 'system@@', '.']
2026-05-24 16:06:11,159 - DEBUG - joeynmt.training - 	Tokenized reference:  ['De', 'ij@@', 'sk@@', 'ap', 'op', 'de', 'Noor@@', 'd@@', 'p@@', 'ool', 'is', 'in', 'ze@@', 'ker@@', 'e', 'zin', 'het', 'kl@@', 'op@@', 'pen@@', 'd', 'har@@', 't', 'van', 'ons', 'glob@@', 'aal', 'kli@@', 'maat@@', 'syste@@', 'em@@', '.']
2026-05-24 16:06:11,159 - DEBUG - joeynmt.training - 	Tokenized hypothesis: ['De', 'ar@@', 'c@@', 't@@', 'isch@@', 'e', 'ij@@', 'fer@@', 's', 'in', 'ze@@', 'ker@@', 'e', 'zin', 'het', 'be@@', 'er@@', 'van', 'van', 'het', 'wereldwij@@', 'de', 'kli@@', 'maat@@', 'syste@@', 'em@@', '<unk>', '</s>']
2026-05-24 16:06:11,161 - INFO - joeynmt.training - 	Source:     The ar@@ c@@ tic ic@@ e cap is@@ , in a sen@@ se@@ , the be@@ at@@ ing hear@@ t of the glob@@ al cli@@ mat@@ e system@@ .
2026-05-24 16:06:11,161 - INFO - joeynmt.training - 	Reference:  De ij@@ sk@@ ap op de Noor@@ d@@ p@@ ool is in ze@@ ker@@ e zin het kl@@ op@@ pen@@ d har@@ t van ons glob@@ aal kli@@ maat@@ syste@@ em@@ .
2026-05-24 16:06:11,161 - INFO - joeynmt.training - 	Hypothesis: De ar@@ c@@ t@@ isch@@ e ij@@ fer@@ s in ze@@ ker@@ e zin het be@@ er@@ van van het wereldwij@@ de kli@@ maat@@ syste@@ em@@ <unk>
2026-05-24 16:06:11,161 - INFO - joeynmt.training - Example #3
2026-05-24 16:06:11,161 - DEBUG - joeynmt.training - 	Tokenized source:     ['I@@', 't', 'ex@@', 'p@@', 'and@@', 's', 'in', 'w@@', 'inter', 'and', 'con@@', 'trac@@', 'ts', 'in', 'su@@', 'm@@', 'mer@@', '.']
2026-05-24 16:06:11,161 - DEBUG - joeynmt.training - 	Tokenized reference:  ['H@@', 'et', 'zet', 'uit', 'in', 'de', 'w@@', 'inter', 'en', 'k@@', 'ri@@', 'mp@@', 't', 'in', 'de', 'zom@@', 'er@@', '.']
2026-05-24 16:06:11,161 - DEBUG - joeynmt.training - 	Tokenized hypothesis: ['H@@', 'et', 'ver@@', 'volgen@@', 's', 'in', 'w@@', 'inter', 'en', 'con@@', 'trac@@', 'ten', 'in', 'zom@@', 'er@@', '<unk>', '</s>']
2026-05-24 16:06:11,161 - INFO - joeynmt.training - 	Source:     I@@ t ex@@ p@@ and@@ s in w@@ inter and con@@ trac@@ ts in su@@ m@@ mer@@ .
2026-05-24 16:06:11,161 - INFO - joeynmt.training - 	Reference:  H@@ et zet uit in de w@@ inter en k@@ ri@@ mp@@ t in de zom@@ er@@ .
2026-05-24 16:06:11,161 - INFO - joeynmt.training - 	Hypothesis: H@@ et ver@@ volgen@@ s in w@@ inter en con@@ trac@@ ten in zom@@ er@@ <unk>
2026-05-24 16:06:11,162 - INFO - joeynmt.training - Example #4
2026-05-24 16:06:11,162 - DEBUG - joeynmt.training - 	Tokenized source:     ['The', 'ne@@', 'x@@', 't', 'sli@@', 'de', 'I', 'sho@@', 'w', 'you', 'will', 'be', 'a', 'ra@@', 'p@@', 'id', 'fa@@', 'st-@@', 'for@@', 'war@@', 'd', 'of', 'what@@', "'@@", 's', 'happen@@', 'ed', 'over', 'the', 'la@@', 'st', '2@@', '5', 'year@@', 's@@', '.']
2026-05-24 16:06:11,162 - DEBUG - joeynmt.training - 	Tokenized reference:  ['De', 'volgen@@', 'de', 'dia', 'die', 'ik', 'laat', 'zi@@', 'en', 'is', 'een', 'ver@@', 'snel@@', 'de', 'vers@@', 'ie', 'van', 'wat', 'er', 'de', 'af@@', 'gel@@', 'open', '2@@', '5', 'j@@', 'aar', 'is', 'gebeur@@', 'd@@', '.']
2026-05-24 16:06:11,162 - DEBUG - joeynmt.training - 	Tokenized hypothesis: ['De', 'volgen@@', 'de', 'dia', 'die', 'ik', 'laat', 'zi@@', 'en', 'dat', 'je', 'een', 'snel@@', 'le', 'snel@@', 'le', 'vooruit@@', 'gan@@', 'g', 'zijn', 'van', 'wat', 'er', 'gebeur@@', 'de', 'in', 'de', 'laat@@', 'ste', '2@@', '5', 'j@@', 'aar', 'gebeur@@', 'de', 'in', 'de', 'laat@@', 'ste', '2@@', '5', 'j@@', 'aar@@', '<unk>', '</s>']
2026-05-24 16:06:11,162 - INFO - joeynmt.training - 	Source:     The ne@@ x@@ t sli@@ de I sho@@ w you will be a ra@@ p@@ id fa@@ st-@@ for@@ war@@ d of what@@ '@@ s happen@@ ed over the la@@ st 2@@ 5 year@@ s@@ .
2026-05-24 16:06:11,162 - INFO - joeynmt.training - 	Reference:  De volgen@@ de dia die ik laat zi@@ en is een ver@@ snel@@ de vers@@ ie van wat er de af@@ gel@@ open 2@@ 5 j@@ aar is gebeur@@ d@@ .
2026-05-24 16:06:11,162 - INFO - joeynmt.training - 	Hypothesis: De volgen@@ de dia die ik laat zi@@ en dat je een snel@@ le snel@@ le vooruit@@ gan@@ g zijn van wat er gebeur@@ de in de laat@@ ste 2@@ 5 j@@ aar gebeur@@ de in de laat@@ ste 2@@ 5 j@@ aar@@ <unk>
2026-05-24 16:06:46,704 - INFO - joeynmt.training - Epoch  10, Step:    37600, Batch Loss:     1.083509, Batch Acc: 0.664714, Tokens per Sec:     2077, Lr: 0.000300
2026-05-24 16:07:27,619 - INFO - joeynmt.training - Epoch  10, Step:    37700, Batch Loss:     1.078927, Batch Acc: 0.659727, Tokens per Sec:     1783, Lr: 0.000300
2026-05-24 16:08:31,006 - INFO - joeynmt.training - Epoch  10, Step:    37800, Batch Loss:     1.147195, Batch Acc: 0.654962, Tokens per Sec:     1160, Lr: 0.000300
2026-05-24 16:09:34,340 - INFO - joeynmt.training - Epoch  10, Step:    37900, Batch Loss:     1.120765, Batch Acc: 0.654229, Tokens per Sec:     1125, Lr: 0.000300
2026-05-24 16:10:40,226 - INFO - joeynmt.training - Epoch  10, Step:    38000, Batch Loss:     1.174494, Batch Acc: 0.653304, Tokens per Sec:     1115, Lr: 0.000300
2026-05-24 16:10:40,231 - INFO - joeynmt.prediction - Predicting 1003 example(s)... (Greedy decoding with min_output_length=1, max_output_length=100, return_prob='none', generate_unk=True, repetition_penalty=-1, no_repeat_ngram_size=-1)
2026-05-24 16:14:01,312 - INFO - joeynmt.metrics - nrefs:1|case:mixed|eff:no|tok:13a|smooth:exp|version:2.6.0
2026-05-24 16:14:01,312 - INFO - joeynmt.prediction - Evaluation result (greedy) bleu:  37.97, loss:   1.66, ppl:   5.26, acc:   0.54, generation: 200.4874[sec], evaluation: 0.5735[sec]
2026-05-24 16:14:01,314 - INFO - joeynmt.training - Example #0
2026-05-24 16:14:01,315 - DEBUG - joeynmt.training - 	Tokenized source:     ['\ufeffLa@@', 'st', 'year', 'I', 'sho@@', 'we@@', 'd', 'thes@@', 'e', 'tw@@', 'o', 'sli@@', 'de@@', 's', 'so', 'that', 'de@@', 'mon@@', 'strate', 'that', 'the', 'ar@@', 'c@@', 'tic', 'ic@@', 'e', 'cap@@', ',', 'wh@@', 'ich', 'for', 'mo@@', 'st', 'of', 'the', 'la@@', 'st', 'th@@', 'ree', 'milli@@', 'on', 'year@@', 's', 'ha@@', 's', 'be@@', 'en', 'the', 'si@@', 'ze', 'of', 'the', 'lo@@', 'wer', '4@@', '8', 'stat@@', 'es@@', ',', 'ha@@', 's', 'sh@@', 'run@@', 'k', 'b@@', 'y', '4@@', '0', 'percen@@', 't@@', '.']
2026-05-24 16:14:01,315 - DEBUG - joeynmt.training - 	Tokenized reference:  ['\ufeffV@@', 'orig', 'j@@', 'aar', 'lie@@', 't', 'ik', 'de@@', 'ze', 'twee', 'dia@@', "'@@", 's', 'zi@@', 'en', 'om', 'aan', 'te', 'ton@@', 'en', 'dat', 'de', 'p@@', 'ool@@', 'ij@@', 'sk@@', 'ap@@', ',', 'die', 'de', 'af@@', 'gel@@', 'open', 'drie', 'miljo@@', 'en', 'j@@', 'aar', 'onge@@', 've@@', 'er', 'de', 'groot@@', 'te', 'had', 'van', 'het', 'va@@', 'stel@@', 'and', 'van', 'de', 'V@@', 'S@@', ',', 'met', '4@@', '0@@', '%', 'gek@@', 'ro@@', 'mp@@', 'en', 'was@@', '.']
2026-05-24 16:14:01,315 - DEBUG - joeynmt.training - 	Tokenized hypothesis: ['H@@', 'et', 'laat@@', 'ste', 'j@@', 'aar', 'lie@@', 't', 'ik', 'de@@', 'ze', 'twee', 'dia@@', "'@@", 's', 'zo@@', 'dat', 'de', 'ar@@', 'c@@', 't@@', 'isch@@', 'e', 'ij@@', 'fer@@', 's', 'lat@@', 'en', 'zi@@', 'en', 'dat', 'de', 'af@@', 'gel@@', 'open', 'drie', 'miljo@@', 'en', 'j@@', 'aar', 'de', 'groot@@', 'ste', 'drie', 'miljo@@', 'en', 'j@@', 'aar', 'de', 'groot@@', 'te', 'van', 'de', 'la@@', 'gere', '4@@', '0', 'pro@@', 'cen@@', 't@@', '<unk>', '</s>']
2026-05-24 16:14:01,315 - INFO - joeynmt.training - 	Source:     ﻿La@@ st year I sho@@ we@@ d thes@@ e tw@@ o sli@@ de@@ s so that de@@ mon@@ strate that the ar@@ c@@ tic ic@@ e cap@@ , wh@@ ich for mo@@ st of the la@@ st th@@ ree milli@@ on year@@ s ha@@ s be@@ en the si@@ ze of the lo@@ wer 4@@ 8 stat@@ es@@ , ha@@ s sh@@ run@@ k b@@ y 4@@ 0 percen@@ t@@ .
2026-05-24 16:14:01,315 - INFO - joeynmt.training - 	Reference:  ﻿V@@ orig j@@ aar lie@@ t ik de@@ ze twee dia@@ '@@ s zi@@ en om aan te ton@@ en dat de p@@ ool@@ ij@@ sk@@ ap@@ , die de af@@ gel@@ open drie miljo@@ en j@@ aar onge@@ ve@@ er de groot@@ te had van het va@@ stel@@ and van de V@@ S@@ , met 4@@ 0@@ % gek@@ ro@@ mp@@ en was@@ .
2026-05-24 16:14:01,315 - INFO - joeynmt.training - 	Hypothesis: H@@ et laat@@ ste j@@ aar lie@@ t ik de@@ ze twee dia@@ '@@ s zo@@ dat de ar@@ c@@ t@@ isch@@ e ij@@ fer@@ s lat@@ en zi@@ en dat de af@@ gel@@ open drie miljo@@ en j@@ aar de groot@@ ste drie miljo@@ en j@@ aar de groot@@ te van de la@@ gere 4@@ 0 pro@@ cen@@ t@@ <unk>
2026-05-24 16:14:01,315 - INFO - joeynmt.training - Example #1
2026-05-24 16:14:01,315 - DEBUG - joeynmt.training - 	Tokenized source:     ['Bu@@', 't', 'th@@', 'is', 'under@@', 'stat@@', 'es', 'the', 'ser@@', 'i@@', 'ou@@', 'sn@@', 'ess', 'of', 'th@@', 'is', 'particul@@', 'ar', 'proble@@', 'm', 'beca@@', 'us@@', 'e', 'it', 'does@@', 'n@@', "'@@", 't', 'sho@@', 'w', 'the', 'th@@', 'ic@@', 'kn@@', 'ess', 'of', 'the', 'ic@@', 'e@@', '.']
2026-05-24 16:14:01,317 - DEBUG - joeynmt.training - 	Tokenized reference:  ['M@@', 'aar', 'dit', 'onder@@', 'sch@@', 'at', 'eigen@@', 'lijk', 'de', 'ern@@', 'st', 'van', 'dit', 'specif@@', 'ie@@', 'ke', 'proble@@', 'em', 'om@@', 'dat', 'het', 'nie@@', 't', 'de', 'di@@', 'k@@', 'te', 'van', 'het', 'ij@@', 's', 'laat', 'zi@@', 'en@@', '.']
2026-05-24 16:14:01,317 - DEBUG - joeynmt.training - 	Tokenized hypothesis: ['M@@', 'aar', 'dit', 'beg@@', 'on@@', 'n@@', 'en', 'de', 'ser@@', 'ie@@', 'us', 'van', 'dit', 'proble@@', 'em', 'om@@', 'dat', 'het', 'di@@', 'k', 'nie@@', 't', 'de@@', 'ze', 'd@@', 'ij@@', 's', 'lat@@', 'en', 'zi@@', 'en@@', '<unk>', '</s>']
2026-05-24 16:14:01,317 - INFO - joeynmt.training - 	Source:     Bu@@ t th@@ is under@@ stat@@ es the ser@@ i@@ ou@@ sn@@ ess of th@@ is particul@@ ar proble@@ m beca@@ us@@ e it does@@ n@@ '@@ t sho@@ w the th@@ ic@@ kn@@ ess of the ic@@ e@@ .
2026-05-24 16:14:01,317 - INFO - joeynmt.training - 	Reference:  M@@ aar dit onder@@ sch@@ at eigen@@ lijk de ern@@ st van dit specif@@ ie@@ ke proble@@ em om@@ dat het nie@@ t de di@@ k@@ te van het ij@@ s laat zi@@ en@@ .
2026-05-24 16:14:01,318 - INFO - joeynmt.training - 	Hypothesis: M@@ aar dit beg@@ on@@ n@@ en de ser@@ ie@@ us van dit proble@@ em om@@ dat het di@@ k nie@@ t de@@ ze d@@ ij@@ s lat@@ en zi@@ en@@ <unk>
2026-05-24 16:14:01,319 - INFO - joeynmt.training - Example #2
2026-05-24 16:14:01,320 - DEBUG - joeynmt.training - 	Tokenized source:     ['The', 'ar@@', 'c@@', 'tic', 'ic@@', 'e', 'cap', 'is@@', ',', 'in', 'a', 'sen@@', 'se@@', ',', 'the', 'be@@', 'at@@', 'ing', 'hear@@', 't', 'of', 'the', 'glob@@', 'al', 'cli@@', 'mat@@', 'e', 'system@@', '.']
2026-05-24 16:14:01,320 - DEBUG - joeynmt.training - 	Tokenized reference:  ['De', 'ij@@', 'sk@@', 'ap', 'op', 'de', 'Noor@@', 'd@@', 'p@@', 'ool', 'is', 'in', 'ze@@', 'ker@@', 'e', 'zin', 'het', 'kl@@', 'op@@', 'pen@@', 'd', 'har@@', 't', 'van', 'ons', 'glob@@', 'aal', 'kli@@', 'maat@@', 'syste@@', 'em@@', '.']
2026-05-24 16:14:01,320 - DEBUG - joeynmt.training - 	Tokenized hypothesis: ['De', 'ar@@', 'c@@', 't@@', 'isch@@', 'e', 'ij@@', 'fer@@', 's@@', ',', 'in', 'een', 'zin@@', ',', 'de', 'be@@', 'er@@', 'van', 'het', 'mon@@', 'di@@', 'al@@', 'e', 'kli@@', 'maat@@', 'syste@@', 'em', 'van', 'de', 'mon@@', 'di@@', 'al@@', 'e', 'kli@@', 'maat@@', 'syste@@', 'em@@', '<unk>', '</s>']
2026-05-24 16:14:01,320 - INFO - joeynmt.training - 	Source:     The ar@@ c@@ tic ic@@ e cap is@@ , in a sen@@ se@@ , the be@@ at@@ ing hear@@ t of the glob@@ al cli@@ mat@@ e system@@ .
2026-05-24 16:14:01,321 - INFO - joeynmt.training - 	Reference:  De ij@@ sk@@ ap op de Noor@@ d@@ p@@ ool is in ze@@ ker@@ e zin het kl@@ op@@ pen@@ d har@@ t van ons glob@@ aal kli@@ maat@@ syste@@ em@@ .
2026-05-24 16:14:01,321 - INFO - joeynmt.training - 	Hypothesis: De ar@@ c@@ t@@ isch@@ e ij@@ fer@@ s@@ , in een zin@@ , de be@@ er@@ van het mon@@ di@@ al@@ e kli@@ maat@@ syste@@ em van de mon@@ di@@ al@@ e kli@@ maat@@ syste@@ em@@ <unk>
2026-05-24 16:14:01,321 - INFO - joeynmt.training - Example #3
2026-05-24 16:14:01,321 - DEBUG - joeynmt.training - 	Tokenized source:     ['I@@', 't', 'ex@@', 'p@@', 'and@@', 's', 'in', 'w@@', 'inter', 'and', 'con@@', 'trac@@', 'ts', 'in', 'su@@', 'm@@', 'mer@@', '.']
2026-05-24 16:14:01,321 - DEBUG - joeynmt.training - 	Tokenized reference:  ['H@@', 'et', 'zet', 'uit', 'in', 'de', 'w@@', 'inter', 'en', 'k@@', 'ri@@', 'mp@@', 't', 'in', 'de', 'zom@@', 'er@@', '.']
2026-05-24 16:14:01,321 - DEBUG - joeynmt.training - 	Tokenized hypothesis: ['H@@', 'et', 'g@@', 'aat', 'uit', 'in', 'w@@', 'inter', 'en', 'con@@', 'trac@@', 'ten', 'en', 'samen@@', 'tre@@', 'kken', 'in', 'zom@@', 'er', 'en', 'con@@', 'trac@@', 'ten', 'in', 'de', 'w@@', 'inter', 'en', 'con@@', 'trac@@', 'ten', 'in', 'de', 'w@@', 'inter', 'en', 'con@@', 'trac@@', 'ten', 'in', 'de', 'w@@', 'inter', 'en', 'con@@', 'trac@@', 'ten', 'in', 'de', 'w@@', 'inter', 'en', 'con@@', 'trac@@', 'ten', 'in', 'de', 'zom@@', 'er@@', '<unk>', '</s>']
2026-05-24 16:14:01,321 - INFO - joeynmt.training - 	Source:     I@@ t ex@@ p@@ and@@ s in w@@ inter and con@@ trac@@ ts in su@@ m@@ mer@@ .
2026-05-24 16:14:01,321 - INFO - joeynmt.training - 	Reference:  H@@ et zet uit in de w@@ inter en k@@ ri@@ mp@@ t in de zom@@ er@@ .
2026-05-24 16:14:01,322 - INFO - joeynmt.training - 	Hypothesis: H@@ et g@@ aat uit in w@@ inter en con@@ trac@@ ten en samen@@ tre@@ kken in zom@@ er en con@@ trac@@ ten in de w@@ inter en con@@ trac@@ ten in de w@@ inter en con@@ trac@@ ten in de w@@ inter en con@@ trac@@ ten in de w@@ inter en con@@ trac@@ ten in de zom@@ er@@ <unk>
2026-05-24 16:14:01,322 - INFO - joeynmt.training - Example #4
2026-05-24 16:14:01,322 - DEBUG - joeynmt.training - 	Tokenized source:     ['The', 'ne@@', 'x@@', 't', 'sli@@', 'de', 'I', 'sho@@', 'w', 'you', 'will', 'be', 'a', 'ra@@', 'p@@', 'id', 'fa@@', 'st-@@', 'for@@', 'war@@', 'd', 'of', 'what@@', "'@@", 's', 'happen@@', 'ed', 'over', 'the', 'la@@', 'st', '2@@', '5', 'year@@', 's@@', '.']
2026-05-24 16:14:01,322 - DEBUG - joeynmt.training - 	Tokenized reference:  ['De', 'volgen@@', 'de', 'dia', 'die', 'ik', 'laat', 'zi@@', 'en', 'is', 'een', 'ver@@', 'snel@@', 'de', 'vers@@', 'ie', 'van', 'wat', 'er', 'de', 'af@@', 'gel@@', 'open', '2@@', '5', 'j@@', 'aar', 'is', 'gebeur@@', 'd@@', '.']
2026-05-24 16:14:01,322 - DEBUG - joeynmt.training - 	Tokenized hypothesis: ['De', 'volgen@@', 'de', 'dia', 'die', 'ik', 'laat', 'zi@@', 'en', 'dat', 'je', 'een', 'snel@@', 'le', 'vooruit@@', 'gan@@', 'g', 'van', 'wat', 'er', 'gebeur@@', 't', 'is', 'over', 'de', 'laat@@', 'ste', '2@@', '5', 'j@@', 'aar', 'gebeur@@', 'd@@', '<unk>', '</s>']
2026-05-24 16:14:01,322 - INFO - joeynmt.training - 	Source:     The ne@@ x@@ t sli@@ de I sho@@ w you will be a ra@@ p@@ id fa@@ st-@@ for@@ war@@ d of what@@ '@@ s happen@@ ed over the la@@ st 2@@ 5 year@@ s@@ .
2026-05-24 16:14:01,322 - INFO - joeynmt.training - 	Reference:  De volgen@@ de dia die ik laat zi@@ en is een ver@@ snel@@ de vers@@ ie van wat er de af@@ gel@@ open 2@@ 5 j@@ aar is gebeur@@ d@@ .
2026-05-24 16:14:01,322 - INFO - joeynmt.training - 	Hypothesis: De volgen@@ de dia die ik laat zi@@ en dat je een snel@@ le vooruit@@ gan@@ g van wat er gebeur@@ t is over de laat@@ ste 2@@ 5 j@@ aar gebeur@@ d@@ <unk>
2026-05-24 16:15:01,619 - INFO - joeynmt.training - Epoch  10, Step:    38100, Batch Loss:     1.214829, Batch Acc: 0.654729, Tokens per Sec:     1185, Lr: 0.000300
2026-05-24 16:16:01,530 - INFO - joeynmt.training - Epoch  10, Step:    38200, Batch Loss:     1.176348, Batch Acc: 0.651999, Tokens per Sec:     1231, Lr: 0.000300
2026-05-24 16:17:04,672 - INFO - joeynmt.training - Epoch  10, Step:    38300, Batch Loss:     1.251975, Batch Acc: 0.652334, Tokens per Sec:     1150, Lr: 0.000300
2026-05-24 16:18:01,156 - INFO - joeynmt.training - Epoch  10, Step:    38400, Batch Loss:     1.098248, Batch Acc: 0.656063, Tokens per Sec:     1301, Lr: 0.000300
2026-05-24 16:18:57,864 - INFO - joeynmt.training - Epoch  10, Step:    38500, Batch Loss:     1.138985, Batch Acc: 0.648898, Tokens per Sec:     1281, Lr: 0.000300
2026-05-24 16:18:57,865 - INFO - joeynmt.prediction - Predicting 1003 example(s)... (Greedy decoding with min_output_length=1, max_output_length=100, return_prob='none', generate_unk=True, repetition_penalty=-1, no_repeat_ngram_size=-1)
2026-05-24 16:21:35,316 - INFO - joeynmt.metrics - nrefs:1|case:mixed|eff:no|tok:13a|smooth:exp|version:2.6.0
2026-05-24 16:21:35,316 - INFO - joeynmt.prediction - Evaluation result (greedy) bleu:  38.34, loss:   1.65, ppl:   5.21, acc:   0.54, generation: 156.6312[sec], evaluation: 0.8047[sec]
2026-05-24 16:21:35,395 - INFO - joeynmt.helpers - delete output_bpe5000/33000.ckpt
2026-05-24 16:21:35,404 - INFO - joeynmt.training - Example #0
2026-05-24 16:21:35,405 - DEBUG - joeynmt.training - 	Tokenized source:     ['\ufeffLa@@', 'st', 'year', 'I', 'sho@@', 'we@@', 'd', 'thes@@', 'e', 'tw@@', 'o', 'sli@@', 'de@@', 's', 'so', 'that', 'de@@', 'mon@@', 'strate', 'that', 'the', 'ar@@', 'c@@', 'tic', 'ic@@', 'e', 'cap@@', ',', 'wh@@', 'ich', 'for', 'mo@@', 'st', 'of', 'the', 'la@@', 'st', 'th@@', 'ree', 'milli@@', 'on', 'year@@', 's', 'ha@@', 's', 'be@@', 'en', 'the', 'si@@', 'ze', 'of', 'the', 'lo@@', 'wer', '4@@', '8', 'stat@@', 'es@@', ',', 'ha@@', 's', 'sh@@', 'run@@', 'k', 'b@@', 'y', '4@@', '0', 'percen@@', 't@@', '.']
2026-05-24 16:21:35,405 - DEBUG - joeynmt.training - 	Tokenized reference:  ['\ufeffV@@', 'orig', 'j@@', 'aar', 'lie@@', 't', 'ik', 'de@@', 'ze', 'twee', 'dia@@', "'@@", 's', 'zi@@', 'en', 'om', 'aan', 'te', 'ton@@', 'en', 'dat', 'de', 'p@@', 'ool@@', 'ij@@', 'sk@@', 'ap@@', ',', 'die', 'de', 'af@@', 'gel@@', 'open', 'drie', 'miljo@@', 'en', 'j@@', 'aar', 'onge@@', 've@@', 'er', 'de', 'groot@@', 'te', 'had', 'van', 'het', 'va@@', 'stel@@', 'and', 'van', 'de', 'V@@', 'S@@', ',', 'met', '4@@', '0@@', '%', 'gek@@', 'ro@@', 'mp@@', 'en', 'was@@', '.']
2026-05-24 16:21:35,405 - DEBUG - joeynmt.training - 	Tokenized hypothesis: ['I@@', 'k', 'lie@@', 't', 'j@@', 'aar', 'lie@@', 't', 'ik', 'de@@', 'ze', 'twee', 'dia@@', "'@@", 's', 'zo@@', 'dat', 'de', 'ar@@', 'c@@', 't@@', 'isch@@', 'e', 'ij@@', 's@@', 'cap@@', ',', 'die', 'voor', 'het', 'groot@@', 'ste', 'drie', 'miljo@@', 'en', 'j@@', 'aar', 'de', 'groot@@', 'ste', 'deel', 'van', 'de', 'la@@', 'gere', '4@@', '0', 'pro@@', 'cen@@', 't@@', '<unk>', '</s>']
2026-05-24 16:21:35,405 - INFO - joeynmt.training - 	Source:     ﻿La@@ st year I sho@@ we@@ d thes@@ e tw@@ o sli@@ de@@ s so that de@@ mon@@ strate that the ar@@ c@@ tic ic@@ e cap@@ , wh@@ ich for mo@@ st of the la@@ st th@@ ree milli@@ on year@@ s ha@@ s be@@ en the si@@ ze of the lo@@ wer 4@@ 8 stat@@ es@@ , ha@@ s sh@@ run@@ k b@@ y 4@@ 0 percen@@ t@@ .
2026-05-24 16:21:35,406 - INFO - joeynmt.training - 	Reference:  ﻿V@@ orig j@@ aar lie@@ t ik de@@ ze twee dia@@ '@@ s zi@@ en om aan te ton@@ en dat de p@@ ool@@ ij@@ sk@@ ap@@ , die de af@@ gel@@ open drie miljo@@ en j@@ aar onge@@ ve@@ er de groot@@ te had van het va@@ stel@@ and van de V@@ S@@ , met 4@@ 0@@ % gek@@ ro@@ mp@@ en was@@ .
2026-05-24 16:21:35,406 - INFO - joeynmt.training - 	Hypothesis: I@@ k lie@@ t j@@ aar lie@@ t ik de@@ ze twee dia@@ '@@ s zo@@ dat de ar@@ c@@ t@@ isch@@ e ij@@ s@@ cap@@ , die voor het groot@@ ste drie miljo@@ en j@@ aar de groot@@ ste deel van de la@@ gere 4@@ 0 pro@@ cen@@ t@@ <unk>
2026-05-24 16:21:35,407 - INFO - joeynmt.training - Example #1
2026-05-24 16:21:35,407 - DEBUG - joeynmt.training - 	Tokenized source:     ['Bu@@', 't', 'th@@', 'is', 'under@@', 'stat@@', 'es', 'the', 'ser@@', 'i@@', 'ou@@', 'sn@@', 'ess', 'of', 'th@@', 'is', 'particul@@', 'ar', 'proble@@', 'm', 'beca@@', 'us@@', 'e', 'it', 'does@@', 'n@@', "'@@", 't', 'sho@@', 'w', 'the', 'th@@', 'ic@@', 'kn@@', 'ess', 'of', 'the', 'ic@@', 'e@@', '.']
2026-05-24 16:21:35,407 - DEBUG - joeynmt.training - 	Tokenized reference:  ['M@@', 'aar', 'dit', 'onder@@', 'sch@@', 'at', 'eigen@@', 'lijk', 'de', 'ern@@', 'st', 'van', 'dit', 'specif@@', 'ie@@', 'ke', 'proble@@', 'em', 'om@@', 'dat', 'het', 'nie@@', 't', 'de', 'di@@', 'k@@', 'te', 'van', 'het', 'ij@@', 's', 'laat', 'zi@@', 'en@@', '.']
2026-05-24 16:21:35,407 - DEBUG - joeynmt.training - 	Tokenized hypothesis: ['M@@', 'aar', 'de@@', 'ze', 'onder@@', 'stat@@', 'en', 'de', 'ser@@', 'ie@@', 'us', 'van', 'dit', 'proble@@', 'em', 'om@@', 'dat', 'het', 'nie@@', 't', 'zo', 'zo', 'nie@@', 't', 'zo', 'di@@', 'k@@', 'te', 'van', 'het', 'ij@@', 's', 'zi@@', 'en@@', '<unk>', '</s>']
2026-05-24 16:21:35,408 - INFO - joeynmt.training - 	Source:     Bu@@ t th@@ is under@@ stat@@ es the ser@@ i@@ ou@@ sn@@ ess of th@@ is particul@@ ar proble@@ m beca@@ us@@ e it does@@ n@@ '@@ t sho@@ w the th@@ ic@@ kn@@ ess of the ic@@ e@@ .
2026-05-24 16:21:35,408 - INFO - joeynmt.training - 	Reference:  M@@ aar dit onder@@ sch@@ at eigen@@ lijk de ern@@ st van dit specif@@ ie@@ ke proble@@ em om@@ dat het nie@@ t de di@@ k@@ te van het ij@@ s laat zi@@ en@@ .
2026-05-24 16:21:35,409 - INFO - joeynmt.training - 	Hypothesis: M@@ aar de@@ ze onder@@ stat@@ en de ser@@ ie@@ us van dit proble@@ em om@@ dat het nie@@ t zo zo nie@@ t zo di@@ k@@ te van het ij@@ s zi@@ en@@ <unk>
2026-05-24 16:21:35,409 - INFO - joeynmt.training - Example #2
2026-05-24 16:21:35,412 - DEBUG - joeynmt.training - 	Tokenized source:     ['The', 'ar@@', 'c@@', 'tic', 'ic@@', 'e', 'cap', 'is@@', ',', 'in', 'a', 'sen@@', 'se@@', ',', 'the', 'be@@', 'at@@', 'ing', 'hear@@', 't', 'of', 'the', 'glob@@', 'al', 'cli@@', 'mat@@', 'e', 'system@@', '.']
2026-05-24 16:21:35,412 - DEBUG - joeynmt.training - 	Tokenized reference:  ['De', 'ij@@', 'sk@@', 'ap', 'op', 'de', 'Noor@@', 'd@@', 'p@@', 'ool', 'is', 'in', 'ze@@', 'ker@@', 'e', 'zin', 'het', 'kl@@', 'op@@', 'pen@@', 'd', 'har@@', 't', 'van', 'ons', 'glob@@', 'aal', 'kli@@', 'maat@@', 'syste@@', 'em@@', '.']
2026-05-24 16:21:35,412 - DEBUG - joeynmt.training - 	Tokenized hypothesis: ['De', 'ar@@', 'c@@', 't@@', 'isch@@', 'e', 'ij@@', 'd@@', 'heid@@', ',', 'in', 'een', 'zin@@', ',', 'het', 'be@@', 'er@@', 'en', 'van', 'het', 'glob@@', 'al@@', 'e', 'kli@@', 'maat@@', 'syste@@', 'em@@', '<unk>', '</s>']
2026-05-24 16:21:35,413 - INFO - joeynmt.training - 	Source:     The ar@@ c@@ tic ic@@ e cap is@@ , in a sen@@ se@@ , the be@@ at@@ ing hear@@ t of the glob@@ al cli@@ mat@@ e system@@ .
2026-05-24 16:21:35,414 - INFO - joeynmt.training - 	Reference:  De ij@@ sk@@ ap op de Noor@@ d@@ p@@ ool is in ze@@ ker@@ e zin het kl@@ op@@ pen@@ d har@@ t van ons glob@@ aal kli@@ maat@@ syste@@ em@@ .
2026-05-24 16:21:35,414 - INFO - joeynmt.training - 	Hypothesis: De ar@@ c@@ t@@ isch@@ e ij@@ d@@ heid@@ , in een zin@@ , het be@@ er@@ en van het glob@@ al@@ e kli@@ maat@@ syste@@ em@@ <unk>
2026-05-24 16:21:35,414 - INFO - joeynmt.training - Example #3
2026-05-24 16:21:35,414 - DEBUG - joeynmt.training - 	Tokenized source:     ['I@@', 't', 'ex@@', 'p@@', 'and@@', 's', 'in', 'w@@', 'inter', 'and', 'con@@', 'trac@@', 'ts', 'in', 'su@@', 'm@@', 'mer@@', '.']
2026-05-24 16:21:35,415 - DEBUG - joeynmt.training - 	Tokenized reference:  ['H@@', 'et', 'zet', 'uit', 'in', 'de', 'w@@', 'inter', 'en', 'k@@', 'ri@@', 'mp@@', 't', 'in', 'de', 'zom@@', 'er@@', '.']
2026-05-24 16:21:35,415 - DEBUG - joeynmt.training - 	Tokenized hypothesis: ['H@@', 'et', 'ex@@', 'p@@', 'pl@@', 'af@@', 't', 'in', 'w@@', 'inter', 'en', 'con@@', 'trac@@', 'ten', 'in', 'zom@@', 'er', 'te', 'tre@@', 'kken@@', '<unk>', '</s>']
2026-05-24 16:21:35,416 - INFO - joeynmt.training - 	Source:     I@@ t ex@@ p@@ and@@ s in w@@ inter and con@@ trac@@ ts in su@@ m@@ mer@@ .
2026-05-24 16:21:35,416 - INFO - joeynmt.training - 	Reference:  H@@ et zet uit in de w@@ inter en k@@ ri@@ mp@@ t in de zom@@ er@@ .
2026-05-24 16:21:35,417 - INFO - joeynmt.training - 	Hypothesis: H@@ et ex@@ p@@ pl@@ af@@ t in w@@ inter en con@@ trac@@ ten in zom@@ er te tre@@ kken@@ <unk>
2026-05-24 16:21:35,417 - INFO - joeynmt.training - Example #4
2026-05-24 16:21:35,417 - DEBUG - joeynmt.training - 	Tokenized source:     ['The', 'ne@@', 'x@@', 't', 'sli@@', 'de', 'I', 'sho@@', 'w', 'you', 'will', 'be', 'a', 'ra@@', 'p@@', 'id', 'fa@@', 'st-@@', 'for@@', 'war@@', 'd', 'of', 'what@@', "'@@", 's', 'happen@@', 'ed', 'over', 'the', 'la@@', 'st', '2@@', '5', 'year@@', 's@@', '.']
2026-05-24 16:21:35,417 - DEBUG - joeynmt.training - 	Tokenized reference:  ['De', 'volgen@@', 'de', 'dia', 'die', 'ik', 'laat', 'zi@@', 'en', 'is', 'een', 'ver@@', 'snel@@', 'de', 'vers@@', 'ie', 'van', 'wat', 'er', 'de', 'af@@', 'gel@@', 'open', '2@@', '5', 'j@@', 'aar', 'is', 'gebeur@@', 'd@@', '.']
2026-05-24 16:21:35,417 - DEBUG - joeynmt.training - 	Tokenized hypothesis: ['De', 'volgen@@', 'de', 'dia', 'laat', 'ik', 'j@@', 'ul@@', 'lie', 'een', 'snel@@', 'le', 'vooruit@@', 'gan@@', 'g', 'zijn', 'van', 'wat', 'er', 'gebeur@@', 'de', 'is', 'van', 'wat', 'er', 'gebeur@@', 'de', 'is', 'over', 'de', 'laat@@', 'ste', '2@@', '5', 'j@@', 'aar', 'gebeur@@', 'de', 'is@@', '<unk>', '</s>']
2026-05-24 16:21:35,418 - INFO - joeynmt.training - 	Source:     The ne@@ x@@ t sli@@ de I sho@@ w you will be a ra@@ p@@ id fa@@ st-@@ for@@ war@@ d of what@@ '@@ s happen@@ ed over the la@@ st 2@@ 5 year@@ s@@ .
2026-05-24 16:21:35,419 - INFO - joeynmt.training - 	Reference:  De volgen@@ de dia die ik laat zi@@ en is een ver@@ snel@@ de vers@@ ie van wat er de af@@ gel@@ open 2@@ 5 j@@ aar is gebeur@@ d@@ .
2026-05-24 16:21:35,419 - INFO - joeynmt.training - 	Hypothesis: De volgen@@ de dia laat ik j@@ ul@@ lie een snel@@ le vooruit@@ gan@@ g zijn van wat er gebeur@@ de is van wat er gebeur@@ de is over de laat@@ ste 2@@ 5 j@@ aar gebeur@@ de is@@ <unk>
2026-05-24 16:22:38,765 - INFO - joeynmt.training - Epoch  10, Step:    38600, Batch Loss:     1.353194, Batch Acc: 0.652332, Tokens per Sec:     1196, Lr: 0.000300
2026-05-24 16:23:42,692 - INFO - joeynmt.training - Epoch  10, Step:    38700, Batch Loss:     1.178477, Batch Acc: 0.652617, Tokens per Sec:     1149, Lr: 0.000300
2026-05-24 16:24:39,464 - INFO - joeynmt.training - Epoch  10, Step:    38800, Batch Loss:     1.120438, Batch Acc: 0.655125, Tokens per Sec:     1322, Lr: 0.000300
2026-05-24 16:25:20,689 - INFO - joeynmt.training - Epoch  10, Step:    38900, Batch Loss:     1.215501, Batch Acc: 0.652112, Tokens per Sec:     1812, Lr: 0.000300
2026-05-24 16:26:02,116 - INFO - joeynmt.training - Epoch  10, Step:    39000, Batch Loss:     1.195658, Batch Acc: 0.648776, Tokens per Sec:     1767, Lr: 0.000300
2026-05-24 16:26:02,117 - INFO - joeynmt.prediction - Predicting 1003 example(s)... (Greedy decoding with min_output_length=1, max_output_length=100, return_prob='none', generate_unk=True, repetition_penalty=-1, no_repeat_ngram_size=-1)
2026-05-24 16:27:49,560 - INFO - joeynmt.metrics - nrefs:1|case:mixed|eff:no|tok:13a|smooth:exp|version:2.6.0
2026-05-24 16:27:49,560 - INFO - joeynmt.prediction - Evaluation result (greedy) bleu:  38.09, loss:   1.65, ppl:   5.23, acc:   0.54, generation: 107.1048[sec], evaluation: 0.3239[sec]
2026-05-24 16:27:49,605 - INFO - joeynmt.helpers - delete output_bpe5000/37500.ckpt
2026-05-24 16:27:49,610 - INFO - joeynmt.training - Example #0
2026-05-24 16:27:49,610 - DEBUG - joeynmt.training - 	Tokenized source:     ['\ufeffLa@@', 'st', 'year', 'I', 'sho@@', 'we@@', 'd', 'thes@@', 'e', 'tw@@', 'o', 'sli@@', 'de@@', 's', 'so', 'that', 'de@@', 'mon@@', 'strate', 'that', 'the', 'ar@@', 'c@@', 'tic', 'ic@@', 'e', 'cap@@', ',', 'wh@@', 'ich', 'for', 'mo@@', 'st', 'of', 'the', 'la@@', 'st', 'th@@', 'ree', 'milli@@', 'on', 'year@@', 's', 'ha@@', 's', 'be@@', 'en', 'the', 'si@@', 'ze', 'of', 'the', 'lo@@', 'wer', '4@@', '8', 'stat@@', 'es@@', ',', 'ha@@', 's', 'sh@@', 'run@@', 'k', 'b@@', 'y', '4@@', '0', 'percen@@', 't@@', '.']
2026-05-24 16:27:49,610 - DEBUG - joeynmt.training - 	Tokenized reference:  ['\ufeffV@@', 'orig', 'j@@', 'aar', 'lie@@', 't', 'ik', 'de@@', 'ze', 'twee', 'dia@@', "'@@", 's', 'zi@@', 'en', 'om', 'aan', 'te', 'ton@@', 'en', 'dat', 'de', 'p@@', 'ool@@', 'ij@@', 'sk@@', 'ap@@', ',', 'die', 'de', 'af@@', 'gel@@', 'open', 'drie', 'miljo@@', 'en', 'j@@', 'aar', 'onge@@', 've@@', 'er', 'de', 'groot@@', 'te', 'had', 'van', 'het', 'va@@', 'stel@@', 'and', 'van', 'de', 'V@@', 'S@@', ',', 'met', '4@@', '0@@', '%', 'gek@@', 'ro@@', 'mp@@', 'en', 'was@@', '.']
2026-05-24 16:27:49,610 - DEBUG - joeynmt.training - 	Tokenized hypothesis: ['I@@', 'k', 'lie@@', 't', 'j@@', 'aar', 'lie@@', 't', 'ik', 'de@@', 'ze', 'twee', 'dia@@', "'@@", 's', 'zo@@', 'dat', 'de@@', 'mon@@', 'str@@', 'er@@', 'en', 'dat', 'de', 'ar@@', 'c@@', 't@@', 'isch@@', 'e', 'ij@@', 'sk@@', 'ap@@', ',', 'die', 'voor', 'de', 'mee@@', 'ste', 'drie', 'miljo@@', 'en', 'j@@', 'aar', 'is', 'de', 'groot@@', 'te', 'van', 'de', 'la@@', 'gere', '4@@', '0', 'pro@@', 'cen@@', 't@@', '<unk>', '</s>']
2026-05-24 16:27:49,611 - INFO - joeynmt.training - 	Source:     ﻿La@@ st year I sho@@ we@@ d thes@@ e tw@@ o sli@@ de@@ s so that de@@ mon@@ strate that the ar@@ c@@ tic ic@@ e cap@@ , wh@@ ich for mo@@ st of the la@@ st th@@ ree milli@@ on year@@ s ha@@ s be@@ en the si@@ ze of the lo@@ wer 4@@ 8 stat@@ es@@ , ha@@ s sh@@ run@@ k b@@ y 4@@ 0 percen@@ t@@ .
2026-05-24 16:27:49,611 - INFO - joeynmt.training - 	Reference:  ﻿V@@ orig j@@ aar lie@@ t ik de@@ ze twee dia@@ '@@ s zi@@ en om aan te ton@@ en dat de p@@ ool@@ ij@@ sk@@ ap@@ , die de af@@ gel@@ open drie miljo@@ en j@@ aar onge@@ ve@@ er de groot@@ te had van het va@@ stel@@ and van de V@@ S@@ , met 4@@ 0@@ % gek@@ ro@@ mp@@ en was@@ .
2026-05-24 16:27:49,611 - INFO - joeynmt.training - 	Hypothesis: I@@ k lie@@ t j@@ aar lie@@ t ik de@@ ze twee dia@@ '@@ s zo@@ dat de@@ mon@@ str@@ er@@ en dat de ar@@ c@@ t@@ isch@@ e ij@@ sk@@ ap@@ , die voor de mee@@ ste drie miljo@@ en j@@ aar is de groot@@ te van de la@@ gere 4@@ 0 pro@@ cen@@ t@@ <unk>
2026-05-24 16:27:49,611 - INFO - joeynmt.training - Example #1
2026-05-24 16:27:49,611 - DEBUG - joeynmt.training - 	Tokenized source:     ['Bu@@', 't', 'th@@', 'is', 'under@@', 'stat@@', 'es', 'the', 'ser@@', 'i@@', 'ou@@', 'sn@@', 'ess', 'of', 'th@@', 'is', 'particul@@', 'ar', 'proble@@', 'm', 'beca@@', 'us@@', 'e', 'it', 'does@@', 'n@@', "'@@", 't', 'sho@@', 'w', 'the', 'th@@', 'ic@@', 'kn@@', 'ess', 'of', 'the', 'ic@@', 'e@@', '.']
2026-05-24 16:27:49,611 - DEBUG - joeynmt.training - 	Tokenized reference:  ['M@@', 'aar', 'dit', 'onder@@', 'sch@@', 'at', 'eigen@@', 'lijk', 'de', 'ern@@', 'st', 'van', 'dit', 'specif@@', 'ie@@', 'ke', 'proble@@', 'em', 'om@@', 'dat', 'het', 'nie@@', 't', 'de', 'di@@', 'k@@', 'te', 'van', 'het', 'ij@@', 's', 'laat', 'zi@@', 'en@@', '.']
2026-05-24 16:27:49,611 - DEBUG - joeynmt.training - 	Tokenized hypothesis: ['M@@', 'aar', 'de@@', 'ze', 'onder@@', 'stat@@', 'en', 'de', 'ser@@', 'ie@@', 'us', 'van', 'dit', 'proble@@', 'em', 'om@@', 'dat', 'het', 'di@@', 'k', 'nie@@', 't', 'to@@', 'ont', 'dat', 'de', 'di@@', 'k@@', 'te', 'van', 'het', 'ij@@', 's', 'nie@@', 't', 'laat', 'zi@@', 'en@@', '<unk>', '</s>']
2026-05-24 16:27:49,611 - INFO - joeynmt.training - 	Source:     Bu@@ t th@@ is under@@ stat@@ es the ser@@ i@@ ou@@ sn@@ ess of th@@ is particul@@ ar proble@@ m beca@@ us@@ e it does@@ n@@ '@@ t sho@@ w the th@@ ic@@ kn@@ ess of the ic@@ e@@ .
2026-05-24 16:27:49,612 - INFO - joeynmt.training - 	Reference:  M@@ aar dit onder@@ sch@@ at eigen@@ lijk de ern@@ st van dit specif@@ ie@@ ke proble@@ em om@@ dat het nie@@ t de di@@ k@@ te van het ij@@ s laat zi@@ en@@ .
2026-05-24 16:27:49,612 - INFO - joeynmt.training - 	Hypothesis: M@@ aar de@@ ze onder@@ stat@@ en de ser@@ ie@@ us van dit proble@@ em om@@ dat het di@@ k nie@@ t to@@ ont dat de di@@ k@@ te van het ij@@ s nie@@ t laat zi@@ en@@ <unk>
2026-05-24 16:27:49,612 - INFO - joeynmt.training - Example #2
2026-05-24 16:27:49,612 - DEBUG - joeynmt.training - 	Tokenized source:     ['The', 'ar@@', 'c@@', 'tic', 'ic@@', 'e', 'cap', 'is@@', ',', 'in', 'a', 'sen@@', 'se@@', ',', 'the', 'be@@', 'at@@', 'ing', 'hear@@', 't', 'of', 'the', 'glob@@', 'al', 'cli@@', 'mat@@', 'e', 'system@@', '.']
2026-05-24 16:27:49,612 - DEBUG - joeynmt.training - 	Tokenized reference:  ['De', 'ij@@', 'sk@@', 'ap', 'op', 'de', 'Noor@@', 'd@@', 'p@@', 'ool', 'is', 'in', 'ze@@', 'ker@@', 'e', 'zin', 'het', 'kl@@', 'op@@', 'pen@@', 'd', 'har@@', 't', 'van', 'ons', 'glob@@', 'aal', 'kli@@', 'maat@@', 'syste@@', 'em@@', '.']
2026-05-24 16:27:49,612 - DEBUG - joeynmt.training - 	Tokenized hypothesis: ['De', 'ar@@', 'c@@', 't@@', 'isch@@', 'e', 'ij@@', 'd@@', 'op@@', ',', 'in', 'een', 'zin@@', 'e', 'k@@', 'lo@@', 'ze', 'har@@', 't', 'van', 'het', 'wereldwij@@', 'de', 'kli@@', 'maat@@', 'syste@@', 'em@@', '<unk>', '</s>']
2026-05-24 16:27:49,612 - INFO - joeynmt.training - 	Source:     The ar@@ c@@ tic ic@@ e cap is@@ , in a sen@@ se@@ , the be@@ at@@ ing hear@@ t of the glob@@ al cli@@ mat@@ e system@@ .
2026-05-24 16:27:49,612 - INFO - joeynmt.training - 	Reference:  De ij@@ sk@@ ap op de Noor@@ d@@ p@@ ool is in ze@@ ker@@ e zin het kl@@ op@@ pen@@ d har@@ t van ons glob@@ aal kli@@ maat@@ syste@@ em@@ .
2026-05-24 16:27:49,613 - INFO - joeynmt.training - 	Hypothesis: De ar@@ c@@ t@@ isch@@ e ij@@ d@@ op@@ , in een zin@@ e k@@ lo@@ ze har@@ t van het wereldwij@@ de kli@@ maat@@ syste@@ em@@ <unk>
2026-05-24 16:27:49,613 - INFO - joeynmt.training - Example #3
2026-05-24 16:27:49,613 - DEBUG - joeynmt.training - 	Tokenized source:     ['I@@', 't', 'ex@@', 'p@@', 'and@@', 's', 'in', 'w@@', 'inter', 'and', 'con@@', 'trac@@', 'ts', 'in', 'su@@', 'm@@', 'mer@@', '.']
2026-05-24 16:27:49,613 - DEBUG - joeynmt.training - 	Tokenized reference:  ['H@@', 'et', 'zet', 'uit', 'in', 'de', 'w@@', 'inter', 'en', 'k@@', 'ri@@', 'mp@@', 't', 'in', 'de', 'zom@@', 'er@@', '.']
2026-05-24 16:27:49,613 - DEBUG - joeynmt.training - 	Tokenized hypothesis: ['H@@', 'et', 'ver@@', 'p@@', 'licht', 'in', 'w@@', 'inter', 'en', 'con@@', 'trac@@', 'ten', 'in', 'de', 'zom@@', 'er@@', '<unk>', '</s>']
2026-05-24 16:27:49,614 - INFO - joeynmt.training - 	Source:     I@@ t ex@@ p@@ and@@ s in w@@ inter and con@@ trac@@ ts in su@@ m@@ mer@@ .
2026-05-24 16:27:49,614 - INFO - joeynmt.training - 	Reference:  H@@ et zet uit in de w@@ inter en k@@ ri@@ mp@@ t in de zom@@ er@@ .
2026-05-24 16:27:49,614 - INFO - joeynmt.training - 	Hypothesis: H@@ et ver@@ p@@ licht in w@@ inter en con@@ trac@@ ten in de zom@@ er@@ <unk>
2026-05-24 16:27:49,614 - INFO - joeynmt.training - Example #4
2026-05-24 16:27:49,614 - DEBUG - joeynmt.training - 	Tokenized source:     ['The', 'ne@@', 'x@@', 't', 'sli@@', 'de', 'I', 'sho@@', 'w', 'you', 'will', 'be', 'a', 'ra@@', 'p@@', 'id', 'fa@@', 'st-@@', 'for@@', 'war@@', 'd', 'of', 'what@@', "'@@", 's', 'happen@@', 'ed', 'over', 'the', 'la@@', 'st', '2@@', '5', 'year@@', 's@@', '.']
2026-05-24 16:27:49,614 - DEBUG - joeynmt.training - 	Tokenized reference:  ['De', 'volgen@@', 'de', 'dia', 'die', 'ik', 'laat', 'zi@@', 'en', 'is', 'een', 'ver@@', 'snel@@', 'de', 'vers@@', 'ie', 'van', 'wat', 'er', 'de', 'af@@', 'gel@@', 'open', '2@@', '5', 'j@@', 'aar', 'is', 'gebeur@@', 'd@@', '.']
2026-05-24 16:27:49,614 - DEBUG - joeynmt.training - 	Tokenized hypothesis: ['De', 'volgen@@', 'de', 'dia@@', 'de', 'die', 'ik', 'laat', 'zi@@', 'en', 'dat', 'ik', 'laat', 'zi@@', 'en', 'van', 'wat', 'er', 'gebeur@@', 'de', 'de', 'de', 'laat@@', 'ste', '2@@', '5', 'j@@', 'aar', 'gebeur@@', 'de', 'de', 'laat@@', 'ste', '2@@', '5', 'j@@', 'aar', 'gebeur@@', 'de@@', '<unk>', '</s>']
2026-05-24 16:27:49,614 - INFO - joeynmt.training - 	Source:     The ne@@ x@@ t sli@@ de I sho@@ w you will be a ra@@ p@@ id fa@@ st-@@ for@@ war@@ d of what@@ '@@ s happen@@ ed over the la@@ st 2@@ 5 year@@ s@@ .
2026-05-24 16:27:49,614 - INFO - joeynmt.training - 	Reference:  De volgen@@ de dia die ik laat zi@@ en is een ver@@ snel@@ de vers@@ ie van wat er de af@@ gel@@ open 2@@ 5 j@@ aar is gebeur@@ d@@ .
2026-05-24 16:27:49,614 - INFO - joeynmt.training - 	Hypothesis: De volgen@@ de dia@@ de die ik laat zi@@ en dat ik laat zi@@ en van wat er gebeur@@ de de de laat@@ ste 2@@ 5 j@@ aar gebeur@@ de de laat@@ ste 2@@ 5 j@@ aar gebeur@@ de@@ <unk>
2026-05-24 16:28:30,722 - INFO - joeynmt.training - Epoch  10, Step:    39100, Batch Loss:     1.171901, Batch Acc: 0.652021, Tokens per Sec:     1826, Lr: 0.000300
2026-05-24 16:29:12,049 - INFO - joeynmt.training - Epoch  10, Step:    39200, Batch Loss:     1.233942, Batch Acc: 0.649287, Tokens per Sec:     1804, Lr: 0.000300
2026-05-24 16:29:53,420 - INFO - joeynmt.training - Epoch  10, Step:    39300, Batch Loss:     1.233533, Batch Acc: 0.650827, Tokens per Sec:     1822, Lr: 0.000300
2026-05-24 16:30:34,811 - INFO - joeynmt.training - Epoch  10, Step:    39400, Batch Loss:     1.100016, Batch Acc: 0.647514, Tokens per Sec:     1803, Lr: 0.000300
2026-05-24 16:31:24,113 - INFO - joeynmt.training - Epoch  10, Step:    39500, Batch Loss:     1.190079, Batch Acc: 0.647633, Tokens per Sec:     1492, Lr: 0.000300
2026-05-24 16:31:24,114 - INFO - joeynmt.prediction - Predicting 1003 example(s)... (Greedy decoding with min_output_length=1, max_output_length=100, return_prob='none', generate_unk=True, repetition_penalty=-1, no_repeat_ngram_size=-1)
2026-05-24 16:33:32,381 - INFO - joeynmt.metrics - nrefs:1|case:mixed|eff:no|tok:13a|smooth:exp|version:2.6.0
2026-05-24 16:33:32,382 - INFO - joeynmt.prediction - Evaluation result (greedy) bleu:  38.64, loss:   1.64, ppl:   5.18, acc:   0.54, generation: 127.7652[sec], evaluation: 0.4847[sec]
2026-05-24 16:33:32,441 - INFO - joeynmt.helpers - delete output_bpe5000/39000.ckpt
2026-05-24 16:33:32,450 - INFO - joeynmt.helpers - delete C:/Users/Wen Yang/Desktop/mtex04/mt-exercise-04/output_bpe5000/39000.ckpt
2026-05-24 16:33:32,450 - WARNING - joeynmt.helpers - Wanted to delete old checkpoint C:\Users\Wen Yang\Desktop\mtex04\mt-exercise-04\output_bpe5000\39000.ckpt but file does not exist. ([WinError 2] The system cannot find the file specified: 'C:\\Users\\Wen Yang\\Desktop\\mtex04\\mt-exercise-04\\output_bpe5000\\39000.ckpt')
2026-05-24 16:33:32,451 - INFO - joeynmt.training - Example #0
2026-05-24 16:33:32,451 - DEBUG - joeynmt.training - 	Tokenized source:     ['\ufeffLa@@', 'st', 'year', 'I', 'sho@@', 'we@@', 'd', 'thes@@', 'e', 'tw@@', 'o', 'sli@@', 'de@@', 's', 'so', 'that', 'de@@', 'mon@@', 'strate', 'that', 'the', 'ar@@', 'c@@', 'tic', 'ic@@', 'e', 'cap@@', ',', 'wh@@', 'ich', 'for', 'mo@@', 'st', 'of', 'the', 'la@@', 'st', 'th@@', 'ree', 'milli@@', 'on', 'year@@', 's', 'ha@@', 's', 'be@@', 'en', 'the', 'si@@', 'ze', 'of', 'the', 'lo@@', 'wer', '4@@', '8', 'stat@@', 'es@@', ',', 'ha@@', 's', 'sh@@', 'run@@', 'k', 'b@@', 'y', '4@@', '0', 'percen@@', 't@@', '.']
2026-05-24 16:33:32,452 - DEBUG - joeynmt.training - 	Tokenized reference:  ['\ufeffV@@', 'orig', 'j@@', 'aar', 'lie@@', 't', 'ik', 'de@@', 'ze', 'twee', 'dia@@', "'@@", 's', 'zi@@', 'en', 'om', 'aan', 'te', 'ton@@', 'en', 'dat', 'de', 'p@@', 'ool@@', 'ij@@', 'sk@@', 'ap@@', ',', 'die', 'de', 'af@@', 'gel@@', 'open', 'drie', 'miljo@@', 'en', 'j@@', 'aar', 'onge@@', 've@@', 'er', 'de', 'groot@@', 'te', 'had', 'van', 'het', 'va@@', 'stel@@', 'and', 'van', 'de', 'V@@', 'S@@', ',', 'met', '4@@', '0@@', '%', 'gek@@', 'ro@@', 'mp@@', 'en', 'was@@', '.']
2026-05-24 16:33:32,452 - DEBUG - joeynmt.training - 	Tokenized hypothesis: ['H@@', 'et', 'laat@@', 'ste', 'j@@', 'aar', 'lie@@', 't', 'ik', 'de@@', 'ze', 'twee', 'dia@@', "'@@", 's', 'zo@@', 'dat', 'de', 'ar@@', 'c@@', 't@@', 'isch@@', 'e', 'ij@@', 's@@', 'cap@@', ',', 'die', 'voor', 'de', 'mee@@', 'ste', 'drie', 'miljo@@', 'en', 'j@@', 'aar', 'is', 'de', 'groot@@', 'te', 'van', 'de', 'la@@', 'gere', '4@@', '0', 'pro@@', 'cen@@', 't', 'de', 'groot@@', 'te', 'van', 'de', 'la@@', 'gere', '4@@', '0', 'pro@@', 'cen@@', 't@@', '<unk>', '</s>']
2026-05-24 16:33:32,452 - INFO - joeynmt.training - 	Source:     ﻿La@@ st year I sho@@ we@@ d thes@@ e tw@@ o sli@@ de@@ s so that de@@ mon@@ strate that the ar@@ c@@ tic ic@@ e cap@@ , wh@@ ich for mo@@ st of the la@@ st th@@ ree milli@@ on year@@ s ha@@ s be@@ en the si@@ ze of the lo@@ wer 4@@ 8 stat@@ es@@ , ha@@ s sh@@ run@@ k b@@ y 4@@ 0 percen@@ t@@ .
2026-05-24 16:33:32,452 - INFO - joeynmt.training - 	Reference:  ﻿V@@ orig j@@ aar lie@@ t ik de@@ ze twee dia@@ '@@ s zi@@ en om aan te ton@@ en dat de p@@ ool@@ ij@@ sk@@ ap@@ , die de af@@ gel@@ open drie miljo@@ en j@@ aar onge@@ ve@@ er de groot@@ te had van het va@@ stel@@ and van de V@@ S@@ , met 4@@ 0@@ % gek@@ ro@@ mp@@ en was@@ .
2026-05-24 16:33:32,452 - INFO - joeynmt.training - 	Hypothesis: H@@ et laat@@ ste j@@ aar lie@@ t ik de@@ ze twee dia@@ '@@ s zo@@ dat de ar@@ c@@ t@@ isch@@ e ij@@ s@@ cap@@ , die voor de mee@@ ste drie miljo@@ en j@@ aar is de groot@@ te van de la@@ gere 4@@ 0 pro@@ cen@@ t de groot@@ te van de la@@ gere 4@@ 0 pro@@ cen@@ t@@ <unk>
2026-05-24 16:33:32,452 - INFO - joeynmt.training - Example #1
2026-05-24 16:33:32,453 - DEBUG - joeynmt.training - 	Tokenized source:     ['Bu@@', 't', 'th@@', 'is', 'under@@', 'stat@@', 'es', 'the', 'ser@@', 'i@@', 'ou@@', 'sn@@', 'ess', 'of', 'th@@', 'is', 'particul@@', 'ar', 'proble@@', 'm', 'beca@@', 'us@@', 'e', 'it', 'does@@', 'n@@', "'@@", 't', 'sho@@', 'w', 'the', 'th@@', 'ic@@', 'kn@@', 'ess', 'of', 'the', 'ic@@', 'e@@', '.']
2026-05-24 16:33:32,453 - DEBUG - joeynmt.training - 	Tokenized reference:  ['M@@', 'aar', 'dit', 'onder@@', 'sch@@', 'at', 'eigen@@', 'lijk', 'de', 'ern@@', 'st', 'van', 'dit', 'specif@@', 'ie@@', 'ke', 'proble@@', 'em', 'om@@', 'dat', 'het', 'nie@@', 't', 'de', 'di@@', 'k@@', 'te', 'van', 'het', 'ij@@', 's', 'laat', 'zi@@', 'en@@', '.']
2026-05-24 16:33:32,453 - DEBUG - joeynmt.training - 	Tokenized hypothesis: ['M@@', 'aar', 'de@@', 'ze', 'onder@@', 'stat@@', 'en', 'het', 'ser@@', 'ie@@', 'us', 'van', 'dit', 'specif@@', 'ie@@', 'ke', 'proble@@', 'em', 'om@@', 'dat', 'het', 'nie@@', 't', 'zo', 'di@@', 'k', 'van', 'het', 'ij@@', 's', 'nie@@', 't', 'de', 'di@@', 'k@@', 'te', 'van', 'het', 'ij@@', 's@@', '<unk>', '</s>']
2026-05-24 16:33:32,453 - INFO - joeynmt.training - 	Source:     Bu@@ t th@@ is under@@ stat@@ es the ser@@ i@@ ou@@ sn@@ ess of th@@ is particul@@ ar proble@@ m beca@@ us@@ e it does@@ n@@ '@@ t sho@@ w the th@@ ic@@ kn@@ ess of the ic@@ e@@ .
2026-05-24 16:33:32,454 - INFO - joeynmt.training - 	Reference:  M@@ aar dit onder@@ sch@@ at eigen@@ lijk de ern@@ st van dit specif@@ ie@@ ke proble@@ em om@@ dat het nie@@ t de di@@ k@@ te van het ij@@ s laat zi@@ en@@ .
2026-05-24 16:33:32,454 - INFO - joeynmt.training - 	Hypothesis: M@@ aar de@@ ze onder@@ stat@@ en het ser@@ ie@@ us van dit specif@@ ie@@ ke proble@@ em om@@ dat het nie@@ t zo di@@ k van het ij@@ s nie@@ t de di@@ k@@ te van het ij@@ s@@ <unk>
2026-05-24 16:33:32,454 - INFO - joeynmt.training - Example #2
2026-05-24 16:33:32,454 - DEBUG - joeynmt.training - 	Tokenized source:     ['The', 'ar@@', 'c@@', 'tic', 'ic@@', 'e', 'cap', 'is@@', ',', 'in', 'a', 'sen@@', 'se@@', ',', 'the', 'be@@', 'at@@', 'ing', 'hear@@', 't', 'of', 'the', 'glob@@', 'al', 'cli@@', 'mat@@', 'e', 'system@@', '.']
2026-05-24 16:33:32,454 - DEBUG - joeynmt.training - 	Tokenized reference:  ['De', 'ij@@', 'sk@@', 'ap', 'op', 'de', 'Noor@@', 'd@@', 'p@@', 'ool', 'is', 'in', 'ze@@', 'ker@@', 'e', 'zin', 'het', 'kl@@', 'op@@', 'pen@@', 'd', 'har@@', 't', 'van', 'ons', 'glob@@', 'aal', 'kli@@', 'maat@@', 'syste@@', 'em@@', '.']
2026-05-24 16:33:32,454 - DEBUG - joeynmt.training - 	Tokenized hypothesis: ['De', 'ar@@', 'c@@', 't@@', 'isch@@', 'e', 'ij@@', 'd@@', 'gen@@', 'd@@', ',', 'in', 'ze@@', 'ker@@', 'e', 'zin', 'het', 'be@@', 'er@@', 'gen@@', 'de', 'har@@', 't', 'van', 'het', 'glob@@', 'al@@', 'e', 'kli@@', 'maat@@', 'syste@@', 'em@@', '<unk>', '</s>']
2026-05-24 16:33:32,455 - INFO - joeynmt.training - 	Source:     The ar@@ c@@ tic ic@@ e cap is@@ , in a sen@@ se@@ , the be@@ at@@ ing hear@@ t of the glob@@ al cli@@ mat@@ e system@@ .
2026-05-24 16:33:32,455 - INFO - joeynmt.training - 	Reference:  De ij@@ sk@@ ap op de Noor@@ d@@ p@@ ool is in ze@@ ker@@ e zin het kl@@ op@@ pen@@ d har@@ t van ons glob@@ aal kli@@ maat@@ syste@@ em@@ .
2026-05-24 16:33:32,455 - INFO - joeynmt.training - 	Hypothesis: De ar@@ c@@ t@@ isch@@ e ij@@ d@@ gen@@ d@@ , in ze@@ ker@@ e zin het be@@ er@@ gen@@ de har@@ t van het glob@@ al@@ e kli@@ maat@@ syste@@ em@@ <unk>
2026-05-24 16:33:32,455 - INFO - joeynmt.training - Example #3
2026-05-24 16:33:32,455 - DEBUG - joeynmt.training - 	Tokenized source:     ['I@@', 't', 'ex@@', 'p@@', 'and@@', 's', 'in', 'w@@', 'inter', 'and', 'con@@', 'trac@@', 'ts', 'in', 'su@@', 'm@@', 'mer@@', '.']
2026-05-24 16:33:32,455 - DEBUG - joeynmt.training - 	Tokenized reference:  ['H@@', 'et', 'zet', 'uit', 'in', 'de', 'w@@', 'inter', 'en', 'k@@', 'ri@@', 'mp@@', 't', 'in', 'de', 'zom@@', 'er@@', '.']
2026-05-24 16:33:32,455 - DEBUG - joeynmt.training - 	Tokenized hypothesis: ['H@@', 'et', 'ex@@', 'p@@', 'and@@', 'el@@', 't', 'in', 'w@@', 'inter', 'en', 'con@@', 'trac@@', 'ten', 'in', 'zom@@', 'er', 'en', 'con@@', 'trac@@', 'ten', 'in', 'de', 'zom@@', 'er', 'te', 'zijn@@', '<unk>', '</s>']
2026-05-24 16:33:32,456 - INFO - joeynmt.training - 	Source:     I@@ t ex@@ p@@ and@@ s in w@@ inter and con@@ trac@@ ts in su@@ m@@ mer@@ .
2026-05-24 16:33:32,456 - INFO - joeynmt.training - 	Reference:  H@@ et zet uit in de w@@ inter en k@@ ri@@ mp@@ t in de zom@@ er@@ .
2026-05-24 16:33:32,456 - INFO - joeynmt.training - 	Hypothesis: H@@ et ex@@ p@@ and@@ el@@ t in w@@ inter en con@@ trac@@ ten in zom@@ er en con@@ trac@@ ten in de zom@@ er te zijn@@ <unk>
2026-05-24 16:33:32,456 - INFO - joeynmt.training - Example #4
2026-05-24 16:33:32,456 - DEBUG - joeynmt.training - 	Tokenized source:     ['The', 'ne@@', 'x@@', 't', 'sli@@', 'de', 'I', 'sho@@', 'w', 'you', 'will', 'be', 'a', 'ra@@', 'p@@', 'id', 'fa@@', 'st-@@', 'for@@', 'war@@', 'd', 'of', 'what@@', "'@@", 's', 'happen@@', 'ed', 'over', 'the', 'la@@', 'st', '2@@', '5', 'year@@', 's@@', '.']
2026-05-24 16:33:32,456 - DEBUG - joeynmt.training - 	Tokenized reference:  ['De', 'volgen@@', 'de', 'dia', 'die', 'ik', 'laat', 'zi@@', 'en', 'is', 'een', 'ver@@', 'snel@@', 'de', 'vers@@', 'ie', 'van', 'wat', 'er', 'de', 'af@@', 'gel@@', 'open', '2@@', '5', 'j@@', 'aar', 'is', 'gebeur@@', 'd@@', '.']
2026-05-24 16:33:32,456 - DEBUG - joeynmt.training - 	Tokenized hypothesis: ['De', 'volgen@@', 'de', 'dia', 'die', 'ik', 'laat', 'j@@', 'ul@@', 'lie', 'laat', 'zi@@', 'en', 'dat', 'je', 'een', 'snel@@', 'le', 'voor@@', 'waar@@', 'd', 'is', 'gebeur@@', 'd@@', '<unk>', '</s>']
2026-05-24 16:33:32,457 - INFO - joeynmt.training - 	Source:     The ne@@ x@@ t sli@@ de I sho@@ w you will be a ra@@ p@@ id fa@@ st-@@ for@@ war@@ d of what@@ '@@ s happen@@ ed over the la@@ st 2@@ 5 year@@ s@@ .
2026-05-24 16:33:32,457 - INFO - joeynmt.training - 	Reference:  De volgen@@ de dia die ik laat zi@@ en is een ver@@ snel@@ de vers@@ ie van wat er de af@@ gel@@ open 2@@ 5 j@@ aar is gebeur@@ d@@ .
2026-05-24 16:33:32,457 - INFO - joeynmt.training - 	Hypothesis: De volgen@@ de dia die ik laat j@@ ul@@ lie laat zi@@ en dat je een snel@@ le voor@@ waar@@ d is gebeur@@ d@@ <unk>
2026-05-24 16:34:21,552 - INFO - joeynmt.training - Epoch  10, Step:    39600, Batch Loss:     1.439670, Batch Acc: 0.645045, Tokens per Sec:     1557, Lr: 0.000300
2026-05-24 16:35:09,153 - INFO - joeynmt.training - Epoch  10, Step:    39700, Batch Loss:     1.217063, Batch Acc: 0.653356, Tokens per Sec:     1521, Lr: 0.000300
2026-05-24 16:35:51,214 - INFO - joeynmt.training - Epoch  10, Step:    39800, Batch Loss:     1.239933, Batch Acc: 0.651673, Tokens per Sec:     1767, Lr: 0.000300
2026-05-24 16:36:32,686 - INFO - joeynmt.training - Epoch  10, Step:    39900, Batch Loss:     1.315099, Batch Acc: 0.647025, Tokens per Sec:     1743, Lr: 0.000300
2026-05-24 16:37:14,586 - INFO - joeynmt.training - Epoch  10, Step:    40000, Batch Loss:     1.169850, Batch Acc: 0.647062, Tokens per Sec:     1701, Lr: 0.000300
2026-05-24 16:37:14,586 - INFO - joeynmt.prediction - Predicting 1003 example(s)... (Greedy decoding with min_output_length=1, max_output_length=100, return_prob='none', generate_unk=True, repetition_penalty=-1, no_repeat_ngram_size=-1)
2026-05-24 16:39:06,333 - INFO - joeynmt.metrics - nrefs:1|case:mixed|eff:no|tok:13a|smooth:exp|version:2.6.0
2026-05-24 16:39:06,333 - INFO - joeynmt.prediction - Evaluation result (greedy) bleu:  37.86, loss:   1.65, ppl:   5.19, acc:   0.54, generation: 111.4188[sec], evaluation: 0.3162[sec]
2026-05-24 16:39:06,378 - INFO - joeynmt.helpers - delete output_bpe5000/36500.ckpt
2026-05-24 16:39:06,383 - INFO - joeynmt.training - Example #0
2026-05-24 16:39:06,383 - DEBUG - joeynmt.training - 	Tokenized source:     ['\ufeffLa@@', 'st', 'year', 'I', 'sho@@', 'we@@', 'd', 'thes@@', 'e', 'tw@@', 'o', 'sli@@', 'de@@', 's', 'so', 'that', 'de@@', 'mon@@', 'strate', 'that', 'the', 'ar@@', 'c@@', 'tic', 'ic@@', 'e', 'cap@@', ',', 'wh@@', 'ich', 'for', 'mo@@', 'st', 'of', 'the', 'la@@', 'st', 'th@@', 'ree', 'milli@@', 'on', 'year@@', 's', 'ha@@', 's', 'be@@', 'en', 'the', 'si@@', 'ze', 'of', 'the', 'lo@@', 'wer', '4@@', '8', 'stat@@', 'es@@', ',', 'ha@@', 's', 'sh@@', 'run@@', 'k', 'b@@', 'y', '4@@', '0', 'percen@@', 't@@', '.']
2026-05-24 16:39:06,383 - DEBUG - joeynmt.training - 	Tokenized reference:  ['\ufeffV@@', 'orig', 'j@@', 'aar', 'lie@@', 't', 'ik', 'de@@', 'ze', 'twee', 'dia@@', "'@@", 's', 'zi@@', 'en', 'om', 'aan', 'te', 'ton@@', 'en', 'dat', 'de', 'p@@', 'ool@@', 'ij@@', 'sk@@', 'ap@@', ',', 'die', 'de', 'af@@', 'gel@@', 'open', 'drie', 'miljo@@', 'en', 'j@@', 'aar', 'onge@@', 've@@', 'er', 'de', 'groot@@', 'te', 'had', 'van', 'het', 'va@@', 'stel@@', 'and', 'van', 'de', 'V@@', 'S@@', ',', 'met', '4@@', '0@@', '%', 'gek@@', 'ro@@', 'mp@@', 'en', 'was@@', '.']
2026-05-24 16:39:06,383 - DEBUG - joeynmt.training - 	Tokenized hypothesis: ['I@@', 'k', 'lie@@', 't', 'j@@', 'aar', 'lie@@', 't', 'ik', 'de@@', 'ze', 'twee', 'dia@@', "'@@", 's', 'zo@@', 'dat', 'de@@', 'mon@@', 'str@@', 'oom', 'op', 'dat', 'de', 'ar@@', 'c@@', 't@@', 'isch@@', 'e', 'ij@@', 'fer@@', 's', 'van', 'de', 'laat@@', 'ste', 'drie', 'miljo@@', 'en', 'j@@', 'aar', 'de', 'groot@@', 'te', 'van', 'de', 'la@@', 'ge', '4@@', '0', 'pro@@', 'cen@@', 't', 'zijn', 'van', 'de', 'la@@', 'gere', '4@@', '0', 'pro@@', 'cen@@', 't@@', '<unk>', '</s>']
2026-05-24 16:39:06,384 - INFO - joeynmt.training - 	Source:     ﻿La@@ st year I sho@@ we@@ d thes@@ e tw@@ o sli@@ de@@ s so that de@@ mon@@ strate that the ar@@ c@@ tic ic@@ e cap@@ , wh@@ ich for mo@@ st of the la@@ st th@@ ree milli@@ on year@@ s ha@@ s be@@ en the si@@ ze of the lo@@ wer 4@@ 8 stat@@ es@@ , ha@@ s sh@@ run@@ k b@@ y 4@@ 0 percen@@ t@@ .
2026-05-24 16:39:06,384 - INFO - joeynmt.training - 	Reference:  ﻿V@@ orig j@@ aar lie@@ t ik de@@ ze twee dia@@ '@@ s zi@@ en om aan te ton@@ en dat de p@@ ool@@ ij@@ sk@@ ap@@ , die de af@@ gel@@ open drie miljo@@ en j@@ aar onge@@ ve@@ er de groot@@ te had van het va@@ stel@@ and van de V@@ S@@ , met 4@@ 0@@ % gek@@ ro@@ mp@@ en was@@ .
2026-05-24 16:39:06,384 - INFO - joeynmt.training - 	Hypothesis: I@@ k lie@@ t j@@ aar lie@@ t ik de@@ ze twee dia@@ '@@ s zo@@ dat de@@ mon@@ str@@ oom op dat de ar@@ c@@ t@@ isch@@ e ij@@ fer@@ s van de laat@@ ste drie miljo@@ en j@@ aar de groot@@ te van de la@@ ge 4@@ 0 pro@@ cen@@ t zijn van de la@@ gere 4@@ 0 pro@@ cen@@ t@@ <unk>
2026-05-24 16:39:06,384 - INFO - joeynmt.training - Example #1
2026-05-24 16:39:06,384 - DEBUG - joeynmt.training - 	Tokenized source:     ['Bu@@', 't', 'th@@', 'is', 'under@@', 'stat@@', 'es', 'the', 'ser@@', 'i@@', 'ou@@', 'sn@@', 'ess', 'of', 'th@@', 'is', 'particul@@', 'ar', 'proble@@', 'm', 'beca@@', 'us@@', 'e', 'it', 'does@@', 'n@@', "'@@", 't', 'sho@@', 'w', 'the', 'th@@', 'ic@@', 'kn@@', 'ess', 'of', 'the', 'ic@@', 'e@@', '.']
2026-05-24 16:39:06,384 - DEBUG - joeynmt.training - 	Tokenized reference:  ['M@@', 'aar', 'dit', 'onder@@', 'sch@@', 'at', 'eigen@@', 'lijk', 'de', 'ern@@', 'st', 'van', 'dit', 'specif@@', 'ie@@', 'ke', 'proble@@', 'em', 'om@@', 'dat', 'het', 'nie@@', 't', 'de', 'di@@', 'k@@', 'te', 'van', 'het', 'ij@@', 's', 'laat', 'zi@@', 'en@@', '.']
2026-05-24 16:39:06,384 - DEBUG - joeynmt.training - 	Tokenized hypothesis: ['M@@', 'aar', 'dit', 'onder@@', 'stat@@', 'en', 'de', 'ser@@', 'ieu@@', 'ze', 'proble@@', 'em', 'van', 'dit', 'proble@@', 'em', 'om@@', 'dat', 'het', 'di@@', 'k', 'nie@@', 't', 'zo', 'di@@', 'k@@', 'te', 'van', 'het', 'ij@@', 's', 'nie@@', 't', 'to@@', 'ont', 'het', 'ij@@', 'e@@', '<unk>', '</s>']
2026-05-24 16:39:06,384 - INFO - joeynmt.training - 	Source:     Bu@@ t th@@ is under@@ stat@@ es the ser@@ i@@ ou@@ sn@@ ess of th@@ is particul@@ ar proble@@ m beca@@ us@@ e it does@@ n@@ '@@ t sho@@ w the th@@ ic@@ kn@@ ess of the ic@@ e@@ .
2026-05-24 16:39:06,384 - INFO - joeynmt.training - 	Reference:  M@@ aar dit onder@@ sch@@ at eigen@@ lijk de ern@@ st van dit specif@@ ie@@ ke proble@@ em om@@ dat het nie@@ t de di@@ k@@ te van het ij@@ s laat zi@@ en@@ .
2026-05-24 16:39:06,384 - INFO - joeynmt.training - 	Hypothesis: M@@ aar dit onder@@ stat@@ en de ser@@ ieu@@ ze proble@@ em van dit proble@@ em om@@ dat het di@@ k nie@@ t zo di@@ k@@ te van het ij@@ s nie@@ t to@@ ont het ij@@ e@@ <unk>
2026-05-24 16:39:06,385 - INFO - joeynmt.training - Example #2
2026-05-24 16:39:06,385 - DEBUG - joeynmt.training - 	Tokenized source:     ['The', 'ar@@', 'c@@', 'tic', 'ic@@', 'e', 'cap', 'is@@', ',', 'in', 'a', 'sen@@', 'se@@', ',', 'the', 'be@@', 'at@@', 'ing', 'hear@@', 't', 'of', 'the', 'glob@@', 'al', 'cli@@', 'mat@@', 'e', 'system@@', '.']
2026-05-24 16:39:06,385 - DEBUG - joeynmt.training - 	Tokenized reference:  ['De', 'ij@@', 'sk@@', 'ap', 'op', 'de', 'Noor@@', 'd@@', 'p@@', 'ool', 'is', 'in', 'ze@@', 'ker@@', 'e', 'zin', 'het', 'kl@@', 'op@@', 'pen@@', 'd', 'har@@', 't', 'van', 'ons', 'glob@@', 'aal', 'kli@@', 'maat@@', 'syste@@', 'em@@', '.']
2026-05-24 16:39:06,385 - DEBUG - joeynmt.training - 	Tokenized hypothesis: ['H@@', 'et', 'ar@@', 'c@@', 't@@', 'isch@@', 'e', "'@@", 'd@@', "'@@", ',', 'in', 'ze@@', 'ker@@', 'e', 'zin', 'het', 'ge@@', 'zi@@', 'en', 'van', 'het', 'glob@@', 'al@@', 'e', 'kli@@', 'maat@@', 'syste@@', 'em@@', '<unk>', '</s>']
2026-05-24 16:39:06,385 - INFO - joeynmt.training - 	Source:     The ar@@ c@@ tic ic@@ e cap is@@ , in a sen@@ se@@ , the be@@ at@@ ing hear@@ t of the glob@@ al cli@@ mat@@ e system@@ .
2026-05-24 16:39:06,385 - INFO - joeynmt.training - 	Reference:  De ij@@ sk@@ ap op de Noor@@ d@@ p@@ ool is in ze@@ ker@@ e zin het kl@@ op@@ pen@@ d har@@ t van ons glob@@ aal kli@@ maat@@ syste@@ em@@ .
2026-05-24 16:39:06,385 - INFO - joeynmt.training - 	Hypothesis: H@@ et ar@@ c@@ t@@ isch@@ e '@@ d@@ '@@ , in ze@@ ker@@ e zin het ge@@ zi@@ en van het glob@@ al@@ e kli@@ maat@@ syste@@ em@@ <unk>
2026-05-24 16:39:06,386 - INFO - joeynmt.training - Example #3
2026-05-24 16:39:06,386 - DEBUG - joeynmt.training - 	Tokenized source:     ['I@@', 't', 'ex@@', 'p@@', 'and@@', 's', 'in', 'w@@', 'inter', 'and', 'con@@', 'trac@@', 'ts', 'in', 'su@@', 'm@@', 'mer@@', '.']
2026-05-24 16:39:06,386 - DEBUG - joeynmt.training - 	Tokenized reference:  ['H@@', 'et', 'zet', 'uit', 'in', 'de', 'w@@', 'inter', 'en', 'k@@', 'ri@@', 'mp@@', 't', 'in', 'de', 'zom@@', 'er@@', '.']
2026-05-24 16:39:06,386 - DEBUG - joeynmt.training - 	Tokenized hypothesis: ['H@@', 'et', 'ver@@', 'p@@', 'licht', 'in', 'w@@', 'inter', 'en', 'con@@', 'trac@@', 'ten', 'in', 'zom@@', 'er@@', '<unk>', '</s>']
2026-05-24 16:39:06,386 - INFO - joeynmt.training - 	Source:     I@@ t ex@@ p@@ and@@ s in w@@ inter and con@@ trac@@ ts in su@@ m@@ mer@@ .
2026-05-24 16:39:06,386 - INFO - joeynmt.training - 	Reference:  H@@ et zet uit in de w@@ inter en k@@ ri@@ mp@@ t in de zom@@ er@@ .
2026-05-24 16:39:06,386 - INFO - joeynmt.training - 	Hypothesis: H@@ et ver@@ p@@ licht in w@@ inter en con@@ trac@@ ten in zom@@ er@@ <unk>
2026-05-24 16:39:06,386 - INFO - joeynmt.training - Example #4
2026-05-24 16:39:06,386 - DEBUG - joeynmt.training - 	Tokenized source:     ['The', 'ne@@', 'x@@', 't', 'sli@@', 'de', 'I', 'sho@@', 'w', 'you', 'will', 'be', 'a', 'ra@@', 'p@@', 'id', 'fa@@', 'st-@@', 'for@@', 'war@@', 'd', 'of', 'what@@', "'@@", 's', 'happen@@', 'ed', 'over', 'the', 'la@@', 'st', '2@@', '5', 'year@@', 's@@', '.']
2026-05-24 16:39:06,386 - DEBUG - joeynmt.training - 	Tokenized reference:  ['De', 'volgen@@', 'de', 'dia', 'die', 'ik', 'laat', 'zi@@', 'en', 'is', 'een', 'ver@@', 'snel@@', 'de', 'vers@@', 'ie', 'van', 'wat', 'er', 'de', 'af@@', 'gel@@', 'open', '2@@', '5', 'j@@', 'aar', 'is', 'gebeur@@', 'd@@', '.']
2026-05-24 16:39:06,386 - DEBUG - joeynmt.training - 	Tokenized hypothesis: ['De', 'volgen@@', 'de', 'dia', 'laat', 'ik', 'u', 'zi@@', 'en', 'z@@', 'al', 'een', 'snel@@', 'le', 'snel@@', 'le', 'snel@@', 'le', 'voor@@', 'waar@@', 'd', 'van', 'wat', 'er', 'gebeur@@', 'de', 'is', 'van', 'wat', 'er', 'gebeur@@', 'd', 'is@@', '<unk>', '</s>']
2026-05-24 16:39:06,387 - INFO - joeynmt.training - 	Source:     The ne@@ x@@ t sli@@ de I sho@@ w you will be a ra@@ p@@ id fa@@ st-@@ for@@ war@@ d of what@@ '@@ s happen@@ ed over the la@@ st 2@@ 5 year@@ s@@ .
2026-05-24 16:39:06,387 - INFO - joeynmt.training - 	Reference:  De volgen@@ de dia die ik laat zi@@ en is een ver@@ snel@@ de vers@@ ie van wat er de af@@ gel@@ open 2@@ 5 j@@ aar is gebeur@@ d@@ .
2026-05-24 16:39:06,387 - INFO - joeynmt.training - 	Hypothesis: De volgen@@ de dia laat ik u zi@@ en z@@ al een snel@@ le snel@@ le snel@@ le voor@@ waar@@ d van wat er gebeur@@ de is van wat er gebeur@@ d is@@ <unk>
2026-05-24 16:39:49,098 - INFO - joeynmt.training - Epoch  10, Step:    40100, Batch Loss:     1.162667, Batch Acc: 0.649657, Tokens per Sec:     1696, Lr: 0.000300
2026-05-24 16:40:30,803 - INFO - joeynmt.training - Epoch  10, Step:    40200, Batch Loss:     1.227991, Batch Acc: 0.651037, Tokens per Sec:     1857, Lr: 0.000300
2026-05-24 16:41:12,461 - INFO - joeynmt.training - Epoch  10, Step:    40300, Batch Loss:     1.207251, Batch Acc: 0.649665, Tokens per Sec:     1775, Lr: 0.000300
2026-05-24 16:41:54,043 - INFO - joeynmt.training - Epoch  10, Step:    40400, Batch Loss:     1.370607, Batch Acc: 0.647284, Tokens per Sec:     1852, Lr: 0.000300
2026-05-24 16:42:35,253 - INFO - joeynmt.training - Epoch  10, Step:    40500, Batch Loss:     1.029936, Batch Acc: 0.647935, Tokens per Sec:     1814, Lr: 0.000300
2026-05-24 16:42:35,254 - INFO - joeynmt.prediction - Predicting 1003 example(s)... (Greedy decoding with min_output_length=1, max_output_length=100, return_prob='none', generate_unk=True, repetition_penalty=-1, no_repeat_ngram_size=-1)
2026-05-24 16:44:20,953 - INFO - joeynmt.metrics - nrefs:1|case:mixed|eff:no|tok:13a|smooth:exp|version:2.6.0
2026-05-24 16:44:20,954 - INFO - joeynmt.prediction - Evaluation result (greedy) bleu:  39.05, loss:   1.65, ppl:   5.19, acc:   0.54, generation: 105.3813[sec], evaluation: 0.3044[sec]
2026-05-24 16:44:20,996 - INFO - joeynmt.helpers - delete output_bpe5000/38500.ckpt
2026-05-24 16:44:21,001 - INFO - joeynmt.training - Example #0
2026-05-24 16:44:21,001 - DEBUG - joeynmt.training - 	Tokenized source:     ['\ufeffLa@@', 'st', 'year', 'I', 'sho@@', 'we@@', 'd', 'thes@@', 'e', 'tw@@', 'o', 'sli@@', 'de@@', 's', 'so', 'that', 'de@@', 'mon@@', 'strate', 'that', 'the', 'ar@@', 'c@@', 'tic', 'ic@@', 'e', 'cap@@', ',', 'wh@@', 'ich', 'for', 'mo@@', 'st', 'of', 'the', 'la@@', 'st', 'th@@', 'ree', 'milli@@', 'on', 'year@@', 's', 'ha@@', 's', 'be@@', 'en', 'the', 'si@@', 'ze', 'of', 'the', 'lo@@', 'wer', '4@@', '8', 'stat@@', 'es@@', ',', 'ha@@', 's', 'sh@@', 'run@@', 'k', 'b@@', 'y', '4@@', '0', 'percen@@', 't@@', '.']
2026-05-24 16:44:21,001 - DEBUG - joeynmt.training - 	Tokenized reference:  ['\ufeffV@@', 'orig', 'j@@', 'aar', 'lie@@', 't', 'ik', 'de@@', 'ze', 'twee', 'dia@@', "'@@", 's', 'zi@@', 'en', 'om', 'aan', 'te', 'ton@@', 'en', 'dat', 'de', 'p@@', 'ool@@', 'ij@@', 'sk@@', 'ap@@', ',', 'die', 'de', 'af@@', 'gel@@', 'open', 'drie', 'miljo@@', 'en', 'j@@', 'aar', 'onge@@', 've@@', 'er', 'de', 'groot@@', 'te', 'had', 'van', 'het', 'va@@', 'stel@@', 'and', 'van', 'de', 'V@@', 'S@@', ',', 'met', '4@@', '0@@', '%', 'gek@@', 'ro@@', 'mp@@', 'en', 'was@@', '.']
2026-05-24 16:44:21,001 - DEBUG - joeynmt.training - 	Tokenized hypothesis: ['I@@', 'k', 'lie@@', 't', 'j@@', 'aar', 'lie@@', 't', 'ik', 'de@@', 'ze', 'twee', 'dia@@', "'@@", 's', 'zo@@', 'dat', 'de@@', 'mon@@', 'str@@', 'er@@', 'en', 'dat', 'de', 'ar@@', 'c@@', 't@@', 'isch@@', 'e', 'ij@@', 'fer@@', 's', 'de', 'groot@@', 'ste', 'drie', 'miljo@@', 'en', 'j@@', 'aar', 'is', 'de', 'groot@@', 'te', 'van', 'de', 'la@@', 'gere', '4@@', '0', 'pro@@', 'cen@@', 't@@', '<unk>', '</s>']
2026-05-24 16:44:21,001 - INFO - joeynmt.training - 	Source:     ﻿La@@ st year I sho@@ we@@ d thes@@ e tw@@ o sli@@ de@@ s so that de@@ mon@@ strate that the ar@@ c@@ tic ic@@ e cap@@ , wh@@ ich for mo@@ st of the la@@ st th@@ ree milli@@ on year@@ s ha@@ s be@@ en the si@@ ze of the lo@@ wer 4@@ 8 stat@@ es@@ , ha@@ s sh@@ run@@ k b@@ y 4@@ 0 percen@@ t@@ .
2026-05-24 16:44:21,002 - INFO - joeynmt.training - 	Reference:  ﻿V@@ orig j@@ aar lie@@ t ik de@@ ze twee dia@@ '@@ s zi@@ en om aan te ton@@ en dat de p@@ ool@@ ij@@ sk@@ ap@@ , die de af@@ gel@@ open drie miljo@@ en j@@ aar onge@@ ve@@ er de groot@@ te had van het va@@ stel@@ and van de V@@ S@@ , met 4@@ 0@@ % gek@@ ro@@ mp@@ en was@@ .
2026-05-24 16:44:21,002 - INFO - joeynmt.training - 	Hypothesis: I@@ k lie@@ t j@@ aar lie@@ t ik de@@ ze twee dia@@ '@@ s zo@@ dat de@@ mon@@ str@@ er@@ en dat de ar@@ c@@ t@@ isch@@ e ij@@ fer@@ s de groot@@ ste drie miljo@@ en j@@ aar is de groot@@ te van de la@@ gere 4@@ 0 pro@@ cen@@ t@@ <unk>
2026-05-24 16:44:21,002 - INFO - joeynmt.training - Example #1
2026-05-24 16:44:21,002 - DEBUG - joeynmt.training - 	Tokenized source:     ['Bu@@', 't', 'th@@', 'is', 'under@@', 'stat@@', 'es', 'the', 'ser@@', 'i@@', 'ou@@', 'sn@@', 'ess', 'of', 'th@@', 'is', 'particul@@', 'ar', 'proble@@', 'm', 'beca@@', 'us@@', 'e', 'it', 'does@@', 'n@@', "'@@", 't', 'sho@@', 'w', 'the', 'th@@', 'ic@@', 'kn@@', 'ess', 'of', 'the', 'ic@@', 'e@@', '.']
2026-05-24 16:44:21,002 - DEBUG - joeynmt.training - 	Tokenized reference:  ['M@@', 'aar', 'dit', 'onder@@', 'sch@@', 'at', 'eigen@@', 'lijk', 'de', 'ern@@', 'st', 'van', 'dit', 'specif@@', 'ie@@', 'ke', 'proble@@', 'em', 'om@@', 'dat', 'het', 'nie@@', 't', 'de', 'di@@', 'k@@', 'te', 'van', 'het', 'ij@@', 's', 'laat', 'zi@@', 'en@@', '.']
2026-05-24 16:44:21,002 - DEBUG - joeynmt.training - 	Tokenized hypothesis: ['M@@', 'aar', 'dit', 'onder@@', 'stat@@', 'en', 'de', 'ser@@', 'ie@@', 'us', 'van', 'dit', 'proble@@', 'em', 'om@@', 'dat', 'het', 'de', 'di@@', 'k@@', 'ker', 'nie@@', 't', 'zo', 'di@@', 'k@@', 'ker', 'van', 'het', 'ij@@', 's@@', '<unk>', '</s>']
2026-05-24 16:44:21,002 - INFO - joeynmt.training - 	Source:     Bu@@ t th@@ is under@@ stat@@ es the ser@@ i@@ ou@@ sn@@ ess of th@@ is particul@@ ar proble@@ m beca@@ us@@ e it does@@ n@@ '@@ t sho@@ w the th@@ ic@@ kn@@ ess of the ic@@ e@@ .
2026-05-24 16:44:21,002 - INFO - joeynmt.training - 	Reference:  M@@ aar dit onder@@ sch@@ at eigen@@ lijk de ern@@ st van dit specif@@ ie@@ ke proble@@ em om@@ dat het nie@@ t de di@@ k@@ te van het ij@@ s laat zi@@ en@@ .
2026-05-24 16:44:21,003 - INFO - joeynmt.training - 	Hypothesis: M@@ aar dit onder@@ stat@@ en de ser@@ ie@@ us van dit proble@@ em om@@ dat het de di@@ k@@ ker nie@@ t zo di@@ k@@ ker van het ij@@ s@@ <unk>
2026-05-24 16:44:21,003 - INFO - joeynmt.training - Example #2
2026-05-24 16:44:21,003 - DEBUG - joeynmt.training - 	Tokenized source:     ['The', 'ar@@', 'c@@', 'tic', 'ic@@', 'e', 'cap', 'is@@', ',', 'in', 'a', 'sen@@', 'se@@', ',', 'the', 'be@@', 'at@@', 'ing', 'hear@@', 't', 'of', 'the', 'glob@@', 'al', 'cli@@', 'mat@@', 'e', 'system@@', '.']
2026-05-24 16:44:21,003 - DEBUG - joeynmt.training - 	Tokenized reference:  ['De', 'ij@@', 'sk@@', 'ap', 'op', 'de', 'Noor@@', 'd@@', 'p@@', 'ool', 'is', 'in', 'ze@@', 'ker@@', 'e', 'zin', 'het', 'kl@@', 'op@@', 'pen@@', 'd', 'har@@', 't', 'van', 'ons', 'glob@@', 'aal', 'kli@@', 'maat@@', 'syste@@', 'em@@', '.']
2026-05-24 16:44:21,003 - DEBUG - joeynmt.training - 	Tokenized hypothesis: ['De', 'ar@@', 'c@@', 't@@', 'isch@@', 'e', 'ij@@', 'sk@@', 'lo@@', 't', 'in', 'ze@@', 'ker@@', 'e', 'zin', 'het', 'ge@@', 'sla@@', 'cht', 'van', 'het', 'kli@@', 'maat@@', 'syste@@', 'em', 'van', 'het', 'kli@@', 'maat@@', 'syste@@', 'em@@', '<unk>', '</s>']
2026-05-24 16:44:21,003 - INFO - joeynmt.training - 	Source:     The ar@@ c@@ tic ic@@ e cap is@@ , in a sen@@ se@@ , the be@@ at@@ ing hear@@ t of the glob@@ al cli@@ mat@@ e system@@ .
2026-05-24 16:44:21,003 - INFO - joeynmt.training - 	Reference:  De ij@@ sk@@ ap op de Noor@@ d@@ p@@ ool is in ze@@ ker@@ e zin het kl@@ op@@ pen@@ d har@@ t van ons glob@@ aal kli@@ maat@@ syste@@ em@@ .
2026-05-24 16:44:21,003 - INFO - joeynmt.training - 	Hypothesis: De ar@@ c@@ t@@ isch@@ e ij@@ sk@@ lo@@ t in ze@@ ker@@ e zin het ge@@ sla@@ cht van het kli@@ maat@@ syste@@ em van het kli@@ maat@@ syste@@ em@@ <unk>
2026-05-24 16:44:21,003 - INFO - joeynmt.training - Example #3
2026-05-24 16:44:21,003 - DEBUG - joeynmt.training - 	Tokenized source:     ['I@@', 't', 'ex@@', 'p@@', 'and@@', 's', 'in', 'w@@', 'inter', 'and', 'con@@', 'trac@@', 'ts', 'in', 'su@@', 'm@@', 'mer@@', '.']
2026-05-24 16:44:21,003 - DEBUG - joeynmt.training - 	Tokenized reference:  ['H@@', 'et', 'zet', 'uit', 'in', 'de', 'w@@', 'inter', 'en', 'k@@', 'ri@@', 'mp@@', 't', 'in', 'de', 'zom@@', 'er@@', '.']
2026-05-24 16:44:21,003 - DEBUG - joeynmt.training - 	Tokenized hypothesis: ['H@@', 'et', 'ver@@', 'p@@', 't', 'in', 'w@@', 'inter', 'en', 'con@@', 'trac@@', 'ten', 'in', 'de', 'zom@@', 'er@@', '<unk>', '</s>']
2026-05-24 16:44:21,003 - INFO - joeynmt.training - 	Source:     I@@ t ex@@ p@@ and@@ s in w@@ inter and con@@ trac@@ ts in su@@ m@@ mer@@ .
2026-05-24 16:44:21,003 - INFO - joeynmt.training - 	Reference:  H@@ et zet uit in de w@@ inter en k@@ ri@@ mp@@ t in de zom@@ er@@ .
2026-05-24 16:44:21,003 - INFO - joeynmt.training - 	Hypothesis: H@@ et ver@@ p@@ t in w@@ inter en con@@ trac@@ ten in de zom@@ er@@ <unk>
2026-05-24 16:44:21,005 - INFO - joeynmt.training - Example #4
2026-05-24 16:44:21,005 - DEBUG - joeynmt.training - 	Tokenized source:     ['The', 'ne@@', 'x@@', 't', 'sli@@', 'de', 'I', 'sho@@', 'w', 'you', 'will', 'be', 'a', 'ra@@', 'p@@', 'id', 'fa@@', 'st-@@', 'for@@', 'war@@', 'd', 'of', 'what@@', "'@@", 's', 'happen@@', 'ed', 'over', 'the', 'la@@', 'st', '2@@', '5', 'year@@', 's@@', '.']
2026-05-24 16:44:21,005 - DEBUG - joeynmt.training - 	Tokenized reference:  ['De', 'volgen@@', 'de', 'dia', 'die', 'ik', 'laat', 'zi@@', 'en', 'is', 'een', 'ver@@', 'snel@@', 'de', 'vers@@', 'ie', 'van', 'wat', 'er', 'de', 'af@@', 'gel@@', 'open', '2@@', '5', 'j@@', 'aar', 'is', 'gebeur@@', 'd@@', '.']
2026-05-24 16:44:21,005 - DEBUG - joeynmt.training - 	Tokenized hypothesis: ['De', 'volgen@@', 'de', 'dia', 'die', 'ik', 'laat', 'zi@@', 'en', 'dat', 'je', 'een', 'snel@@', 'le', 'snel@@', 'heid', 'van', 'wat', 'er', 'gebeur@@', 'de', 'van', 'wat', 'er', 'gebeur@@', 'de', 'is', 'van', 'de', 'laat@@', 'ste', '2@@', '5', 'j@@', 'aar', 'gebeur@@', 'd@@', '<unk>', '</s>']
2026-05-24 16:44:21,005 - INFO - joeynmt.training - 	Source:     The ne@@ x@@ t sli@@ de I sho@@ w you will be a ra@@ p@@ id fa@@ st-@@ for@@ war@@ d of what@@ '@@ s happen@@ ed over the la@@ st 2@@ 5 year@@ s@@ .
2026-05-24 16:44:21,005 - INFO - joeynmt.training - 	Reference:  De volgen@@ de dia die ik laat zi@@ en is een ver@@ snel@@ de vers@@ ie van wat er de af@@ gel@@ open 2@@ 5 j@@ aar is gebeur@@ d@@ .
2026-05-24 16:44:21,005 - INFO - joeynmt.training - 	Hypothesis: De volgen@@ de dia die ik laat zi@@ en dat je een snel@@ le snel@@ heid van wat er gebeur@@ de van wat er gebeur@@ de is van de laat@@ ste 2@@ 5 j@@ aar gebeur@@ d@@ <unk>
2026-05-24 16:45:04,257 - INFO - joeynmt.training - Epoch  10, Step:    40600, Batch Loss:     1.169960, Batch Acc: 0.645992, Tokens per Sec:     1711, Lr: 0.000300
2026-05-24 16:45:46,569 - INFO - joeynmt.training - Epoch  10, Step:    40700, Batch Loss:     1.207567, Batch Acc: 0.647197, Tokens per Sec:     1735, Lr: 0.000300
2026-05-24 16:46:29,753 - INFO - joeynmt.training - Epoch  10, Step:    40800, Batch Loss:     1.248737, Batch Acc: 0.646423, Tokens per Sec:     1700, Lr: 0.000300
2026-05-24 16:47:13,223 - INFO - joeynmt.training - Epoch  10, Step:    40900, Batch Loss:     1.242758, Batch Acc: 0.641064, Tokens per Sec:     1716, Lr: 0.000300
2026-05-24 16:47:57,115 - INFO - joeynmt.training - Epoch  10, Step:    41000, Batch Loss:     1.099870, Batch Acc: 0.645155, Tokens per Sec:     1677, Lr: 0.000300
2026-05-24 16:47:57,115 - INFO - joeynmt.prediction - Predicting 1003 example(s)... (Greedy decoding with min_output_length=1, max_output_length=100, return_prob='none', generate_unk=True, repetition_penalty=-1, no_repeat_ngram_size=-1)
2026-05-24 16:49:38,833 - INFO - joeynmt.metrics - nrefs:1|case:mixed|eff:no|tok:13a|smooth:exp|version:2.6.0
2026-05-24 16:49:38,833 - INFO - joeynmt.prediction - Evaluation result (greedy) bleu:  39.18, loss:   1.64, ppl:   5.14, acc:   0.55, generation: 101.4077[sec], evaluation: 0.2939[sec]
2026-05-24 16:49:38,833 - INFO - joeynmt.training - Hooray! New best validation result [ppl]!
2026-05-24 16:49:38,877 - INFO - joeynmt.helpers - delete output_bpe5000/32500.ckpt
2026-05-24 16:49:38,883 - INFO - joeynmt.training - Example #0
2026-05-24 16:49:38,883 - DEBUG - joeynmt.training - 	Tokenized source:     ['\ufeffLa@@', 'st', 'year', 'I', 'sho@@', 'we@@', 'd', 'thes@@', 'e', 'tw@@', 'o', 'sli@@', 'de@@', 's', 'so', 'that', 'de@@', 'mon@@', 'strate', 'that', 'the', 'ar@@', 'c@@', 'tic', 'ic@@', 'e', 'cap@@', ',', 'wh@@', 'ich', 'for', 'mo@@', 'st', 'of', 'the', 'la@@', 'st', 'th@@', 'ree', 'milli@@', 'on', 'year@@', 's', 'ha@@', 's', 'be@@', 'en', 'the', 'si@@', 'ze', 'of', 'the', 'lo@@', 'wer', '4@@', '8', 'stat@@', 'es@@', ',', 'ha@@', 's', 'sh@@', 'run@@', 'k', 'b@@', 'y', '4@@', '0', 'percen@@', 't@@', '.']
2026-05-24 16:49:38,883 - DEBUG - joeynmt.training - 	Tokenized reference:  ['\ufeffV@@', 'orig', 'j@@', 'aar', 'lie@@', 't', 'ik', 'de@@', 'ze', 'twee', 'dia@@', "'@@", 's', 'zi@@', 'en', 'om', 'aan', 'te', 'ton@@', 'en', 'dat', 'de', 'p@@', 'ool@@', 'ij@@', 'sk@@', 'ap@@', ',', 'die', 'de', 'af@@', 'gel@@', 'open', 'drie', 'miljo@@', 'en', 'j@@', 'aar', 'onge@@', 've@@', 'er', 'de', 'groot@@', 'te', 'had', 'van', 'het', 'va@@', 'stel@@', 'and', 'van', 'de', 'V@@', 'S@@', ',', 'met', '4@@', '0@@', '%', 'gek@@', 'ro@@', 'mp@@', 'en', 'was@@', '.']
2026-05-24 16:49:38,883 - DEBUG - joeynmt.training - 	Tokenized hypothesis: ['I@@', 'k', 'lie@@', 't', 'j@@', 'aar', 'de@@', 'ze', 'twee', 'dia@@', "'@@", 's', 'zo@@', 'dat', 'de@@', 'mon@@', 'str@@', 'er@@', 'en', 'dat', 'de', 'ar@@', 'c@@', 't@@', 'isch@@', 'e', 'ic@@', 'e', 'ij@@', 's', 'van', 'de', 'laat@@', 'ste', 'drie', 'miljo@@', 'en', 'j@@', 'aar', 'is', 'de', 'groot@@', 'te', 'van', 'de', 'la@@', 'gere', '4@@', '0', 'pro@@', 'cen@@', 't', 'ge@@', 'kre@@', 'gen@@', '<unk>', '</s>']
2026-05-24 16:49:38,883 - INFO - joeynmt.training - 	Source:     ﻿La@@ st year I sho@@ we@@ d thes@@ e tw@@ o sli@@ de@@ s so that de@@ mon@@ strate that the ar@@ c@@ tic ic@@ e cap@@ , wh@@ ich for mo@@ st of the la@@ st th@@ ree milli@@ on year@@ s ha@@ s be@@ en the si@@ ze of the lo@@ wer 4@@ 8 stat@@ es@@ , ha@@ s sh@@ run@@ k b@@ y 4@@ 0 percen@@ t@@ .
2026-05-24 16:49:38,883 - INFO - joeynmt.training - 	Reference:  ﻿V@@ orig j@@ aar lie@@ t ik de@@ ze twee dia@@ '@@ s zi@@ en om aan te ton@@ en dat de p@@ ool@@ ij@@ sk@@ ap@@ , die de af@@ gel@@ open drie miljo@@ en j@@ aar onge@@ ve@@ er de groot@@ te had van het va@@ stel@@ and van de V@@ S@@ , met 4@@ 0@@ % gek@@ ro@@ mp@@ en was@@ .
2026-05-24 16:49:38,884 - INFO - joeynmt.training - 	Hypothesis: I@@ k lie@@ t j@@ aar de@@ ze twee dia@@ '@@ s zo@@ dat de@@ mon@@ str@@ er@@ en dat de ar@@ c@@ t@@ isch@@ e ic@@ e ij@@ s van de laat@@ ste drie miljo@@ en j@@ aar is de groot@@ te van de la@@ gere 4@@ 0 pro@@ cen@@ t ge@@ kre@@ gen@@ <unk>
2026-05-24 16:49:38,884 - INFO - joeynmt.training - Example #1
2026-05-24 16:49:38,884 - DEBUG - joeynmt.training - 	Tokenized source:     ['Bu@@', 't', 'th@@', 'is', 'under@@', 'stat@@', 'es', 'the', 'ser@@', 'i@@', 'ou@@', 'sn@@', 'ess', 'of', 'th@@', 'is', 'particul@@', 'ar', 'proble@@', 'm', 'beca@@', 'us@@', 'e', 'it', 'does@@', 'n@@', "'@@", 't', 'sho@@', 'w', 'the', 'th@@', 'ic@@', 'kn@@', 'ess', 'of', 'the', 'ic@@', 'e@@', '.']
2026-05-24 16:49:38,884 - DEBUG - joeynmt.training - 	Tokenized reference:  ['M@@', 'aar', 'dit', 'onder@@', 'sch@@', 'at', 'eigen@@', 'lijk', 'de', 'ern@@', 'st', 'van', 'dit', 'specif@@', 'ie@@', 'ke', 'proble@@', 'em', 'om@@', 'dat', 'het', 'nie@@', 't', 'de', 'di@@', 'k@@', 'te', 'van', 'het', 'ij@@', 's', 'laat', 'zi@@', 'en@@', '.']
2026-05-24 16:49:38,884 - DEBUG - joeynmt.training - 	Tokenized hypothesis: ['M@@', 'aar', 'de@@', 'ze', 'onder@@', 'stat@@', 'en', 'de', 'ser@@', 'ie@@', 'us', 'van', 'dit', 'proble@@', 'em', 'om@@', 'dat', 'het', 'de', 'di@@', 'k@@', 'te', 'nie@@', 't', 'de', 'di@@', 'k@@', 'te', 'van', 'het', 'ij@@', 's', 'zi@@', 'en@@', '<unk>', '</s>']
2026-05-24 16:49:38,884 - INFO - joeynmt.training - 	Source:     Bu@@ t th@@ is under@@ stat@@ es the ser@@ i@@ ou@@ sn@@ ess of th@@ is particul@@ ar proble@@ m beca@@ us@@ e it does@@ n@@ '@@ t sho@@ w the th@@ ic@@ kn@@ ess of the ic@@ e@@ .
2026-05-24 16:49:38,884 - INFO - joeynmt.training - 	Reference:  M@@ aar dit onder@@ sch@@ at eigen@@ lijk de ern@@ st van dit specif@@ ie@@ ke proble@@ em om@@ dat het nie@@ t de di@@ k@@ te van het ij@@ s laat zi@@ en@@ .
2026-05-24 16:49:38,884 - INFO - joeynmt.training - 	Hypothesis: M@@ aar de@@ ze onder@@ stat@@ en de ser@@ ie@@ us van dit proble@@ em om@@ dat het de di@@ k@@ te nie@@ t de di@@ k@@ te van het ij@@ s zi@@ en@@ <unk>
2026-05-24 16:49:38,884 - INFO - joeynmt.training - Example #2
2026-05-24 16:49:38,884 - DEBUG - joeynmt.training - 	Tokenized source:     ['The', 'ar@@', 'c@@', 'tic', 'ic@@', 'e', 'cap', 'is@@', ',', 'in', 'a', 'sen@@', 'se@@', ',', 'the', 'be@@', 'at@@', 'ing', 'hear@@', 't', 'of', 'the', 'glob@@', 'al', 'cli@@', 'mat@@', 'e', 'system@@', '.']
2026-05-24 16:49:38,884 - DEBUG - joeynmt.training - 	Tokenized reference:  ['De', 'ij@@', 'sk@@', 'ap', 'op', 'de', 'Noor@@', 'd@@', 'p@@', 'ool', 'is', 'in', 'ze@@', 'ker@@', 'e', 'zin', 'het', 'kl@@', 'op@@', 'pen@@', 'd', 'har@@', 't', 'van', 'ons', 'glob@@', 'aal', 'kli@@', 'maat@@', 'syste@@', 'em@@', '.']
2026-05-24 16:49:38,884 - DEBUG - joeynmt.training - 	Tokenized hypothesis: ['De', 'ar@@', 'c@@', 't@@', 'isch@@', 'e', 'ij@@', 'fer@@', 's', 'in', 'ze@@', 'ker@@', 'e', 'zin@@', ',', 'het', 'be@@', 'sla@@', 'gen', 'van', 'het', 'wereldwij@@', 'de', 'kli@@', 'maat@@', 'syste@@', 'em@@', '<unk>', '</s>']
2026-05-24 16:49:38,884 - INFO - joeynmt.training - 	Source:     The ar@@ c@@ tic ic@@ e cap is@@ , in a sen@@ se@@ , the be@@ at@@ ing hear@@ t of the glob@@ al cli@@ mat@@ e system@@ .
2026-05-24 16:49:38,884 - INFO - joeynmt.training - 	Reference:  De ij@@ sk@@ ap op de Noor@@ d@@ p@@ ool is in ze@@ ker@@ e zin het kl@@ op@@ pen@@ d har@@ t van ons glob@@ aal kli@@ maat@@ syste@@ em@@ .
2026-05-24 16:49:38,885 - INFO - joeynmt.training - 	Hypothesis: De ar@@ c@@ t@@ isch@@ e ij@@ fer@@ s in ze@@ ker@@ e zin@@ , het be@@ sla@@ gen van het wereldwij@@ de kli@@ maat@@ syste@@ em@@ <unk>
2026-05-24 16:49:38,885 - INFO - joeynmt.training - Example #3
2026-05-24 16:49:38,885 - DEBUG - joeynmt.training - 	Tokenized source:     ['I@@', 't', 'ex@@', 'p@@', 'and@@', 's', 'in', 'w@@', 'inter', 'and', 'con@@', 'trac@@', 'ts', 'in', 'su@@', 'm@@', 'mer@@', '.']
2026-05-24 16:49:38,885 - DEBUG - joeynmt.training - 	Tokenized reference:  ['H@@', 'et', 'zet', 'uit', 'in', 'de', 'w@@', 'inter', 'en', 'k@@', 'ri@@', 'mp@@', 't', 'in', 'de', 'zom@@', 'er@@', '.']
2026-05-24 16:49:38,885 - DEBUG - joeynmt.training - 	Tokenized hypothesis: ['H@@', 'et', 'ex@@', 'p@@', 'pl@@', 'and@@', 't', 'in', 'w@@', 'inter@@', 'en', 'en', 'con@@', 'trac@@', 'ten', 'in', 'zom@@', 'er@@', '<unk>', '</s>']
2026-05-24 16:49:38,885 - INFO - joeynmt.training - 	Source:     I@@ t ex@@ p@@ and@@ s in w@@ inter and con@@ trac@@ ts in su@@ m@@ mer@@ .
2026-05-24 16:49:38,885 - INFO - joeynmt.training - 	Reference:  H@@ et zet uit in de w@@ inter en k@@ ri@@ mp@@ t in de zom@@ er@@ .
2026-05-24 16:49:38,885 - INFO - joeynmt.training - 	Hypothesis: H@@ et ex@@ p@@ pl@@ and@@ t in w@@ inter@@ en en con@@ trac@@ ten in zom@@ er@@ <unk>
2026-05-24 16:49:38,886 - INFO - joeynmt.training - Example #4
2026-05-24 16:49:38,886 - DEBUG - joeynmt.training - 	Tokenized source:     ['The', 'ne@@', 'x@@', 't', 'sli@@', 'de', 'I', 'sho@@', 'w', 'you', 'will', 'be', 'a', 'ra@@', 'p@@', 'id', 'fa@@', 'st-@@', 'for@@', 'war@@', 'd', 'of', 'what@@', "'@@", 's', 'happen@@', 'ed', 'over', 'the', 'la@@', 'st', '2@@', '5', 'year@@', 's@@', '.']
2026-05-24 16:49:38,886 - DEBUG - joeynmt.training - 	Tokenized reference:  ['De', 'volgen@@', 'de', 'dia', 'die', 'ik', 'laat', 'zi@@', 'en', 'is', 'een', 'ver@@', 'snel@@', 'de', 'vers@@', 'ie', 'van', 'wat', 'er', 'de', 'af@@', 'gel@@', 'open', '2@@', '5', 'j@@', 'aar', 'is', 'gebeur@@', 'd@@', '.']
2026-05-24 16:49:38,886 - DEBUG - joeynmt.training - 	Tokenized hypothesis: ['De', 'volgen@@', 'de', 'dia', 'die', 'ik', 'laat', 'je', 'zi@@', 'en', 'dat', 'je', 'een', 'snel@@', 'le', 'fa@@', 'st@@', 'for@@', 'mu@@', 'in', 'de', 'laat@@', 'ste', '2@@', '5', 'j@@', 'aar@@', '<unk>', '</s>']
2026-05-24 16:49:38,886 - INFO - joeynmt.training - 	Source:     The ne@@ x@@ t sli@@ de I sho@@ w you will be a ra@@ p@@ id fa@@ st-@@ for@@ war@@ d of what@@ '@@ s happen@@ ed over the la@@ st 2@@ 5 year@@ s@@ .
2026-05-24 16:49:38,886 - INFO - joeynmt.training - 	Reference:  De volgen@@ de dia die ik laat zi@@ en is een ver@@ snel@@ de vers@@ ie van wat er de af@@ gel@@ open 2@@ 5 j@@ aar is gebeur@@ d@@ .
2026-05-24 16:49:38,886 - INFO - joeynmt.training - 	Hypothesis: De volgen@@ de dia die ik laat je zi@@ en dat je een snel@@ le fa@@ st@@ for@@ mu@@ in de laat@@ ste 2@@ 5 j@@ aar@@ <unk>
2026-05-24 16:50:22,505 - INFO - joeynmt.training - Epoch  10, Step:    41100, Batch Loss:     1.168483, Batch Acc: 0.651885, Tokens per Sec:     1710, Lr: 0.000300
2026-05-24 16:50:32,987 - INFO - joeynmt.training - Epoch  10: total training loss 4894.32
2026-05-24 16:50:32,987 - INFO - joeynmt.training - Training ended after  10 epochs.
2026-05-24 16:50:32,988 - INFO - joeynmt.training - Best validation result (greedy) at step    41000:   5.14 ppl.
2026-05-24 16:50:33,004 - INFO - joeynmt.model - Building an encoder-decoder model...
2026-05-24 16:50:33,049 - INFO - joeynmt.model - Enc-dec model built.
2026-05-24 16:50:33,079 - INFO - joeynmt.helpers - Load model from C:\Users\Wen Yang\Desktop\mtex04\mt-exercise-04\output_bpe5000\41000.ckpt.
2026-05-24 16:50:33,086 - INFO - joeynmt.prediction - Model(
	encoder=TransformerEncoder(num_layers=4, num_heads=2, alpha=1.0, layer_norm="pre", activation=ReLU()),
	decoder=TransformerDecoder(num_layers=1, num_heads=2, alpha=1.0, layer_norm="post", activation=ReLU()),
	src_embed=Embeddings(embedding_dim=256, vocab_size=3591),
	trg_embed=Embeddings(embedding_dim=256, vocab_size=3591),
	loss_function=None)
2026-05-24 16:50:33,087 - INFO - joeynmt.prediction - Decoding on dev set...
2026-05-24 16:50:33,087 - INFO - joeynmt.prediction - Predicting 1003 example(s)... (Greedy decoding with min_output_length=1, max_output_length=100, return_prob='none', generate_unk=True, repetition_penalty=-1, no_repeat_ngram_size=-1)
2026-05-24 16:52:07,955 - INFO - joeynmt.metrics - nrefs:1|case:mixed|eff:no|tok:13a|smooth:exp|version:2.6.0
2026-05-24 16:52:07,956 - INFO - joeynmt.prediction - Evaluation result (greedy) bleu:  39.18, generation: 94.5347[sec], evaluation: 0.3197[sec]
2026-05-24 16:52:07,957 - INFO - joeynmt.prediction - Translations saved to: C:\Users\Wen Yang\Desktop\mtex04\mt-exercise-04\output_bpe5000\00041000.hyps.dev.
2026-05-24 16:52:07,957 - INFO - joeynmt.prediction - Decoding on test set...
2026-05-24 16:52:07,958 - INFO - joeynmt.prediction - Predicting 1777 example(s)... (Greedy decoding with min_output_length=1, max_output_length=100, return_prob='none', generate_unk=True, repetition_penalty=-1, no_repeat_ngram_size=-1)
2026-05-24 16:54:34,844 - INFO - joeynmt.metrics - nrefs:1|case:mixed|eff:no|tok:13a|smooth:exp|version:2.6.0
2026-05-24 16:54:34,844 - INFO - joeynmt.prediction - Evaluation result (greedy) bleu:  43.52, generation: 146.3910[sec], evaluation: 0.4738[sec]
2026-05-24 16:54:34,848 - INFO - joeynmt.prediction - Translations saved to: C:\Users\Wen Yang\Desktop\mtex04\mt-exercise-04\output_bpe5000\00041000.hyps.test.
